/*******************************************************************************
 * Size: 12 px
 * Bpp: 4
 * Opts: --font assets/fonts/NotoSansCJKsc-Regular.otf --range 0x20,0x21,0x22,0x23,0x24,0x25,0x26,0x27,0x28,0x29,0x2A,0x2B,0x2C,0x2D,0x2E,0x2F,0x30,0x31,0x32,0x33,0x34,0x35,0x36,0x37,0x38,0x39,0x3A,0x3B,0x3C,0x3D,0x3E,0x3F,0x40,0x41,0x42,0x43,0x44,0x45,0x46,0x47,0x48,0x49,0x4A,0x4B,0x4C,0x4D,0x4E,0x4F,0x50,0x51,0x52,0x53,0x54,0x55,0x56,0x57,0x58,0x59,0x5A,0x5B,0x5C,0x5D,0x5E,0x5F,0x60,0x61,0x62,0x63,0x64,0x65,0x66,0x67,0x68,0x69,0x6A,0x6B,0x6C,0x6D,0x6E,0x6F,0x70,0x71,0x72,0x73,0x74,0x75,0x76,0x77,0x78,0x79,0x7A,0x7B,0x7C,0x7D,0x7E,0xB7,0x3001,0x3002,0x4E00,0x4E01,0x4E07,0x4E08,0x4E09,0x4E0A,0x4E0B,0x4E0D,0x4E0E,0x4E13,0x4E16,0x4E1A,0x4E1B,0x4E1C,0x4E22,0x4E24,0x4E25,0x4E2A,0x4E2D,0x4E30,0x4E32,0x4E34,0x4E3A,0x4E3B,0x4E3E,0x4E45,0x4E48,0x4E49,0x4E4B,0x4E4E,0x4E50,0x4E58,0x4E5D,0x4E5F,0x4E60,0x4E66,0x4E70,0x4E71,0x4E86,0x4E88,0x4E89,0x4E8B,0x4E8C,0x4E8E,0x4E8F,0x4E91,0x4E92,0x4E94,0x4E95,0x4E9B,0x4EA4,0x4EA7,0x4EAB,0x4EAE,0x4EB2,0x4EBA,0x4EC0,0x4EC5,0x4ECA,0x4ECB,0x4ECD,0x4ECE,0x4ED3,0x4ED4,0x4ED6,0x4ED8,0x4ED9,0x4EE3,0x4EE5,0x4EEA,0x4EEC,0x4EF6,0x4EF7,0x4EFB,0x4EFD,0x4F11,0x4F17,0x4F18,0x4F19,0x4F1A,0x4F1E,0x4F1F,0x4F20,0x4F24,0x4F34,0x4F38,0x4F46,0x4F4D,0x4F4E,0x4F4F,0x4F53,0x4F55,0x4F59,0x4F5C,0x4F60,0x4F6C,0x4F7F,0x4F9B,0x4F9D,0x4FBF,0x4FC3,0x4FDD,0x4FE1,0x4FEE,0x500D,0x5012,0x5019,0x501F,0x5026,0x503A,0x503C,0x5047,0x504F,0x505A,0x505C,0x5065,0x5076,0x5077,0x507F,0x508D,0x50AC,0x50B2,0x50BB,0x50CF,0x513F,0x5141,0x5145,0x5148,0x5149,0x514B,0x514D,0x5151,0x5165,0x5168,0x516B,0x516C,0x516D,0x5171,0x5173,0x5174,0x5175,0x5176,0x5177,0x517B,0x517C,0x517D,0x5185,0x518C,0x518D,0x5192,0x5199,0x51AC,0x51B0,0x51B2,0x51B3,0x51B5,0x51B7,0x51C0,0x51C6,0x51C9,0x51CC,0x51CF,0x51D1,0x51E0,0x51E1,0x51ED,0x51F6,0x51FA,0x51FB,0x5206,0x5207,0x5212,0x5217,0x521A,0x521B,0x5220,0x5224,0x5229,0x522B,0x5230,0x5236,0x5237,0x5238,0x523A,0x523B,0x524D,0x5265,0x5267,0x5269,0x526A,0x526F,0x529B,0x529D,0x529E,0x529F,0x52A0,0x52A1,0x52A8,0x52A9,0x52AA,0x52B1,0x52B2,0x52B3,0x52BF,0x52C7,0x52C9,0x52CB,0x52E4,0x52FF,0x5305,0x5316,0x5319,0x533A,0x5341,0x5347,0x5348,0x534A,0x534F,0x5351,0x5355,0x5356,0x5357,0x5360,0x5361,0x5370,0x5373,0x5374,0x5377,0x5378,0x5382,0x5385,0x5386,0x5389,0x538B,0x5398,0x539A,0x539F,0x53A8,0x53BB,0x53C2,0x53C8,0x53CA,0x53CB,0x53CC,0x53CD,0x53D1,0x53D6,0x53D7,0x53D8,0x53D9,0x53DB,0x53E0,0x53E3,0x53E5,0x53E6,0x53EA,0x53EB,0x53EF,0x53F0,0x53F2,0x53F6,0x53F7,0x53F9,0x5403,0x5404,0x5408,0x540C,0x540D,0x540E,0x5411,0x5412,0x5413,0x5426,0x542B,0x542C,0x542F,0x5435,0x5438,0x5439,0x543B,0x5446,0x544A,0x5458,0x5462,0x5468,0x5473,0x547C,0x547D,0x548C,0x5496,0x54B8,0x54BD,0x54C1,0x54C4,0x54CD,0x54D7,0x54EA,0x54FC,0x5524,0x552E,0x552F,0x5531,0x5546,0x5561,0x5582,0x5584,0x559C,0x559D,0x55A7,0x5632,0x5634,0x5668,0x566A,0x56DB,0x56DE,0x56E0,0x56E2,0x56ED,0x56F0,0x56F4,0x56FA,0x56FE,0x5706,0x5708,0x571F,0x5728,0x5730,0x573A,0x573E,0x5747,0x574F,0x5750,0x5751,0x5757,0x575A,0x5761,0x5766,0x5783,0x578B,0x5792,0x57AB,0x57CE,0x57DF,0x57FA,0x5806,0x582A,0x5835,0x585E,0x586B,0x5883,0x5899,0x589E,0x589F,0x58E4,0x58EB,0x58EE,0x58F0,0x58F6,0x5904,0x5907,0x590D,0x590F,0x5915,0x5916,0x591A,0x591C,0x591F,0x5927,0x5929,0x592A,0x5931,0x5934,0x5938,0x5939,0x5947,0x594B,0x594F,0x5951,0x5954,0x5956,0x5957,0x5976,0x597D,0x5982,0x5996,0x59A8,0x59CB,0x59D4,0x59FF,0x5A07,0x5A49,0x5ACC,0x5B50,0x5B57,0x5B58,0x5B5A,0x5B63,0x5B64,0x5B66,0x5B69,0x5B81,0x5B83,0x5B87,0x5B88,0x5B89,0x5B8C,0x5B8F,0x5B98,0x5B99,0x5B9A,0x5B9C,0x5B9D,0x5B9E,0x5BA0,0x5BA1,0x5BA2,0x5BA3,0x5BB3,0x5BB5,0x5BB6,0x5BB9,0x5BBD,0x5BBE,0x5BC2,0x5BC4,0x5BC6,0x5BCC,0x5BD2,0x5BDE,0x5BF8,0x5BF9,0x5BFC,0x5C01,0x5C06,0x5C0A,0x5C0F,0x5C11,0x5C14,0x5C16,0x5C18,0x5C1A,0x5C1D,0x5C2C,0x5C31,0x5C3A,0x5C3D,0x5C3E,0x5C40,0x5C42,0x5C45,0x5C48,0x5C49,0x5C4A,0x5C4B,0x5C4F,0x5C55,0x5C5E,0x5C71,0x5C7F,0x5C94,0x5C97,0x5C9B,0x5CB8,0x5CF0,0x5D29,0x5DE5,0x5DE7,0x5DEE,0x5DF1,0x5DF2,0x5DF7,0x5E02,0x5E03,0x5E06,0x5E08,0x5E0C,0x5E18,0x5E1A,0x5E26,0x5E27,0x5E2D,0x5E2E,0x5E38,0x5E3D,0x5E45,0x5E55,0x5E72,0x5E73,0x5E74,0x5E76,0x5E78,0x5E7B,0x5E7F,0x5E84,0x5E86,0x5E8A,0x5E8F,0x5E93,0x5E94,0x5E95,0x5E97,0x5E9F,0x5EA6,0x5EA7,0x5EAD,0x5ED3,0x5EF6,0x5EFA,0x5F00,0x5F02,0x5F03,0x5F04,0x5F0F,0x5F20,0x5F2F,0x5F31,0x5F39,0x5F3A,0x5F52,0x5F53,0x5F62,0x5F69,0x5F71,0x5F79,0x5F7B,0x5F80,0x5F84,0x5F85,0x5F88,0x5F8B,0x5F97,0x5FAA,0x5FAE,0x5FB7,0x5FC3,0x5FC5,0x5FC6,0x5FCD,0x5FD7,0x5FD8,0x5FD9,0x5FE7,0x5FEB,0x5FF5,0x6001,0x600E,0x6015,0x6016,0x601D,0x6025,0x6027,0x602A,0x603B,0x6050,0x6055,0x6062,0x606F,0x6070,0x6076,0x607C,0x6089,0x609F,0x60A8,0x60AC,0x60B2,0x60C5,0x60CA,0x60DC,0x60E0,0x60E6,0x60E7,0x60E9,0x60EB,0x60EF,0x60F3,0x610F,0x611F,0x6127,0x613F,0x614C,0x614E,0x6155,0x6162,0x6170,0x61BE,0x61C2,0x61D2,0x620F,0x6210,0x6211,0x6216,0x6218,0x622A,0x6234,0x6237,0x623F,0x6240,0x6247,0x624B,0x624D,0x624E,0x6253,0x6258,0x625B,0x6263,0x6267,0x6269,0x626B,0x626E,0x626F,0x6270,0x6279,0x627E,0x627F,0x6280,0x628A,0x6295,0x6297,0x6298,0x62A2,0x62A4,0x62A5,0x62AB,0x62AC,0x62B1,0x62B5,0x62B9,0x62BC,0x62BD,0x62C5,0x62C6,0x62C9,0x62CD,0x62D0,0x62D2,0x62D4,0x62D6,0x62D9,0x62DB,0x62E2,0x62E5,0x62E6,0x62E7,0x62E9,0x62EC,0x62F3,0x62FC,0x62FD,0x62FE,0x62FF,0x6301,0x6302,0x6307,0x6309,0x6311,0x6316,0x6321,0x6324,0x6325,0x632A,0x633A,0x635E,0x635F,0x6361,0x6362,0x636E,0x6377,0x6388,0x6389,0x638C,0x6392,0x63A5,0x63A7,0x63A8,0x63B0,0x63B8,0x63CF,0x63D0,0x63D2,0x63E1,0x641E,0x642C,0x642D,0x6446,0x6447,0x644A,0x6478,0x6491,0x6492,0x6495,0x649E,0x64A4,0x64AD,0x64C5,0x64E6,0x652F,0x6536,0x6539,0x653B,0x653E,0x6545,0x6548,0x654C,0x6551,0x6559,0x6562,0x6563,0x656C,0x6570,0x6572,0x6574,0x6587,0x6597,0x6599,0x65AD,0x65B0,0x65B9,0x65C1,0x65C5,0x65CB,0x65D7,0x65E0,0x65E5,0x65E7,0x65E9,0x65F6,0x65F7,0x660E,0x660F,0x6613,0x661F,0x6620,0x6625,0x6628,0x662F,0x663E,0x6643,0x6652,0x6655,0x665A,0x6668,0x666E,0x666F,0x6670,0x6674,0x667A,0x667E,0x6682,0x6684,0x6696,0x6697,0x66AE,0x66B4,0x66F2,0x66F4,0x66FE,0x66FF,0x6700,0x6708,0x6709,0x670B,0x670D,0x671B,0x671D,0x671F,0x672A,0x672B,0x672C,0x6735,0x673A,0x6742,0x6743,0x6746,0x6750,0x675F,0x6761,0x6765,0x676F,0x677E,0x677F,0x6790,0x6795,0x6797,0x679C,0x679D,0x67AA,0x67AF,0x67B6,0x67C4,0x67D4,0x67E5,0x67EC,0x67F4,0x6807,0x680F,0x6811,0x682A,0x6837,0x6838,0x6839,0x683C,0x6843,0x6848,0x684C,0x6863,0x6865,0x68A2,0x68A6,0x68C0,0x68CD,0x68D8,0x68EE,0x68F5,0x6905,0x6912,0x695A,0x697C,0x6982,0x699C,0x69A8,0x69DB,0x6A21,0x6A2A,0x6A58,0x6A90,0x6B20,0x6B21,0x6B22,0x6B23,0x6B32,0x6B3E,0x6B47,0x6B49,0x6B4C,0x6B62,0x6B63,0x6B64,0x6B65,0x6B7B,0x6B8A,0x6B8B,0x6BB5,0x6BC1,0x6BCF,0x6BD4,0x6BD5,0x6BDB,0x6BEB,0x6BEF,0x6C14,0x6C1B,0x6C34,0x6C38,0x6C42,0x6C50,0x6C60,0x6C61,0x6C64,0x6C70,0x6C89,0x6C99,0x6C9F,0x6CA1,0x6CB3,0x6CB9,0x6CBB,0x6CBF,0x6CCA,0x6CD5,0x6CE1,0x6CE2,0x6CE5,0x6CE8,0x6CEA,0x6D17,0x6D3B,0x6D3E,0x6D41,0x6D47,0x6D4B,0x6D6A,0x6D77,0x6D88,0x6DC0,0x6DC7,0x6DCB,0x6DD8,0x6DE1,0x6DF1,0x6DF7,0x6DF9,0x6E05,0x6E0A,0x6E29,0x6E2F,0x6E34,0x6E38,0x6E56,0x6E7E,0x6E7F,0x6E83,0x6E90,0x6EAA,0x6ECB,0x6ED1,0x6EDA,0x6EE1,0x6EE4,0x6EF4,0x6F02,0x6F0F,0x6F14,0x6F2B,0x6F66,0x6F6E,0x6F84,0x6F88,0x6FA1,0x6FC0,0x7011,0x706B,0x706D,0x706F,0x7070,0x7075,0x7076,0x707E,0x7089,0x708A,0x7092,0x70AB,0x70B8,0x70B9,0x70C2,0x70C8,0x70CA,0x70DB,0x70DF,0x70E4,0x70E6,0x70E7,0x70EB,0x70ED,0x7126,0x7136,0x714E,0x7167,0x716E,0x7184,0x719F,0x71AC,0x71C3,0x722A,0x722C,0x7231,0x7247,0x7248,0x724C,0x7259,0x725B,0x7262,0x7269,0x7272,0x7279,0x727A,0x72AF,0x72B6,0x72C2,0x72D7,0x72EC,0x731C,0x732B,0x732E,0x7387,0x738B,0x73A9,0x73AB,0x73AF,0x73B0,0x73CD,0x73ED,0x7403,0x7406,0x7470,0x74DC,0x74E3,0x7518,0x751C,0x751F,0x7528,0x7531,0x7533,0x7535,0x753B,0x7545,0x754C,0x7559,0x7565,0x756A,0x758F,0x7591,0x759A,0x75AF,0x75B2,0x75BC,0x75C5,0x75D5,0x75DB,0x767D,0x7684,0x76AE,0x76C6,0x76CF,0x76D0,0x76D2,0x76D6,0x76D8,0x76DB,0x76EE,0x76F4,0x76F8,0x7701,0x7709,0x770B,0x771F,0x7720,0x773C,0x7740,0x775B,0x7761,0x778E,0x77AC,0x77E5,0x77ED,0x77F3,0x7801,0x7816,0x7834,0x7840,0x786C,0x786E,0x788C,0x788D,0x788E,0x7897,0x78B0,0x78E8,0x793A,0x793C,0x793E,0x795D,0x795E,0x7968,0x7981,0x798F,0x79BB,0x79C0,0x79C1,0x79CB,0x79CD,0x79D1,0x79D2,0x79E4,0x79E9,0x79EF,0x79F0,0x79FB,0x7A0B,0x7A0D,0x7A0E,0x7A33,0x7A3F,0x7A7A,0x7A7F,0x7A81,0x7A84,0x7A97,0x7A9D,0x7ACB,0x7AD9,0x7ADE,0x7AE0,0x7AE5,0x7AEF,0x7AF9,0x7B06,0x7B11,0x7B14,0x7B28,0x7B2C,0x7B49,0x7B54,0x7B56,0x7B5D,0x7B77,0x7B7E,0x7B80,0x7B97,0x7BA1,0x7BAD,0x7BB1,0x7BC7,0x7BEE,0x7BF1,0x7C73,0x7C7B,0x7C92,0x7CBE,0x7CD5,0x7CD6,0x7CFB,0x7D22,0x7D27,0x7D2F,0x7E41,0x7EA2,0x7EA6,0x7EA7,0x7EAA,0x7EB2,0x7EB7,0x7EB8,0x7EB9,0x7EBF,0x7EC3,0x7EC4,0x7EC6,0x7EC7,0x7EC8,0x7ECD,0x7ECF,0x7ED1,0x7ED3,0x7ED5,0x7ED9,0x7EDC,0x7EDD,0x7EDF,0x7EE7,0x7EE9,0x7EEA,0x7EED,0x7EF3,0x7EF4,0x7EFF,0x7F13,0x7F15,0x7F16,0x7F18,0x7F1D,0x7F29,0x7F3A,0x7F51,0x7F57,0x7F5A,0x7F6A,0x7F6E,0x7F8E,0x7F9E,0x7FA1,0x7FA4,0x7FC5,0x7FFB,0x8000,0x8001,0x8003,0x8005,0x800C,0x8010,0x8017,0x8033,0x803D,0x804A,0x804C,0x8054,0x8083,0x8089,0x809A,0x80A0,0x80A1,0x80A4,0x80A9,0x80AF,0x80C3,0x80C6,0x80CC,0x80DC,0x80E1,0x80F6,0x80F8,0x80FD,0x8106,0x8109,0x810F,0x8111,0x811A,0x8131,0x8138,0x813E,0x8170,0x8179,0x817E,0x817F,0x8180,0x818F,0x81C2,0x81EA,0x81F3,0x81F4,0x820C,0x8212,0x8214,0x822A,0x822C,0x8239,0x826F,0x8272,0x8273,0x8282,0x8292,0x829C,0x82B1,0x82BD,0x82D4,0x82DB,0x82E6,0x8303,0x8304,0x8336,0x8346,0x8349,0x8350,0x8352,0x836B,0x8393,0x83B7,0x83C7,0x83DC,0x840E,0x8425,0x843D,0x8471,0x84DD,0x8584,0x85AF,0x85CF,0x8611,0x8651,0x867D,0x86CB,0x8712,0x8717,0x871C,0x873F,0x8774,0x8776,0x878D,0x8840,0x884C,0x8854,0x8857,0x8863,0x8865,0x8868,0x888B,0x88AB,0x88AD,0x88C1,0x88C2,0x88C5,0x88E4,0x897F,0x8981,0x8986,0x89C1,0x89C2,0x89C4,0x89C6,0x89C9,0x89D2,0x89E3,0x89E6,0x8A00,0x8B66,0x8BA1,0x8BA2,0x8BA4,0x8BA8,0x8BA9,0x8BAD,0x8BAE,0x8BAF,0x8BB0,0x8BB2,0x8BB8,0x8BBA,0x8BBE,0x8BBF,0x8BC1,0x8BC4,0x8BC6,0x8BC9,0x8BCA,0x8BCD,0x8BD1,0x8BD5,0x8BD7,0x8BDA,0x8BDD,0x8BE5,0x8BE6,0x8BED,0x8BEF,0x8BF4,0x8BF7,0x8BFA,0x8BFB,0x8BFE,0x8BFF,0x8C01,0x8C03,0x8C05,0x8C08,0x8C13,0x8C22,0x8C28,0x8C61,0x8C8C,0x8D1F,0x8D22,0x8D23,0x8D25,0x8D26,0x8D27,0x8D28,0x8D2C,0x8D2D,0x8D34,0x8D35,0x8D39,0x8D44,0x8D4F,0x8D54,0x8D5A,0x8D5B,0x8D5E,0x8D60,0x8D62,0x8D6B,0x8D70,0x8D76,0x8D77,0x8D85,0x8D8A,0x8DA3,0x8DB3,0x8DC3,0x8DCC,0x8DD1,0x8DDD,0x8DDF,0x8DEA,0x8DEF,0x8DF3,0x8E0F,0x8E29,0x8EAB,0x8EBA,0x8F66,0x8F6C,0x8F6E,0x8F6F,0x8F70,0x8F7B,0x8F7D,0x8F83,0x8F93,0x8F9B,0x8F9C,0x8FA3,0x8FA9,0x8FB0,0x8FB9,0x8FBE,0x8FC1,0x8FC7,0x8FC8,0x8FCE,0x8FD0,0x8FD1,0x8FD4,0x8FD8,0x8FD9,0x8FDB,0x8FDC,0x8FDE,0x8FDF,0x8FEB,0x8FF7,0x8FF9,0x8FFD,0x9000,0x9001,0x9002,0x9006,0x9009,0x900F,0x9010,0x9012,0x9014,0x901A,0x901B,0x901E,0x901F,0x9020,0x9022,0x903C,0x9047,0x904D,0x9053,0x9057,0x9065,0x906E,0x907F,0x9080,0x90A3,0x90AE,0x90BB,0x90D1,0x90E8,0x90FD,0x914D,0x9178,0x9192,0x91CA,0x91CC,0x91CD,0x91CE,0x91CF,0x91D1,0x949F,0x94A5,0x94AE,0x94B1,0x94C3,0x94F2,0x94F6,0x94FA,0x9500,0x9501,0x9505,0x950B,0x9519,0x952E,0x9547,0x955C,0x9576,0x957F,0x95E8,0x95EA,0x95ED,0x95EE,0x95F2,0x95F4,0x95F7,0x95F9,0x95FB,0x9605,0x961F,0x9632,0x9633,0x9634,0x9635,0x9636,0x9644,0x9645,0x9646,0x964D,0x9650,0x9662,0x9664,0x966A,0x9677,0x968F,0x9690,0x9694,0x9699,0x969C,0x96BE,0x96C0,0x96C5,0x96E8,0x96EA,0x96F6,0x96F7,0x96FE,0x9700,0x9707,0x971E,0x9732,0x9752,0x9759,0x975E,0x9760,0x9762,0x978B,0x97F3,0x9875,0x9876,0x9879,0x987A,0x987B,0x987E,0x987F,0x9881,0x9884,0x9886,0x9891,0x9897,0x9898,0x989C,0x989D,0x98CE,0x98DE,0x98DF,0x9910,0x9968,0x996D,0x996E,0x9971,0x997C,0x997F,0x9984,0x9985,0x998B,0x9996,0x9999,0x9A6C,0x9A73,0x9A76,0x9A7E,0x9A82,0x9A84,0x9A8C,0x9A97,0x9AD8,0x9B42,0x9B45,0x9C7C,0x9C9C,0x9E1F,0x9E21,0x9E23,0x9EBB,0x9EC4,0x9ECE,0x9ED1,0x9ED8,0x9F50,0x9F84,0xFF0C,0xFF1A,0xFF1F --size 12 --bpp 4 --format lvgl --no-compress --no-kerning --lv-font-name fortune_font_12 --lv-include lvgl.h --output assets/fonts/fortune_font_12.c
 ******************************************************************************/

#ifdef LV_LVGL_H_INCLUDE_SIMPLE
#include "lvgl.h"
#else
#include "lvgl.h"
#endif

#ifndef FORTUNE_FONT_12
#define FORTUNE_FONT_12 1
#endif

#if FORTUNE_FONT_12

/*-----------------
 *    BITMAPS
 *----------------*/

/*Store the image of the glyphs*/
static LV_ATTRIBUTE_LARGE_CONST const uint8_t glyph_bitmap[] = {
    /* U+0020 " " */

    /* U+0021 "!" */
    0x97, 0x97, 0x86, 0x86, 0x85, 0x75, 0x43, 0x65,
    0xa8,

    /* U+0022 "\"" */
    0xe3, 0x89, 0xd2, 0x88, 0xc1, 0x67, 0x70, 0x33,

    /* U+0023 "#" */
    0x0, 0xb0, 0x46, 0x0, 0xb, 0x7, 0x40, 0x3d,
    0xec, 0xed, 0x30, 0x38, 0xb, 0x0, 0x4, 0x60,
    0xb0, 0x6, 0xdd, 0xcf, 0xc0, 0x8, 0x20, 0xa0,
    0x0, 0xa1, 0x29, 0x0, 0xb, 0x3, 0x70, 0x0,

    /* U+0024 "$" */
    0x0, 0xc, 0x0, 0x0, 0x5e, 0x50, 0x9, 0xc6,
    0xa6, 0xe, 0x30, 0x0, 0xc, 0x70, 0x0, 0x2,
    0xdb, 0x20, 0x0, 0x8, 0xe3, 0x0, 0x0, 0x7b,
    0x1, 0x0, 0x5c, 0x1e, 0x87, 0xd7, 0x1, 0x7e,
    0x50, 0x0, 0xc, 0x0,

    /* U+0025 "%" */
    0xb, 0xca, 0x0, 0xa, 0x10, 0x6, 0x80, 0x94,
    0x3, 0x70, 0x0, 0x75, 0x7, 0x60, 0xa0, 0x0,
    0x5, 0x90, 0xb4, 0x46, 0x6b, 0x80, 0x8, 0xb7,
    0xb, 0x2b, 0x9, 0x40, 0x0, 0x6, 0x55, 0x70,
    0x48, 0x0, 0x0, 0xb0, 0x57, 0x4, 0x80, 0x0,
    0x74, 0x2, 0xa0, 0x85, 0x0, 0x1a, 0x0, 0x8,
    0xba, 0x0,

    /* U+0026 "&" */
    0x0, 0xad, 0xa0, 0x0, 0x4, 0xc0, 0xa3, 0x0,
    0x5, 0xa0, 0xc2, 0x0, 0x1, 0xda, 0x50, 0x0,
    0x5, 0xfa, 0x0, 0x59, 0x3e, 0x1c, 0x70, 0xd5,
    0x89, 0x0, 0xda, 0xc0, 0x5e, 0x20, 0x7f, 0xb2,
    0x8, 0xee, 0xa2, 0x7b,

    /* U+0027 "'" */
    0xe3, 0xd2, 0xc1, 0x70,

    /* U+0028 "(" */
    0x0, 0x0, 0x75, 0xd, 0x5, 0x90, 0x85, 0xa,
    0x30, 0xc1, 0xd, 0x10, 0xb2, 0x9, 0x40, 0x68,
    0x0, 0xd0, 0x8, 0x40, 0x12,

    /* U+0029 ")" */
    0x0, 0x5, 0x80, 0xd, 0x0, 0x86, 0x4, 0x90,
    0x2b, 0x0, 0xd0, 0xe, 0x2, 0xc0, 0x39, 0x7,
    0x70, 0xc1, 0x39, 0x2, 0x20,

    /* U+002A "*" */
    0x0, 0x92, 0x1, 0xbd, 0xa8, 0x3, 0xfb, 0x0,
    0x75, 0xa1, 0x0, 0x0, 0x0,

    /* U+002B "+" */
    0x0, 0x4, 0x0, 0x0, 0x1, 0xc0, 0x0, 0x0,
    0x1c, 0x0, 0x7, 0xdd, 0xfd, 0xd2, 0x0, 0x1c,
    0x0, 0x0, 0x1, 0xc0, 0x0, 0x0, 0x1c, 0x0,
    0x0,

    /* U+002C "," */
    0x7, 0x20, 0xe9, 0x5, 0x62, 0xb1, 0x0, 0x0,

    /* U+002D "-" */
    0x6d, 0xd8,

    /* U+002E "." */
    0x9, 0x20, 0xd4,

    /* U+002F "/" */
    0x0, 0x6, 0x60, 0x0, 0xb1, 0x0, 0xc, 0x0,
    0x5, 0x70, 0x0, 0x92, 0x0, 0xc, 0x0, 0x3,
    0x90, 0x0, 0x84, 0x0, 0xc, 0x0, 0x2, 0xa0,
    0x0, 0x66, 0x0, 0xb, 0x10, 0x0,

    /* U+0030 "0" */
    0x2, 0xce, 0x90, 0x0, 0xd5, 0xa, 0x70, 0x2e,
    0x0, 0x3d, 0x5, 0xb0, 0x0, 0xf0, 0x6a, 0x0,
    0xf, 0x4, 0xb0, 0x1, 0xf0, 0x2e, 0x0, 0x3d,
    0x0, 0xc6, 0xb, 0x70, 0x2, 0xce, 0x90, 0x0,

    /* U+0031 "1" */
    0x3a, 0xf1, 0x3, 0x5f, 0x10, 0x0, 0xf1, 0x0,
    0xf, 0x10, 0x0, 0xf1, 0x0, 0xf, 0x10, 0x0,
    0xf1, 0x0, 0xf, 0x10, 0xef, 0xff, 0xd0,

    /* U+0032 "2" */
    0x7, 0xde, 0x90, 0x3, 0x91, 0x2d, 0x60, 0x0,
    0x0, 0x89, 0x0, 0x0, 0x9, 0x70, 0x0, 0x1,
    0xe1, 0x0, 0x0, 0xb7, 0x0, 0x0, 0x9b, 0x0,
    0x0, 0x9b, 0x0, 0x0, 0x6f, 0xff, 0xff, 0x0,

    /* U+0033 "3" */
    0x7, 0xde, 0xa0, 0x18, 0x11, 0xc8, 0x0, 0x0,
    0x79, 0x0, 0x2, 0xd3, 0x0, 0xdf, 0x70, 0x0,
    0x1, 0xa9, 0x0, 0x0, 0x3e, 0x57, 0x11, 0xab,
    0x9, 0xdf, 0xb1,

    /* U+0034 "4" */
    0x0, 0x6, 0xf1, 0x0, 0x1, 0xde, 0x10, 0x0,
    0x98, 0xe1, 0x0, 0x2d, 0xe, 0x10, 0xc, 0x50,
    0xe1, 0x5, 0xb0, 0xe, 0x10, 0xbe, 0xee, 0xfe,
    0x40, 0x0, 0xe, 0x10, 0x0, 0x0, 0xe1, 0x0,

    /* U+0035 "5" */
    0xb, 0xff, 0xf9, 0x0, 0xc3, 0x0, 0x0, 0xd,
    0x20, 0x0, 0x0, 0xeb, 0xda, 0x10, 0x4, 0x0,
    0xab, 0x0, 0x0, 0x3, 0xf0, 0x0, 0x0, 0x3e,
    0x6, 0x71, 0x1b, 0x90, 0x9, 0xde, 0x90, 0x0,

    /* U+0036 "6" */
    0x0, 0x8e, 0xd6, 0x0, 0x89, 0x1, 0x40, 0xe,
    0x0, 0x0, 0x2, 0xc7, 0xdc, 0x20, 0x4f, 0x50,
    0x6d, 0x3, 0xc0, 0x0, 0xf1, 0x1f, 0x0, 0x1f,
    0x0, 0xa7, 0x6, 0xc0, 0x1, 0xae, 0xc2, 0x0,

    /* U+0037 "7" */
    0x6f, 0xff, 0xff, 0x10, 0x0, 0x7, 0x90, 0x0,
    0x1, 0xd0, 0x0, 0x0, 0x87, 0x0, 0x0, 0xe,
    0x10, 0x0, 0x2, 0xe0, 0x0, 0x0, 0x6b, 0x0,
    0x0, 0x7, 0x90, 0x0, 0x0, 0x98, 0x0, 0x0,

    /* U+0038 "8" */
    0x3, 0xce, 0xb1, 0x0, 0xd5, 0x8, 0x90, 0xe,
    0x0, 0x3b, 0x0, 0x88, 0x7, 0x50, 0x3, 0xcd,
    0xc0, 0x2, 0xd0, 0x9, 0xa0, 0x69, 0x0, 0xf,
    0x3, 0xd2, 0x5, 0xe0, 0x6, 0xde, 0xc3, 0x0,

    /* U+0039 "9" */
    0x6, 0xed, 0x70, 0x3, 0xe2, 0xa, 0x60, 0x6a,
    0x0, 0x2c, 0x4, 0xe2, 0x8, 0xe0, 0x7, 0xdc,
    0x5f, 0x0, 0x0, 0x3, 0xd0, 0x0, 0x0, 0x7a,
    0x0, 0x70, 0x3e, 0x30, 0xa, 0xed, 0x50, 0x0,

    /* U+003A ":" */
    0xd, 0x40, 0x92, 0x0, 0x0, 0x0, 0x0, 0x0,
    0x92, 0xd, 0x40,

    /* U+003B ";" */
    0xd, 0x40, 0x92, 0x0, 0x0, 0x0, 0x0, 0x0,
    0x72, 0xe, 0x90, 0x56, 0x2b, 0x10, 0x0,

    /* U+003C "<" */
    0x0, 0x0, 0x3, 0x10, 0x0, 0x5c, 0xc1, 0x18,
    0xd8, 0x20, 0x7, 0xe4, 0x0, 0x0, 0x3, 0xad,
    0x81, 0x0, 0x0, 0x17, 0xd3, 0x0, 0x0, 0x0,
    0x0,

    /* U+003D "=" */
    0x7d, 0xdd, 0xdd, 0x20, 0x0, 0x0, 0x0, 0x0,
    0x0, 0x0, 0x7, 0xdd, 0xdd, 0xd2,

    /* U+003E ">" */
    0x31, 0x0, 0x0, 0x5, 0xda, 0x30, 0x0, 0x0,
    0x4b, 0xc6, 0x0, 0x0, 0x8, 0xf2, 0x3, 0xad,
    0x81, 0x8, 0xb5, 0x0, 0x0, 0x0, 0x0, 0x0,
    0x0,

    /* U+003F "?" */
    0x9, 0xed, 0x50, 0x26, 0x6, 0xe0, 0x0, 0x2,
    0xe0, 0x0, 0xa, 0x70, 0x0, 0x6b, 0x0, 0x0,
    0xc3, 0x0, 0x0, 0x20, 0x0, 0x0, 0x92, 0x0,
    0x0, 0xe4, 0x0,

    /* U+0040 "@" */
    0x0, 0x2, 0xac, 0xcc, 0x60, 0x0, 0x6, 0xb2,
    0x0, 0x8, 0xa0, 0x3, 0xb0, 0x0, 0x0, 0x9,
    0x40, 0xc2, 0x4, 0xa9, 0xa0, 0x38, 0xb, 0x3,
    0xc0, 0x59, 0x2, 0xa3, 0x80, 0x96, 0x6, 0x60,
    0x47, 0x38, 0x8, 0x60, 0xb6, 0xb, 0x11, 0xb0,
    0x1a, 0x93, 0xba, 0x30, 0xb, 0x40, 0x0, 0x0,
    0x0, 0x0, 0x1c, 0x60, 0x1, 0x40, 0x0, 0x0,
    0x7, 0xbc, 0xb5, 0x0, 0x0,

    /* U+0041 "A" */
    0x0, 0x2f, 0x60, 0x0, 0x0, 0x79, 0xc0, 0x0,
    0x0, 0xc1, 0xd1, 0x0, 0x2, 0xc0, 0x86, 0x0,
    0x7, 0x70, 0x3c, 0x0, 0xc, 0xee, 0xef, 0x10,
    0x2d, 0x0, 0x9, 0x60, 0x79, 0x0, 0x5, 0xc0,
    0xc4, 0x0, 0x1, 0xf1,

    /* U+0042 "B" */
    0xce, 0xee, 0xa1, 0xc, 0x40, 0x9, 0xa0, 0xc4,
    0x0, 0x4c, 0xc, 0x40, 0x1a, 0x70, 0xce, 0xef,
    0xd1, 0xc, 0x40, 0x4, 0xe1, 0xc4, 0x0, 0xc,
    0x4c, 0x40, 0x5, 0xf1, 0xcf, 0xee, 0xc4, 0x0,

    /* U+0043 "C" */
    0x0, 0x4c, 0xfc, 0x40, 0x5, 0xe5, 0x14, 0x80,
    0xe, 0x50, 0x0, 0x0, 0x2f, 0x0, 0x0, 0x0,
    0x4e, 0x0, 0x0, 0x0, 0x2f, 0x0, 0x0, 0x0,
    0xe, 0x40, 0x0, 0x0, 0x6, 0xe4, 0x14, 0xb0,
    0x0, 0x5c, 0xfc, 0x40,

    /* U+0044 "D" */
    0xcf, 0xfd, 0x70, 0xc, 0x40, 0x2c, 0xa0, 0xc4,
    0x0, 0x1f, 0x3c, 0x40, 0x0, 0xb6, 0xc4, 0x0,
    0xa, 0x8c, 0x40, 0x0, 0xb6, 0xc4, 0x0, 0x1f,
    0x2c, 0x40, 0x3c, 0xa0, 0xcf, 0xfd, 0x70, 0x0,

    /* U+0045 "E" */
    0xcf, 0xff, 0xf4, 0xc4, 0x0, 0x0, 0xc4, 0x0,
    0x0, 0xc4, 0x0, 0x0, 0xcf, 0xff, 0xa0, 0xc4,
    0x0, 0x0, 0xc4, 0x0, 0x0, 0xc4, 0x0, 0x0,
    0xcf, 0xff, 0xf6,

    /* U+0046 "F" */
    0xcf, 0xff, 0xf4, 0xc4, 0x0, 0x0, 0xc4, 0x0,
    0x0, 0xc4, 0x0, 0x0, 0xcf, 0xff, 0xa0, 0xc4,
    0x0, 0x0, 0xc4, 0x0, 0x0, 0xc4, 0x0, 0x0,
    0xc4, 0x0, 0x0,

    /* U+0047 "G" */
    0x0, 0x4c, 0xfd, 0x70, 0x5, 0xe5, 0x12, 0x80,
    0xe, 0x50, 0x0, 0x0, 0x2f, 0x0, 0x0, 0x0,
    0x4e, 0x0, 0x7e, 0xf5, 0x2f, 0x0, 0x0, 0xa5,
    0xe, 0x50, 0x0, 0xa5, 0x5, 0xe5, 0x12, 0xc5,
    0x0, 0x4c, 0xfd, 0x80,

    /* U+0048 "H" */
    0xc4, 0x0, 0x9, 0x8c, 0x40, 0x0, 0x98, 0xc4,
    0x0, 0x9, 0x8c, 0x40, 0x0, 0x98, 0xcf, 0xff,
    0xff, 0x8c, 0x40, 0x0, 0x98, 0xc4, 0x0, 0x9,
    0x8c, 0x40, 0x0, 0x98, 0xc4, 0x0, 0x9, 0x80,

    /* U+0049 "I" */
    0xc4, 0xc4, 0xc4, 0xc4, 0xc4, 0xc4, 0xc4, 0xc4,
    0xc4,

    /* U+004A "J" */
    0x0, 0x0, 0xd4, 0x0, 0x0, 0xd4, 0x0, 0x0,
    0xd4, 0x0, 0x0, 0xd4, 0x0, 0x0, 0xd4, 0x0,
    0x0, 0xd4, 0x0, 0x0, 0xe3, 0x4a, 0x15, 0xf1,
    0x9, 0xed, 0x50,

    /* U+004B "K" */
    0xc4, 0x0, 0x6d, 0xc, 0x40, 0x3e, 0x20, 0xc4,
    0x1e, 0x40, 0xc, 0x5c, 0xb0, 0x0, 0xce, 0xbf,
    0x20, 0xc, 0xc0, 0x8b, 0x0, 0xc5, 0x0, 0xe4,
    0xc, 0x40, 0x6, 0xd0, 0xc4, 0x0, 0xc, 0x60,

    /* U+004C "L" */
    0xc4, 0x0, 0x0, 0xc4, 0x0, 0x0, 0xc4, 0x0,
    0x0, 0xc4, 0x0, 0x0, 0xc4, 0x0, 0x0, 0xc4,
    0x0, 0x0, 0xc4, 0x0, 0x0, 0xc4, 0x0, 0x0,
    0xcf, 0xff, 0xf2,

    /* U+004D "M" */
    0xcb, 0x0, 0x0, 0xf8, 0xce, 0x10, 0x5, 0xe8,
    0xc9, 0x60, 0xa, 0x98, 0xc5, 0xc0, 0xd, 0x78,
    0xc3, 0xc1, 0x68, 0x78, 0xc3, 0x77, 0xb2, 0x78,
    0xc3, 0x1d, 0xc0, 0x78, 0xc3, 0xb, 0x70, 0x78,
    0xc3, 0x0, 0x0, 0x78,

    /* U+004E "N" */
    0xc9, 0x0, 0x9, 0x7c, 0xe3, 0x0, 0x97, 0xc7,
    0xc0, 0x9, 0x7c, 0x3c, 0x50, 0x97, 0xc3, 0x3d,
    0x9, 0x7c, 0x30, 0xa7, 0x87, 0xc3, 0x1, 0xe8,
    0x7c, 0x30, 0x8, 0xe7, 0xc3, 0x0, 0xe, 0x70,

    /* U+004F "O" */
    0x0, 0x5c, 0xfc, 0x40, 0x0, 0x6e, 0x41, 0x5e,
    0x40, 0xe, 0x40, 0x0, 0x6d, 0x2, 0xf0, 0x0,
    0x1, 0xf0, 0x4e, 0x0, 0x0, 0xf, 0x22, 0xf0,
    0x0, 0x1, 0xf0, 0xe, 0x40, 0x0, 0x6d, 0x0,
    0x6e, 0x41, 0x5e, 0x40, 0x0, 0x5c, 0xfc, 0x40,
    0x0,

    /* U+0050 "P" */
    0xcf, 0xfe, 0xb2, 0xc, 0x40, 0x8, 0xc0, 0xc4,
    0x0, 0x2f, 0xc, 0x40, 0x19, 0xb0, 0xcf, 0xfe,
    0xa1, 0xc, 0x40, 0x0, 0x0, 0xc4, 0x0, 0x0,
    0xc, 0x40, 0x0, 0x0, 0xc4, 0x0, 0x0, 0x0,

    /* U+0051 "Q" */
    0x0, 0x5c, 0xfc, 0x30, 0x0, 0x5e, 0x41, 0x5f,
    0x30, 0xd, 0x50, 0x0, 0x7c, 0x1, 0xf0, 0x0,
    0x1, 0xf0, 0x3e, 0x0, 0x0, 0xf, 0x23, 0xe0,
    0x0, 0x0, 0xf1, 0x1f, 0x10, 0x0, 0x2f, 0x0,
    0xb7, 0x0, 0x9, 0xa0, 0x3, 0xe7, 0x48, 0xe2,
    0x0, 0x2, 0x9f, 0xa2, 0x0, 0x0, 0x0, 0x8c,
    0x20, 0x0, 0x0, 0x0, 0x8e, 0xe4,

    /* U+0052 "R" */
    0xcf, 0xff, 0xb2, 0xc, 0x40, 0x17, 0xd0, 0xc4,
    0x0, 0x2f, 0xc, 0x40, 0x29, 0xc0, 0xce, 0xef,
    0x91, 0xc, 0x40, 0xc6, 0x0, 0xc4, 0x4, 0xe0,
    0xc, 0x40, 0xc, 0x70, 0xc4, 0x0, 0x3f, 0x10,

    /* U+0053 "S" */
    0x2, 0xbf, 0xd7, 0x0, 0xc9, 0x12, 0x91, 0xf,
    0x40, 0x0, 0x0, 0x8d, 0x50, 0x0, 0x0, 0x5d,
    0xd5, 0x0, 0x0, 0x4, 0xe5, 0x0, 0x0, 0x9,
    0x92, 0xd4, 0x13, 0xe5, 0x5, 0xcf, 0xd7, 0x0,

    /* U+0054 "T" */
    0x9f, 0xff, 0xff, 0xc0, 0x0, 0xf2, 0x0, 0x0,
    0xf, 0x20, 0x0, 0x0, 0xf2, 0x0, 0x0, 0xf,
    0x20, 0x0, 0x0, 0xf2, 0x0, 0x0, 0xf, 0x20,
    0x0, 0x0, 0xf2, 0x0, 0x0, 0xf, 0x20, 0x0,

    /* U+0055 "U" */
    0xd4, 0x0, 0x9, 0x7d, 0x40, 0x0, 0x97, 0xd4,
    0x0, 0x9, 0x7d, 0x40, 0x0, 0x97, 0xd4, 0x0,
    0x9, 0x7c, 0x50, 0x0, 0x97, 0xa7, 0x0, 0xc,
    0x44, 0xe3, 0x6, 0xe0, 0x6, 0xdf, 0xc3, 0x0,

    /* U+0056 "V" */
    0xd5, 0x0, 0x6, 0xb8, 0x90, 0x0, 0xa6, 0x3e,
    0x0, 0xe, 0x20, 0xe3, 0x3, 0xd0, 0x9, 0x70,
    0x88, 0x0, 0x4c, 0xd, 0x30, 0x0, 0xe3, 0xe0,
    0x0, 0xa, 0xc9, 0x0, 0x0, 0x5f, 0x40, 0x0,

    /* U+0057 "W" */
    0x98, 0x0, 0x5e, 0x0, 0xf, 0x16, 0xb0, 0x9,
    0xe2, 0x2, 0xe0, 0x2e, 0x0, 0xd8, 0x60, 0x5b,
    0x0, 0xf1, 0x1c, 0x4a, 0x8, 0x80, 0xc, 0x45,
    0x91, 0xe0, 0xb4, 0x0, 0x87, 0x85, 0xc, 0x2e,
    0x10, 0x5, 0xac, 0x10, 0x86, 0xe0, 0x0, 0x2d,
    0xc0, 0x4, 0xcb, 0x0, 0x0, 0xe9, 0x0, 0x1f,
    0x80, 0x0,

    /* U+0058 "X" */
    0x5d, 0x0, 0xe, 0x30, 0xc6, 0x6, 0xa0, 0x4,
    0xe0, 0xe2, 0x0, 0xb, 0xc9, 0x0, 0x0, 0x6f,
    0x40, 0x0, 0xd, 0x9b, 0x0, 0x6, 0xa0, 0xd4,
    0x0, 0xe2, 0x5, 0xd0, 0x8a, 0x0, 0xc, 0x60,

    /* U+0059 "Y" */
    0xc, 0x60, 0x0, 0xe2, 0x4, 0xd0, 0x6, 0xa0,
    0x0, 0xd4, 0xd, 0x30, 0x0, 0x5b, 0x5b, 0x0,
    0x0, 0xd, 0xd3, 0x0, 0x0, 0x7, 0xc0, 0x0,
    0x0, 0x5, 0xb0, 0x0, 0x0, 0x5, 0xb0, 0x0,
    0x0, 0x5, 0xb0, 0x0,

    /* U+005A "Z" */
    0xf, 0xff, 0xff, 0x90, 0x0, 0x2, 0xe2, 0x0,
    0x0, 0xb7, 0x0, 0x0, 0x5c, 0x0, 0x0, 0x1e,
    0x30, 0x0, 0xa, 0x80, 0x0, 0x4, 0xd0, 0x0,
    0x0, 0xd4, 0x0, 0x0, 0x6f, 0xff, 0xff, 0xa0,

    /* U+005B "[" */
    0xbb, 0x6b, 0x10, 0xb1, 0xb, 0x10, 0xb1, 0xb,
    0x10, 0xb1, 0xb, 0x10, 0xb1, 0xb, 0x10, 0xb1,
    0x9, 0xa6,

    /* U+005C "\\" */
    0xa1, 0x0, 0x5, 0x60, 0x0, 0x1b, 0x0, 0x0,
    0xb0, 0x0, 0x7, 0x50, 0x0, 0x29, 0x0, 0x0,
    0xc0, 0x0, 0x9, 0x30, 0x0, 0x48, 0x0, 0x0,
    0xc0, 0x0, 0xa, 0x10, 0x0, 0x66,

    /* U+005D "]" */
    0x6a, 0xc0, 0xc, 0x0, 0xc0, 0xc, 0x0, 0xc0,
    0xc, 0x0, 0xc0, 0xc, 0x0, 0xc0, 0xc, 0x0,
    0xc6, 0xaa,

    /* U+005E "^" */
    0x0, 0x17, 0x0, 0x0, 0x8e, 0x20, 0x0, 0xd5,
    0x80, 0x4, 0xa0, 0xd0, 0xa, 0x40, 0xa4, 0xe,
    0x0, 0x4a,

    /* U+005F "_" */
    0xac, 0xcc, 0xcc, 0x60,

    /* U+0060 "`" */
    0x1a, 0x0, 0x9, 0xa0, 0x0, 0x92,

    /* U+0061 "a" */
    0x6, 0xcf, 0xc1, 0x6, 0x20, 0xa9, 0x0, 0x2,
    0x8c, 0x5, 0xc9, 0x9c, 0x2e, 0x10, 0x4c, 0x3e,
    0x11, 0xac, 0x9, 0xec, 0x6c,

    /* U+0062 "b" */
    0xe3, 0x0, 0x0, 0xe3, 0x0, 0x0, 0xe3, 0x0,
    0x0, 0xe7, 0xce, 0x90, 0xea, 0x11, 0xd6, 0xe3,
    0x0, 0x7a, 0xe3, 0x0, 0x5c, 0xe3, 0x0, 0x8a,
    0xe8, 0x3, 0xe3, 0xe6, 0xee, 0x60,

    /* U+0063 "c" */
    0x1, 0xae, 0xd4, 0xc, 0x90, 0x32, 0x3e, 0x0,
    0x0, 0x5c, 0x0, 0x0, 0x3e, 0x0, 0x0, 0xd,
    0x80, 0x24, 0x2, 0xbf, 0xd4,

    /* U+0064 "d" */
    0x0, 0x0, 0xc, 0x50, 0x0, 0x0, 0xc5, 0x0,
    0x0, 0xc, 0x50, 0x2b, 0xfb, 0xc5, 0xc, 0x80,
    0x3e, 0x53, 0xe0, 0x0, 0xc5, 0x5c, 0x0, 0xc,
    0x53, 0xe0, 0x0, 0xc5, 0xe, 0x60, 0x4f, 0x50,
    0x3d, 0xe9, 0xa5,

    /* U+0065 "e" */
    0x1, 0xbe, 0xc2, 0x0, 0xc6, 0x5, 0xc0, 0x3d,
    0x0, 0xe, 0x5, 0xfc, 0xcc, 0xe1, 0x3d, 0x0,
    0x0, 0x0, 0xd7, 0x1, 0x30, 0x1, 0xbe, 0xd7,
    0x0,

    /* U+0066 "f" */
    0x2, 0xde, 0x20, 0x89, 0x0, 0xb, 0x60, 0x9,
    0xff, 0xb0, 0xb, 0x50, 0x0, 0xb5, 0x0, 0xb,
    0x50, 0x0, 0xb5, 0x0, 0xb, 0x50, 0x0, 0xb5,
    0x0,

    /* U+0067 "g" */
    0x3, 0xcc, 0xfe, 0x60, 0xe3, 0x9, 0x70, 0x1f,
    0x0, 0x69, 0x0, 0xd6, 0xb, 0x60, 0x8, 0xcc,
    0x80, 0x0, 0xe1, 0x0, 0x0, 0xa, 0xfe, 0xec,
    0x22, 0xc0, 0x1, 0xb8, 0x4d, 0x0, 0x1c, 0x50,
    0x8e, 0xdc, 0x50,

    /* U+0068 "h" */
    0xe3, 0x0, 0x0, 0xe3, 0x0, 0x0, 0xe3, 0x0,
    0x0, 0xe5, 0xcf, 0x80, 0xec, 0x24, 0xf2, 0xe3,
    0x0, 0xc4, 0xe3, 0x0, 0xc4, 0xe3, 0x0, 0xc4,
    0xe3, 0x0, 0xc4, 0xe3, 0x0, 0xc4,

    /* U+0069 "i" */
    0xd, 0x40, 0x51, 0x0, 0x0, 0xe3, 0xe, 0x30,
    0xe3, 0xe, 0x30, 0xe3, 0xe, 0x30, 0xe3,

    /* U+006A "j" */
    0x0, 0xe3, 0x0, 0x61, 0x0, 0x0, 0x0, 0xe3,
    0x0, 0xe3, 0x0, 0xe3, 0x0, 0xe3, 0x0, 0xe3,
    0x0, 0xe3, 0x0, 0xe3, 0x0, 0xe3, 0x1, 0xf0,
    0x6e, 0x90,

    /* U+006B "k" */
    0xe2, 0x0, 0x0, 0xe2, 0x0, 0x0, 0xe2, 0x0,
    0x0, 0xe2, 0x6, 0xc0, 0xe2, 0x2e, 0x20, 0xe3,
    0xd5, 0x0, 0xec, 0xe7, 0x0, 0xeb, 0x2e, 0x10,
    0xe3, 0x8, 0x90, 0xe2, 0x0, 0xe3,

    /* U+006C "l" */
    0xe3, 0xe3, 0xe3, 0xe3, 0xe3, 0xe3, 0xe3, 0xe3,
    0xd3, 0x8c,

    /* U+006D "m" */
    0xe3, 0xce, 0x63, 0xce, 0x50, 0xeb, 0x26, 0xfa,
    0x26, 0xe0, 0xe3, 0x0, 0xf2, 0x0, 0xf1, 0xe3,
    0x0, 0xf2, 0x0, 0xf1, 0xe3, 0x0, 0xf2, 0x0,
    0xf1, 0xe3, 0x0, 0xf2, 0x0, 0xf1, 0xe3, 0x0,
    0xf2, 0x0, 0xf1,

    /* U+006E "n" */
    0xe3, 0xcf, 0x80, 0xeb, 0x24, 0xf2, 0xe3, 0x0,
    0xc4, 0xe3, 0x0, 0xc4, 0xe3, 0x0, 0xc4, 0xe3,
    0x0, 0xc4, 0xe3, 0x0, 0xc4,

    /* U+006F "o" */
    0x1, 0xbf, 0xc4, 0x0, 0xc8, 0x4, 0xe1, 0x3e,
    0x0, 0xa, 0x75, 0xc0, 0x0, 0x89, 0x3e, 0x0,
    0xa, 0x70, 0xc7, 0x4, 0xe2, 0x1, 0xbe, 0xd4,
    0x0,

    /* U+0070 "p" */
    0xe5, 0xce, 0x90, 0xea, 0x11, 0xd6, 0xe3, 0x0,
    0x7a, 0xe3, 0x0, 0x5c, 0xe3, 0x0, 0x8a, 0xe8,
    0x3, 0xe3, 0xe9, 0xee, 0x60, 0xe3, 0x0, 0x0,
    0xe3, 0x0, 0x0, 0xe3, 0x0, 0x0,

    /* U+0071 "q" */
    0x2, 0xbd, 0xbc, 0x50, 0xc6, 0x1, 0xd5, 0x3e,
    0x0, 0xc, 0x55, 0xc0, 0x0, 0xc5, 0x3e, 0x0,
    0xc, 0x50, 0xe7, 0x4, 0xf5, 0x3, 0xde, 0x9c,
    0x50, 0x0, 0x0, 0xc5, 0x0, 0x0, 0xc, 0x50,
    0x0, 0x0, 0xc5,

    /* U+0072 "r" */
    0xe3, 0xd8, 0xeb, 0x20, 0xe4, 0x0, 0xe3, 0x0,
    0xe3, 0x0, 0xe3, 0x0, 0xe3, 0x0,

    /* U+0073 "s" */
    0x7, 0xed, 0x80, 0x2e, 0x10, 0x30, 0x1f, 0x50,
    0x0, 0x3, 0xbd, 0x40, 0x0, 0x4, 0xf0, 0x34,
    0x2, 0xf1, 0x2b, 0xee, 0x60,

    /* U+0074 "t" */
    0x8, 0x60, 0x0, 0x96, 0x0, 0xaf, 0xfe, 0x20,
    0xb6, 0x0, 0xb, 0x60, 0x0, 0xb6, 0x0, 0xb,
    0x60, 0x0, 0x89, 0x0, 0x2, 0xde, 0x30,

    /* U+0075 "u" */
    0xf1, 0x0, 0xe2, 0xf1, 0x0, 0xe2, 0xf1, 0x0,
    0xe2, 0xf1, 0x0, 0xe2, 0xf2, 0x0, 0xe2, 0xd7,
    0x18, 0xf2, 0x4e, 0xd6, 0xc2,

    /* U+0076 "v" */
    0xa7, 0x0, 0x2e, 0x5, 0xc0, 0x7, 0x90, 0xf,
    0x10, 0xc4, 0x0, 0xa5, 0x1e, 0x0, 0x5, 0xa5,
    0x90, 0x0, 0xe, 0xa4, 0x0, 0x0, 0xae, 0x0,
    0x0,

    /* U+0077 "w" */
    0x88, 0x0, 0xd7, 0x0, 0xd2, 0x4c, 0x1, 0xcb,
    0x1, 0xe0, 0xf, 0x5, 0x7d, 0x5, 0xa0, 0xc,
    0x49, 0x4a, 0x38, 0x60, 0x8, 0x7c, 0x6, 0x7c,
    0x20, 0x3, 0xbc, 0x2, 0xce, 0x0, 0x0, 0xf8,
    0x0, 0xea, 0x0,

    /* U+0078 "x" */
    0x5c, 0x0, 0xc5, 0xc, 0x64, 0xc0, 0x3, 0xec,
    0x30, 0x0, 0xdc, 0x0, 0x5, 0xad, 0x40, 0xd,
    0x24, 0xd0, 0x89, 0x0, 0xb7,

    /* U+0079 "y" */
    0xa7, 0x0, 0x1e, 0x4, 0xc0, 0x6, 0x90, 0xe,
    0x20, 0xb4, 0x0, 0x87, 0xe, 0x0, 0x2, 0xc4,
    0xa0, 0x0, 0xc, 0xb4, 0x0, 0x0, 0x6f, 0x0,
    0x0, 0x6, 0xa0, 0x0, 0x1, 0xd2, 0x0, 0x6,
    0xe7, 0x0, 0x0,

    /* U+007A "z" */
    0x3e, 0xef, 0xf3, 0x0, 0x7, 0xb0, 0x0, 0x2e,
    0x10, 0x0, 0xc6, 0x0, 0x6, 0xc0, 0x0, 0x1e,
    0x20, 0x0, 0x8f, 0xee, 0xe5,

    /* U+007B "{" */
    0x2, 0xd7, 0x7, 0x70, 0x7, 0x60, 0x7, 0x60,
    0x6, 0x70, 0x9, 0x50, 0x7e, 0x0, 0x8, 0x60,
    0x6, 0x60, 0x7, 0x60, 0x7, 0x70, 0x2, 0xa6,

    /* U+007C "|" */
    0xcc, 0xcc, 0xcc, 0xcc, 0xcc, 0xcc, 0xcc,

    /* U+007D "}" */
    0x6d, 0x30, 0x6, 0x80, 0x5, 0x80, 0x5, 0x80,
    0x6, 0x70, 0x4, 0xa0, 0x0, 0xd8, 0x5, 0x90,
    0x5, 0x70, 0x5, 0x80, 0x7, 0x80, 0x6a, 0x20,

    /* U+007E "~" */
    0x1b, 0xc6, 0x5, 0x2, 0x31, 0x8d, 0x80,

    /* U+00B7 "·" */
    0x7, 0x70, 0x2f, 0xf2, 0xc, 0xc0,

    /* U+3001 "、" */
    0x7, 0x0, 0x1, 0xca, 0x0, 0x0, 0xca, 0x0,
    0x0, 0x60,

    /* U+3002 "。" */
    0x1a, 0xa4, 0x73, 0xb, 0x82, 0xa, 0x1b, 0xb5,

    /* U+4E00 "一" */
    0x0, 0x0, 0x0, 0x0, 0x0, 0x0, 0x3e, 0xee,
    0xee, 0xee, 0xee, 0xeb,

    /* U+4E01 "丁" */
    0x6e, 0xee, 0xef, 0xfe, 0xee, 0xe1, 0x0, 0x0,
    0x5, 0xa0, 0x0, 0x0, 0x0, 0x0, 0x5, 0xa0,
    0x0, 0x0, 0x0, 0x0, 0x5, 0xa0, 0x0, 0x0,
    0x0, 0x0, 0x5, 0xa0, 0x0, 0x0, 0x0, 0x0,
    0x5, 0xa0, 0x0, 0x0, 0x0, 0x0, 0x5, 0xa0,
    0x0, 0x0, 0x0, 0x0, 0x5, 0xa0, 0x0, 0x0,
    0x0, 0x0, 0x6, 0xa0, 0x0, 0x0, 0x0, 0x1f,
    0xfe, 0x50, 0x0, 0x0,

    /* U+4E07 "万" */
    0x1e, 0xee, 0xfe, 0xee, 0xee, 0xe6, 0x0, 0x0,
    0xd1, 0x0, 0x0, 0x0, 0x0, 0x0, 0xe0, 0x0,
    0x0, 0x0, 0x0, 0x0, 0xfd, 0xdd, 0xdd, 0x40,
    0x0, 0x2, 0xb0, 0x0, 0xa, 0x40, 0x0, 0x6,
    0x80, 0x0, 0xb, 0x30, 0x0, 0xd, 0x20, 0x0,
    0xc, 0x10, 0x0, 0x5b, 0x0, 0x0, 0xe, 0x0,
    0x3, 0xe1, 0x0, 0x0, 0x2d, 0x0, 0x2d, 0x20,
    0x0, 0xcd, 0xe6, 0x0, 0x0, 0x0, 0x0, 0x0,
    0x0, 0x0,

    /* U+4E08 "丈" */
    0x0, 0x0, 0x0, 0x2c, 0x0, 0x0, 0x0, 0x0,
    0x0, 0x2c, 0x0, 0x0, 0x3d, 0xdd, 0xdd, 0xef,
    0xdd, 0xd3, 0x0, 0x22, 0x0, 0x4a, 0x0, 0x0,
    0x0, 0x4a, 0x0, 0x68, 0x0, 0x0, 0x0, 0xd,
    0x10, 0x86, 0x0, 0x0, 0x0, 0x6, 0xa0, 0xe2,
    0x0, 0x0, 0x0, 0x0, 0xbc, 0xa0, 0x0, 0x0,
    0x0, 0x0, 0x9f, 0xa2, 0x0, 0x0, 0x4, 0x8d,
    0x81, 0x6e, 0xa6, 0x30, 0x9, 0x51, 0x0, 0x0,
    0x47, 0xb2,

    /* U+4E09 "三" */
    0x7, 0xee, 0xee, 0xee, 0xee, 0x80, 0x0, 0x0,
    0x0, 0x0, 0x0, 0x0, 0x0, 0x0, 0x0, 0x0,
    0x0, 0x0, 0x0, 0x0, 0x0, 0x0, 0x0, 0x0,
    0x0, 0xae, 0xee, 0xee, 0xe8, 0x0, 0x0, 0x0,
    0x0, 0x0, 0x0, 0x0, 0x0, 0x0, 0x0, 0x0,
    0x0, 0x0, 0x0, 0x0, 0x0, 0x0, 0x0, 0x0,
    0x3e, 0xee, 0xee, 0xee, 0xee, 0xe2,

    /* U+4E0A "上" */
    0x0, 0x0, 0xb, 0x20, 0x0, 0x0, 0x0, 0x0,
    0xb, 0x20, 0x0, 0x0, 0x0, 0x0, 0xb, 0x20,
    0x0, 0x0, 0x0, 0x0, 0xb, 0x20, 0x0, 0x0,
    0x0, 0x0, 0xb, 0xee, 0xee, 0x80, 0x0, 0x0,
    0xb, 0x20, 0x0, 0x0, 0x0, 0x0, 0xb, 0x20,
    0x0, 0x0, 0x0, 0x0, 0xb, 0x20, 0x0, 0x0,
    0x0, 0x0, 0xb, 0x20, 0x0, 0x0, 0x2b, 0xbb,
    0xbe, 0xcb, 0xbb, 0xb7, 0x2, 0x22, 0x22, 0x22,
    0x22, 0x21,

    /* U+4E0B "下" */
    0x1e, 0xee, 0xef, 0xfe, 0xee, 0xe8, 0x0, 0x0,
    0x7, 0x70, 0x0, 0x0, 0x0, 0x0, 0x7, 0x80,
    0x0, 0x0, 0x0, 0x0, 0x7, 0xfb, 0x30, 0x0,
    0x0, 0x0, 0x7, 0x75, 0xd9, 0x10, 0x0, 0x0,
    0x7, 0x70, 0x9, 0xa0, 0x0, 0x0, 0x7, 0x70,
    0x0, 0x0, 0x0, 0x0, 0x7, 0x70, 0x0, 0x0,
    0x0, 0x0, 0x7, 0x70, 0x0, 0x0, 0x0, 0x0,
    0x7, 0x70, 0x0, 0x0,

    /* U+4E0D "不" */
    0x0, 0x0, 0x0, 0x0, 0x0, 0x0, 0x2e, 0xee,
    0xee, 0xfe, 0xee, 0xe2, 0x0, 0x0, 0x4, 0xd0,
    0x0, 0x0, 0x0, 0x0, 0x1e, 0x70, 0x0, 0x0,
    0x0, 0x1, 0xdd, 0x8d, 0x50, 0x0, 0x0, 0x2d,
    0x57, 0x71, 0xba, 0x0, 0x7, 0xd4, 0x7, 0x70,
    0x8, 0xd1, 0x29, 0x0, 0x7, 0x70, 0x0, 0x61,
    0x0, 0x0, 0x7, 0x70, 0x0, 0x0, 0x0, 0x0,
    0x7, 0x70, 0x0, 0x0, 0x0, 0x0, 0x7, 0x70,
    0x0, 0x0,

    /* U+4E0E "与" */
    0x0, 0x8, 0x0, 0x0, 0x0, 0x0, 0x1, 0xe3,
    0x33, 0x33, 0x31, 0x0, 0x4d, 0xaa, 0xaa, 0xaa,
    0x50, 0x8, 0x60, 0x0, 0x0, 0x0, 0x0, 0xb5,
    0x22, 0x22, 0x22, 0x20, 0xa, 0xaa, 0xaa, 0xaa,
    0xca, 0x0, 0x0, 0x0, 0x0, 0x6, 0x84, 0xdd,
    0xdd, 0xdd, 0xd2, 0x86, 0x0, 0x0, 0x0, 0x0,
    0xb, 0x30, 0x0, 0x0, 0x0, 0x1, 0xe0, 0x0,
    0x0, 0x0, 0xdd, 0xe6, 0x0, 0x0, 0x0, 0x0,
    0x0, 0x0,

    /* U+4E13 "专" */
    0x0, 0x0, 0x2, 0x0, 0x0, 0x0, 0x0, 0x0,
    0x1d, 0x0, 0x0, 0x0, 0x4, 0xdd, 0xef, 0xdd,
    0xdd, 0x30, 0x0, 0x0, 0xb3, 0x0, 0x0, 0x0,
    0x3a, 0xaa, 0xfa, 0xaa, 0xaa, 0xa1, 0x13, 0x38,
    0xa3, 0x33, 0x33, 0x30, 0x0, 0xa, 0x50, 0x0,
    0x0, 0x0, 0x0, 0xc, 0xdd, 0xdd, 0xee, 0x0,
    0x0, 0x0, 0x0, 0x3, 0xd2, 0x0, 0x0, 0x7,
    0x61, 0x3d, 0x20, 0x0, 0x0, 0x1, 0x7c, 0xf7,
    0x0, 0x0, 0x0, 0x0, 0x0, 0x3a, 0xb0, 0x0,
    0x0, 0x0, 0x0, 0x0, 0x0, 0x0,

    /* U+4E16 "世" */
    0x0, 0x0, 0x0, 0x0, 0x1, 0x0, 0x0, 0x77,
    0x6, 0x70, 0x4a, 0x0, 0x0, 0x77, 0x6, 0x70,
    0x4a, 0x0, 0x0, 0x77, 0x6, 0x70, 0x4a, 0x0,
    0x2d, 0xee, 0xde, 0xed, 0xef, 0xd8, 0x0, 0x77,
    0x6, 0x70, 0x4a, 0x0, 0x0, 0x77, 0x6, 0x70,
    0x4a, 0x0, 0x0, 0x77, 0x6, 0x70, 0x4a, 0x0,
    0x0, 0x77, 0x5, 0xcc, 0xc8, 0x0, 0x0, 0x77,
    0x0, 0x0, 0x0, 0x0, 0x0, 0x7f, 0xee, 0xee,
    0xee, 0xe0,

    /* U+4E1A "业" */
    0x0, 0x0, 0xb3, 0xc, 0x10, 0x0, 0x0, 0x0,
    0xb3, 0xc, 0x10, 0x0, 0x3, 0x0, 0xb3, 0xc,
    0x10, 0x20, 0x8, 0x70, 0xb3, 0xc, 0x10, 0xd1,
    0x1, 0xd0, 0xb3, 0xc, 0x16, 0x80, 0x0, 0xb4,
    0xb3, 0xc, 0x2d, 0x10, 0x0, 0x57, 0xb3, 0xc,
    0x78, 0x0, 0x0, 0x0, 0xb3, 0xc, 0x10, 0x0,
    0x0, 0x0, 0xb3, 0xc, 0x10, 0x0, 0xc, 0xcc,
    0xed, 0xcf, 0xcc, 0xc6, 0x1, 0x11, 0x11, 0x11,
    0x11, 0x11,

    /* U+4E1B "丛" */
    0x0, 0x0, 0x0, 0x0, 0x0, 0x0, 0x0, 0x8,
    0x60, 0x1, 0xd0, 0x0, 0x0, 0x9, 0x50, 0x2,
    0xc0, 0x0, 0x0, 0xb, 0x30, 0x3, 0xb0, 0x0,
    0x0, 0xd, 0x50, 0x6, 0xe0, 0x0, 0x0, 0xf,
    0xd1, 0x9, 0xf3, 0x0, 0x0, 0x3a, 0x6a, 0xd,
    0x68, 0x0, 0x0, 0x96, 0xd, 0x6b, 0xd, 0x10,
    0x2, 0xe1, 0x1, 0xc5, 0x7, 0xa0, 0xc, 0x50,
    0xa, 0x90, 0x0, 0xb6, 0x3, 0x0, 0x4, 0x0,
    0x0, 0x10, 0x1e, 0xee, 0xee, 0xee, 0xee, 0xe8,

    /* U+4E1C "东" */
    0x0, 0x0, 0x2, 0x0, 0x0, 0x0, 0x0, 0x0,
    0x5c, 0x0, 0x0, 0x0, 0xb, 0xbb, 0xed, 0xbb,
    0xbb, 0xb0, 0x2, 0x27, 0xb2, 0x22, 0x22, 0x20,
    0x0, 0xd, 0x20, 0x80, 0x0, 0x0, 0x0, 0x98,
    0x0, 0xe0, 0x0, 0x0, 0x1, 0xfe, 0xdd, 0xfd,
    0xdd, 0x60, 0x0, 0x0, 0x0, 0xe0, 0x0, 0x0,
    0x0, 0x3b, 0x0, 0xe0, 0xb4, 0x0, 0x0, 0xc3,
    0x0, 0xe0, 0x1d, 0x30, 0xa, 0x80, 0x0, 0xe0,
    0x3, 0xd0, 0x5, 0x0, 0x7e, 0xb0, 0x0, 0x30,

    /* U+4E22 "丢" */
    0x0, 0x1, 0x23, 0x46, 0x8b, 0x40, 0x4, 0xdc,
    0xbc, 0xd7, 0x53, 0x0, 0x0, 0x0, 0x3, 0xa0,
    0x0, 0x0, 0x1, 0xdd, 0xde, 0xfd, 0xdd, 0x70,
    0x0, 0x0, 0x3, 0xa0, 0x0, 0x0, 0xc, 0xcc,
    0xcd, 0xec, 0xcc, 0xc6, 0x0, 0x0, 0x8a, 0x0,
    0x20, 0x0, 0x0, 0x4, 0xc0, 0x0, 0xc5, 0x0,
    0x0, 0x4d, 0x10, 0x12, 0x5e, 0x20, 0x2, 0xfe,
    0xdd, 0xca, 0x99, 0xc0, 0x0, 0x20, 0x0, 0x0,
    0x0, 0x71,

    /* U+4E24 "两" */
    0x0, 0x0, 0x0, 0x0, 0x0, 0x0, 0x1d, 0xdd,
    0xfd, 0xdf, 0xdd, 0xd6, 0x0, 0x0, 0xc1, 0xb,
    0x20, 0x0, 0x7, 0xdd, 0xfd, 0xdf, 0xdd, 0xd0,
    0x9, 0x40, 0xe0, 0xd, 0x10, 0xe0, 0x9, 0x41,
    0xf2, 0xf, 0x40, 0xe0, 0x9, 0x44, 0xcc, 0x3c,
    0xd1, 0xe0, 0x9, 0x5b, 0x35, 0xa5, 0x4b, 0xe0,
    0x9, 0xaa, 0x4, 0xb0, 0x4, 0xe0, 0x9, 0x50,
    0x0, 0x0, 0x0, 0xe0, 0x9, 0x40, 0x0, 0x0,
    0xcd, 0xb0,

    /* U+4E25 "严" */
    0x8, 0xcc, 0xed, 0xdf, 0xcc, 0xb0, 0x0, 0x80,
    0xa3, 0x2b, 0x8, 0x20, 0x0, 0xa3, 0xa3, 0x2b,
    0x2d, 0x0, 0x0, 0x57, 0xa3, 0x2b, 0x85, 0x0,
    0x6, 0xba, 0xec, 0xbe, 0xbb, 0xa2, 0x9, 0x61,
    0x11, 0x11, 0x11, 0x10, 0x9, 0x40, 0x0, 0x0,
    0x0, 0x0, 0xa, 0x30, 0x0, 0x0, 0x0, 0x0,
    0xd, 0x10, 0x0, 0x0, 0x0, 0x0, 0x3c, 0x0,
    0x0, 0x0, 0x0, 0x0, 0x33, 0x0, 0x0, 0x0,
    0x0, 0x0,

    /* U+4E2A "个" */
    0x0, 0x0, 0x0, 0x0, 0x0, 0x0, 0x0, 0x0,
    0x8, 0x60, 0x0, 0x0, 0x0, 0x0, 0x5d, 0xd2,
    0x0, 0x0, 0x0, 0x6, 0xc1, 0x4d, 0x20, 0x0,
    0x0, 0x9c, 0x15, 0x14, 0xe6, 0x0, 0x5e, 0x80,
    0xb, 0x30, 0x2b, 0xc2, 0x22, 0x0, 0xb, 0x30,
    0x0, 0x50, 0x0, 0x0, 0xb, 0x30, 0x0, 0x0,
    0x0, 0x0, 0xb, 0x30, 0x0, 0x0, 0x0, 0x0,
    0xb, 0x30, 0x0, 0x0, 0x0, 0x0, 0xb, 0x30,
    0x0, 0x0, 0x0, 0x0, 0xb, 0x30, 0x0, 0x0,

    /* U+4E2D "中" */
    0x0, 0x0, 0xc2, 0x0, 0x0, 0x0, 0x0, 0xc2,
    0x0, 0x0, 0xdd, 0xdd, 0xfe, 0xdd, 0xe4, 0xe0,
    0x0, 0xc2, 0x0, 0xa4, 0xe0, 0x0, 0xc2, 0x0,
    0xa4, 0xe0, 0x0, 0xc2, 0x0, 0xa4, 0xee, 0xee,
    0xfe, 0xee, 0xf4, 0xa0, 0x0, 0xc2, 0x0, 0x73,
    0x0, 0x0, 0xc2, 0x0, 0x0, 0x0, 0x0, 0xc2,
    0x0, 0x0, 0x0, 0x0, 0xc2, 0x0, 0x0,

    /* U+4E30 "丰" */
    0x0, 0x0, 0x4, 0xa0, 0x0, 0x0, 0x1, 0x11,
    0x15, 0xb1, 0x11, 0x10, 0x8, 0xcc, 0xcd, 0xec,
    0xcc, 0xc1, 0x0, 0x0, 0x4, 0xa0, 0x0, 0x0,
    0x1, 0xdd, 0xde, 0xfd, 0xdd, 0x80, 0x0, 0x0,
    0x4, 0xa0, 0x0, 0x0, 0x0, 0x0, 0x4, 0xa0,
    0x0, 0x0, 0x2e, 0xee, 0xee, 0xfe, 0xee, 0xe8,
    0x0, 0x0, 0x4, 0xa0, 0x0, 0x0, 0x0, 0x0,
    0x4, 0xa0, 0x0, 0x0, 0x0, 0x0, 0x4, 0xa0,
    0x0, 0x0,

    /* U+4E32 "串" */
    0x0, 0x0, 0xd1, 0x0, 0x0, 0x5c, 0xcc, 0xfd,
    0xcc, 0xc0, 0x76, 0x0, 0xd1, 0x0, 0xe1, 0x7a,
    0x66, 0xe7, 0x66, 0xe1, 0x26, 0x66, 0xe7, 0x66,
    0x60, 0x9a, 0xaa, 0xfa, 0xaa, 0xa6, 0xe2, 0x22,
    0xe4, 0x22, 0x79, 0xe0, 0x0, 0xd1, 0x0, 0x59,
    0xec, 0xcc, 0xfd, 0xcc, 0xe9, 0x30, 0x0, 0xd1,
    0x0, 0x12, 0x0, 0x0, 0xd1, 0x0, 0x0,

    /* U+4E34 "临" */
    0x0, 0x0, 0x1, 0x0, 0x0, 0x0, 0xe, 0x0,
    0xd2, 0x0, 0x0, 0xb0, 0xe0, 0x4f, 0xdd, 0xdd,
    0x5d, 0xe, 0xc, 0x34, 0x10, 0x0, 0xd0, 0xe8,
    0x90, 0x4c, 0x10, 0xd, 0xe, 0x20, 0x0, 0x35,
    0x0, 0xd0, 0xe0, 0xab, 0xbb, 0xbb, 0xd, 0xe,
    0xe, 0x13, 0xc1, 0xe0, 0xd0, 0xe0, 0xd0, 0x1b,
    0xe, 0xd, 0xe, 0xd, 0x1, 0xb0, 0xe0, 0x20,
    0xe0, 0xeb, 0xce, 0xbf, 0x0, 0xe, 0xe, 0x11,
    0x11, 0xe0, 0x0, 0x0, 0x10, 0x0, 0x0, 0x0,

    /* U+4E3A "为" */
    0x0, 0x71, 0xe, 0x0, 0x0, 0x0, 0x5, 0xa0,
    0xe0, 0x0, 0x0, 0x0, 0x6, 0xe, 0x0, 0x0,
    0x0, 0xde, 0xee, 0xfe, 0xee, 0xee, 0x0, 0x0,
    0x4a, 0x0, 0x1, 0xd0, 0x0, 0x8, 0x76, 0x10,
    0x2c, 0x0, 0x0, 0xd1, 0x5b, 0x3, 0xb0, 0x0,
    0x7a, 0x0, 0xa4, 0x4a, 0x0, 0x3e, 0x10, 0x0,
    0x6, 0x90, 0x5e, 0x30, 0x0, 0x0, 0x96, 0xb,
    0x20, 0x0, 0xe, 0xed, 0x10, 0x0, 0x0, 0x0,
    0x0, 0x0,

    /* U+4E3B "主" */
    0x0, 0x0, 0x1, 0x0, 0x0, 0x0, 0x0, 0x0,
    0x1d, 0x60, 0x0, 0x0, 0x0, 0x0, 0x1, 0xc5,
    0x0, 0x0, 0x7, 0xee, 0xee, 0xee, 0xee, 0xe0,
    0x0, 0x0, 0x4, 0xb0, 0x0, 0x0, 0x0, 0x0,
    0x4, 0xb0, 0x0, 0x0, 0x0, 0x0, 0x4, 0xb0,
    0x0, 0x0, 0x0, 0xdd, 0xde, 0xfd, 0xdd, 0x60,
    0x0, 0x0, 0x4, 0xb0, 0x0, 0x0, 0x0, 0x0,
    0x4, 0xb0, 0x0, 0x0, 0x1, 0x11, 0x15, 0xb1,
    0x11, 0x11, 0x1c, 0xcc, 0xcc, 0xcc, 0xcc, 0xc7,

    /* U+4E3E "举" */
    0x0, 0x0, 0x1, 0x0, 0x0, 0x0, 0x0, 0x93,
    0xb, 0x40, 0x1d, 0x10, 0x0, 0x2d, 0x2, 0x90,
    0xa6, 0x0, 0x1d, 0xde, 0xdd, 0xdd, 0xfd, 0xd7,
    0x0, 0xa, 0x50, 0x0, 0xb4, 0x0, 0x1, 0xa8,
    0x3, 0xa0, 0x1d, 0x60, 0x2e, 0x6c, 0xcd, 0xec,
    0xc7, 0xa9, 0x1, 0x0, 0x4, 0xa0, 0x0, 0x0,
    0x0, 0x0, 0x4, 0xa0, 0x0, 0x0, 0x8, 0xdd,
    0xdd, 0xfd, 0xdd, 0xd2, 0x0, 0x0, 0x3, 0xa0,
    0x0, 0x0, 0x0, 0x0, 0x3, 0xa0, 0x0, 0x0,

    /* U+4E45 "久" */
    0x0, 0x2, 0xb0, 0x0, 0x0, 0x0, 0x0, 0x9,
    0x80, 0x0, 0x0, 0x0, 0x0, 0x1f, 0xee, 0xef,
    0x10, 0x0, 0x0, 0x98, 0x0, 0x3c, 0x0, 0x0,
    0x5, 0xd0, 0x0, 0x96, 0x0, 0x0, 0x4e, 0x20,
    0x1, 0xf3, 0x0, 0x0, 0x13, 0x0, 0xb, 0xba,
    0x0, 0x0, 0x0, 0x0, 0x8b, 0xa, 0x40, 0x0,
    0x0, 0x9, 0xc1, 0x1, 0xd3, 0x0, 0x3, 0xca,
    0x10, 0x0, 0x4e, 0x50, 0x2e, 0x50, 0x0, 0x0,
    0x3, 0xc5, 0x0, 0x0, 0x0, 0x0, 0x0, 0x0,

    /* U+4E48 "么" */
    0x0, 0x0, 0x1c, 0x0, 0x0, 0x0, 0x0, 0x0,
    0xa6, 0x0, 0x0, 0x0, 0x0, 0x8, 0x90, 0x2,
    0x40, 0x0, 0x0, 0x8b, 0x0, 0xd, 0x50, 0x0,
    0xa, 0xa0, 0x0, 0xa8, 0x0, 0x0, 0x7, 0x0,
    0x8, 0xb0, 0x0, 0x0, 0x0, 0x0, 0x6c, 0x2,
    0xa0, 0x0, 0x0, 0x6, 0xc0, 0x0, 0x98, 0x0,
    0x0, 0x7c, 0x0, 0x12, 0x4e, 0x30, 0x8, 0xfd,
    0xee, 0xdb, 0xa9, 0xd0, 0x2, 0x21, 0x0, 0x0,
    0x0, 0x81,

    /* U+4E49 "义" */
    0x0, 0x0, 0x0, 0x0, 0x0, 0x0, 0x0, 0x0,
    0xc, 0x10, 0x1, 0x0, 0x1, 0x70, 0x7, 0x70,
    0xc, 0x30, 0x0, 0xc2, 0x1, 0xc0, 0x3c, 0x0,
    0x0, 0x5a, 0x0, 0x0, 0xa5, 0x0, 0x0, 0xc,
    0x30, 0x4, 0xd0, 0x0, 0x0, 0x2, 0xd1, 0x1d,
    0x20, 0x0, 0x0, 0x0, 0x5c, 0xb6, 0x0, 0x0,
    0x0, 0x0, 0x1d, 0xe1, 0x0, 0x0, 0x0, 0x4,
    0xd6, 0x6e, 0x40, 0x0, 0x4, 0xbc, 0x20, 0x3,
    0xdb, 0x40, 0x4b, 0x30, 0x0, 0x0, 0x4, 0xc3,

    /* U+4E4B "之" */
    0x0, 0x0, 0x2, 0x0, 0x0, 0x0, 0x0, 0x0,
    0xb, 0x50, 0x0, 0x0, 0x0, 0x0, 0x2, 0xc0,
    0x0, 0x0, 0xb, 0xee, 0xee, 0xee, 0xee, 0x20,
    0x0, 0x0, 0x0, 0x0, 0x8b, 0x0, 0x0, 0x0,
    0x0, 0x5, 0xd1, 0x0, 0x0, 0x0, 0x0, 0x4d,
    0x10, 0x0, 0x0, 0x0, 0x5, 0xd2, 0x0, 0x0,
    0x0, 0x0, 0x8c, 0x10, 0x0, 0x0, 0x0, 0x5c,
    0x90, 0x0, 0x0, 0x0, 0xb, 0xac, 0x83, 0x11,
    0x12, 0x32, 0x29, 0x0, 0x6b, 0xcc, 0xcc, 0xb4,

    /* U+4E4E "乎" */
    0x0, 0x1, 0x23, 0x46, 0x9c, 0x30, 0x5, 0xcb,
    0xbb, 0xd6, 0x42, 0x0, 0x0, 0x80, 0x4, 0xb0,
    0x8, 0x40, 0x0, 0x86, 0x4, 0xb0, 0x1e, 0x0,
    0x0, 0x2d, 0x4, 0xb0, 0x87, 0x0, 0x3, 0x35,
    0x36, 0xc3, 0x53, 0x31, 0x1b, 0xbb, 0xbc, 0xeb,
    0xbb, 0xb6, 0x0, 0x0, 0x4, 0xb0, 0x0, 0x0,
    0x0, 0x0, 0x4, 0xb0, 0x0, 0x0, 0x0, 0x0,
    0x4, 0xb0, 0x0, 0x0, 0x0, 0xa, 0xed, 0x60,
    0x0, 0x0,

    /* U+4E50 "乐" */
    0x0, 0x0, 0x0, 0x13, 0x57, 0x40, 0x0, 0xad,
    0xdc, 0xba, 0x86, 0x20, 0x0, 0xd1, 0x0, 0x20,
    0x0, 0x0, 0x0, 0xd0, 0x0, 0xe0, 0x0, 0x0,
    0x0, 0xd0, 0x0, 0xe0, 0x0, 0x0, 0x4, 0xb0,
    0x0, 0xe0, 0x0, 0x0, 0x6, 0xed, 0xdd, 0xfd,
    0xdd, 0xd4, 0x0, 0x0, 0x0, 0xe0, 0x0, 0x0,
    0x0, 0x6a, 0x0, 0xe0, 0x2c, 0x0, 0x3, 0xd1,
    0x0, 0xe0, 0x5, 0xb0, 0x1d, 0x20, 0x0, 0xe0,
    0x0, 0x97, 0x1, 0x0, 0xbe, 0xa0, 0x0, 0x0,

    /* U+4E58 "乘" */
    0x0, 0x1, 0x12, 0x45, 0x89, 0x0, 0x4, 0xcb,
    0xbd, 0xb7, 0x52, 0x0, 0x0, 0x0, 0x7, 0x70,
    0x0, 0x0, 0x2c, 0xcc, 0xce, 0xec, 0xcc, 0xc2,
    0x0, 0x6, 0x38, 0x73, 0x60, 0x10, 0xa, 0xbe,
    0x37, 0x74, 0xcc, 0x70, 0x0, 0x9, 0x37, 0x74,
    0xb1, 0x0, 0x16, 0x9d, 0x4c, 0xc4, 0x90, 0x82,
    0x17, 0x47, 0xdd, 0xdb, 0xac, 0xa0, 0x0, 0x1b,
    0x67, 0x76, 0xb1, 0x0, 0x28, 0xc4, 0x7, 0x70,
    0x5c, 0x81, 0x25, 0x0, 0x7, 0x70, 0x0, 0x62,

    /* U+4E5D "九" */
    0x0, 0x0, 0xd1, 0x0, 0x0, 0x0, 0x0, 0x0,
    0xe1, 0x0, 0x0, 0x0, 0x0, 0x0, 0xe0, 0x0,
    0x0, 0x0, 0xd, 0xee, 0xfe, 0xee, 0xe0, 0x0,
    0x0, 0x0, 0xe0, 0x0, 0xe0, 0x0, 0x0, 0x2,
    0xc0, 0x0, 0xe0, 0x0, 0x0, 0x6, 0x90, 0x0,
    0xe0, 0x0, 0x0, 0xc, 0x40, 0x0, 0xe0, 0x0,
    0x0, 0x5c, 0x0, 0x0, 0xe0, 0x24, 0x4, 0xe2,
    0x0, 0x0, 0xe0, 0x49, 0x3d, 0x30, 0x0, 0x0,
    0xbe, 0xe4, 0x0, 0x0, 0x0, 0x0, 0x0, 0x0,

    /* U+4E5F "也" */
    0x0, 0x0, 0x0, 0xe0, 0x0, 0x0, 0x0, 0x3a,
    0x0, 0xe0, 0x0, 0x0, 0x0, 0x3a, 0x0, 0xe1,
    0x5a, 0x90, 0x0, 0x3a, 0x27, 0xfc, 0x86, 0xb0,
    0x3, 0x9f, 0xb6, 0xe0, 0x3, 0xa0, 0x3a, 0x8a,
    0x0, 0xe0, 0x4, 0x90, 0x0, 0x3a, 0x0, 0xe0,
    0x8, 0x60, 0x0, 0x3a, 0x0, 0xe2, 0xca, 0x0,
    0x0, 0x3a, 0x0, 0x60, 0x0, 0x49, 0x0, 0x2c,
    0x0, 0x0, 0x0, 0x87, 0x0, 0xa, 0xdd, 0xdd,
    0xdd, 0xc1,

    /* U+4E60 "习" */
    0x6d, 0xdd, 0xdd, 0xdd, 0xdc, 0x0, 0x0, 0x0,
    0x0, 0x2c, 0x0, 0xc7, 0x0, 0x0, 0x2b, 0x0,
    0x9, 0xb0, 0x0, 0x2b, 0x0, 0x0, 0x66, 0x0,
    0x3b, 0x0, 0x0, 0x2, 0x77, 0x3a, 0x0, 0x27,
    0xcc, 0x61, 0x4a, 0x5d, 0xd7, 0x20, 0x0, 0x58,
    0x22, 0x0, 0x0, 0x0, 0x86, 0x0, 0x0, 0x0,
    0xcd, 0xd1, 0x0, 0x0, 0x0, 0x0, 0x0,

    /* U+4E66 "书" */
    0x0, 0x0, 0xe, 0x0, 0x7, 0x0, 0x0, 0x0,
    0xe, 0x0, 0x5, 0xd3, 0x3, 0xdd, 0xdf, 0xdd,
    0xec, 0x22, 0x0, 0x0, 0xe, 0x0, 0xc, 0x0,
    0x0, 0x0, 0xe, 0x0, 0xc, 0x0, 0xd, 0xdd,
    0xdf, 0xdd, 0xdf, 0xd7, 0x0, 0x0, 0xe, 0x0,
    0x0, 0x77, 0x0, 0x0, 0xe, 0x0, 0x0, 0x95,
    0x0, 0x0, 0xe, 0x0, 0x0, 0xc2, 0x0, 0x0,
    0xe, 0x2, 0xdd, 0x80, 0x0, 0x0, 0xe, 0x0,
    0x0, 0x0,

    /* U+4E70 "买" */
    0x0, 0x0, 0x0, 0x0, 0x0, 0x0, 0x9, 0xdd,
    0xdd, 0xdd, 0xdd, 0xf0, 0x0, 0x0, 0x0, 0x0,
    0x5, 0xa0, 0x0, 0x1c, 0x50, 0xb1, 0xc, 0x30,
    0x0, 0x1, 0xa4, 0xd0, 0x3, 0x0, 0x5, 0xc6,
    0x0, 0xe0, 0x0, 0x0, 0x0, 0x7, 0x0, 0xd0,
    0x0, 0x0, 0x2d, 0xdd, 0xdd, 0xfd, 0xdd, 0xd3,
    0x0, 0x0, 0xb, 0x51, 0x0, 0x0, 0x0, 0x0,
    0x99, 0x4d, 0x71, 0x0, 0x3, 0x7d, 0x70, 0x0,
    0x6d, 0x60, 0x1a, 0x51, 0x0, 0x0, 0x1, 0x70,

    /* U+4E71 "乱" */
    0x0, 0x0, 0x0, 0x0, 0x0, 0x0, 0x2, 0x47,
    0xad, 0x48, 0x50, 0x0, 0x9, 0x7c, 0x50, 0x8,
    0x50, 0x0, 0x0, 0x9, 0x40, 0x8, 0x50, 0x0,
    0x4c, 0xce, 0xdc, 0xb8, 0x50, 0x0, 0x0, 0x9,
    0x40, 0x8, 0x50, 0x0, 0x0, 0x9, 0x40, 0x8,
    0x50, 0x0, 0xa, 0xde, 0xdd, 0x68, 0x50, 0x0,
    0xb, 0x10, 0x7, 0x68, 0x50, 0x1, 0xb, 0x10,
    0x7, 0x68, 0x50, 0x2a, 0xb, 0xdc, 0xce, 0x68,
    0x60, 0x48, 0xb, 0x10, 0x6, 0x54, 0xdd, 0xd3,

    /* U+4E86 "了" */
    0x0, 0x0, 0x0, 0x0, 0x0, 0x8e, 0xee, 0xee,
    0xee, 0xfa, 0x0, 0x0, 0x0, 0x9, 0xb0, 0x0,
    0x0, 0x3, 0xc8, 0x0, 0x0, 0x0, 0x2e, 0x30,
    0x0, 0x0, 0x0, 0x3b, 0x0, 0x0, 0x0, 0x0,
    0x3b, 0x0, 0x0, 0x0, 0x0, 0x3b, 0x0, 0x0,
    0x0, 0x0, 0x3b, 0x0, 0x0, 0x0, 0x0, 0x3b,
    0x0, 0x0, 0x0, 0x8e, 0xe7, 0x0, 0x0,

    /* U+4E88 "予" */
    0x0, 0x0, 0x0, 0x0, 0x0, 0x0, 0x0, 0xdd,
    0xdd, 0xdd, 0xee, 0x10, 0x0, 0x0, 0x20, 0x4,
    0xe4, 0x0, 0x0, 0x2, 0xdb, 0x8d, 0x20, 0x0,
    0x0, 0x0, 0x5, 0xdb, 0x20, 0x0, 0x1d, 0xdd,
    0xdd, 0xdf, 0xed, 0xd5, 0x0, 0x0, 0x3, 0xc0,
    0x3, 0xe1, 0x0, 0x0, 0x2, 0xc0, 0xc, 0x50,
    0x0, 0x0, 0x2, 0xc0, 0x4, 0x0, 0x0, 0x0,
    0x2, 0xc0, 0x0, 0x0, 0x0, 0x0, 0x2, 0xc0,
    0x0, 0x0, 0x0, 0x2, 0xdd, 0x70, 0x0, 0x0,

    /* U+4E89 "争" */
    0x0, 0x0, 0x0, 0x0, 0x0, 0x0, 0x0, 0x2,
    0xd1, 0x0, 0x0, 0x0, 0x0, 0xc, 0xcc, 0xce,
    0xb0, 0x0, 0x2, 0xd5, 0x0, 0x2d, 0x10, 0x0,
    0x9, 0xcc, 0xce, 0xed, 0xce, 0x10, 0x0, 0x0,
    0x7, 0x70, 0xc, 0x10, 0x3c, 0xcc, 0xce, 0xec,
    0xcf, 0xd9, 0x0, 0x0, 0x7, 0x70, 0xc, 0x10,
    0x3, 0xcc, 0xce, 0xec, 0xcf, 0x10, 0x0, 0x0,
    0x7, 0x70, 0x0, 0x0, 0x0, 0x0, 0x7, 0x70,
    0x0, 0x0, 0x0, 0x7, 0xdd, 0x30, 0x0, 0x0,

    /* U+4E8B "事" */
    0x1, 0x11, 0x17, 0x91, 0x11, 0x10, 0xa, 0xaa,
    0xac, 0xda, 0xaa, 0xa4, 0x0, 0x9a, 0xac, 0xda,
    0xaa, 0x20, 0x0, 0xe2, 0x28, 0x92, 0x2c, 0x30,
    0x0, 0x67, 0x7a, 0xb7, 0x77, 0x10, 0x2, 0xaa,
    0xac, 0xda, 0xaa, 0x40, 0x3, 0x33, 0x38, 0xa3,
    0x3a, 0x82, 0x16, 0x66, 0x6a, 0xb6, 0x6b, 0xa4,
    0x4, 0xbb, 0xbd, 0xdb, 0xbd, 0x60, 0x0, 0x0,
    0x6, 0x80, 0x5, 0x40, 0x0, 0x2, 0xbd, 0x40,
    0x0, 0x0,

    /* U+4E8C "二" */
    0x0, 0x22, 0x22, 0x22, 0x22, 0x10, 0x1, 0xdd,
    0xdd, 0xdd, 0xdd, 0x70, 0x0, 0x0, 0x0, 0x0,
    0x0, 0x0, 0x0, 0x0, 0x0, 0x0, 0x0, 0x0,
    0x0, 0x0, 0x0, 0x0, 0x0, 0x0, 0x0, 0x0,
    0x0, 0x0, 0x0, 0x0, 0x0, 0x0, 0x0, 0x0,
    0x0, 0x0, 0x0, 0x0, 0x0, 0x0, 0x0, 0x0,
    0x1f, 0xff, 0xff, 0xff, 0xff, 0xf8,

    /* U+4E8E "于" */
    0x0, 0x0, 0x0, 0x0, 0x0, 0x0, 0x4, 0xee,
    0xee, 0xfe, 0xee, 0xa0, 0x0, 0x0, 0x2, 0xc0,
    0x0, 0x0, 0x0, 0x0, 0x2, 0xc0, 0x0, 0x0,
    0x1, 0x11, 0x13, 0xd1, 0x11, 0x10, 0x1d, 0xdd,
    0xdd, 0xfd, 0xdd, 0xd7, 0x0, 0x0, 0x2, 0xc0,
    0x0, 0x0, 0x0, 0x0, 0x2, 0xc0, 0x0, 0x0,
    0x0, 0x0, 0x2, 0xc0, 0x0, 0x0, 0x0, 0x0,
    0x2, 0xc0, 0x0, 0x0, 0x0, 0x7, 0xee, 0x70,
    0x0, 0x0,

    /* U+4E8F "亏" */
    0x8, 0xdd, 0xdd, 0xdd, 0xdd, 0x20, 0x0, 0x0,
    0x0, 0x0, 0x0, 0x0, 0x0, 0x0, 0x0, 0x0,
    0x0, 0x0, 0x6b, 0xbb, 0xbb, 0xbb, 0xbb, 0xb1,
    0x1, 0x1d, 0x41, 0x11, 0x11, 0x10, 0x0, 0xe,
    0x0, 0x0, 0x0, 0x0, 0x0, 0x4f, 0xbb, 0xbb,
    0xb8, 0x0, 0x0, 0x1, 0x11, 0x11, 0x5a, 0x0,
    0x0, 0x0, 0x0, 0x0, 0x68, 0x0, 0x0, 0x0,
    0x0, 0x0, 0x95, 0x0, 0x0, 0x0, 0x9, 0xcc,
    0xc0, 0x0, 0x0, 0x0, 0x0, 0x0, 0x0, 0x0,

    /* U+4E91 "云" */
    0x0, 0xbe, 0xee, 0xee, 0xee, 0x40, 0x0, 0x0,
    0x0, 0x0, 0x0, 0x0, 0x0, 0x0, 0x0, 0x0,
    0x0, 0x0, 0x1e, 0xee, 0xee, 0xee, 0xee, 0xe8,
    0x0, 0x0, 0xa9, 0x0, 0x0, 0x0, 0x0, 0x3,
    0xe1, 0x1, 0xb0, 0x0, 0x0, 0xc, 0x50, 0x0,
    0xa8, 0x0, 0x0, 0x89, 0x0, 0x12, 0x5f, 0x30,
    0x4, 0xfe, 0xee, 0xcb, 0xa9, 0xc0, 0x0, 0x31,
    0x0, 0x0, 0x0, 0x81,

    /* U+4E92 "互" */
    0xa, 0xde, 0xfd, 0xdd, 0xdd, 0xd3, 0x0, 0x4,
    0xb0, 0x0, 0x0, 0x0, 0x0, 0x6, 0x80, 0x0,
    0x0, 0x0, 0x0, 0x9, 0xec, 0xcc, 0xc5, 0x0,
    0x0, 0xc, 0x40, 0x0, 0x95, 0x0, 0x0, 0xe,
    0x0, 0x0, 0xa4, 0x0, 0x0, 0x2d, 0x0, 0x0,
    0xc2, 0x0, 0x0, 0x4d, 0xdd, 0xdd, 0xf0, 0x0,
    0x0, 0x0, 0x0, 0x0, 0xd0, 0x0, 0x2, 0x22,
    0x22, 0x24, 0xc2, 0x21, 0x1b, 0xbb, 0xbb, 0xbb,
    0xbb, 0xb7,

    /* U+4E94 "五" */
    0x4, 0xee, 0xee, 0xee, 0xee, 0xa0, 0x0, 0x0,
    0xf, 0x0, 0x0, 0x0, 0x0, 0x0, 0x1d, 0x0,
    0x0, 0x0, 0x0, 0x22, 0x5c, 0x22, 0x31, 0x0,
    0x0, 0x7a, 0xdd, 0xaa, 0xd8, 0x0, 0x0, 0x0,
    0x95, 0x0, 0x86, 0x0, 0x0, 0x0, 0xc2, 0x0,
    0x95, 0x0, 0x0, 0x0, 0xe0, 0x0, 0xb3, 0x0,
    0x1c, 0xcd, 0xfc, 0xcc, 0xfd, 0xc7, 0x1, 0x11,
    0x11, 0x11, 0x11, 0x10,

    /* U+4E95 "井" */
    0x0, 0x5, 0x80, 0x1, 0xd0, 0x0, 0x0, 0x5,
    0x80, 0x1, 0xd0, 0x0, 0x8, 0xce, 0xec, 0xcd,
    0xfc, 0xc2, 0x0, 0x16, 0x91, 0x12, 0xd1, 0x10,
    0x0, 0x5, 0x80, 0x1, 0xd0, 0x0, 0x0, 0x6,
    0x80, 0x1, 0xd0, 0x0, 0x1e, 0xef, 0xfe, 0xee,
    0xfe, 0xe7, 0x0, 0xc, 0x30, 0x1, 0xd0, 0x0,
    0x0, 0x2d, 0x0, 0x1, 0xd0, 0x0, 0x0, 0xc6,
    0x0, 0x1, 0xd0, 0x0, 0xa, 0x80, 0x0, 0x1,
    0xd0, 0x0, 0x0, 0x0, 0x0, 0x0, 0x0, 0x0,

    /* U+4E9B "些" */
    0x0, 0xa, 0x20, 0x58, 0x0, 0x0, 0x6, 0x3a,
    0x20, 0x58, 0x17, 0xa0, 0x8, 0x4a, 0xdc, 0x5e,
    0xc7, 0x10, 0x8, 0x4a, 0x20, 0x59, 0x0, 0x12,
    0x8, 0x4a, 0x21, 0x59, 0x0, 0x49, 0x2c, 0xde,
    0xdb, 0x3e, 0xdd, 0xe4, 0x14, 0x20, 0x0, 0x0,
    0x0, 0x0, 0x0, 0xbd, 0xdd, 0xdd, 0xdd, 0x40,
    0x0, 0x0, 0x0, 0x0, 0x0, 0x0, 0x0, 0x0,
    0x0, 0x0, 0x0, 0x0, 0x1e, 0xee, 0xee, 0xee,
    0xee, 0xe8,

    /* U+4EA4 "交" */
    0x0, 0x0, 0xb, 0x20, 0x0, 0x0, 0x2, 0x22,
    0x28, 0xa2, 0x22, 0x20, 0x2a, 0xaa, 0xaa, 0xaa,
    0xaa, 0xa1, 0x0, 0x9, 0x50, 0x4, 0xa0, 0x0,
    0x0, 0xa9, 0x0, 0x0, 0x6d, 0x20, 0xd, 0x74,
    0x50, 0x5, 0x64, 0xd0, 0x0, 0x1, 0xd0, 0xd,
    0x20, 0x10, 0x0, 0x0, 0x5b, 0xa7, 0x0, 0x0,
    0x0, 0x0, 0x2e, 0xe2, 0x0, 0x0, 0x0, 0x28,
    0xd5, 0x4d, 0x93, 0x0, 0x2d, 0xb6, 0x0, 0x0,
    0x6a, 0xe3, 0x1, 0x0, 0x0, 0x0, 0x0, 0x0,

    /* U+4EA7 "产" */
    0x0, 0x0, 0x2, 0x0, 0x0, 0x0, 0x0, 0x0,
    0x7, 0x90, 0x0, 0x0, 0x8, 0xdd, 0xde, 0xfd,
    0xdd, 0xc0, 0x0, 0x7, 0x40, 0x0, 0xa1, 0x0,
    0x0, 0x2, 0xc0, 0x4, 0xb0, 0x0, 0x5, 0xcc,
    0xdc, 0xce, 0xdc, 0xc1, 0x6, 0x81, 0x11, 0x11,
    0x11, 0x10, 0x7, 0x70, 0x0, 0x0, 0x0, 0x0,
    0x8, 0x50, 0x0, 0x0, 0x0, 0x0, 0xb, 0x30,
    0x0, 0x0, 0x0, 0x0, 0x1e, 0x0, 0x0, 0x0,
    0x0, 0x0, 0x35, 0x0, 0x0, 0x0, 0x0, 0x0,

    /* U+4EAB "享" */
    0x0, 0x0, 0x2, 0x20, 0x0, 0x0, 0x3, 0x33,
    0x38, 0xb3, 0x33, 0x31, 0x8, 0x88, 0x88, 0x88,
    0x88, 0x83, 0x0, 0x5a, 0xaa, 0xaa, 0xaa, 0x0,
    0x0, 0x76, 0x0, 0x0, 0xe, 0x0, 0x0, 0x7d,
    0xbb, 0xbb, 0xbf, 0x0, 0x0, 0x12, 0x22, 0x22,
    0x22, 0x0, 0x0, 0x99, 0x99, 0xac, 0xfc, 0x10,
    0x0, 0x0, 0x3, 0xc7, 0x20, 0x0, 0x1c, 0xcc,
    0xcd, 0xec, 0xcc, 0xc7, 0x0, 0x0, 0x4, 0xa0,
    0x0, 0x0, 0x0, 0x3, 0xbc, 0x70, 0x0, 0x0,

    /* U+4EAE "亮" */
    0x0, 0x0, 0x2, 0x0, 0x0, 0x0, 0x1, 0x11,
    0x19, 0x71, 0x11, 0x10, 0x4a, 0xaa, 0xaa, 0xaa,
    0xaa, 0xa0, 0x0, 0x6a, 0xaa, 0xaa, 0xa5, 0x0,
    0x0, 0xa4, 0x0, 0x0, 0x68, 0x0, 0x0, 0x8b,
    0xaa, 0xaa, 0xb6, 0x0, 0x16, 0x66, 0x66, 0x66,
    0x66, 0x50, 0x3c, 0x44, 0x44, 0x44, 0x44, 0xd0,
    0x26, 0x5, 0xdc, 0xcd, 0x30, 0x70, 0x0, 0x9,
    0x50, 0xb, 0x30, 0x10, 0x0, 0x4d, 0x10, 0xb,
    0x30, 0xc0, 0x2c, 0xb2, 0x0, 0x7, 0xdc, 0xa0,
    0x1, 0x0, 0x0, 0x0, 0x0, 0x0,

    /* U+4EB2 "亲" */
    0x0, 0x0, 0x2, 0x0, 0x0, 0x0, 0x0, 0x0,
    0xb, 0x40, 0x0, 0x0, 0x5, 0xcc, 0xcd, 0xec,
    0xcc, 0x70, 0x0, 0xa, 0x0, 0x1, 0xa0, 0x0,
    0x0, 0x7, 0x70, 0x8, 0x60, 0x0, 0x1c, 0xcd,
    0xec, 0xcf, 0xdc, 0xc2, 0x0, 0x0, 0x6, 0x70,
    0x0, 0x0, 0xb, 0xcc, 0xce, 0xec, 0xcc, 0xc0,
    0x0, 0x5, 0x6, 0x70, 0x50, 0x0, 0x0, 0x79,
    0x6, 0x70, 0xb7, 0x0, 0x6, 0xc0, 0x7, 0x70,
    0xc, 0x50, 0x4, 0x10, 0xcd, 0x40, 0x2, 0x20,

    /* U+4EBA "人" */
    0x0, 0x0, 0xb, 0x30, 0x0, 0x0, 0x0, 0x0,
    0xc, 0x30, 0x0, 0x0, 0x0, 0x0, 0xe, 0x40,
    0x0, 0x0, 0x0, 0x0, 0x1f, 0x80, 0x0, 0x0,
    0x0, 0x0, 0x4d, 0xd0, 0x0, 0x0, 0x0, 0x0,
    0x96, 0xc2, 0x0, 0x0, 0x0, 0x1, 0xe1, 0x6b,
    0x0, 0x0, 0x0, 0x9, 0x80, 0xd, 0x40, 0x0,
    0x0, 0x7c, 0x0, 0x3, 0xd2, 0x0, 0x8, 0xd1,
    0x0, 0x0, 0x5e, 0x50, 0x59, 0x0, 0x0, 0x0,
    0x2, 0xb1,

    /* U+4EC0 "什" */
    0x0, 0x0, 0x0, 0x0, 0x0, 0x0, 0x0, 0xd,
    0x0, 0xd, 0x10, 0x0, 0x0, 0x69, 0x0, 0xd,
    0x10, 0x0, 0x0, 0xe1, 0x0, 0xd, 0x10, 0x0,
    0xa, 0xf0, 0x0, 0xd, 0x10, 0x0, 0x6c, 0xe3,
    0xdd, 0xdf, 0xed, 0xd4, 0x41, 0xd0, 0x0, 0xd,
    0x10, 0x0, 0x0, 0xd0, 0x0, 0xd, 0x10, 0x0,
    0x0, 0xd0, 0x0, 0xd, 0x10, 0x0, 0x0, 0xd0,
    0x0, 0xd, 0x10, 0x0, 0x0, 0xd0, 0x0, 0xd,
    0x10, 0x0, 0x0, 0xd0, 0x0, 0xd, 0x10, 0x0,
    0x0, 0x0, 0x0, 0x0, 0x0, 0x0,

    /* U+4EC5 "仅" */
    0x0, 0x0, 0x0, 0x0, 0x0, 0x0, 0x0, 0xd,
    0x10, 0x0, 0x0, 0x0, 0x0, 0x6a, 0xad, 0xdd,
    0xdd, 0x90, 0x0, 0xe2, 0x2a, 0x0, 0x5, 0x70,
    0xb, 0xf0, 0xd, 0x0, 0xa, 0x30, 0x8c, 0xe0,
    0x9, 0x40, 0xe, 0x0, 0x51, 0xe0, 0x3, 0xb0,
    0x77, 0x0, 0x0, 0xe0, 0x0, 0xa6, 0xd0, 0x0,
    0x0, 0xe0, 0x0, 0x2f, 0x50, 0x0, 0x0, 0xe0,
    0x0, 0xbb, 0xc1, 0x0, 0x0, 0xe0, 0x4d, 0x70,
    0x6d, 0x50, 0x0, 0xe4, 0xb3, 0x0, 0x2, 0xb3,
    0x0, 0x0, 0x0, 0x0, 0x0, 0x0,

    /* U+4ECA "今" */
    0x0, 0x0, 0x7, 0x80, 0x0, 0x0, 0x0, 0x0,
    0x5d, 0xc5, 0x0, 0x0, 0x0, 0x7, 0xc1, 0xb,
    0x70, 0x0, 0x3, 0xcb, 0x28, 0x0, 0xad, 0x30,
    0x4e, 0x60, 0x7, 0xc1, 0x4, 0xe4, 0x1, 0x0,
    0x0, 0x54, 0x0, 0x0, 0x0, 0xee, 0xee, 0xee,
    0xff, 0x10, 0x0, 0x0, 0x0, 0x0, 0xc5, 0x0,
    0x0, 0x0, 0x0, 0x9, 0x90, 0x0, 0x0, 0x0,
    0x0, 0x6c, 0x0, 0x0, 0x0, 0x0, 0x2, 0xe1,
    0x0, 0x0, 0x0, 0x0, 0x0, 0x0, 0x0, 0x0,

    /* U+4ECB "介" */
    0x0, 0x0, 0x0, 0x0, 0x0, 0x0, 0x0, 0x0,
    0x8, 0x80, 0x0, 0x0, 0x0, 0x0, 0x6b, 0xc4,
    0x0, 0x0, 0x0, 0x8, 0xa0, 0x1c, 0x70, 0x0,
    0x4, 0xd9, 0x0, 0x0, 0xad, 0x50, 0x9b, 0x24,
    0x0, 0x0, 0x42, 0xa7, 0x0, 0xd, 0x10, 0x2,
    0xc0, 0x0, 0x0, 0xe, 0x0, 0x2, 0xc0, 0x0,
    0x0, 0xe, 0x0, 0x2, 0xc0, 0x0, 0x0, 0x6a,
    0x0, 0x2, 0xc0, 0x0, 0x4, 0xe2, 0x0, 0x2,
    0xc0, 0x0, 0x1c, 0x30, 0x0, 0x2, 0xc0, 0x0,

    /* U+4ECD "仍" */
    0x0, 0x27, 0x0, 0x0, 0x0, 0x0, 0x0, 0x95,
    0xce, 0xed, 0xdb, 0x0, 0x1, 0xe0, 0x8, 0x50,
    0x57, 0x0, 0xa, 0xd0, 0x9, 0x50, 0x84, 0x0,
    0x4c, 0xd0, 0xa, 0x40, 0xcd, 0xd3, 0x12, 0xd0,
    0xc, 0x20, 0x0, 0xa3, 0x0, 0xd0, 0xe, 0x0,
    0x0, 0xb2, 0x0, 0xd0, 0x3b, 0x0, 0x0, 0xc1,
    0x0, 0xd0, 0x86, 0x0, 0x0, 0xe0, 0x0, 0xd2,
    0xd1, 0x0, 0x1, 0xd0, 0x0, 0xd9, 0x50, 0x5,
    0xde, 0x60, 0x0, 0x10, 0x0, 0x0, 0x0, 0x0,

    /* U+4ECE "从" */
    0x0, 0x0, 0x0, 0x0, 0x0, 0x0, 0x0, 0xe,
    0x10, 0x3, 0xc0, 0x0, 0x0, 0xf, 0x0, 0x4,
    0xa0, 0x0, 0x0, 0xe, 0x0, 0x6, 0x80, 0x0,
    0x0, 0x2d, 0x0, 0x8, 0x70, 0x0, 0x0, 0x4f,
    0x50, 0xb, 0x90, 0x0, 0x0, 0x79, 0xd2, 0xe,
    0xe0, 0x0, 0x0, 0xb3, 0x4b, 0x3c, 0xa4, 0x0,
    0x0, 0xe0, 0x8, 0xb6, 0x3b, 0x0, 0x7, 0xa0,
    0x3, 0xe0, 0xc, 0x50, 0x2e, 0x10, 0x1e, 0x40,
    0x1, 0xd4, 0x25, 0x0, 0x26, 0x0, 0x0, 0x31,

    /* U+4ED3 "仓" */
    0x0, 0x0, 0x0, 0x0, 0x0, 0x0, 0x0, 0x0,
    0x6, 0xc0, 0x0, 0x0, 0x0, 0x0, 0x3c, 0x99,
    0x0, 0x0, 0x0, 0x5, 0xc1, 0x8, 0xa0, 0x0,
    0x2, 0xbc, 0x10, 0x0, 0x6d, 0x50, 0x2e, 0x9e,
    0xdd, 0xdd, 0xd5, 0xb7, 0x1, 0x1d, 0x0, 0x0,
    0xa3, 0x0, 0x0, 0x1d, 0x0, 0x0, 0xc2, 0x0,
    0x0, 0x1d, 0x0, 0x9c, 0xc0, 0x0, 0x0, 0x1d,
    0x0, 0x0, 0x6, 0x70, 0x0, 0xe, 0x0, 0x0,
    0xa, 0x50, 0x0, 0xa, 0xed, 0xdd, 0xec, 0x0,

    /* U+4ED4 "仔" */
    0x0, 0xa, 0x0, 0x0, 0x0, 0x0, 0x0, 0x69,
    0x6d, 0xdd, 0xde, 0xc0, 0x0, 0xd2, 0x0, 0x0,
    0x7c, 0x10, 0x9, 0xd0, 0x0, 0xb, 0x80, 0x0,
    0x4d, 0xd0, 0x0, 0xe, 0x0, 0x0, 0x12, 0xd3,
    0xdd, 0xdf, 0xdd, 0xd5, 0x0, 0xd0, 0x0, 0xe,
    0x0, 0x0, 0x0, 0xd0, 0x0, 0xe, 0x0, 0x0,
    0x0, 0xd0, 0x0, 0xe, 0x0, 0x0, 0x0, 0xd0,
    0x0, 0xe, 0x0, 0x0, 0x0, 0xd0, 0xb, 0xda,
    0x0, 0x0,

    /* U+4ED6 "他" */
    0x0, 0xb, 0x0, 0xb, 0x20, 0x0, 0x0, 0x69,
    0x9, 0xb, 0x20, 0x0, 0x0, 0xd1, 0xd, 0xb,
    0x35, 0xb0, 0xa, 0xe0, 0xd, 0x3d, 0xd8, 0xd1,
    0x6c, 0xe1, 0x6f, 0xad, 0x20, 0xc1, 0x41, 0xe5,
    0x7d, 0xb, 0x20, 0xc0, 0x0, 0xe0, 0xd, 0xb,
    0x20, 0xd0, 0x0, 0xe0, 0xd, 0xb, 0x5c, 0x70,
    0x0, 0xe0, 0xd, 0x3, 0x0, 0x24, 0x0, 0xe0,
    0xe, 0x0, 0x0, 0x68, 0x0, 0xe0, 0x9, 0xdd,
    0xdd, 0xe2, 0x0, 0x20, 0x0, 0x0, 0x0, 0x0,

    /* U+4ED8 "付" */
    0x0, 0x0, 0x0, 0x0, 0x0, 0x0, 0x0, 0xd,
    0x10, 0x0, 0x1c, 0x0, 0x0, 0x5b, 0x0, 0x0,
    0x1c, 0x0, 0x0, 0xd4, 0x33, 0x33, 0x4d, 0x31,
    0x8, 0xf0, 0xbb, 0xbb, 0xbf, 0xb3, 0x5f, 0xf0,
    0x0, 0x0, 0x1c, 0x0, 0x54, 0xe0, 0xc, 0x0,
    0x1c, 0x0, 0x0, 0xe0, 0x7, 0x90, 0x1c, 0x0,
    0x0, 0xe0, 0x0, 0xd2, 0x1c, 0x0, 0x0, 0xe0,
    0x0, 0x0, 0x1c, 0x0, 0x0, 0xe0, 0x0, 0x0,
    0x2c, 0x0, 0x0, 0xd0, 0x0, 0x8d, 0xd8, 0x0,

    /* U+4ED9 "仙" */
    0x0, 0x0, 0x0, 0x0, 0x0, 0x0, 0x3, 0xb0,
    0x0, 0xe0, 0x0, 0x0, 0xa5, 0x0, 0xe, 0x0,
    0x0, 0x2e, 0x3, 0x0, 0xe0, 0x4, 0xc, 0xd0,
    0xd0, 0xe, 0x0, 0xe6, 0xcd, 0xd, 0x0, 0xe0,
    0xe, 0x21, 0xd0, 0xd0, 0xe, 0x0, 0xe0, 0xd,
    0xd, 0x0, 0xe0, 0xe, 0x0, 0xd0, 0xd0, 0xe,
    0x0, 0xe0, 0xd, 0xd, 0x0, 0xe0, 0xe, 0x0,
    0xd0, 0xdd, 0xdf, 0xdd, 0xf0, 0xd, 0x0, 0x0,
    0x0, 0xe,

    /* U+4EE3 "代" */
    0x0, 0x0, 0x0, 0x0, 0x0, 0x0, 0x0, 0xc,
    0x20, 0xa3, 0x66, 0x0, 0x0, 0x5b, 0x0, 0x94,
    0xa, 0x60, 0x0, 0xd3, 0x0, 0x85, 0x0, 0x40,
    0xa, 0xf1, 0x13, 0xab, 0x9c, 0xd1, 0x9b, 0xd5,
    0xca, 0xbb, 0x31, 0x0, 0x70, 0xd1, 0x0, 0x3b,
    0x0, 0x0, 0x0, 0xd1, 0x0, 0xd, 0x0, 0x0,
    0x0, 0xd1, 0x0, 0xc, 0x20, 0x0, 0x0, 0xd1,
    0x0, 0x7, 0x80, 0x64, 0x0, 0xd1, 0x0, 0x1,
    0xd5, 0xb2, 0x0, 0xc1, 0x0, 0x0, 0x3c, 0xb0,
    0x0, 0x0, 0x0, 0x0, 0x0, 0x0,

    /* U+4EE5 "以" */
    0x0, 0x0, 0x0, 0x0, 0x0, 0x0, 0x70, 0x2,
    0x0, 0xe, 0x0, 0x1d, 0x3, 0xd0, 0x0, 0xe0,
    0x1, 0xd0, 0x8, 0x80, 0x1d, 0x0, 0x1d, 0x0,
    0xa, 0x3, 0xb0, 0x1, 0xd0, 0x0, 0x0, 0x77,
    0x0, 0x1d, 0x0, 0x0, 0xc, 0x30, 0x1, 0xd0,
    0x26, 0x2, 0xe0, 0x0, 0x1e, 0xac, 0x50, 0xce,
    0x70, 0x8, 0xd5, 0x0, 0xa9, 0xc, 0x60, 0x10,
    0x4, 0xd9, 0x0, 0x1d, 0x30, 0x0, 0x43, 0x0,
    0x0, 0x31,

    /* U+4EEA "仪" */
    0x0, 0xc, 0x0, 0x25, 0x0, 0x30, 0x0, 0x78,
    0x67, 0xd, 0x11, 0xd0, 0x0, 0xe1, 0x2b, 0x6,
    0x75, 0x90, 0xa, 0xd0, 0xd, 0x0, 0x9, 0x50,
    0x7c, 0xd0, 0xa, 0x40, 0xd, 0x10, 0x41, 0xd0,
    0x4, 0xb0, 0x6a, 0x0, 0x0, 0xd0, 0x0, 0xb4,
    0xe2, 0x0, 0x0, 0xd0, 0x0, 0x3f, 0x80, 0x0,
    0x0, 0xd0, 0x0, 0x9d, 0xc1, 0x0, 0x0, 0xd0,
    0x3c, 0x80, 0x8d, 0x40, 0x0, 0xd6, 0xb3, 0x0,
    0x4, 0xc5, 0x0, 0x0, 0x0, 0x0, 0x0, 0x0,

    /* U+4EEC "们" */
    0x0, 0x12, 0x2, 0x0, 0x0, 0x0, 0x0, 0x67,
    0x1c, 0x1d, 0xdd, 0xf0, 0x0, 0xc3, 0x8, 0x50,
    0x0, 0xd0, 0x1, 0xe0, 0x81, 0x50, 0x0, 0xd0,
    0x9, 0xd0, 0xd0, 0x0, 0x0, 0xd0, 0x2e, 0xd0,
    0xd0, 0x0, 0x0, 0xd0, 0x15, 0xd0, 0xd0, 0x0,
    0x0, 0xd0, 0x0, 0xd0, 0xd0, 0x0, 0x0, 0xd0,
    0x0, 0xd0, 0xd0, 0x0, 0x0, 0xd0, 0x0, 0xd0,
    0xd0, 0x0, 0x0, 0xd0, 0x0, 0xd0, 0xd0, 0x0,
    0x0, 0xd0, 0x0, 0xd0, 0xd0, 0x0, 0x6d, 0xc0,

    /* U+4EF6 "件" */
    0x0, 0x0, 0x0, 0x0, 0x0, 0x0, 0x0, 0x1c,
    0x6, 0xe, 0x0, 0x0, 0x0, 0x86, 0x2b, 0xe,
    0x0, 0x0, 0x1, 0xd0, 0x6e, 0xdf, 0xdd, 0xa0,
    0xa, 0xd0, 0xc2, 0xe, 0x0, 0x0, 0x5b, 0xd2,
    0xa0, 0xe, 0x0, 0x0, 0x31, 0xd0, 0x0, 0xe,
    0x0, 0x0, 0x0, 0xd3, 0xdd, 0xdf, 0xdd, 0xd4,
    0x0, 0xd0, 0x0, 0xe, 0x0, 0x0, 0x0, 0xd0,
    0x0, 0xe, 0x0, 0x0, 0x0, 0xd0, 0x0, 0xe,
    0x0, 0x0, 0x0, 0xd0, 0x0, 0xe, 0x0, 0x0,

    /* U+4EF7 "价" */
    0x0, 0x0, 0x0, 0x0, 0x0, 0x0, 0x0, 0x1b,
    0x0, 0x68, 0x0, 0x0, 0x0, 0x77, 0x1, 0xdc,
    0x20, 0x0, 0x0, 0xe1, 0xa, 0x52, 0xc1, 0x0,
    0xa, 0xe0, 0x98, 0x0, 0x5d, 0x30, 0x5d, 0xea,
    0x74, 0x0, 0x44, 0xc0, 0x22, 0xe0, 0xe, 0x0,
    0xc1, 0x0, 0x0, 0xe0, 0xe, 0x0, 0xc1, 0x0,
    0x0, 0xe0, 0xe, 0x0, 0xc1, 0x0, 0x0, 0xe0,
    0x4b, 0x0, 0xc1, 0x0, 0x0, 0xe0, 0xb4, 0x0,
    0xc1, 0x0, 0x0, 0xe6, 0x90, 0x0, 0xc1, 0x0,
    0x0, 0x0, 0x0, 0x0, 0x0, 0x0,

    /* U+4EFB "任" */
    0x0, 0x0, 0x0, 0x0, 0x0, 0x0, 0x0, 0xd,
    0x10, 0x1, 0x48, 0x70, 0x0, 0x6a, 0x8b, 0xdf,
    0x95, 0x10, 0x1, 0xe2, 0x31, 0xe, 0x0, 0x0,
    0xb, 0xf0, 0x0, 0xe, 0x0, 0x0, 0x9b, 0xe0,
    0x0, 0xe, 0x0, 0x0, 0x50, 0xe6, 0xdd, 0xdf,
    0xdd, 0xd5, 0x0, 0xe0, 0x0, 0xe, 0x0, 0x0,
    0x0, 0xe0, 0x0, 0xe, 0x0, 0x0, 0x0, 0xe0,
    0x0, 0xe, 0x0, 0x0, 0x0, 0xe0, 0x22, 0x2e,
    0x22, 0x20, 0x0, 0xe0, 0xaa, 0xaa, 0xaa, 0xa2,

    /* U+4EFD "份" */
    0x0, 0x9, 0x0, 0x60, 0x51, 0x0, 0x0, 0x68,
    0x5, 0xa0, 0x67, 0x0, 0x0, 0xd2, 0xb, 0x40,
    0x1d, 0x0, 0x7, 0xe0, 0x5b, 0x0, 0x9, 0x80,
    0x3e, 0xe3, 0xf4, 0x22, 0x22, 0xd6, 0x34, 0xe2,
    0x6a, 0xec, 0xae, 0x53, 0x0, 0xe0, 0x0, 0xc1,
    0xa, 0x30, 0x0, 0xe0, 0x1, 0xd0, 0xb, 0x20,
    0x0, 0xe0, 0x7, 0x70, 0xd, 0x0, 0x0, 0xe0,
    0x4d, 0x0, 0xe, 0x0, 0x0, 0xe1, 0xc2, 0x9,
    0xd7, 0x0, 0x0, 0x0, 0x0, 0x0, 0x0, 0x0,

    /* U+4F11 "休" */
    0x0, 0x0, 0x0, 0x0, 0x0, 0x0, 0x0, 0xd,
    0x20, 0xd, 0x0, 0x0, 0x0, 0x6a, 0x0, 0xd,
    0x0, 0x0, 0x0, 0xe3, 0x0, 0xd, 0x0, 0x0,
    0xb, 0xf5, 0xdd, 0xff, 0xed, 0xd5, 0x8c, 0xe0,
    0x0, 0xcf, 0xb0, 0x0, 0x51, 0xe0, 0x5, 0xad,
    0xa4, 0x0, 0x0, 0xe0, 0xc, 0x2d, 0x2c, 0x0,
    0x0, 0xe0, 0x98, 0xd, 0x9, 0x80, 0x0, 0xe7,
    0xb0, 0xd, 0x0, 0xd5, 0x0, 0xe3, 0x0, 0xd,
    0x0, 0x11, 0x0, 0xe0, 0x0, 0xd, 0x0, 0x0,

    /* U+4F17 "众" */
    0x0, 0x0, 0x0, 0x0, 0x0, 0x0, 0x0, 0x0,
    0x7, 0x90, 0x0, 0x0, 0x0, 0x0, 0x4d, 0xc2,
    0x0, 0x0, 0x0, 0x5, 0xd1, 0x1c, 0x40, 0x0,
    0x2, 0xac, 0x10, 0x1, 0xba, 0x30, 0x2d, 0x58,
    0x10, 0x4, 0x54, 0xc3, 0x0, 0xe, 0x0, 0x8,
    0x60, 0x0, 0x0, 0x1f, 0x40, 0xb, 0x90, 0x0,
    0x0, 0x69, 0xc5, 0x1d, 0xd1, 0x0, 0x0, 0xd1,
    0x1b, 0x87, 0x5a, 0x0, 0x9, 0x80, 0x3, 0xd1,
    0xa, 0x90, 0x29, 0x0, 0xa, 0x20, 0x0, 0x81,

    /* U+4F18 "优" */
    0x0, 0x0, 0x0, 0x0, 0x0, 0x0, 0x0, 0x1d,
    0x0, 0xe0, 0x45, 0x0, 0x0, 0x78, 0x0, 0xe0,
    0xc, 0x40, 0x0, 0xd2, 0x0, 0xe0, 0x2, 0x60,
    0x8, 0xd6, 0xdd, 0xfd, 0xdd, 0xd7, 0x3f, 0xd0,
    0x0, 0xd0, 0x0, 0x0, 0x45, 0xd0, 0x2, 0xb6,
    0x80, 0x0, 0x0, 0xd0, 0x5, 0x86, 0x80, 0x0,
    0x0, 0xd0, 0x9, 0x46, 0x80, 0x0, 0x0, 0xd0,
    0x1c, 0x6, 0x80, 0x24, 0x0, 0xd0, 0xa5, 0x6,
    0x80, 0x48, 0x0, 0xd6, 0x60, 0x3, 0xed, 0xe3,

    /* U+4F19 "伙" */
    0x0, 0x0, 0x0, 0x0, 0x0, 0x0, 0x0, 0x1d,
    0x0, 0xe, 0x10, 0x0, 0x0, 0x78, 0x0, 0xe,
    0x10, 0x0, 0x1, 0xe1, 0x26, 0xe, 0x0, 0x83,
    0xb, 0xf0, 0x67, 0xe, 0x0, 0xe1, 0x6c, 0xe0,
    0xa4, 0xf, 0x4, 0xa0, 0x21, 0xe0, 0xd0, 0x2f,
    0x27, 0x30, 0x0, 0xe0, 0x0, 0x5f, 0x50, 0x0,
    0x0, 0xe0, 0x0, 0xc8, 0xc0, 0x0, 0x0, 0xe0,
    0x4, 0xe0, 0xa5, 0x0, 0x0, 0xe0, 0x4e, 0x30,
    0x2e, 0x70, 0x0, 0xe3, 0xc2, 0x0, 0x2, 0xa5,

    /* U+4F1A "会" */
    0x0, 0x0, 0x4, 0x80, 0x0, 0x0, 0x0, 0x0,
    0x3d, 0xd3, 0x0, 0x0, 0x0, 0x6, 0xc2, 0x1c,
    0x70, 0x0, 0x4, 0xdc, 0x32, 0x22, 0xbd, 0x60,
    0x3d, 0x49, 0xbb, 0xbb, 0xa2, 0xa3, 0x0, 0x0,
    0x0, 0x0, 0x0, 0x0, 0xd, 0xdd, 0xff, 0xdd,
    0xdd, 0xd0, 0x0, 0x1, 0xd3, 0x3, 0x40, 0x0,
    0x0, 0x1c, 0x40, 0x1, 0xc4, 0x0, 0x2, 0xdb,
    0x78, 0xab, 0xdf, 0x20, 0x2, 0xa8, 0x65, 0x32,
    0x4, 0x90,

    /* U+4F1E "伞" */
    0x0, 0x0, 0x0, 0x0, 0x0, 0x0, 0x0, 0x0,
    0xa, 0x70, 0x0, 0x0, 0x0, 0x2, 0xc7, 0xc8,
    0x0, 0x0, 0x2, 0x9d, 0x20, 0x7, 0xd6, 0x0,
    0x8d, 0x60, 0xb, 0x30, 0x28, 0xe3, 0x10, 0x94,
    0xb, 0x30, 0xb4, 0x0, 0x0, 0x1d, 0xb, 0x34,
    0xb0, 0x0, 0x0, 0x5, 0xb, 0x34, 0x10, 0x0,
    0x8d, 0xdd, 0xdf, 0xed, 0xdd, 0xd1, 0x0, 0x0,
    0xb, 0x30, 0x0, 0x0, 0x0, 0x0, 0xb, 0x30,
    0x0, 0x0, 0x0, 0x0, 0xb, 0x30, 0x0, 0x0,

    /* U+4F1F "伟" */
    0x0, 0xc, 0x0, 0xd, 0x0, 0x0, 0x0, 0x68,
    0xaa, 0xbf, 0xaa, 0xa0, 0x0, 0xd1, 0x22, 0x3d,
    0x22, 0x20, 0x8, 0xe0, 0x1, 0x1d, 0x11, 0x0,
    0x4e, 0xe0, 0x8c, 0xcf, 0xcc, 0x80, 0x23, 0xd0,
    0x0, 0xd, 0x0, 0x0, 0x0, 0xd4, 0xdd, 0xdf,
    0xdd, 0xe4, 0x0, 0xd0, 0x0, 0xd, 0x0, 0x93,
    0x0, 0xd0, 0x0, 0xd, 0x0, 0xb1, 0x0, 0xd0,
    0x0, 0xd, 0xc, 0xb0, 0x0, 0xd0, 0x0, 0xd,
    0x0, 0x0, 0x0, 0x0, 0x0, 0x0, 0x0, 0x0,

    /* U+4F20 "传" */
    0x0, 0x1, 0x0, 0x1, 0x0, 0x0, 0x0, 0x1d,
    0x0, 0x3b, 0x0, 0x0, 0x0, 0x87, 0xad, 0xee,
    0xdd, 0xd0, 0x1, 0xe1, 0x0, 0xb2, 0x0, 0x0,
    0xb, 0xd1, 0x33, 0xe3, 0x33, 0x31, 0x6d, 0xd4,
    0xac, 0xda, 0xaa, 0xa5, 0x42, 0xd0, 0x8, 0x60,
    0x0, 0x0, 0x0, 0xd0, 0xb, 0xdd, 0xdf, 0x90,
    0x0, 0xd0, 0x0, 0x0, 0x5c, 0x0, 0x0, 0xd0,
    0x1, 0xb6, 0xc1, 0x0, 0x0, 0xd0, 0x0, 0x3d,
    0x80, 0x0, 0x0, 0xd0, 0x0, 0x0, 0xb3, 0x0,
    0x0, 0x0, 0x0, 0x0, 0x0, 0x0,

    /* U+4F24 "伤" */
    0x0, 0xa, 0x3, 0x70, 0x0, 0x0, 0x0, 0x69,
    0xb, 0x61, 0x11, 0x10, 0x0, 0xd2, 0x3e, 0xcc,
    0xcc, 0xc2, 0x9, 0xd1, 0xd2, 0x28, 0x0, 0x0,
    0x6d, 0xd0, 0x30, 0x49, 0x0, 0x0, 0x41, 0xd0,
    0xad, 0xee, 0xdd, 0xe0, 0x0, 0xd0, 0x0, 0x85,
    0x0, 0xd0, 0x0, 0xd0, 0x0, 0xc1, 0x0, 0xd0,
    0x0, 0xd0, 0x3, 0xb0, 0x1, 0xc0, 0x0, 0xd0,
    0x1c, 0x20, 0x3, 0xb0, 0x0, 0xd1, 0xb2, 0x4,
    0xcd, 0x50, 0x0, 0x0, 0x0, 0x0, 0x0, 0x0,

    /* U+4F34 "伴" */
    0x0, 0x0, 0x0, 0x0, 0x0, 0x0, 0x0, 0xd,
    0x40, 0xe, 0x0, 0x50, 0x0, 0x78, 0x77, 0xe,
    0x5, 0x90, 0x0, 0xe1, 0x1d, 0xe, 0xc, 0x20,
    0xa, 0xe0, 0x6, 0xe, 0x6, 0x0, 0x7c, 0xe0,
    0xcd, 0xdf, 0xdd, 0xd0, 0x51, 0xd0, 0x0, 0xe,
    0x0, 0x0, 0x0, 0xd0, 0x0, 0xe, 0x0, 0x0,
    0x0, 0xd5, 0xcc, 0xcf, 0xcc, 0xc6, 0x0, 0xd0,
    0x0, 0xe, 0x0, 0x0, 0x0, 0xd0, 0x0, 0xe,
    0x0, 0x0, 0x0, 0xd0, 0x0, 0xe, 0x0, 0x0,

    /* U+4F38 "伸" */
    0x0, 0xc, 0x0, 0xd, 0x0, 0x0, 0x0, 0x78,
    0x0, 0xd, 0x0, 0x0, 0x1, 0xe1, 0xfd, 0xdf,
    0xdd, 0xf2, 0xb, 0xd0, 0xd0, 0xd, 0x0, 0xb2,
    0x7a, 0xd0, 0xfc, 0xcf, 0xcc, 0xf2, 0x30, 0xd0,
    0xd0, 0xd, 0x0, 0xb2, 0x0, 0xd0, 0xd0, 0xd,
    0x0, 0xb2, 0x0, 0xd0, 0xfc, 0xcf, 0xcc, 0xf2,
    0x0, 0xd0, 0x60, 0xd, 0x0, 0x40, 0x0, 0xd0,
    0x0, 0xd, 0x0, 0x0, 0x0, 0xd0, 0x0, 0xd,
    0x0, 0x0,

    /* U+4F46 "但" */
    0x0, 0x9, 0x20, 0x0, 0x0, 0x0, 0x0, 0x4c,
    0x1f, 0xdd, 0xdd, 0xc0, 0x0, 0xc3, 0xd, 0x0,
    0x2, 0xc0, 0x9, 0xf0, 0xd, 0x0, 0x2, 0xc0,
    0x6c, 0xe0, 0xf, 0xdd, 0xdd, 0xc0, 0x31, 0xe0,
    0xd, 0x0, 0x2, 0xc0, 0x0, 0xe0, 0xd, 0x0,
    0x2, 0xc0, 0x0, 0xe0, 0xf, 0xdd, 0xdd, 0xc0,
    0x0, 0xe0, 0x0, 0x0, 0x0, 0x0, 0x0, 0xe0,
    0x22, 0x22, 0x22, 0x22, 0x0, 0xe2, 0xaa, 0xaa,
    0xaa, 0xa9,

    /* U+4F4D "位" */
    0x0, 0x0, 0x0, 0x0, 0x0, 0x0, 0x0, 0xc,
    0x10, 0x1d, 0x0, 0x0, 0x0, 0x59, 0x0, 0xb,
    0x10, 0x0, 0x0, 0xd2, 0x8d, 0xdd, 0xdd, 0xc0,
    0x9, 0xf0, 0x2, 0x0, 0x3, 0x0, 0x5d, 0xe0,
    0xb, 0x20, 0xe, 0x0, 0x32, 0xe0, 0x8, 0x50,
    0xd, 0x0, 0x0, 0xe0, 0x5, 0x80, 0x3a, 0x0,
    0x0, 0xe0, 0x3, 0xa0, 0x67, 0x0, 0x0, 0xe0,
    0x1, 0xd0, 0x93, 0x0, 0x0, 0xe0, 0x33, 0x43,
    0xd3, 0x31, 0x0, 0xe1, 0xaa, 0xaa, 0xaa, 0xa4,

    /* U+4F4E "低" */
    0x0, 0x1, 0x0, 0x0, 0x1, 0x0, 0x0, 0x4a,
    0x3, 0x69, 0xdc, 0x40, 0x0, 0xb4, 0xba, 0x76,
    0xb0, 0x0, 0x3, 0xe0, 0xb2, 0x1, 0xc0, 0x0,
    0xd, 0xd0, 0xb2, 0x0, 0xd0, 0x0, 0x89, 0xd0,
    0xbb, 0xaa, 0xfa, 0xa2, 0x30, 0xd0, 0xb4, 0x22,
    0xd2, 0x20, 0x0, 0xd0, 0xb2, 0x0, 0xb2, 0x0,
    0x0, 0xd0, 0xb2, 0x0, 0x84, 0x0, 0x0, 0xd0,
    0xb2, 0x8, 0x48, 0x43, 0x0, 0xd0, 0xb6, 0x69,
    0x4d, 0x93, 0x0, 0xd0, 0xd9, 0x42, 0x65, 0xc0,
    0x0, 0x0, 0x0, 0x0, 0x0, 0x0,

    /* U+4F4F "住" */
    0x0, 0x0, 0x0, 0x1, 0x0, 0x0, 0x0, 0xd,
    0x10, 0x3b, 0x0, 0x0, 0x0, 0x69, 0x0, 0xa,
    0x20, 0x0, 0x0, 0xd1, 0xdd, 0xdd, 0xdd, 0xd4,
    0x9, 0xf0, 0x0, 0xc, 0x10, 0x0, 0x4d, 0xe0,
    0x0, 0xc, 0x10, 0x0, 0x43, 0xe0, 0x0, 0xc,
    0x10, 0x0, 0x0, 0xe0, 0x7d, 0xdf, 0xdd, 0xd0,
    0x0, 0xe0, 0x0, 0xc, 0x10, 0x0, 0x0, 0xe0,
    0x0, 0xc, 0x10, 0x0, 0x0, 0xe0, 0x11, 0x1d,
    0x31, 0x10, 0x0, 0xe3, 0xbb, 0xbb, 0xbb, 0xb6,

    /* U+4F53 "体" */
    0x0, 0x0, 0x0, 0x0, 0x0, 0x0, 0x0, 0x2b,
    0x0, 0xd, 0x0, 0x0, 0x0, 0x95, 0x0, 0xd,
    0x0, 0x0, 0x1, 0xd4, 0xdd, 0xdf, 0xdd, 0xd7,
    0xb, 0xd0, 0x0, 0xbf, 0xb0, 0x0, 0x5b, 0xd0,
    0x3, 0xad, 0xa2, 0x0, 0x21, 0xd0, 0xa, 0x3d,
    0x3a, 0x0, 0x0, 0xd0, 0x3b, 0xd, 0xc, 0x30,
    0x0, 0xd1, 0xd2, 0xd, 0x3, 0xd1, 0x0, 0xd9,
    0x6c, 0xdf, 0xdb, 0x67, 0x0, 0xd0, 0x0, 0xd,
    0x0, 0x0, 0x0, 0xd0, 0x0, 0xd, 0x0, 0x0,

    /* U+4F55 "何" */
    0x0, 0x0, 0x0, 0x0, 0x0, 0x0, 0x0, 0x1c,
    0x0, 0x0, 0x0, 0x0, 0x0, 0x87, 0xcd, 0xdd,
    0xde, 0xe7, 0x0, 0xe1, 0x0, 0x0, 0x3, 0xa0,
    0xa, 0xf0, 0x12, 0x22, 0x3, 0xa0, 0x5d, 0xe0,
    0x9c, 0xae, 0x33, 0xa0, 0x22, 0xe0, 0x94, 0xa,
    0x33, 0xa0, 0x0, 0xe0, 0x94, 0xa, 0x33, 0xa0,
    0x0, 0xe0, 0x9d, 0xcc, 0x23, 0xa0, 0x0, 0xe0,
    0x73, 0x0, 0x3, 0xa0, 0x0, 0xe0, 0x0, 0x0,
    0x4, 0xa0, 0x0, 0xe0, 0x0, 0x7, 0xee, 0x60,
    0x0, 0x0, 0x0, 0x0, 0x0, 0x0,

    /* U+4F59 "余" */
    0x0, 0x0, 0x6, 0x80, 0x0, 0x0, 0x0, 0x0,
    0x6a, 0xb8, 0x0, 0x0, 0x0, 0x1a, 0x80, 0x9,
    0xa1, 0x0, 0x7, 0xe8, 0x22, 0x23, 0x8e, 0x81,
    0x69, 0x3a, 0xac, 0xda, 0xa1, 0x75, 0x0, 0x0,
    0x6, 0x80, 0x0, 0x0, 0xb, 0xdd, 0xde, 0xed,
    0xdd, 0xd0, 0x0, 0x4, 0x6, 0x80, 0x40, 0x0,
    0x0, 0x89, 0x6, 0x80, 0xa9, 0x0, 0xa, 0xa0,
    0x6, 0x80, 0x9, 0x90, 0x5, 0x1, 0xdd, 0x40,
    0x0, 0x50, 0x0, 0x0, 0x0, 0x0, 0x0, 0x0,

    /* U+4F5C "作" */
    0x0, 0xb, 0x10, 0xa1, 0x0, 0x0, 0x0, 0x5a,
    0x4, 0xc0, 0x0, 0x0, 0x0, 0xd3, 0xc, 0xdf,
    0xdd, 0xd8, 0xa, 0xf0, 0x9a, 0xe, 0x0, 0x0,
    0x6b, 0xe2, 0xc0, 0xf, 0xaa, 0xa3, 0x10, 0xe0,
    0x0, 0xe, 0x22, 0x20, 0x0, 0xe0, 0x0, 0xe,
    0x0, 0x0, 0x0, 0xe0, 0x0, 0xf, 0xdd, 0xd6,
    0x0, 0xe0, 0x0, 0xe, 0x0, 0x0, 0x0, 0xe0,
    0x0, 0xe, 0x0, 0x0, 0x0, 0xe0, 0x0, 0xe,
    0x0, 0x0,

    /* U+4F60 "你" */
    0x0, 0x0, 0x0, 0x0, 0x0, 0x0, 0x0, 0x1c,
    0xa, 0x30, 0x0, 0x0, 0x0, 0x96, 0xe, 0x0,
    0x0, 0x0, 0x1, 0xe0, 0x4f, 0xdd, 0xdd, 0xd3,
    0xc, 0xd0, 0xc3, 0xc, 0x10, 0xb2, 0x8a, 0xd2,
    0xa0, 0xc, 0x10, 0xa0, 0x30, 0xd0, 0xb, 0xc,
    0x1c, 0x0, 0x0, 0xd0, 0x1c, 0xc, 0x18, 0x70,
    0x0, 0xd0, 0x76, 0xc, 0x11, 0xd0, 0x0, 0xd1,
    0xd0, 0xc, 0x10, 0xd1, 0x0, 0xd0, 0x20, 0xc,
    0x10, 0x20, 0x0, 0xd0, 0x0, 0xdd, 0x0, 0x0,
    0x0, 0x0, 0x0, 0x0, 0x0, 0x0,

    /* U+4F6C "佬" */
    0x0, 0x1b, 0x0, 0xc1, 0x0, 0x51, 0x0, 0x86,
    0xbb, 0xfc, 0xb7, 0xc0, 0x0, 0xd0, 0x11, 0xc2,
    0x2e, 0x20, 0x9, 0xd0, 0x0, 0xc1, 0xa7, 0x0,
    0x4d, 0xd7, 0xdd, 0xdf, 0xed, 0xd7, 0x22, 0xd0,
    0x0, 0x9a, 0x0, 0x0, 0x0, 0xd0, 0x2c, 0xb0,
    0x19, 0x30, 0x0, 0xd8, 0xda, 0xba, 0xc5, 0x0,
    0x0, 0xd3, 0x5, 0xb2, 0x0, 0x20, 0x0, 0xd0,
    0x5, 0x80, 0x0, 0x94, 0x0, 0xd0, 0x2, 0xed,
    0xdd, 0xd0,

    /* U+4F7F "使" */
    0x0, 0x0, 0x0, 0x0, 0x0, 0x0, 0x0, 0xd,
    0x0, 0xd, 0x0, 0x0, 0x0, 0x7a, 0xdd, 0xdf,
    0xdd, 0xd5, 0x1, 0xe0, 0x0, 0xd, 0x0, 0x0,
    0xb, 0xe0, 0xac, 0xcf, 0xcc, 0xc0, 0x7a, 0xd0,
    0xd0, 0xd, 0x0, 0xd0, 0x40, 0xd0, 0xd0, 0xe,
    0x0, 0xd0, 0x0, 0xd0, 0xac, 0xcf, 0xcc, 0xc0,
    0x0, 0xd0, 0x76, 0x3c, 0x0, 0x0, 0x0, 0xd0,
    0xa, 0xd6, 0x0, 0x0, 0x0, 0xd0, 0x1a, 0xcc,
    0x72, 0x0, 0x0, 0xd4, 0xc5, 0x0, 0x6a, 0xd3,

    /* U+4F9B "供" */
    0x0, 0x0, 0x0, 0x0, 0x0, 0x0, 0x0, 0x1d,
    0x5, 0x70, 0x2b, 0x0, 0x0, 0x87, 0x5, 0x70,
    0x2b, 0x0, 0x1, 0xe0, 0xad, 0xdb, 0xce, 0xb5,
    0xc, 0xe0, 0x27, 0x92, 0x4c, 0x21, 0x89, 0xe0,
    0x5, 0x70, 0x2b, 0x0, 0x10, 0xe0, 0x5, 0x70,
    0x2b, 0x0, 0x0, 0xe3, 0xde, 0xed, 0xef, 0xd8,
    0x0, 0xe0, 0x0, 0x10, 0x1, 0x0, 0x0, 0xe0,
    0xa, 0x60, 0x2d, 0x10, 0x0, 0xe0, 0x6b, 0x0,
    0x5, 0xb0, 0x0, 0xe1, 0xb0, 0x0, 0x0, 0x93,
    0x0, 0x0, 0x0, 0x0, 0x0, 0x0,

    /* U+4F9D "依" */
    0x0, 0x0, 0x0, 0x0, 0x0, 0x0, 0x0, 0x1d,
    0x0, 0x2b, 0x0, 0x0, 0x0, 0x78, 0x0, 0xc,
    0x20, 0x0, 0x0, 0xd6, 0xdd, 0xde, 0xdd, 0xd5,
    0xa, 0xd0, 0x0, 0xcc, 0x0, 0x0, 0x5c, 0xd0,
    0xa, 0x8b, 0x10, 0x73, 0x12, 0xd0, 0xae, 0x5,
    0x79, 0x90, 0x0, 0xdc, 0x9e, 0x0, 0xe5, 0x0,
    0x0, 0xd1, 0xd, 0x0, 0x87, 0x0, 0x0, 0xd0,
    0xd, 0x0, 0x1d, 0x30, 0x0, 0xd0, 0x1e, 0x9d,
    0x13, 0xe4, 0x0, 0xd0, 0x5b, 0x40, 0x0, 0x33,
    0x0, 0x0, 0x0, 0x0, 0x0, 0x0,

    /* U+4FBF "便" */
    0x0, 0x7, 0x0, 0x0, 0x0, 0x0, 0x0, 0x4a,
    0xcc, 0xcf, 0xdc, 0xc5, 0x0, 0xa5, 0x0, 0xb,
    0x20, 0x0, 0x2, 0xe0, 0x7b, 0xbe, 0xcb, 0xb0,
    0xb, 0xd0, 0xa2, 0xb, 0x20, 0xd0, 0x5d, 0xd0,
    0xab, 0xae, 0xba, 0xf0, 0x12, 0xd0, 0xa2, 0xb,
    0x20, 0xd0, 0x0, 0xd0, 0xab, 0xae, 0xba, 0xf0,
    0x0, 0xd0, 0x72, 0xd, 0x0, 0x0, 0x0, 0xd0,
    0x2d, 0x98, 0x0, 0x0, 0x0, 0xd0, 0x1a, 0xec,
    0x62, 0x0, 0x0, 0xd6, 0xc6, 0x2, 0x7a, 0xd6,
    0x0, 0x0, 0x0, 0x0, 0x0, 0x0,

    /* U+4FC3 "促" */
    0x0, 0x5, 0x0, 0x0, 0x0, 0x0, 0x0, 0x59,
    0xf, 0xcc, 0xcc, 0xe0, 0x0, 0xc3, 0xc, 0x0,
    0x0, 0xe0, 0x3, 0xe0, 0xc, 0x0, 0x0, 0xe0,
    0xd, 0xe0, 0xd, 0x0, 0x0, 0xe0, 0x6d, 0xe0,
    0xc, 0xcf, 0xcc, 0xb0, 0x32, 0xe0, 0x4, 0xe,
    0x0, 0x0, 0x0, 0xe0, 0x1e, 0xe, 0xdc, 0xa0,
    0x0, 0xe0, 0x4d, 0xe, 0x0, 0x0, 0x0, 0xe0,
    0x8e, 0x3e, 0x0, 0x0, 0x0, 0xe1, 0xe2, 0xbe,
    0x0, 0x0, 0x0, 0xe8, 0x70, 0x1a, 0xdd, 0xd5,
    0x0, 0x0, 0x0, 0x0, 0x0, 0x0,

    /* U+4FDD "保" */
    0x0, 0x5, 0x0, 0x0, 0x0, 0x0, 0x0, 0x3b,
    0xad, 0xcc, 0xcc, 0xe0, 0x0, 0xa4, 0xa3, 0x0,
    0x0, 0xe0, 0x2, 0xf0, 0xa3, 0x0, 0x0, 0xe0,
    0xd, 0xe0, 0xac, 0xbb, 0xbb, 0xe0, 0x89, 0xd0,
    0x1, 0x1e, 0x11, 0x10, 0x40, 0xd0, 0x0, 0xe,
    0x0, 0x0, 0x0, 0xd5, 0xdd, 0xef, 0xfd, 0xd7,
    0x0, 0xd0, 0x2, 0xcf, 0xc3, 0x0, 0x0, 0xd0,
    0x1c, 0x3e, 0x2d, 0x20, 0x0, 0xd4, 0xd3, 0xe,
    0x3, 0xd6, 0x0, 0xd2, 0x10, 0xe, 0x0, 0x13,

    /* U+4FE1 "信" */
    0x0, 0x38, 0x0, 0x48, 0x0, 0x0, 0x0, 0xa4,
    0x0, 0xb, 0x0, 0x0, 0x2, 0xe5, 0xcc, 0xcc,
    0xcc, 0xc7, 0xb, 0xd0, 0x35, 0x55, 0x55, 0x30,
    0x6b, 0xd0, 0x35, 0x55, 0x55, 0x30, 0x20, 0xd0,
    0x7b, 0xbb, 0xbb, 0x70, 0x0, 0xd0, 0x0, 0x0,
    0x0, 0x0, 0x0, 0xd0, 0xbb, 0xbb, 0xbc, 0xb0,
    0x0, 0xd0, 0xc0, 0x0, 0x0, 0xc0, 0x0, 0xd0,
    0xc0, 0x0, 0x1, 0xc0, 0x0, 0xd0, 0xcb, 0xbb,
    0xbb, 0xb0, 0x0, 0x0, 0x0, 0x0, 0x0, 0x0,

    /* U+4FEE "修" */
    0x0, 0x0, 0x0, 0x0, 0x0, 0x0, 0x0, 0x39,
    0x0, 0x68, 0x0, 0x0, 0x0, 0xa4, 0x0, 0xed,
    0xbb, 0xc1, 0x1, 0xe0, 0xb, 0xd3, 0x6, 0xa0,
    0xb, 0xd2, 0x97, 0xb, 0x9b, 0x0, 0x5c, 0xd2,
    0x93, 0x8c, 0xab, 0x72, 0x42, 0xd2, 0xba, 0x61,
    0x70, 0x56, 0x0, 0xd2, 0x91, 0x7b, 0x34, 0x10,
    0x0, 0xd2, 0x90, 0x32, 0xa7, 0x0, 0x0, 0xd2,
    0x90, 0xb8, 0x22, 0xc3, 0x0, 0xd0, 0x0, 0x26,
    0xab, 0x20, 0x0, 0xd0, 0x9, 0xb6, 0x10, 0x0,

    /* U+500D "倍" */
    0x0, 0x0, 0x0, 0x2, 0x0, 0x0, 0x0, 0x2c,
    0x0, 0xd, 0x0, 0x0, 0x0, 0x96, 0xbc, 0xcf,
    0xdc, 0xc1, 0x1, 0xe0, 0x9, 0x0, 0xb, 0x0,
    0xc, 0xd0, 0x9, 0x40, 0x59, 0x0, 0x6a, 0xd2,
    0x79, 0x97, 0xd9, 0x73, 0x10, 0xd1, 0x44, 0x44,
    0x44, 0x42, 0x0, 0xd0, 0x3a, 0xaa, 0xaa, 0x40,
    0x0, 0xd0, 0x59, 0x11, 0x18, 0x60, 0x0, 0xd0,
    0x58, 0x0, 0x7, 0x60, 0x0, 0xd0, 0x59, 0x22,
    0x29, 0x60, 0x0, 0xd0, 0x5d, 0xaa, 0xac, 0x50,

    /* U+5012 "倒" */
    0x0, 0x1, 0x0, 0x0, 0x0, 0x0, 0x0, 0x69,
    0x44, 0x44, 0x11, 0x57, 0x0, 0xc5, 0xad, 0x88,
    0x3b, 0x57, 0x3, 0xd0, 0x93, 0x54, 0xb, 0x57,
    0xc, 0xc2, 0xd5, 0x9e, 0x1b, 0x57, 0x5d, 0xc4,
    0x87, 0x36, 0x6b, 0x57, 0x33, 0xc0, 0xd, 0x0,
    0xb, 0x57, 0x0, 0xc6, 0xcf, 0xcc, 0x2b, 0x57,
    0x0, 0xc0, 0xd, 0x0, 0xb, 0x57, 0x0, 0xc0,
    0xd, 0x48, 0x40, 0x57, 0x0, 0xc8, 0xed, 0x96,
    0x10, 0x57, 0x0, 0xc2, 0x10, 0x0, 0x1c, 0xd4,
    0x0, 0x0, 0x0, 0x0, 0x0, 0x0,

    /* U+5019 "候" */
    0x0, 0x4, 0x0, 0x0, 0x0, 0x0, 0x0, 0x59,
    0x3, 0xcc, 0xce, 0x50, 0x0, 0xb4, 0x0, 0x0,
    0x9, 0x30, 0x1, 0xe1, 0x21, 0x11, 0x1b, 0x30,
    0x9, 0xd3, 0x9a, 0xcb, 0xbb, 0xb7, 0x2f, 0xc3,
    0x90, 0xd2, 0x11, 0x10, 0x27, 0xc3, 0x95, 0xdb,
    0xea, 0xa0, 0x0, 0xc3, 0x9a, 0x12, 0xa0, 0x0,
    0x0, 0xc3, 0x9b, 0xbc, 0xeb, 0xb7, 0x0, 0xc2,
    0x70, 0x8, 0xe2, 0x0, 0x0, 0xc0, 0x0, 0x7a,
    0x3c, 0x30, 0x0, 0xc0, 0x1c, 0x70, 0x3, 0xb6,
    0x0, 0x0, 0x0, 0x0, 0x0, 0x0,

    /* U+501F "借" */
    0x0, 0x0, 0x0, 0x0, 0x0, 0x0, 0x0, 0x1d,
    0x6, 0x70, 0x49, 0x0, 0x0, 0x77, 0xcd, 0xec,
    0xde, 0xc3, 0x0, 0xd0, 0x6, 0x70, 0x49, 0x0,
    0xa, 0xd0, 0x6, 0x70, 0x49, 0x0, 0x6c, 0xd6,
    0xcc, 0xcc, 0xcc, 0xc8, 0x52, 0xd0, 0x2, 0x22,
    0x22, 0x10, 0x0, 0xd0, 0x3d, 0x99, 0x9b, 0xa0,
    0x0, 0xd0, 0x3a, 0x11, 0x15, 0xa0, 0x0, 0xd0,
    0x3d, 0x99, 0x9b, 0xa0, 0x0, 0xd0, 0x3a, 0x11,
    0x14, 0xa0, 0x0, 0xc0, 0x3e, 0xaa, 0xab, 0x90,

    /* U+5026 "倦" */
    0x0, 0x0, 0x0, 0x1, 0x0, 0x0, 0x0, 0x1d,
    0x18, 0xc, 0x16, 0x30, 0x0, 0x77, 0x9, 0x3d,
    0x1b, 0x0, 0x1, 0xd0, 0x5b, 0xce, 0xbc, 0xa0,
    0xa, 0xd0, 0x0, 0xa4, 0x0, 0x0, 0x5c, 0xd4,
    0xbb, 0xfb, 0xbb, 0xb7, 0x12, 0xd0, 0xc, 0x40,
    0xc, 0x20, 0x0, 0xd1, 0xcf, 0xbb, 0xbb, 0xc2,
    0x0, 0xd4, 0x6b, 0x10, 0x1a, 0x23, 0x0, 0xd0,
    0xb, 0x12, 0xb7, 0x10, 0x0, 0xd0, 0xb, 0x20,
    0x0, 0xb0, 0x0, 0xd0, 0x6, 0xdc, 0xcd, 0x60,
    0x0, 0x0, 0x0, 0x0, 0x0, 0x0,

    /* U+503A "债" */
    0x0, 0x39, 0x0, 0xd, 0x0, 0x0, 0x0, 0xa4,
    0x99, 0x9f, 0x99, 0x80, 0x1, 0xe0, 0x5a, 0xaf,
    0xaa, 0x50, 0xa, 0xd0, 0x11, 0x1d, 0x11, 0x10,
    0x4c, 0xd2, 0x99, 0x99, 0x99, 0x93, 0x12, 0xd0,
    0x5a, 0xaa, 0xaa, 0x60, 0x0, 0xd0, 0x93, 0x3,
    0x2, 0xa0, 0x0, 0xd0, 0x93, 0xd, 0x2, 0xa0,
    0x0, 0xd0, 0x72, 0x2b, 0x2, 0x80, 0x0, 0xd0,
    0x4, 0xc3, 0xaa, 0x30, 0x0, 0xd3, 0xc8, 0x10,
    0x2, 0xa3, 0x0, 0x0, 0x0, 0x0, 0x0, 0x0,

    /* U+503C "值" */
    0x0, 0x0, 0x0, 0x0, 0x0, 0x0, 0x0, 0xc,
    0x0, 0xc, 0x20, 0x0, 0x0, 0x78, 0xcc, 0xdf,
    0xdc, 0xc3, 0x0, 0xd1, 0x0, 0x1b, 0x0, 0x0,
    0xa, 0xd0, 0x4d, 0xbb, 0xbc, 0x70, 0x5c, 0xd0,
    0x4a, 0x44, 0x47, 0x80, 0x11, 0xd0, 0x4a, 0x55,
    0x59, 0x80, 0x0, 0xd0, 0x4d, 0xaa, 0xac, 0x80,
    0x0, 0xd0, 0x47, 0x0, 0x4, 0x80, 0x0, 0xd0,
    0x4d, 0xaa, 0xac, 0x80, 0x0, 0xd0, 0x47, 0x0,
    0x4, 0x80, 0x0, 0xd5, 0xde, 0xcc, 0xcd, 0xe7,

    /* U+5047 "假" */
    0x0, 0x22, 0x0, 0x0, 0x0, 0x0, 0x0, 0x96,
    0xfc, 0xe6, 0xcc, 0xf0, 0x0, 0xd1, 0xb0, 0xa1,
    0x0, 0xd0, 0x3, 0xc0, 0xb0, 0xa1, 0x0, 0xd0,
    0xc, 0xc0, 0xeb, 0xe6, 0xcc, 0xf0, 0x3d, 0xc0,
    0xb0, 0x1, 0x11, 0x10, 0x3, 0xc0, 0xeb, 0xa9,
    0xba, 0xe0, 0x1, 0xc0, 0xb0, 0x3, 0x82, 0xc0,
    0x1, 0xc0, 0xb0, 0x0, 0xb8, 0x60, 0x1, 0xc0,
    0xeb, 0xb0, 0x7d, 0x0, 0x1, 0xc0, 0xb0, 0x2,
    0xbc, 0x70, 0x1, 0xc0, 0xb0, 0x68, 0x0, 0x86,
    0x0, 0x0, 0x0, 0x0, 0x0, 0x0,

    /* U+504F "偏" */
    0x0, 0x0, 0x0, 0x0, 0x0, 0x0, 0x0, 0xc,
    0x0, 0xd, 0x0, 0x0, 0x0, 0x69, 0x8c, 0xce,
    0xdc, 0xc2, 0x0, 0xd2, 0xb1, 0x0, 0x0, 0xb2,
    0xa, 0xe0, 0xba, 0x99, 0x99, 0xe2, 0x6c, 0xd0,
    0xc4, 0x22, 0x22, 0x20, 0x31, 0xd0, 0xcc, 0xbe,
    0xbd, 0xd5, 0x0, 0xd0, 0xcb, 0x9, 0x18, 0x55,
    0x0, 0xd0, 0xdb, 0xbe, 0xbd, 0xd5, 0x0, 0xd2,
    0xab, 0x9, 0x18, 0x55, 0x0, 0xd6, 0x6b, 0x9,
    0x18, 0x55, 0x0, 0xd6, 0x3b, 0x9, 0x1a, 0xb3,

    /* U+505A "做" */
    0x0, 0x0, 0x0, 0x0, 0x0, 0x0, 0x0, 0x49,
    0xd, 0x0, 0xa2, 0x0, 0x0, 0xb3, 0xd, 0x0,
    0xd0, 0x0, 0x2, 0xe7, 0xcf, 0xc8, 0xfc, 0xd6,
    0xc, 0xd0, 0xd, 0x7, 0x90, 0xc0, 0x6a, 0xd0,
    0xd, 0xd, 0xc0, 0xb0, 0x21, 0xd3, 0xcf, 0xc6,
    0xb4, 0x80, 0x0, 0xd3, 0x80, 0x84, 0x7b, 0x40,
    0x0, 0xd3, 0x80, 0x84, 0x3e, 0x0, 0x0, 0xd3,
    0x80, 0x84, 0x7e, 0x10, 0x0, 0xd3, 0xec, 0xc9,
    0xc5, 0xc1, 0x0, 0xd1, 0x20, 0x2b, 0x10, 0x56,
    0x0, 0x0, 0x0, 0x0, 0x0, 0x0,

    /* U+505C "停" */
    0x0, 0x0, 0x0, 0x1, 0x0, 0x0, 0x0, 0x1d,
    0x10, 0x1d, 0x20, 0x0, 0x0, 0x77, 0xbb, 0xbb,
    0xbb, 0xb5, 0x0, 0xd0, 0x1a, 0xaa, 0xaa, 0x50,
    0xa, 0xd0, 0x1b, 0x0, 0x5, 0x70, 0x4c, 0xd0,
    0x1b, 0xaa, 0xaa, 0x50, 0x12, 0xd1, 0x88, 0x88,
    0x88, 0x84, 0x0, 0xd2, 0xa3, 0x33, 0x33, 0x77,
    0x0, 0xd1, 0x5b, 0xbd, 0xcb, 0x63, 0x0, 0xd0,
    0x0, 0xc, 0x10, 0x0, 0x0, 0xd0, 0x0, 0xc,
    0x10, 0x0, 0x0, 0xd0, 0x5, 0xcd, 0x0, 0x0,
    0x0, 0x0, 0x0, 0x0, 0x0, 0x0,

    /* U+5065 "健" */
    0x0, 0x0, 0x0, 0x0, 0x0, 0x0, 0x0, 0x86,
    0x44, 0x12, 0xd2, 0x10, 0x0, 0xd4, 0x7e, 0x47,
    0xe7, 0xc0, 0x3, 0xc0, 0x66, 0xaa, 0xea, 0xe8,
    0xc, 0xc0, 0xc0, 0x0, 0xc0, 0xb0, 0x4b, 0xc9,
    0xeb, 0x7a, 0xea, 0xb0, 0x2, 0xc0, 0xd, 0x34,
    0xd4, 0x40, 0x0, 0xc9, 0x3c, 0x45, 0xd5, 0x50,
    0x0, 0xc5, 0xd7, 0xab, 0xfb, 0xb5, 0x0, 0xc0,
    0xe5, 0x0, 0xc0, 0x0, 0x0, 0xc5, 0xbc, 0x82,
    0x90, 0x0, 0x0, 0xcb, 0x10, 0x6a, 0xbc, 0xc7,
    0x0, 0x0, 0x0, 0x0, 0x0, 0x0,

    /* U+5076 "偶" */
    0x0, 0x5, 0x0, 0x0, 0x0, 0x0, 0x0, 0x2d,
    0x6d, 0xbf, 0xbb, 0xd0, 0x0, 0x96, 0x66, 0xc,
    0x0, 0xd0, 0x1, 0xe0, 0x6c, 0xae, 0xaa, 0xd0,
    0xb, 0xd0, 0x66, 0xc, 0x0, 0xd0, 0x6c, 0xd0,
    0x6c, 0xbf, 0xbb, 0xd0, 0x22, 0xd0, 0x0, 0xc,
    0x0, 0x0, 0x0, 0xd0, 0xfc, 0xcf, 0xcc, 0xe5,
    0x0, 0xd0, 0xd0, 0xc, 0x16, 0x75, 0x0, 0xd0,
    0xd6, 0x9e, 0xbd, 0x85, 0x0, 0xd0, 0xd2, 0x20,
    0x3, 0x95, 0x0, 0xd0, 0xd0, 0x0, 0x1b, 0xd3,

    /* U+5077 "偷" */
    0x0, 0x0, 0x0, 0x0, 0x0, 0x0, 0x0, 0x38,
    0x0, 0x4d, 0x0, 0x0, 0x0, 0x95, 0x5, 0xb5,
    0xc2, 0x0, 0x0, 0xe3, 0xba, 0x0, 0x2b, 0xa2,
    0x9, 0xd4, 0x4a, 0xbb, 0xb6, 0x31, 0x3d, 0xd0,
    0x88, 0x81, 0x40, 0x80, 0x24, 0xd0, 0xc1, 0xa2,
    0xb0, 0xc0, 0x0, 0xd0, 0xea, 0xe2, 0xb0, 0xc0,
    0x0, 0xd0, 0xd4, 0xb2, 0xb0, 0xc0, 0x0, 0xd0,
    0xd6, 0xc2, 0xb0, 0xc0, 0x0, 0xd0, 0xc0, 0x92,
    0x0, 0xc0, 0x0, 0xd0, 0xc4, 0xc0, 0x2c, 0x90,
    0x0, 0x0, 0x0, 0x0, 0x0, 0x0,

    /* U+507F "偿" */
    0x0, 0x38, 0x36, 0xd, 0x12, 0x80, 0x0, 0xa4,
    0xc, 0x2d, 0x1b, 0x30, 0x1, 0xe1, 0xec, 0xcd,
    0xcc, 0xd6, 0xa, 0xd0, 0xc0, 0x0, 0x0, 0x76,
    0x4d, 0xd0, 0x5d, 0xdd, 0xdd, 0x92, 0x22, 0xd0,
    0x0, 0x0, 0x0, 0x0, 0x0, 0xd5, 0xdd, 0xdd,
    0xdd, 0xd9, 0x0, 0xd0, 0x2, 0xd1, 0x15, 0x0,
    0x0, 0xd0, 0xc, 0x40, 0xc, 0x40, 0x0, 0xd0,
    0xad, 0x89, 0xbd, 0xe1, 0x0, 0xd0, 0x76, 0x43,
    0x10, 0x74,

    /* U+508D "傍" */
    0x0, 0x0, 0x0, 0x2, 0x0, 0x0, 0x0, 0xd,
    0x0, 0xd, 0x10, 0x0, 0x0, 0x78, 0x9c, 0xcc,
    0xcd, 0xc0, 0x0, 0xd1, 0x6, 0x70, 0x2c, 0x0,
    0xa, 0xd1, 0xbc, 0xeb, 0xdd, 0xb4, 0x5c, 0xd1,
    0xc0, 0x7, 0x0, 0x85, 0x11, 0xd0, 0x86, 0x6e,
    0x86, 0x81, 0x0, 0xd0, 0x45, 0xe4, 0x44, 0x40,
    0x0, 0xd0, 0x4, 0xea, 0xaa, 0x50, 0x0, 0xd0,
    0x8, 0x61, 0x18, 0x70, 0x0, 0xd0, 0x3d, 0x0,
    0x9, 0x50, 0x0, 0xd2, 0xc2, 0x4, 0xbc, 0x10,
    0x0, 0x0, 0x0, 0x0, 0x0, 0x0,

    /* U+50AC "催" */
    0x0, 0x0, 0x0, 0x0, 0x0, 0x0, 0x0, 0x76,
    0xb1, 0xd, 0x0, 0xd0, 0x0, 0xd2, 0xb1, 0xd,
    0x0, 0xd0, 0x3, 0xe0, 0xbd, 0xcf, 0xdc, 0xf0,
    0xb, 0xd0, 0x37, 0x8, 0x20, 0x0, 0x4c, 0xd0,
    0x9a, 0x6a, 0xb6, 0x62, 0x22, 0xd1, 0xf6, 0x59,
    0xa5, 0x52, 0x0, 0xda, 0xeb, 0xad, 0xda, 0xa0,
    0x0, 0xd3, 0xa2, 0x6, 0x70, 0x0, 0x0, 0xd0,
    0xab, 0xad, 0xda, 0xa0, 0x0, 0xd0, 0xa4, 0x27,
    0x92, 0x20, 0x0, 0xd0, 0xaa, 0x99, 0x99, 0x93,
    0x0, 0x0, 0x0, 0x0, 0x0, 0x0,

    /* U+50B2 "傲" */
    0x0, 0x0, 0x0, 0x0, 0x0, 0x0, 0x0, 0x58,
    0xd, 0x20, 0x39, 0x0, 0x0, 0xb9, 0xbf, 0xca,
    0x76, 0x0, 0x1, 0xe0, 0xd, 0x20, 0xac, 0xe6,
    0xa, 0xd4, 0xcf, 0xc9, 0xf0, 0xc0, 0x3d, 0xd0,
    0xd, 0x27, 0xe1, 0xc0, 0x13, 0xd8, 0xce, 0xcc,
    0x64, 0xb0, 0x0, 0xd0, 0xa3, 0x0, 0x1b, 0x80,
    0x0, 0xd0, 0xcb, 0xc9, 0xd, 0x40, 0x0, 0xd0,
    0xc0, 0x39, 0xd, 0x40, 0x0, 0xd6, 0x90, 0x57,
    0x87, 0xc0, 0x0, 0xdb, 0x1a, 0xd8, 0x80, 0x47,
    0x0, 0x20, 0x0, 0x0, 0x0, 0x0,

    /* U+50BB "傻" */
    0x0, 0x0, 0x0, 0x0, 0x0, 0x0, 0x0, 0x39,
    0x0, 0x2b, 0x0, 0x0, 0x0, 0xa4, 0xda, 0xaa,
    0xba, 0xd0, 0x1, 0xe0, 0xc3, 0xa9, 0xa1, 0xd0,
    0xa, 0xd0, 0xc5, 0xa6, 0xb4, 0xd0, 0x5c, 0xd0,
    0xcb, 0xaa, 0xaa, 0xc0, 0x42, 0xd0, 0x29, 0x60,
    0x7a, 0x30, 0x0, 0xd2, 0x93, 0xb0, 0x1, 0x92,
    0x0, 0xd0, 0x5e, 0xaa, 0xae, 0x10, 0x0, 0xd1,
    0x85, 0xb2, 0xc5, 0x0, 0x0, 0xd0, 0x3, 0xaf,
    0xb4, 0x0, 0x0, 0xd5, 0xca, 0x40, 0x49, 0xd3,
    0x0, 0x0, 0x0, 0x0, 0x0, 0x0,

    /* U+50CF "像" */
    0x0, 0x0, 0x0, 0x0, 0x0, 0x0, 0x0, 0x2c,
    0xa, 0xa5, 0x50, 0x0, 0x0, 0x95, 0x5a, 0x59,
    0xc0, 0x0, 0x1, 0xe6, 0xfb, 0xae, 0xca, 0x90,
    0xb, 0xd5, 0xd0, 0x1b, 0x0, 0xd0, 0x5c, 0xd0,
    0xca, 0xcd, 0xaa, 0xd0, 0x21, 0xd0, 0x19, 0xe1,
    0x0, 0x40, 0x0, 0xd3, 0xb4, 0x8b, 0x6c, 0x60,
    0x0, 0xd0, 0x3a, 0x5b, 0x8d, 0x0, 0x0, 0xd4,
    0x82, 0xbb, 0x56, 0x80, 0x0, 0xd2, 0x9b, 0x27,
    0x50, 0xa7, 0x0, 0xd3, 0x40, 0xbd, 0x0, 0x1,

    /* U+513F "儿" */
    0x0, 0x0, 0x0, 0x0, 0x0, 0x0, 0x0, 0xe,
    0x0, 0x3, 0xa0, 0x0, 0x0, 0xe, 0x0, 0x3,
    0xa0, 0x0, 0x0, 0xe, 0x0, 0x3, 0xa0, 0x0,
    0x0, 0xe, 0x0, 0x3, 0xa0, 0x0, 0x0, 0xe,
    0x0, 0x3, 0xa0, 0x0, 0x0, 0xe, 0x0, 0x3,
    0xa0, 0x0, 0x0, 0x2c, 0x0, 0x3, 0xa0, 0x0,
    0x0, 0x69, 0x0, 0x3, 0xa0, 0x12, 0x0, 0xd3,
    0x0, 0x3, 0xa0, 0x39, 0x9, 0xa0, 0x0, 0x3,
    0xb0, 0x57, 0x6a, 0x0, 0x0, 0x1, 0xde, 0xe3,
    0x0, 0x0, 0x0, 0x0, 0x0, 0x0,

    /* U+5141 "允" */
    0x0, 0x0, 0x2b, 0x0, 0x0, 0x0, 0x0, 0x0,
    0xc6, 0x1, 0x0, 0x0, 0x0, 0x7, 0xb0, 0x6,
    0xa0, 0x0, 0x0, 0x3c, 0x0, 0x0, 0xa7, 0x0,
    0x3, 0xe9, 0x89, 0xbc, 0xdf, 0x30, 0x3, 0x86,
    0xf3, 0x2e, 0x3, 0x80, 0x0, 0x0, 0xd0, 0xe,
    0x0, 0x0, 0x0, 0x3, 0xb0, 0xe, 0x0, 0x0,
    0x0, 0xa, 0x50, 0xe, 0x0, 0x38, 0x0, 0x8b,
    0x0, 0xe, 0x0, 0x58, 0x4e, 0x90, 0x0, 0xb,
    0xed, 0xe3, 0x1, 0x0, 0x0, 0x0, 0x0, 0x0,

    /* U+5145 "充" */
    0x0, 0x0, 0x9, 0x40, 0x0, 0x0, 0x0, 0x0,
    0x3, 0xb0, 0x0, 0x0, 0x2d, 0xdd, 0xfe, 0xdd,
    0xdd, 0xd3, 0x0, 0x6, 0xb0, 0x6, 0x40, 0x0,
    0x0, 0x5c, 0x0, 0x1, 0xc6, 0x0, 0x5, 0xfd,
    0xcd, 0xde, 0xdd, 0x60, 0x1, 0x32, 0xf0, 0x2d,
    0x0, 0x60, 0x0, 0x2, 0xd0, 0x2d, 0x0, 0x0,
    0x0, 0x9, 0x80, 0x2d, 0x0, 0x54, 0x0, 0x6d,
    0x10, 0x2d, 0x0, 0x76, 0x1d, 0xb1, 0x0, 0xd,
    0xdd, 0xd1, 0x2, 0x0, 0x0, 0x0, 0x0, 0x0,

    /* U+5148 "先" */
    0x0, 0x9, 0x4, 0xa0, 0x0, 0x0, 0x0, 0x4c,
    0x4, 0xa0, 0x0, 0x0, 0x0, 0xae, 0xde, 0xfd,
    0xdd, 0x80, 0x3, 0xd0, 0x4, 0xa0, 0x0, 0x0,
    0x2, 0x30, 0x4, 0xa0, 0x0, 0x0, 0x1d, 0xdd,
    0xee, 0xee, 0xed, 0xd6, 0x0, 0x0, 0xe0, 0xb,
    0x20, 0x0, 0x0, 0x3, 0xb0, 0xb, 0x20, 0x0,
    0x0, 0xa, 0x50, 0xb, 0x20, 0x25, 0x0, 0x7c,
    0x0, 0xb, 0x30, 0x48, 0xd, 0xa0, 0x0, 0x7,
    0xed, 0xe3, 0x1, 0x0, 0x0, 0x0, 0x0, 0x0,

    /* U+5149 "光" */
    0x0, 0x40, 0x4, 0xa0, 0x3, 0x40, 0x0, 0xb4,
    0x4, 0xa0, 0xc, 0x40, 0x0, 0x2c, 0x4, 0xa0,
    0x4b, 0x0, 0x0, 0x7, 0x4, 0xa0, 0x51, 0x0,
    0x1b, 0xbb, 0xbc, 0xeb, 0xbb, 0xb6, 0x2, 0x22,
    0xf2, 0x2c, 0x42, 0x21, 0x0, 0x1, 0xd0, 0xb,
    0x20, 0x0, 0x0, 0x6, 0x90, 0xb, 0x20, 0x0,
    0x0, 0xd, 0x30, 0xb, 0x20, 0x18, 0x2, 0xc7,
    0x0, 0xb, 0x20, 0x39, 0x2d, 0x50, 0x0, 0x7,
    0xed, 0xe4, 0x0, 0x0, 0x0, 0x0, 0x0, 0x0,

    /* U+514B "克" */
    0x0, 0x0, 0x7, 0x60, 0x0, 0x0, 0x2d, 0xdd,
    0xde, 0xed, 0xdd, 0xd2, 0x0, 0x0, 0x7, 0x60,
    0x0, 0x0, 0x0, 0xac, 0xce, 0xec, 0xcb, 0x0,
    0x0, 0xd0, 0x0, 0x0, 0xe, 0x0, 0x0, 0xd0,
    0x0, 0x0, 0xe, 0x0, 0x0, 0xbd, 0xfd, 0xde,
    0xdc, 0x0, 0x0, 0x1, 0xd0, 0x3b, 0x0, 0x0,
    0x0, 0x8, 0x90, 0x3b, 0x0, 0x33, 0x0, 0x7d,
    0x10, 0x3b, 0x0, 0x76, 0x3e, 0x91, 0x0, 0xd,
    0xed, 0xe2, 0x0, 0x0, 0x0, 0x0, 0x0, 0x0,

    /* U+514D "免" */
    0x0, 0x2, 0xc0, 0x0, 0x0, 0x0, 0x0, 0xc,
    0xcc, 0xcf, 0x50, 0x0, 0x1, 0xc6, 0x0, 0x4b,
    0x0, 0x0, 0x1d, 0xfd, 0xdd, 0xfd, 0xdd, 0xd0,
    0x2, 0xe0, 0x2, 0xd0, 0x1, 0xd0, 0x0, 0xe0,
    0x4, 0xa0, 0x1, 0xd0, 0x0, 0xcc, 0xcf, 0xef,
    0xcc, 0xb0, 0x0, 0x0, 0xe, 0x2d, 0x0, 0x0,
    0x0, 0x0, 0xb8, 0xd, 0x0, 0x4, 0x0, 0x4c,
    0x90, 0xe, 0x0, 0x2b, 0xd, 0xb3, 0x0, 0xb,
    0xdc, 0xe6, 0x0, 0x0, 0x0, 0x0, 0x0, 0x0,

    /* U+5151 "兑" */
    0x0, 0x1, 0x0, 0x0, 0x10, 0x0, 0x0, 0xd,
    0x20, 0x1, 0xd1, 0x0, 0x0, 0x5, 0xb0, 0x9,
    0x60, 0x0, 0x0, 0xcd, 0xec, 0xdf, 0xdc, 0x10,
    0x0, 0xe0, 0x0, 0x0, 0xd, 0x10, 0x0, 0xe0,
    0x0, 0x0, 0xd, 0x10, 0x0, 0xe2, 0x22, 0x22,
    0x2e, 0x10, 0x0, 0xaa, 0xeb, 0xaf, 0xaa, 0x0,
    0x0, 0x0, 0xe0, 0x1d, 0x0, 0x0, 0x0, 0x4,
    0xb0, 0x1d, 0x0, 0x10, 0x0, 0x3d, 0x30, 0x1d,
    0x0, 0x67, 0xc, 0xc3, 0x0, 0xc, 0xdd, 0xd2,
    0x1, 0x0, 0x0, 0x0, 0x0, 0x0,

    /* U+5165 "入" */
    0x0, 0x2, 0x70, 0x0, 0x0, 0x0, 0x0, 0x1,
    0xd8, 0x0, 0x0, 0x0, 0x0, 0x0, 0x1d, 0x40,
    0x0, 0x0, 0x0, 0x0, 0xb, 0xd0, 0x0, 0x0,
    0x0, 0x0, 0xf, 0xa6, 0x0, 0x0, 0x0, 0x0,
    0x6a, 0x1e, 0x10, 0x0, 0x0, 0x0, 0xd4, 0x8,
    0x80, 0x0, 0x0, 0x7, 0xb0, 0x1, 0xe2, 0x0,
    0x0, 0x5e, 0x10, 0x0, 0x5d, 0x10, 0x8, 0xe2,
    0x0, 0x0, 0x8, 0xe3, 0x2a, 0x10, 0x0, 0x0,
    0x0, 0x53,

    /* U+5168 "全" */
    0x0, 0x0, 0x1, 0x10, 0x0, 0x0, 0x0, 0x0,
    0xb, 0xc0, 0x0, 0x0, 0x0, 0x0, 0xa7, 0x7b,
    0x0, 0x0, 0x0, 0x1b, 0x80, 0x7, 0xc1, 0x0,
    0x7, 0xe5, 0x0, 0x0, 0x4e, 0x60, 0x6b, 0xac,
    0xcc, 0xcc, 0xcb, 0xb7, 0x0, 0x0, 0x7, 0x70,
    0x0, 0x0, 0x0, 0x0, 0x7, 0x70, 0x0, 0x0,
    0x0, 0x7c, 0xce, 0xec, 0xc8, 0x0, 0x0, 0x0,
    0x7, 0x70, 0x0, 0x0, 0x0, 0x0, 0x7, 0x70,
    0x0, 0x0, 0x1c, 0xcc, 0xce, 0xec, 0xcc, 0xc1,

    /* U+516B "八" */
    0x0, 0x0, 0x0, 0x2, 0x0, 0x0, 0x0, 0x5,
    0x80, 0xe, 0x0, 0x0, 0x0, 0x7, 0x70, 0xc,
    0x10, 0x0, 0x0, 0x9, 0x50, 0xa, 0x40, 0x0,
    0x0, 0xc, 0x20, 0x7, 0x70, 0x0, 0x0, 0xe,
    0x0, 0x3, 0xc0, 0x0, 0x0, 0x4b, 0x0, 0x0,
    0xd2, 0x0, 0x0, 0xb4, 0x0, 0x0, 0x78, 0x0,
    0x3, 0xd0, 0x0, 0x0, 0x1e, 0x20, 0x1d, 0x30,
    0x0, 0x0, 0x6, 0xc1, 0x46, 0x0, 0x0, 0x0,
    0x0, 0x75,

    /* U+516C "公" */
    0x0, 0x2, 0x50, 0x6, 0x20, 0x0, 0x0, 0xb,
    0x60, 0x5, 0xb0, 0x0, 0x0, 0x3d, 0x0, 0x0,
    0xb6, 0x0, 0x1, 0xd4, 0x1, 0x0, 0x2e, 0x30,
    0x1d, 0x60, 0xd, 0x50, 0x4, 0xe3, 0x6, 0x0,
    0x6b, 0x0, 0x0, 0x51, 0x0, 0x1, 0xe2, 0x3,
    0x30, 0x0, 0x0, 0xa, 0x60, 0x3, 0xd1, 0x0,
    0x0, 0x7a, 0x0, 0x1, 0x9b, 0x0, 0x3, 0xfe,
    0xee, 0xdc, 0xbd, 0x60, 0x0, 0x31, 0x0, 0x0,
    0x2, 0xb0, 0x0, 0x0, 0x0, 0x0, 0x0, 0x0,

    /* U+516D "六" */
    0x0, 0x0, 0x0, 0x0, 0x0, 0x0, 0x0, 0x0,
    0xa, 0x40, 0x0, 0x0, 0x0, 0x0, 0x5, 0xc0,
    0x0, 0x0, 0x0, 0x0, 0x0, 0xa0, 0x0, 0x0,
    0x1e, 0xee, 0xee, 0xee, 0xee, 0xe8, 0x0, 0x0,
    0x0, 0x0, 0x0, 0x0, 0x0, 0x2, 0x60, 0x3,
    0x60, 0x0, 0x0, 0xa, 0x70, 0x1, 0xe3, 0x0,
    0x0, 0x3e, 0x0, 0x0, 0x4d, 0x0, 0x0, 0xd5,
    0x0, 0x0, 0xa, 0x80, 0xa, 0xa0, 0x0, 0x0,
    0x1, 0xe2, 0xa, 0x0, 0x0, 0x0, 0x0, 0x64,

    /* U+5171 "共" */
    0x0, 0x6, 0x70, 0x0, 0xd0, 0x0, 0x0, 0x6,
    0x70, 0x0, 0xd0, 0x0, 0x8, 0xbd, 0xdb, 0xbc,
    0xfb, 0xb2, 0x1, 0x17, 0x81, 0x12, 0xd1, 0x10,
    0x0, 0x6, 0x70, 0x0, 0xd0, 0x0, 0x0, 0x6,
    0x70, 0x0, 0xd0, 0x0, 0x2d, 0xde, 0xed, 0xde,
    0xfd, 0xd9, 0x0, 0x0, 0x20, 0x1, 0x10, 0x0,
    0x0, 0xa, 0x90, 0x4, 0xd4, 0x0, 0x2, 0xb9,
    0x0, 0x0, 0x2d, 0x60, 0x9, 0x50, 0x0, 0x0,
    0x1, 0xb2,

    /* U+5173 "关" */
    0x0, 0x0, 0x0, 0x0, 0x10, 0x0, 0x0, 0x1d,
    0x0, 0x0, 0xd3, 0x0, 0x0, 0x7, 0x70, 0x6,
    0xa0, 0x0, 0x5, 0xbc, 0xcb, 0xbe, 0xdb, 0x60,
    0x1, 0x22, 0x28, 0x92, 0x22, 0x10, 0x0, 0x0,
    0x7, 0x80, 0x0, 0x0, 0x2b, 0xbb, 0xbd, 0xdb,
    0xbb, 0xb2, 0x2, 0x22, 0x3e, 0xf4, 0x22, 0x20,
    0x0, 0x0, 0x6c, 0x5a, 0x0, 0x0, 0x0, 0x8,
    0xe2, 0x7, 0xb1, 0x0, 0x7, 0xda, 0x10, 0x0,
    0x6d, 0x82, 0x19, 0x20, 0x0, 0x0, 0x0, 0x71,

    /* U+5174 "兴" */
    0x0, 0x0, 0x35, 0x0, 0x0, 0x30, 0x9, 0x0,
    0x2d, 0x0, 0x1, 0xe2, 0x8, 0x80, 0xb, 0x40,
    0x8, 0x90, 0x0, 0xe1, 0x6, 0x90, 0x1e, 0x10,
    0x0, 0x86, 0x0, 0x0, 0xb6, 0x0, 0x1, 0x11,
    0x11, 0x11, 0x71, 0x10, 0x1c, 0xcc, 0xcc, 0xcc,
    0xcc, 0xc7, 0x0, 0x3, 0x40, 0x1, 0x50, 0x0,
    0x0, 0x2e, 0x30, 0x0, 0xc7, 0x0, 0x2, 0xd5,
    0x0, 0x0, 0xb, 0x80, 0xd, 0x40, 0x0, 0x0,
    0x0, 0xc4, 0x0, 0x0, 0x0, 0x0, 0x0, 0x0,

    /* U+5175 "兵" */
    0x0, 0x0, 0x12, 0x35, 0x78, 0x0, 0x0, 0x2f,
    0xcb, 0xa8, 0x63, 0x0, 0x0, 0x2b, 0x0, 0x0,
    0x0, 0x0, 0x0, 0x2b, 0x0, 0x0, 0x0, 0x0,
    0x0, 0x2f, 0xdd, 0xdd, 0xdd, 0xa0, 0x0, 0x2b,
    0x0, 0x3, 0xa0, 0x0, 0x0, 0x2b, 0x0, 0x3,
    0xa0, 0x0, 0x0, 0x2b, 0x0, 0x3, 0xa0, 0x0,
    0x2d, 0xdd, 0xdd, 0xdd, 0xdd, 0xd9, 0x0, 0x3,
    0x80, 0x7, 0x50, 0x0, 0x0, 0x7d, 0x30, 0x1,
    0xac, 0x20, 0xc, 0x91, 0x0, 0x0, 0x5, 0xd1,
    0x0, 0x0, 0x0, 0x0, 0x0, 0x0,

    /* U+5176 "其" */
    0x0, 0xe, 0x0, 0x0, 0x85, 0x0, 0xa, 0xdf,
    0xdd, 0xdd, 0xee, 0xd3, 0x0, 0xe, 0x0, 0x0,
    0x85, 0x0, 0x0, 0xe, 0xcc, 0xcc, 0xe5, 0x0,
    0x0, 0xe, 0x0, 0x0, 0x85, 0x0, 0x0, 0xe,
    0xcc, 0xcc, 0xe5, 0x0, 0x0, 0xe, 0x0, 0x0,
    0x85, 0x0, 0x1a, 0xaf, 0xaa, 0xaa, 0xdc, 0xa6,
    0x2, 0x24, 0xa3, 0x27, 0x62, 0x21, 0x3, 0x9d,
    0x50, 0x2, 0x9d, 0x60, 0x9, 0x40, 0x0, 0x0,
    0x1, 0x82,

    /* U+5177 "具" */
    0x0, 0x3e, 0xbb, 0xbb, 0xcd, 0x0, 0x0, 0x39,
    0x0, 0x0, 0xd, 0x0, 0x0, 0x3e, 0xbb, 0xbb,
    0xbd, 0x0, 0x0, 0x39, 0x0, 0x0, 0xd, 0x0,
    0x0, 0x3e, 0xaa, 0xaa, 0xbd, 0x0, 0x0, 0x3c,
    0x55, 0x55, 0x6d, 0x0, 0x0, 0x3b, 0x44, 0x44,
    0x4d, 0x0, 0x1b, 0xce, 0xbb, 0xbb, 0xcf, 0xb7,
    0x1, 0x17, 0x91, 0x15, 0xb4, 0x10, 0x4, 0xcb,
    0x10, 0x0, 0x4c, 0xa1, 0x19, 0x30, 0x0, 0x0,
    0x0, 0x65,

    /* U+517B "养" */
    0x0, 0x0, 0x0, 0x0, 0x0, 0x0, 0x0, 0xc,
    0x20, 0x6, 0xa0, 0x0, 0xb, 0xbd, 0xdb, 0xbf,
    0xcb, 0x80, 0x0, 0x22, 0x2c, 0x52, 0x22, 0x0,
    0x2, 0x77, 0xad, 0x77, 0x77, 0x0, 0x49, 0x99,
    0xdc, 0x99, 0x99, 0x90, 0x12, 0x3d, 0x82, 0x2b,
    0x92, 0x20, 0x5, 0xdd, 0x20, 0x7, 0xda, 0x20,
    0x7a, 0x28, 0x50, 0xd, 0x16, 0xc1, 0x0, 0xc,
    0x30, 0xd, 0x10, 0x0, 0x0, 0x8b, 0x0, 0xd,
    0x10, 0x0, 0x9, 0x90, 0x0, 0xd, 0x10, 0x0,
    0x0, 0x0, 0x0, 0x0, 0x0, 0x0,

    /* U+517C "兼" */
    0x0, 0x1, 0x0, 0x0, 0x0, 0x0, 0x0, 0x3d,
    0x20, 0x0, 0xb7, 0x0, 0x8, 0x8c, 0xc8, 0x8a,
    0xf8, 0x83, 0x3, 0x33, 0xc5, 0x4d, 0x33, 0x31,
    0x3, 0xbb, 0xec, 0xbf, 0xbb, 0x30, 0x0, 0x0,
    0xb2, 0x1c, 0x8, 0x50, 0x1c, 0xcc, 0xed, 0xcf,
    0xce, 0xd7, 0x0, 0x0, 0xb2, 0x1c, 0x8, 0x50,
    0x4, 0xbc, 0xfc, 0xbf, 0xcc, 0x40, 0x0, 0x1c,
    0xd2, 0x1d, 0xc4, 0x0, 0x5, 0xd3, 0xb2, 0x1c,
    0x1b, 0xa2, 0x19, 0x10, 0xb2, 0x1c, 0x0, 0x55,

    /* U+517D "兽" */
    0x0, 0x0, 0x0, 0x0, 0x0, 0x0, 0x0, 0x5,
    0x80, 0x1, 0xd0, 0x0, 0x1, 0x88, 0xe8, 0x8c,
    0xb8, 0x40, 0x3, 0xb2, 0x25, 0xb2, 0x26, 0x90,
    0x3, 0xd9, 0x9b, 0xd9, 0x9b, 0x90, 0x3, 0xa0,
    0x3, 0xa0, 0x5, 0x90, 0x2, 0x99, 0x99, 0x99,
    0x99, 0x50, 0x19, 0x99, 0x99, 0x99, 0x99, 0x96,
    0x1, 0x33, 0x33, 0x33, 0x33, 0x20, 0x0, 0xca,
    0x99, 0x99, 0x9d, 0x30, 0x0, 0xc9, 0x88, 0x88,
    0x8d, 0x30, 0x0, 0xc3, 0x11, 0x11, 0x1a, 0x30,

    /* U+5185 "内" */
    0x0, 0x0, 0xa4, 0x0, 0x0, 0x0, 0x0, 0xa4,
    0x0, 0x0, 0xee, 0xee, 0xfe, 0xee, 0xf6, 0xe0,
    0x0, 0xb2, 0x0, 0x76, 0xe0, 0x0, 0xe3, 0x0,
    0x76, 0xe0, 0x5, 0xbd, 0x20, 0x76, 0xe0, 0x1d,
    0x12, 0xd2, 0x76, 0xe4, 0xe5, 0x0, 0x3d, 0x86,
    0xe2, 0x20, 0x0, 0x2, 0x76, 0xe0, 0x0, 0x0,
    0x0, 0x86, 0xe0, 0x0, 0x0, 0x5e, 0xd3,

    /* U+518C "册" */
    0x5, 0xed, 0xf0, 0xad, 0xdf, 0x0, 0x5, 0x70,
    0xc0, 0xa2, 0xe, 0x0, 0x5, 0x70, 0xc0, 0xa2,
    0xe, 0x0, 0x5, 0x70, 0xc0, 0xa2, 0xe, 0x0,
    0x16, 0x81, 0xd2, 0xb4, 0x1e, 0x10, 0x8d, 0xdc,
    0xfc, 0xec, 0xcf, 0xc3, 0x7, 0x50, 0xc0, 0xc1,
    0xe, 0x0, 0x9, 0x30, 0xc0, 0xd0, 0xe, 0x0,
    0xd, 0x10, 0xc3, 0xc0, 0xe, 0x0, 0x4c, 0x0,
    0xd9, 0x60, 0xe, 0x0, 0x84, 0x2c, 0xcb, 0x4,
    0xcd, 0x0, 0x0, 0x0, 0x0, 0x0, 0x10, 0x0,

    /* U+518D "再" */
    0xb, 0xdd, 0xde, 0xed, 0xdd, 0xd4, 0x0, 0x0,
    0x4, 0x90, 0x0, 0x0, 0x0, 0x11, 0x15, 0xa1,
    0x11, 0x0, 0x0, 0xdb, 0xbc, 0xeb, 0xbe, 0x40,
    0x0, 0xd0, 0x4, 0x90, 0x9, 0x40, 0x0, 0xdc,
    0xcd, 0xec, 0xce, 0x40, 0x0, 0xd0, 0x4, 0x90,
    0x9, 0x40, 0x4d, 0xfd, 0xde, 0xfd, 0xde, 0xea,
    0x0, 0xd0, 0x0, 0x0, 0x9, 0x40, 0x0, 0xd0,
    0x0, 0x0, 0x9, 0x40, 0x0, 0xd0, 0x0, 0x6,
    0xdd, 0x20,

    /* U+5192 "冒" */
    0xcb, 0xaa, 0xaa, 0xaa, 0xc8, 0xc1, 0x0, 0x0,
    0x0, 0x58, 0xc2, 0xaa, 0xaa, 0xa9, 0x58, 0xc2,
    0x77, 0x77, 0x77, 0x58, 0x0, 0x0, 0x0, 0x0,
    0x0, 0xd, 0xaa, 0xaa, 0xab, 0xa0, 0xe, 0x55,
    0x55, 0x57, 0xb0, 0xe, 0x44, 0x44, 0x46, 0xb0,
    0xe, 0xaa, 0xaa, 0xab, 0xb0, 0xe, 0x0, 0x0,
    0x3, 0xb0, 0xe, 0x99, 0x99, 0x9a, 0xb0,

    /* U+5199 "写" */
    0xfd, 0xdd, 0xdd, 0xdd, 0xdf, 0xe0, 0x66, 0x0,
    0x0, 0xe, 0x50, 0x95, 0x0, 0x0, 0x5, 0x0,
    0xcc, 0xcc, 0xcc, 0x60, 0x0, 0xe0, 0x0, 0x0,
    0x0, 0x3, 0xfc, 0xcc, 0xcc, 0xa0, 0x0, 0x0,
    0x0, 0x2, 0xb0, 0xab, 0xbb, 0xbb, 0xa4, 0x90,
    0x11, 0x11, 0x11, 0x16, 0x70, 0x0, 0x0, 0x0,
    0xa, 0x40, 0x0, 0x0, 0x3d, 0xdc, 0x0, 0x0,
    0x0, 0x0, 0x0, 0x0,

    /* U+51AC "冬" */
    0x0, 0x0, 0x0, 0x0, 0x0, 0x0, 0x0, 0x0,
    0xc5, 0x0, 0x0, 0x0, 0x0, 0x8, 0xec, 0xcc,
    0xd5, 0x0, 0x0, 0x7f, 0x60, 0x4, 0xc0, 0x0,
    0xa, 0xb1, 0xb6, 0x6c, 0x10, 0x0, 0x3, 0x0,
    0x4f, 0xf4, 0x0, 0x0, 0x1, 0x6c, 0xb4, 0x4c,
    0xc6, 0x30, 0x3d, 0x83, 0x55, 0x0, 0x38, 0xc3,
    0x0, 0x0, 0x28, 0xdb, 0x30, 0x0, 0x0, 0x6,
    0x20, 0x3, 0x20, 0x0, 0x0, 0x16, 0xbd, 0x94,
    0x0, 0x0, 0x0, 0x0, 0x0, 0x4a, 0xb0, 0x0,
    0x0, 0x0, 0x0, 0x0, 0x0, 0x0,

    /* U+51B0 "冰" */
    0x0, 0x0, 0x0, 0xe, 0x0, 0x0, 0x2d, 0x40,
    0x0, 0xe, 0x0, 0x0, 0x2, 0xc1, 0x0, 0xf,
    0x0, 0x61, 0x0, 0x7, 0xee, 0x7f, 0x56, 0xc0,
    0x0, 0x0, 0x9, 0x5f, 0xdc, 0x0, 0x0, 0x41,
    0xe, 0x1e, 0xa2, 0x0, 0x0, 0xd1, 0x4b, 0xe,
    0x39, 0x0, 0x7, 0x70, 0xc3, 0xe, 0xb, 0x40,
    0x2e, 0xa, 0x90, 0xe, 0x1, 0xe6, 0x4, 0x6,
    0x0, 0xe, 0x0, 0x14, 0x0, 0x0, 0x8, 0xea,
    0x0, 0x0, 0x0, 0x0, 0x0, 0x0, 0x0, 0x0,

    /* U+51B2 "冲" */
    0x1, 0x0, 0x0, 0xe, 0x0, 0x1, 0xd5, 0x0,
    0x0, 0xe0, 0x0, 0x1, 0xd1, 0xde, 0xef, 0xee,
    0xe0, 0x0, 0xe, 0x0, 0xe0, 0xe, 0x0, 0x0,
    0xe0, 0xe, 0x0, 0xe0, 0x4, 0x1e, 0x0, 0xe0,
    0xe, 0x0, 0xe1, 0xfe, 0xef, 0xee, 0xf0, 0x79,
    0x7, 0x0, 0xe0, 0x7, 0x2e, 0x10, 0x0, 0xe,
    0x0, 0x3, 0x50, 0x0, 0x0, 0xe0, 0x0, 0x0,
    0x0, 0x0, 0xe, 0x0, 0x0,

    /* U+51B3 "决" */
    0x4, 0x0, 0x0, 0x3b, 0x0, 0x0, 0xa, 0x60,
    0x0, 0x3b, 0x0, 0x0, 0x0, 0xd2, 0x9d, 0xef,
    0xde, 0x80, 0x0, 0x20, 0x0, 0x3b, 0x5, 0x80,
    0x0, 0x0, 0x0, 0x4b, 0x5, 0x80, 0x0, 0x11,
    0xcc, 0xde, 0xcd, 0xe9, 0x0, 0xa4, 0x11, 0x9d,
    0x81, 0x11, 0x2, 0xd0, 0x0, 0xe2, 0xd1, 0x0,
    0xa, 0x50, 0xa, 0x70, 0x7a, 0x0, 0x2c, 0x2,
    0xb9, 0x0, 0xa, 0xb3, 0x0, 0x5, 0x50, 0x0,
    0x0, 0x55,

    /* U+51B5 "况" */
    0x19, 0x0, 0xcd, 0xdd, 0xde, 0xc0, 0xa, 0x90,
    0xc0, 0x0, 0x2, 0xc0, 0x0, 0xc2, 0xc0, 0x0,
    0x2, 0xc0, 0x0, 0x0, 0xc0, 0x0, 0x2, 0xc0,
    0x0, 0x0, 0xc3, 0x22, 0x24, 0xc0, 0x0, 0x51,
    0x8d, 0xda, 0xfa, 0x80, 0x1, 0xd0, 0x8, 0x60,
    0xd0, 0x0, 0xa, 0x50, 0xa, 0x40, 0xd0, 0x0,
    0x4c, 0x0, 0xe, 0x0, 0xd0, 0x24, 0x52, 0x0,
    0xb7, 0x0, 0xd0, 0x48, 0x0, 0x1d, 0x70, 0x0,
    0xbd, 0xe4, 0x0, 0x0, 0x0, 0x0, 0x0, 0x0,

    /* U+51B7 "冷" */
    0x0, 0x0, 0x0, 0x2, 0x0, 0x0, 0x27, 0x0,
    0x0, 0x7e, 0x0, 0x0, 0xc, 0x40, 0x3, 0xd7,
    0xa0, 0x0, 0x3, 0xc0, 0x3d, 0x30, 0x98, 0x0,
    0x0, 0x15, 0xe4, 0x56, 0x9, 0xb1, 0x0, 0x8,
    0x20, 0xa, 0x10, 0x61, 0x0, 0x20, 0x7a, 0xaa,
    0xab, 0x30, 0x2, 0xd0, 0x12, 0x22, 0x5d, 0x0,
    0x8, 0x70, 0x1, 0x1, 0xd3, 0x0, 0xe, 0x10,
    0x7, 0xbd, 0x40, 0x0, 0x59, 0x0, 0x0, 0x3d,
    0x40, 0x0, 0x0, 0x0, 0x0, 0x1, 0x80, 0x0,

    /* U+51C0 "净" */
    0x0, 0x0, 0x0, 0x0, 0x0, 0x0, 0x22, 0x0,
    0xc, 0x40, 0x0, 0x0, 0x3d, 0x0, 0x5e, 0xcc,
    0xe0, 0x0, 0x8, 0x83, 0xe2, 0x7, 0x70, 0x0,
    0x0, 0x4c, 0xcc, 0xde, 0xde, 0x50, 0x0, 0x0,
    0x0, 0x57, 0x7, 0x50, 0x0, 0xb, 0xcc, 0xee,
    0xce, 0xe3, 0x1, 0xc0, 0x0, 0x57, 0x7, 0x50,
    0x7, 0x80, 0xdd, 0xee, 0xde, 0x50, 0xd, 0x20,
    0x0, 0x57, 0x3, 0x20, 0x6b, 0x0, 0x0, 0x57,
    0x0, 0x0, 0x12, 0x0, 0xc, 0xd4, 0x0, 0x0,
    0x0, 0x0, 0x0, 0x0, 0x0, 0x0,

    /* U+51C6 "准" */
    0x32, 0x0, 0x2a, 0xc, 0x0, 0x0, 0x3d, 0x0,
    0x96, 0x9, 0x50, 0x0, 0x8, 0x71, 0xfc, 0xce,
    0xcc, 0xc0, 0x1, 0x3c, 0xf0, 0xa, 0x20, 0x0,
    0x0, 0x79, 0xdb, 0xbe, 0xcb, 0x80, 0x0, 0x0,
    0xd0, 0xb, 0x30, 0x0, 0x1, 0xc0, 0xd0, 0xa,
    0x20, 0x0, 0x7, 0x80, 0xdc, 0xce, 0xdc, 0x80,
    0xe, 0x20, 0xd0, 0xa, 0x20, 0x0, 0x6a, 0x0,
    0xdc, 0xcf, 0xdc, 0xc3, 0x1, 0x0, 0xd0, 0x0,
    0x0, 0x0,

    /* U+51C9 "凉" */
    0x0, 0x0, 0x0, 0x0, 0x0, 0x0, 0x24, 0x0,
    0x0, 0x59, 0x0, 0x0, 0x1d, 0x15, 0xbb, 0xbf,
    0xbb, 0xb0, 0x7, 0x91, 0x22, 0x22, 0x22, 0x20,
    0x0, 0x90, 0x9c, 0xcc, 0xcd, 0x30, 0x0, 0x0,
    0xb2, 0x0, 0x9, 0x40, 0x0, 0x0, 0xb3, 0x11,
    0x1a, 0x40, 0x0, 0xb0, 0x7a, 0xbe, 0xaa, 0x30,
    0x5, 0xa0, 0x53, 0x2c, 0x7, 0x0, 0xc, 0x30,
    0xd1, 0x2c, 0x8, 0x60, 0x4c, 0xa, 0x60, 0x2c,
    0x0, 0xd0, 0x12, 0x2, 0x8, 0xd9, 0x0, 0x10,

    /* U+51CC "凌" */
    0x22, 0x0, 0x0, 0x49, 0x0, 0x0, 0x3c, 0x0,
    0xcc, 0xde, 0xcc, 0x30, 0x9, 0x60, 0x0, 0x49,
    0x0, 0x0, 0x1, 0x58, 0xcc, 0xcc, 0xcc, 0xc0,
    0x0, 0x0, 0x4b, 0x10, 0xa7, 0x0, 0x0, 0x7,
    0x92, 0xa0, 0x6, 0xa0, 0x3, 0x90, 0xc, 0xdb,
    0xba, 0x0, 0xa, 0x43, 0xdd, 0x30, 0x87, 0x0,
    0x1d, 0x6, 0x22, 0xda, 0x90, 0x0, 0x97, 0x0,
    0x38, 0xdc, 0xb6, 0x10, 0x10, 0x1c, 0xa5, 0x0,
    0x39, 0xd2,

    /* U+51CF "减" */
    0x0, 0x0, 0x0, 0x0, 0x0, 0x0, 0x21, 0x0,
    0x0, 0x1, 0xaa, 0x30, 0x3a, 0x0, 0x0, 0x1,
    0xb0, 0x90, 0xb, 0x3a, 0xdc, 0xcd, 0xfc, 0xc2,
    0x3, 0x3a, 0x34, 0x43, 0xc0, 0x20, 0x0, 0xa,
    0x45, 0x54, 0xc0, 0xc0, 0x0, 0xb, 0x4b, 0xb7,
    0xc5, 0x80, 0x5, 0x7c, 0x47, 0xa, 0xac, 0x20,
    0xb, 0x2c, 0x37, 0xa, 0x8a, 0x0, 0x2c, 0xc,
    0x3d, 0xb8, 0xc8, 0x33, 0x95, 0x58, 0x12, 0x1b,
    0x4c, 0x74, 0x20, 0x91, 0x0, 0x83, 0x6, 0xd0,
    0x0, 0x0, 0x0, 0x0, 0x0, 0x0,

    /* U+51D1 "凑" */
    0x0, 0x0, 0x0, 0x0, 0x0, 0x0, 0x32, 0x0,
    0x0, 0x77, 0x0, 0x0, 0x3c, 0x5, 0xbb, 0xec,
    0xbb, 0x90, 0x9, 0x70, 0x11, 0xd2, 0x11, 0x0,
    0x1, 0x71, 0x9b, 0xd9, 0x99, 0x40, 0x0, 0x8,
    0x8c, 0xb8, 0x88, 0x81, 0x0, 0x2, 0xba, 0x22,
    0xa9, 0x20, 0x2, 0x9c, 0xb9, 0xdd, 0xa7, 0xc2,
    0x7, 0x73, 0x11, 0x97, 0x11, 0x30, 0xd, 0x20,
    0x8a, 0xea, 0x99, 0x30, 0x5b, 0x0, 0x2c, 0x49,
    0xb5, 0x0, 0x33, 0x8, 0xc4, 0x0, 0x19, 0x90,
    0x0, 0x0, 0x0, 0x0, 0x0, 0x0,

    /* U+51E0 "几" */
    0x0, 0xf, 0xdd, 0xde, 0xd0, 0x0, 0x0, 0xe,
    0x0, 0x1, 0xd0, 0x0, 0x0, 0xe, 0x0, 0x1,
    0xd0, 0x0, 0x0, 0xe, 0x0, 0x1, 0xd0, 0x0,
    0x0, 0xe, 0x0, 0x1, 0xd0, 0x0, 0x0, 0xe,
    0x0, 0x1, 0xd0, 0x0, 0x0, 0x2c, 0x0, 0x1,
    0xd0, 0x0, 0x0, 0x68, 0x0, 0x1, 0xd0, 0x11,
    0x0, 0xd2, 0x0, 0x1, 0xd0, 0x39, 0x7, 0xb0,
    0x0, 0x0, 0xe0, 0x58, 0x3d, 0x10, 0x0, 0x0,
    0xbe, 0xe3, 0x1, 0x0, 0x0, 0x0, 0x0, 0x0,

    /* U+51E1 "凡" */
    0x0, 0xf, 0xee, 0xee, 0xf0, 0x0, 0x0, 0xe,
    0x0, 0x0, 0xe0, 0x0, 0x0, 0xe, 0x0, 0x0,
    0xe0, 0x0, 0x0, 0xe, 0x63, 0x0, 0xe0, 0x0,
    0x0, 0xe, 0x2d, 0x20, 0xe0, 0x0, 0x0, 0x1d,
    0x4, 0xd0, 0xe0, 0x0, 0x0, 0x3a, 0x0, 0x73,
    0xe0, 0x0, 0x0, 0x77, 0x0, 0x0, 0xe0, 0x2,
    0x0, 0xd2, 0x0, 0x0, 0xe0, 0x1b, 0x7, 0xb0,
    0x0, 0x0, 0xe0, 0x3a, 0x2d, 0x10, 0x0, 0x0,
    0xae, 0xe5, 0x1, 0x0, 0x0, 0x0, 0x0, 0x0,

    /* U+51ED "凭" */
    0x0, 0x3, 0x0, 0x0, 0x0, 0x0, 0x0, 0x4b,
    0x57, 0x9b, 0xba, 0x40, 0x1, 0xd2, 0x33, 0x1e,
    0x0, 0x0, 0x2d, 0xe3, 0x99, 0x9f, 0x99, 0x93,
    0x44, 0xd1, 0x22, 0x2e, 0x22, 0x20, 0x0, 0xd0,
    0x55, 0x5e, 0x55, 0x50, 0x0, 0xa0, 0x66, 0x66,
    0x66, 0x60, 0x0, 0x8, 0xaa, 0xaa, 0x70, 0x0,
    0x0, 0xd, 0x32, 0x24, 0xb0, 0x0, 0x0, 0x1e,
    0x0, 0x2, 0xb0, 0x13, 0x1, 0xb6, 0x0, 0x2,
    0xb0, 0x39, 0x3d, 0x60, 0x0, 0x0, 0xcd, 0xe4,
    0x0, 0x0, 0x0, 0x0, 0x0, 0x0,

    /* U+51F6 "凶" */
    0x0, 0x0, 0x0, 0x0, 0x0, 0x3, 0x20, 0x0,
    0x1d, 0x0, 0x62, 0xd4, 0x0, 0x96, 0x7, 0xe0,
    0x1c, 0x53, 0xc0, 0xe, 0xe0, 0x1, 0xce, 0x30,
    0xe, 0xe0, 0x0, 0xbe, 0x60, 0xe, 0xe0, 0xb,
    0x71, 0xd5, 0xe, 0xe3, 0xd6, 0x0, 0x1e, 0x2e,
    0xe4, 0x30, 0x0, 0x1, 0xe, 0xeb, 0xbb, 0xbb,
    0xbb, 0xbf, 0x11, 0x11, 0x11, 0x11, 0x1e,

    /* U+51FA "出" */
    0x1, 0x0, 0xe1, 0x0, 0x20, 0x58, 0x0, 0xe1,
    0x0, 0xe1, 0x58, 0x0, 0xe1, 0x0, 0xe1, 0x58,
    0x0, 0xe1, 0x0, 0xe1, 0x5f, 0xdd, 0xfe, 0xdd,
    0xf1, 0x0, 0x0, 0xe1, 0x0, 0x0, 0xe1, 0x0,
    0xe1, 0x0, 0x68, 0xe1, 0x0, 0xe1, 0x0, 0x68,
    0xe1, 0x0, 0xe1, 0x0, 0x68, 0xed, 0xdd, 0xfd,
    0xdd, 0xe8, 0x0, 0x0, 0x0, 0x0, 0x78,

    /* U+51FB "击" */
    0x0, 0x0, 0x6, 0x80, 0x0, 0x0, 0x0, 0x0,
    0x6, 0x80, 0x0, 0x0, 0x4, 0xee, 0xef, 0xfe,
    0xee, 0x60, 0x0, 0x0, 0x6, 0x80, 0x0, 0x0,
    0x3, 0x33, 0x38, 0x93, 0x33, 0x30, 0x2a, 0xaa,
    0xad, 0xda, 0xaa, 0xa2, 0x1, 0x60, 0x6, 0x80,
    0x6, 0x20, 0x3, 0xb0, 0x6, 0x80, 0xa, 0x30,
    0x3, 0xb0, 0x6, 0x80, 0xa, 0x30, 0x3, 0xfc,
    0xce, 0xec, 0xcf, 0x30, 0x0, 0x0, 0x0, 0x0,
    0xb, 0x30,

    /* U+5206 "分" */
    0x0, 0x0, 0x0, 0x0, 0x0, 0x0, 0x0, 0x5,
    0xa0, 0x7, 0x70, 0x0, 0x0, 0xd, 0x40, 0x0,
    0xd2, 0x0, 0x0, 0x7b, 0x0, 0x0, 0x5c, 0x0,
    0x7, 0xd1, 0x0, 0x0, 0x9, 0xa0, 0x2e, 0xbc,
    0xcc, 0xcc, 0xca, 0xa4, 0x0, 0x11, 0x88, 0x11,
    0x4b, 0x0, 0x0, 0x0, 0xa4, 0x0, 0x3b, 0x0,
    0x0, 0x0, 0xe0, 0x0, 0x49, 0x0, 0x0, 0x9,
    0x80, 0x0, 0x68, 0x0, 0x0, 0x8c, 0x0, 0x0,
    0x96, 0x0, 0xd, 0x80, 0x0, 0xde, 0xc1, 0x0,
    0x0, 0x0, 0x0, 0x0, 0x0, 0x0,

    /* U+5207 "切" */
    0x0, 0xd0, 0x0, 0x0, 0x0, 0x0, 0x0, 0xd0,
    0xc, 0xdf, 0xdd, 0xf5, 0x0, 0xd0, 0x10, 0xe,
    0x0, 0x95, 0x27, 0xfd, 0xc2, 0xe, 0x0, 0x94,
    0x46, 0xd0, 0x0, 0x1d, 0x0, 0xa4, 0x0, 0xd0,
    0x0, 0x3a, 0x0, 0xa3, 0x0, 0xd0, 0x0, 0x68,
    0x0, 0xb2, 0x0, 0xe7, 0xd3, 0xc3, 0x0, 0xc1,
    0x5, 0xe7, 0x14, 0xc0, 0x0, 0xe0, 0x1, 0x0,
    0x3e, 0x30, 0x2, 0xd0, 0x0, 0x0, 0xd3, 0x2,
    0xee, 0x60, 0x0, 0x0, 0x0, 0x0, 0x0, 0x0,

    /* U+5212 "划" */
    0x0, 0x10, 0x0, 0x0, 0x0, 0x0, 0xd, 0x39,
    0x0, 0x0, 0xd, 0x0, 0xc2, 0x7a, 0x0, 0x80,
    0xd0, 0xb, 0x30, 0x41, 0xd, 0xd, 0x38, 0xdd,
    0xdd, 0xc3, 0xd0, 0xd3, 0x59, 0x70, 0x52, 0xd,
    0xd, 0x0, 0x49, 0x1d, 0x0, 0xd0, 0xd0, 0x1,
    0xda, 0x40, 0xd, 0xd, 0x0, 0xd, 0xa0, 0x0,
    0xc0, 0xd0, 0x5, 0xf7, 0x7, 0x10, 0xd, 0x9,
    0xb2, 0xd1, 0xd1, 0x0, 0xe3, 0x70, 0x4, 0xda,
    0x7, 0xdb, 0x0, 0x0, 0x0, 0x0, 0x0, 0x0,

    /* U+5217 "列" */
    0x2d, 0xef, 0xdd, 0xc0, 0x0, 0xe0, 0x6, 0x70,
    0x0, 0x26, 0xe, 0x0, 0xb6, 0x22, 0x14, 0x90,
    0xe0, 0xe, 0xbb, 0xd7, 0x49, 0xe, 0x8, 0x80,
    0xa, 0x34, 0x90, 0xe1, 0xe4, 0x0, 0xe0, 0x49,
    0xe, 0x4, 0x6d, 0x79, 0x4, 0x90, 0xe0, 0x0,
    0x5f, 0x20, 0x49, 0xe, 0x0, 0x8, 0x90, 0x0,
    0x0, 0xe0, 0x9, 0xb0, 0x0, 0x0, 0xe, 0xb,
    0x70, 0x0, 0x0, 0x5d, 0xb0, 0x0, 0x0, 0x0,
    0x0, 0x0,

    /* U+521A "刚" */
    0xec, 0xcc, 0xcf, 0x0, 0xd, 0xd0, 0x1, 0x5c,
    0x9, 0xd, 0xd8, 0x15, 0x6c, 0xc, 0xd, 0xd3,
    0x9a, 0x1c, 0xc, 0xd, 0xd0, 0xbc, 0xc, 0xc,
    0xd, 0xd0, 0x5a, 0xc, 0xc, 0xd, 0xd0, 0xac,
    0x1c, 0xc, 0xd, 0xd1, 0xb5, 0x6c, 0xc, 0xd,
    0xda, 0x40, 0x6c, 0x0, 0xd, 0xd6, 0x0, 0xd,
    0x0, 0xd, 0xd0, 0x4, 0xcb, 0x6, 0xcb, 0x0,
    0x0, 0x0, 0x0, 0x0,

    /* U+521B "创" */
    0x0, 0x0, 0x0, 0x0, 0x0, 0x0, 0x0, 0x6b,
    0x0, 0x0, 0xe, 0x0, 0x1e, 0xb6, 0x0, 0xa0,
    0xe0, 0xb, 0x60, 0xc5, 0xd, 0xe, 0xc, 0x80,
    0x1, 0xe1, 0xd0, 0xe2, 0x7c, 0xcc, 0xc6, 0xd,
    0xe, 0x1, 0xc0, 0xa, 0x30, 0xd0, 0xe0, 0x1c,
    0x0, 0xc2, 0xd, 0xe, 0x1, 0xc1, 0xcc, 0x0,
    0xa0, 0xe0, 0x1c, 0x0, 0x9, 0x0, 0xe, 0x1,
    0xd0, 0x0, 0xe0, 0x0, 0xe0, 0xa, 0xcc, 0xd8,
    0x8, 0xdb, 0x0, 0x0, 0x0, 0x0, 0x0, 0x0,

    /* U+5220 "删" */
    0xb, 0xde, 0x3e, 0xe6, 0x0, 0xc0, 0xb0, 0xb3,
    0x85, 0x65, 0x2c, 0xb, 0xb, 0x38, 0x56, 0x73,
    0xc0, 0xb0, 0xb3, 0x85, 0x67, 0x3c, 0x3d, 0x7d,
    0x8b, 0x9a, 0x83, 0xc3, 0xd7, 0xd9, 0xba, 0xa8,
    0x3c, 0xb, 0xb, 0x47, 0x56, 0x73, 0xc0, 0xc0,
    0xb5, 0x65, 0x67, 0x3c, 0xc, 0xb, 0x65, 0x56,
    0x0, 0xc3, 0x90, 0xca, 0x15, 0x60, 0xc, 0x54,
    0xa8, 0x94, 0xc2, 0x1c, 0xc0, 0x0, 0x0, 0x0,
    0x0, 0x0,

    /* U+5224 "判" */
    0x4, 0x8, 0x50, 0x50, 0x0, 0xe0, 0xb3, 0x85,
    0x69, 0x35, 0xe, 0x3, 0xb8, 0x6d, 0x15, 0x70,
    0xe0, 0x79, 0xca, 0xa4, 0x57, 0xe, 0x5, 0x5b,
    0x95, 0x35, 0x70, 0xe0, 0x0, 0x95, 0x0, 0x57,
    0xe, 0x39, 0x9d, 0xb9, 0x85, 0x70, 0xe1, 0x34,
    0xe4, 0x33, 0x57, 0xe, 0x0, 0x4b, 0x0, 0x0,
    0x0, 0xe0, 0x2e, 0x30, 0x0, 0x0, 0xe, 0xb,
    0x50, 0x0, 0x0, 0xce, 0xb0, 0x0, 0x0, 0x0,
    0x0, 0x0,

    /* U+5229 "利" */
    0x0, 0x0, 0x0, 0x0, 0x0, 0x0, 0x14, 0x8c,
    0x80, 0x0, 0xe, 0x7b, 0x9d, 0x10, 0x9, 0x0,
    0xe0, 0x1, 0xc0, 0x0, 0xd0, 0xe, 0x47, 0x8e,
    0x77, 0xd, 0x0, 0xe3, 0x5a, 0xd5, 0x50, 0xd0,
    0xe, 0x0, 0xde, 0x30, 0xd, 0x0, 0xe0, 0x69,
    0xdc, 0x50, 0xd0, 0xe, 0x2d, 0x2c, 0x19, 0xd,
    0x0, 0xeb, 0x31, 0xc0, 0x0, 0x0, 0xe, 0x10,
    0x1c, 0x0, 0x0, 0x0, 0xe0, 0x1, 0xc0, 0x0,
    0xd, 0xe9, 0x0, 0x0, 0x0, 0x0, 0x0, 0x0,

    /* U+522B "别" */
    0xe, 0xcc, 0xce, 0x0, 0x0, 0xe0, 0xd0, 0x0,
    0xd0, 0x71, 0xe, 0xd, 0x0, 0xd, 0xb, 0x20,
    0xe0, 0xd6, 0x66, 0xe0, 0xb2, 0xe, 0x5, 0x79,
    0x65, 0xb, 0x20, 0xe1, 0x36, 0xb3, 0x30, 0xb2,
    0xe, 0x28, 0xbc, 0x8e, 0x1b, 0x20, 0xe0, 0x9,
    0x40, 0xd0, 0xb2, 0xe, 0x0, 0xd0, 0xe, 0x0,
    0x0, 0xe0, 0x88, 0x1, 0xd0, 0x0, 0xe, 0x5a,
    0x8, 0xd6, 0x0, 0xde, 0xa0, 0x0, 0x0, 0x0,
    0x0, 0x0,

    /* U+5230 "到" */
    0x1c, 0xde, 0xcc, 0xc0, 0x0, 0xd0, 0x9, 0x52,
    0x50, 0x48, 0xd, 0x1, 0xc0, 0xc, 0x24, 0x80,
    0xd0, 0xbd, 0xdd, 0xca, 0x48, 0xd, 0x2, 0x13,
    0x20, 0x55, 0x80, 0xd0, 0x0, 0x76, 0x0, 0x48,
    0xd, 0xb, 0xde, 0xed, 0xa4, 0x80, 0xd0, 0x0,
    0x75, 0x0, 0x48, 0xd, 0x0, 0x7, 0x64, 0x61,
    0x10, 0xd1, 0x7a, 0xee, 0xa7, 0x0, 0xe, 0x18,
    0x51, 0x0, 0x0, 0x8d, 0xa0,

    /* U+5236 "制" */
    0x0, 0x0, 0x0, 0x0, 0x0, 0x0, 0x73, 0xb2,
    0x0, 0x0, 0xe, 0xd, 0x6c, 0x75, 0x30, 0xd0,
    0xe4, 0xc7, 0xd9, 0x74, 0xd, 0xe, 0x77, 0x4c,
    0x64, 0x40, 0xd0, 0xe5, 0x88, 0xda, 0x88, 0xd,
    0xe, 0x3, 0x3c, 0x53, 0x20, 0xd0, 0xe1, 0xe9,
    0xea, 0xaa, 0xd, 0xe, 0x1b, 0xb, 0x22, 0xa0,
    0x90, 0xe1, 0xb0, 0xb2, 0x2a, 0x0, 0xe, 0x1b,
    0xb, 0x5c, 0x70, 0x0, 0xe0, 0x0, 0xb2, 0x0,
    0x8, 0xea,

    /* U+5237 "刷" */
    0xb, 0xdc, 0xcc, 0xd0, 0x0, 0xd0, 0xb1, 0x0,
    0xd, 0x37, 0xd, 0xb, 0x88, 0x88, 0xd3, 0x90,
    0xd0, 0xb6, 0x5d, 0x55, 0x39, 0xd, 0xc, 0x44,
    0xd4, 0x33, 0x90, 0xd0, 0xcb, 0x9e, 0x9d, 0x39,
    0xd, 0xc, 0xb0, 0xc0, 0xb3, 0x90, 0xd0, 0xcb,
    0xc, 0xb, 0x39, 0xd, 0x1b, 0xb0, 0xc0, 0xc0,
    0x0, 0xd6, 0x79, 0xc, 0x87, 0x0, 0xe, 0x52,
    0x0, 0xc0, 0x0, 0x8e, 0xb0, 0x0, 0x0, 0x0,
    0x0, 0x0,

    /* U+5238 "券" */
    0x0, 0x0, 0x0, 0x0, 0x0, 0x0, 0x0, 0x18,
    0x3, 0xc0, 0x36, 0x0, 0x0, 0xa, 0x37, 0x70,
    0xc2, 0x0, 0x4, 0xcd, 0xdf, 0xdd, 0xdc, 0x80,
    0x0, 0x0, 0x6a, 0x0, 0x0, 0x0, 0x1d, 0xde,
    0xfd, 0xde, 0xed, 0xd6, 0x0, 0x5d, 0x20, 0x1,
    0xb5, 0x0, 0x2b, 0xde, 0xdd, 0xdd, 0xdd, 0xc5,
    0x4, 0x0, 0x86, 0x0, 0x95, 0x23, 0x0, 0x0,
    0xe1, 0x0, 0xa3, 0x0, 0x0, 0x2c, 0x70, 0x0,
    0xd1, 0x0, 0x6, 0xd5, 0x0, 0xad, 0xa0, 0x0,
    0x0, 0x0, 0x0, 0x0, 0x0, 0x0,

    /* U+523A "刺" */
    0x0, 0x9, 0x30, 0x0, 0x0, 0xd2, 0x99, 0xdb,
    0x98, 0x44, 0xd, 0x13, 0x3b, 0x63, 0x36, 0x60,
    0xd0, 0x9a, 0xdb, 0xa6, 0x66, 0xd, 0xd, 0x2a,
    0x54, 0xa6, 0x60, 0xd0, 0xc0, 0x94, 0x3a, 0x66,
    0xd, 0x7, 0x1e, 0x69, 0x36, 0x60, 0xd0, 0xa,
    0xdd, 0x50, 0x66, 0xd, 0x8, 0x89, 0x4a, 0x80,
    0x0, 0xd6, 0xa0, 0x93, 0x1, 0x0, 0xe, 0x0,
    0x9, 0x30, 0x0, 0x8d, 0xb0, 0x0, 0x0, 0x0,
    0x0, 0x0,

    /* U+523B "刻" */
    0x0, 0x1, 0x0, 0x0, 0x0, 0x0, 0x0, 0xc2,
    0x0, 0x0, 0xd, 0x49, 0x9c, 0xc9, 0x91, 0x80,
    0xd1, 0x38, 0xb3, 0x33, 0x1c, 0xd, 0x2, 0xc0,
    0xb, 0x0, 0xc0, 0xd0, 0xec, 0xbd, 0x50, 0xc,
    0xd, 0x2, 0x18, 0x90, 0x70, 0xc0, 0xd0, 0x1a,
    0x90, 0x95, 0xc, 0xd, 0x1d, 0x50, 0x79, 0x0,
    0xc0, 0xd0, 0x10, 0x8c, 0xc0, 0x0, 0xd, 0x3,
    0xc8, 0x6, 0xc0, 0x0, 0xe2, 0xc3, 0x0, 0x4,
    0x9, 0xdb, 0x0, 0x0, 0x0, 0x0, 0x0, 0x0,

    /* U+524D "前" */
    0x0, 0x1b, 0x0, 0x0, 0x58, 0x0, 0x0, 0x8,
    0x70, 0x0, 0xd2, 0x0, 0x1d, 0xdd, 0xdd, 0xdd,
    0xdd, 0xd7, 0x0, 0x22, 0x22, 0x0, 0x0, 0x40,
    0x6, 0xc9, 0x9f, 0x8, 0x41, 0xc0, 0x6, 0x93,
    0x3e, 0x8, 0x41, 0xc0, 0x6, 0xb8, 0x8f, 0x8,
    0x41, 0xc0, 0x6, 0x94, 0x4e, 0x8, 0x41, 0xc0,
    0x6, 0xb6, 0x6e, 0x7, 0x41, 0xc0, 0x6, 0x70,
    0xd, 0x0, 0x1, 0xc0, 0x6, 0x73, 0xcc, 0x0,
    0xad, 0x80, 0x0, 0x0, 0x0, 0x0, 0x0, 0x0,

    /* U+5265 "剥" */
    0x0, 0x0, 0x0, 0x0, 0x0, 0x0, 0x8c, 0xcc,
    0xf0, 0x0, 0xd, 0x0, 0x0, 0xc, 0x3, 0x60,
    0xd0, 0x4b, 0xbb, 0xe0, 0x49, 0xd, 0x0, 0x0,
    0xc, 0x4, 0x90, 0xd8, 0xcc, 0xed, 0xdc, 0x69,
    0xd, 0x8, 0x8, 0x33, 0x54, 0x90, 0xd0, 0x78,
    0x84, 0xc2, 0x49, 0xd, 0x0, 0x7e, 0xf8, 0x4,
    0x80, 0xd2, 0xb9, 0x95, 0xb7, 0x0, 0xd, 0x74,
    0x8, 0x30, 0x70, 0x0, 0xd0, 0xb, 0xd2, 0x0,
    0xa, 0xd9, 0x0, 0x0, 0x0, 0x0, 0x0, 0x0,

    /* U+5267 "剧" */
    0xd, 0xcc, 0xcd, 0xb0, 0x0, 0xd0, 0xd0, 0x0,
    0x1b, 0x8, 0xd, 0xd, 0x44, 0x45, 0xb0, 0xc0,
    0xd0, 0xe8, 0x8e, 0x86, 0xc, 0xd, 0xe, 0x22,
    0xd2, 0x20, 0xc0, 0xd0, 0xfa, 0xae, 0xaa, 0x1c,
    0xd, 0x1c, 0x0, 0xd0, 0x0, 0xc0, 0xd3, 0xac,
    0xcc, 0xcc, 0xc, 0xd, 0x76, 0xc0, 0x0, 0xc0,
    0x0, 0xda, 0x1c, 0xaa, 0xac, 0x0, 0xd, 0x0,
    0xb2, 0x22, 0xb0, 0x4d, 0x90, 0x0, 0x0, 0x0,
    0x0, 0x0,

    /* U+5269 "剩" */
    0x0, 0x12, 0x46, 0x91, 0x0, 0x0, 0xa, 0xcf,
    0xfb, 0x60, 0x0, 0xd0, 0x4, 0x47, 0xc4, 0x44,
    0x61, 0xd0, 0x18, 0x99, 0xd9, 0x87, 0x92, 0xd0,
    0x2, 0xb4, 0xb9, 0x32, 0x92, 0xd0, 0x19, 0xd4,
    0xb9, 0xb3, 0x92, 0xd0, 0x3, 0xc4, 0xb9, 0x14,
    0x92, 0xd0, 0x28, 0xc5, 0xb7, 0xba, 0x92, 0xd0,
    0x0, 0x1d, 0xf9, 0x0, 0x92, 0xd0, 0x0, 0xa7,
    0xb6, 0xc2, 0x0, 0xd0, 0xb, 0x62, 0xb0, 0x35,
    0x0, 0xd0, 0x14, 0x2, 0xb0, 0x0, 0x4d, 0xc0,
    0x0, 0x0, 0x0, 0x0, 0x0, 0x0,

    /* U+526A "剪" */
    0x0, 0x0, 0x0, 0x0, 0x0, 0x0, 0x0, 0xc,
    0x10, 0x2, 0xc0, 0x0, 0x2b, 0xbc, 0xbb, 0xbc,
    0xcb, 0xb2, 0x2, 0x66, 0x65, 0x2, 0x6, 0x20,
    0x5, 0x94, 0x4c, 0xc, 0x8, 0x30, 0x5, 0xb8,
    0x8c, 0xc, 0x8, 0x30, 0x5, 0xb8, 0x8c, 0xb,
    0x8, 0x30, 0x4, 0x40, 0x66, 0x0, 0x5a, 0x10,
    0xb, 0xbb, 0xbb, 0xbb, 0xbb, 0x50, 0x0, 0x0,
    0x59, 0x0, 0x7, 0x60, 0x0, 0x6, 0xd1, 0x0,
    0xb, 0x30, 0x2c, 0xc7, 0x0, 0xb, 0xcb, 0x0,
    0x0, 0x0, 0x0, 0x0, 0x0, 0x0,

    /* U+526F "副" */
    0xc, 0xcc, 0xcc, 0xc6, 0x0, 0xc0, 0x0, 0x0,
    0x0, 0x0, 0xb0, 0xc0, 0x4, 0xcb, 0xbb, 0xc0,
    0xb0, 0xc0, 0x5, 0x70, 0x0, 0xd0, 0xb0, 0xc0,
    0x4, 0xcb, 0xbb, 0xc0, 0xb0, 0xc0, 0x3, 0x44,
    0x44, 0x41, 0xb0, 0xc0, 0xc, 0x67, 0xc5, 0xa5,
    0xb0, 0xc0, 0xc, 0x9a, 0xd9, 0xc5, 0x90, 0xc0,
    0xc, 0x23, 0xb1, 0x85, 0x0, 0xc0, 0xc, 0xbb,
    0xea, 0xd5, 0x0, 0xd0, 0xb, 0x10, 0x0, 0x85,
    0x6d, 0xc0, 0x0, 0x0, 0x0, 0x0, 0x0, 0x0,

    /* U+529B "力" */
    0x0, 0x0, 0xe, 0x0, 0x0, 0x0, 0x0, 0x0,
    0xe0, 0x0, 0x0, 0xa, 0xaa, 0xaf, 0xaa, 0xaa,
    0xa0, 0x33, 0x35, 0xd3, 0x33, 0x4e, 0x0, 0x0,
    0x3b, 0x0, 0x1, 0xd0, 0x0, 0x7, 0x80, 0x0,
    0x2c, 0x0, 0x0, 0xd2, 0x0, 0x3, 0xa0, 0x0,
    0x6c, 0x0, 0x0, 0x59, 0x0, 0x2e, 0x20, 0x0,
    0x7, 0x70, 0x4e, 0x50, 0x0, 0x0, 0xb4, 0x1d,
    0x30, 0x0, 0x3e, 0xeb, 0x0, 0x0, 0x0, 0x0,
    0x0, 0x0,

    /* U+529D "劝" */
    0x0, 0x0, 0x0, 0xd, 0x0, 0x0, 0x5c, 0xcc,
    0xc1, 0xd, 0x0, 0x0, 0x1, 0x0, 0xe7, 0xcf,
    0xcc, 0xc1, 0x2d, 0x4, 0xb1, 0x1e, 0x11, 0xd1,
    0x6, 0xa8, 0x70, 0xe, 0x0, 0xd1, 0x0, 0xbf,
    0x10, 0x1d, 0x0, 0xd0, 0x0, 0x5f, 0x20, 0x59,
    0x0, 0xe0, 0x0, 0xe8, 0xb0, 0xb4, 0x0, 0xe0,
    0xa, 0x80, 0x94, 0xd0, 0x0, 0xd0, 0x7a, 0x0,
    0x1d, 0x40, 0x3, 0xb0, 0x0, 0x0, 0x96, 0x2,
    0xde, 0x50, 0x0, 0x0, 0x0, 0x0, 0x0, 0x0,

    /* U+529E "办" */
    0x0, 0x0, 0x3b, 0x0, 0x0, 0x0, 0x0, 0x0,
    0x3b, 0x0, 0x0, 0x0, 0xc, 0xee, 0xef, 0xee,
    0xe2, 0x0, 0x0, 0x0, 0x5a, 0x0, 0xe1, 0x0,
    0x0, 0xa0, 0x78, 0x0, 0xe6, 0x70, 0x4, 0xb0,
    0xa5, 0x0, 0xf1, 0xd0, 0xc, 0x40, 0xf1, 0x0,
    0xf0, 0xb3, 0x2a, 0x8, 0xa0, 0x1, 0xe0, 0x77,
    0x0, 0x3e, 0x10, 0x3, 0xc0, 0x0, 0x4, 0xe5,
    0x0, 0x7, 0xa0, 0x0, 0x2f, 0x50, 0xc, 0xee,
    0x30, 0x0, 0x1, 0x0, 0x0, 0x0, 0x0, 0x0,

    /* U+529F "功" */
    0x0, 0x0, 0x0, 0xd, 0x0, 0x0, 0x39, 0x99,
    0x90, 0xd, 0x0, 0x0, 0x25, 0xb8, 0x51, 0x1e,
    0x21, 0x10, 0x0, 0x94, 0xa, 0xbf, 0xbb, 0xe4,
    0x0, 0x94, 0x0, 0xe, 0x0, 0xa3, 0x0, 0x94,
    0x0, 0x1c, 0x0, 0xb2, 0x0, 0x94, 0x0, 0x59,
    0x0, 0xc2, 0x4, 0xcd, 0xd2, 0xb4, 0x0, 0xd0,
    0x6a, 0x62, 0x4, 0xd0, 0x0, 0xe0, 0x0, 0x0,
    0x3d, 0x30, 0x2, 0xd0, 0x0, 0x1, 0xd3, 0x5,
    0xde, 0x60, 0x0, 0x0, 0x0, 0x0, 0x0, 0x0,

    /* U+52A0 "加" */
    0x0, 0xa3, 0x0, 0x0, 0x0, 0x0, 0xa, 0x30,
    0x0, 0xaa, 0xaa, 0x5d, 0xfe, 0xdc, 0xe, 0x33,
    0xe0, 0xc, 0x20, 0xd0, 0xd0, 0xe, 0x0, 0xd0,
    0xd, 0xd, 0x0, 0xe0, 0xd, 0x1, 0xc0, 0xd0,
    0xe, 0x0, 0xc0, 0x1c, 0xd, 0x0, 0xe0, 0x3a,
    0x2, 0xc0, 0xd0, 0xe, 0x8, 0x60, 0x3b, 0xd,
    0x0, 0xe1, 0xd1, 0x5, 0x90, 0xfd, 0xdf, 0x77,
    0xe, 0xd3, 0xd, 0x0, 0xc0, 0x0, 0x0, 0x0,
    0x0, 0x0,

    /* U+52A1 "务" */
    0x0, 0x0, 0x0, 0x0, 0x0, 0x0, 0x0, 0x0,
    0xd3, 0x0, 0x0, 0x0, 0x0, 0xb, 0xec, 0xcc,
    0xcd, 0x10, 0x3, 0xdd, 0x50, 0x0, 0xb6, 0x0,
    0x7, 0x30, 0x99, 0x7c, 0x40, 0x0, 0x1, 0x37,
    0xbc, 0xcc, 0x85, 0x31, 0x3c, 0x96, 0x14, 0x11,
    0x58, 0xa2, 0x1, 0x22, 0x2d, 0x42, 0x22, 0x10,
    0x4, 0x99, 0xbe, 0x99, 0x9d, 0x50, 0x0, 0x0,
    0xb5, 0x0, 0xb, 0x30, 0x0, 0x3b, 0x70, 0x0,
    0xe, 0x0, 0x1d, 0xb3, 0x0, 0x5c, 0xc7, 0x0,
    0x0, 0x0, 0x0, 0x0, 0x0, 0x0,

    /* U+52A8 "动" */
    0x0, 0x0, 0x0, 0x0, 0xe0, 0x0, 0xb, 0xcc,
    0xc8, 0x0, 0xe0, 0x0, 0x0, 0x0, 0x0, 0x22,
    0xe2, 0x20, 0x0, 0x0, 0x0, 0xbc, 0xfc, 0xe5,
    0x4c, 0xfd, 0xcb, 0x1, 0xc0, 0x94, 0x0, 0xd0,
    0x0, 0x3, 0xa0, 0xa3, 0x2, 0xa0, 0xa2, 0x6,
    0x70, 0xa3, 0x7, 0x50, 0x58, 0xa, 0x40, 0xb2,
    0xe, 0xac, 0xcd, 0x1d, 0x0, 0xd0, 0x8, 0x30,
    0x3, 0xa7, 0x0, 0xe0, 0x0, 0x0, 0x4, 0xb0,
    0xce, 0x70, 0x0, 0x0, 0x0, 0x0, 0x0, 0x0,

    /* U+52A9 "助" */
    0xd, 0xcc, 0xf0, 0xb, 0x20, 0x0, 0xd, 0x0,
    0xd0, 0xb, 0x20, 0x0, 0xd, 0x0, 0xd3, 0x7d,
    0x87, 0x70, 0xd, 0xcc, 0xf3, 0x7e, 0x87, 0xe0,
    0xd, 0x0, 0xd0, 0xd, 0x0, 0xd0, 0xd, 0x11,
    0xe0, 0xd, 0x0, 0xd0, 0xd, 0xaa, 0xf0, 0x3a,
    0x0, 0xd0, 0xd, 0x0, 0xd0, 0x86, 0x0, 0xd0,
    0xd, 0x6a, 0xfa, 0xe1, 0x0, 0xd0, 0x8b, 0x73,
    0x1b, 0x70, 0x3, 0xb0, 0x0, 0x0, 0x78, 0x6,
    0xde, 0x40, 0x0, 0x0, 0x0, 0x0, 0x0, 0x0,

    /* U+52AA "努" */
    0x0, 0x9, 0x0, 0x0, 0x0, 0x0, 0x0, 0x1d,
    0x0, 0x6e, 0xcc, 0xe3, 0x1c, 0xde, 0xcc, 0x1d,
    0x0, 0xd0, 0x0, 0xd1, 0x2b, 0xa, 0x55, 0x90,
    0x4, 0xd6, 0xb4, 0x2, 0xdd, 0x10, 0x0, 0x1e,
    0xf4, 0x6, 0xed, 0x40, 0x19, 0xd5, 0x27, 0x99,
    0x13, 0xc7, 0x3, 0x0, 0x7, 0x80, 0x0, 0x0,
    0x4, 0xcc, 0xcf, 0xdc, 0xcd, 0xc0, 0x0, 0x0,
    0x3d, 0x0, 0x4, 0xa0, 0x0, 0x6, 0xd2, 0x0,
    0x8, 0x70, 0xa, 0xd8, 0x10, 0x8, 0xcd, 0x20,
    0x0, 0x0, 0x0, 0x0, 0x0, 0x0,

    /* U+52B1 "励" */
    0xc, 0xdd, 0xdd, 0xb0, 0xd0, 0x0, 0xc, 0x0,
    0x0, 0x0, 0xd0, 0x0, 0xc, 0x43, 0x33, 0x10,
    0xd0, 0x0, 0xc, 0xae, 0xba, 0x7d, 0xfd, 0xf3,
    0xc, 0xb, 0x20, 0x0, 0xc0, 0xa2, 0xd, 0xc,
    0xce, 0x32, 0xa0, 0xb2, 0xd, 0xd, 0x9, 0x24,
    0x80, 0xb1, 0xd, 0xc, 0xa, 0x26, 0x60, 0xc0,
    0x1c, 0x3a, 0xb, 0xc, 0x20, 0xd0, 0x58, 0x83,
    0xc, 0x3b, 0x0, 0xd0, 0x75, 0xa3, 0xc9, 0xa1,
    0x9d, 0x70, 0x0, 0x0, 0x0, 0x0, 0x0, 0x0,

    /* U+52B2 "劲" */
    0x0, 0x0, 0x0, 0x0, 0x0, 0x0, 0x1d, 0xdd,
    0xe9, 0x0, 0xd0, 0x0, 0x0, 0x1, 0xe3, 0x0,
    0xd0, 0x0, 0x0, 0xb, 0xb0, 0x0, 0xd0, 0x0,
    0x0, 0x8f, 0xa0, 0x8c, 0xfc, 0xe2, 0x2c, 0xc2,
    0x6d, 0x21, 0xc0, 0xa2, 0x15, 0x0, 0x2, 0x2,
    0xb0, 0xb2, 0x1d, 0xdf, 0xda, 0x4, 0x90, 0xb2,
    0x0, 0xc, 0x0, 0x8, 0x50, 0xb2, 0x0, 0xc,
    0x2, 0xd, 0x10, 0xc1, 0x15, 0x9f, 0xda, 0x79,
    0x0, 0xe0, 0x38, 0x52, 0x4, 0xc0, 0x3d, 0xa0,
    0x0, 0x0, 0x0, 0x10, 0x0, 0x0,

    /* U+52B3 "劳" */
    0x0, 0x8, 0x50, 0x3, 0xb0, 0x0, 0x1d, 0xdf,
    0xed, 0xde, 0xfd, 0xd7, 0x0, 0x8, 0x50, 0x3,
    0xa0, 0x0, 0xb, 0xcc, 0xcc, 0xcc, 0xcc, 0xc2,
    0xb, 0x0, 0x5, 0x0, 0x0, 0xb3, 0x3, 0x0,
    0xf, 0x0, 0x0, 0x20, 0x5, 0xdd, 0xdf, 0xdd,
    0xde, 0x50, 0x0, 0x0, 0x69, 0x0, 0xa, 0x40,
    0x0, 0x1, 0xd3, 0x0, 0xb, 0x30, 0x0, 0x4d,
    0x60, 0x0, 0xe, 0x10, 0xd, 0xa3, 0x0, 0x5d,
    0xea, 0x0, 0x0, 0x0, 0x0, 0x0, 0x0, 0x0,

    /* U+52BF "势" */
    0x0, 0x66, 0x0, 0xd, 0x0, 0x0, 0x3c, 0xee,
    0xc9, 0xcf, 0xcd, 0x0, 0x0, 0x66, 0x33, 0x49,
    0xc, 0x0, 0x3b, 0xed, 0xa5, 0xe8, 0xb, 0x10,
    0x13, 0x76, 0x2, 0xdb, 0x8a, 0x55, 0x8, 0xd4,
    0x1d, 0x30, 0x34, 0xe4, 0x3, 0x32, 0x2e, 0x22,
    0x22, 0x0, 0x9, 0xaa, 0xcd, 0xaa, 0xae, 0x40,
    0x0, 0x0, 0xc4, 0x0, 0xb, 0x20, 0x0, 0x3c,
    0x70, 0x0, 0xe, 0x0, 0x3d, 0xb3, 0x0, 0x6c,
    0xd8, 0x0, 0x0, 0x0, 0x0, 0x0, 0x0, 0x0,

    /* U+52C7 "勇" */
    0x0, 0x0, 0x0, 0x0, 0x0, 0x0, 0x8b, 0xbb,
    0xbb, 0xdf, 0x80, 0x0, 0x7, 0x95, 0x8d, 0x40,
    0x0, 0x0, 0x16, 0xae, 0xb1, 0x0, 0x7, 0xb9,
    0x9d, 0xa9, 0x9f, 0x0, 0x7a, 0x77, 0xd9, 0x77,
    0xe0, 0x7, 0xb9, 0x9d, 0xa9, 0x9f, 0x0, 0x75,
    0x0, 0xa2, 0x0, 0xd0, 0x3, 0x32, 0x2c, 0x22,
    0x25, 0x0, 0x89, 0x9d, 0xc9, 0x99, 0xe3, 0x0,
    0x17, 0xc1, 0x0, 0xd, 0x14, 0xcc, 0x60, 0x0,
    0xbc, 0x90, 0x0, 0x0, 0x0, 0x0, 0x0, 0x0,

    /* U+52C9 "勉" */
    0x0, 0x0, 0x0, 0x0, 0x0, 0x0, 0x0, 0xb3,
    0x0, 0x1, 0xc0, 0x0, 0x3, 0xeb, 0xf5, 0x1,
    0xc0, 0x0, 0x1d, 0x33, 0xc0, 0x3a, 0xe9, 0x91,
    0x5f, 0xcf, 0xcc, 0xc6, 0xb3, 0xc2, 0xc, 0xc,
    0x2, 0xb5, 0x90, 0xb2, 0xc, 0xc, 0x2, 0xb8,
    0x60, 0xc1, 0xa, 0xcf, 0xfc, 0x8b, 0x30, 0xd0,
    0x0, 0x3c, 0xf0, 0x2d, 0x0, 0xe0, 0x0, 0x96,
    0xf0, 0xc4, 0x6d, 0x91, 0x5, 0xb0, 0xf0, 0x10,
    0x0, 0x67, 0x5c, 0x10, 0xbd, 0xcc, 0xcc, 0xd2,
    0x0, 0x0, 0x0, 0x0, 0x0, 0x0,

    /* U+52CB "勋" */
    0x9, 0xba, 0xba, 0x1, 0xc0, 0x0, 0x9, 0x30,
    0x2a, 0x1, 0xc0, 0x0, 0x9, 0xba, 0xba, 0x47,
    0xe6, 0x60, 0x0, 0x0, 0x0, 0x58, 0xe7, 0xd2,
    0xe, 0xbb, 0xbf, 0x2, 0xb0, 0xb1, 0xc, 0x7,
    0xc, 0x3, 0xa0, 0xc1, 0xc, 0xd, 0xc, 0x5,
    0x80, 0xc0, 0xc, 0xd, 0xc, 0x8, 0x50, 0xd0,
    0x8, 0x2c, 0x19, 0xd, 0x10, 0xe0, 0x1, 0xc5,
    0xc2, 0x5b, 0x0, 0xd0, 0x5c, 0x40, 0x25, 0xd2,
    0x9e, 0x80, 0x0, 0x0, 0x0, 0x0, 0x0, 0x0,

    /* U+52E4 "勤" */
    0x0, 0xd0, 0x3a, 0x0, 0xb0, 0x0, 0x2a, 0xfa,
    0xce, 0x80, 0xd0, 0x0, 0x0, 0xc9, 0x98, 0x15,
    0xe5, 0x53, 0x8, 0xad, 0xba, 0x65, 0xe5, 0x7a,
    0xc, 0x9, 0x35, 0x70, 0xd0, 0x3a, 0xd, 0xad,
    0xbc, 0x71, 0xd0, 0x39, 0x5, 0x5c, 0x75, 0x32,
    0xa0, 0x49, 0x5, 0x5b, 0x75, 0x36, 0x70, 0x58,
    0x8, 0xad, 0xba, 0x4b, 0x20, 0x67, 0x2, 0x3b,
    0x87, 0x9b, 0x0, 0x85, 0x2a, 0x87, 0x64, 0xc2,
    0x4c, 0xd1, 0x0, 0x0, 0x0, 0x0, 0x0, 0x0,

    /* U+52FF "勿" */
    0x0, 0xb, 0x10, 0x0, 0x0, 0x0, 0x0, 0x4c,
    0x0, 0x0, 0x0, 0x0, 0x0, 0xbe, 0xef, 0xee,
    0xfe, 0xf1, 0x4, 0xd0, 0x68, 0x8, 0x60, 0xd0,
    0x1e, 0x40, 0xd2, 0xc, 0x20, 0xe0, 0x58, 0x4,
    0xb0, 0x1d, 0x0, 0xe0, 0x0, 0xc, 0x40, 0x68,
    0x0, 0xe0, 0x0, 0x7a, 0x0, 0xd2, 0x1, 0xc0,
    0x6, 0xd1, 0x7, 0x90, 0x3, 0xb0, 0x7, 0x10,
    0x4d, 0x10, 0x7, 0x80, 0x0, 0x0, 0xa2, 0xa,
    0xed, 0x10,

    /* U+5305 "包" */
    0x0, 0x3, 0x0, 0x0, 0x0, 0x0, 0x0, 0x1e,
    0x0, 0x0, 0x0, 0x0, 0x0, 0x9e, 0xaa, 0xaa,
    0xaa, 0x20, 0x4, 0xc2, 0x22, 0x22, 0x2b, 0x30,
    0x3e, 0x42, 0x22, 0x20, 0xb, 0x20, 0x64, 0xda,
    0xaa, 0xf0, 0xc, 0x20, 0x0, 0xd0, 0x0, 0xd0,
    0xd, 0x10, 0x0, 0xda, 0xaa, 0xf0, 0xe, 0x0,
    0x0, 0xd0, 0x0, 0x8, 0xe9, 0x0, 0x0, 0xd0,
    0x0, 0x0, 0x0, 0x72, 0x0, 0xd2, 0x0, 0x0,
    0x0, 0xc2, 0x0, 0x6d, 0xdd, 0xdd, 0xdd, 0x90,

    /* U+5316 "化" */
    0x0, 0x1, 0x0, 0x0, 0x0, 0x0, 0x0, 0xd,
    0x30, 0xe0, 0x0, 0x0, 0x0, 0x5b, 0x0, 0xe0,
    0x0, 0x20, 0x0, 0xd4, 0x0, 0xe0, 0x8, 0xb0,
    0xa, 0xf3, 0x0, 0xe0, 0x5d, 0x10, 0x7c, 0xc3,
    0x0, 0xe5, 0xe2, 0x0, 0x31, 0xb3, 0x0, 0xfd,
    0x20, 0x0, 0x0, 0xb3, 0x2c, 0xf1, 0x0, 0x0,
    0x0, 0xb5, 0xd6, 0xe0, 0x0, 0x41, 0x0, 0xb3,
    0x0, 0xe0, 0x0, 0xa3, 0x0, 0xb3, 0x0, 0xf0,
    0x0, 0xd1, 0x0, 0xb3, 0x0, 0xae, 0xee, 0xa0,

    /* U+5319 "匙" */
    0x9, 0xba, 0xae, 0x29, 0x40, 0x0, 0x9, 0x20,
    0xa, 0x29, 0x40, 0x0, 0x9, 0xb9, 0x9d, 0x29,
    0x41, 0xa4, 0x9, 0x86, 0x6c, 0x29, 0xac, 0x50,
    0x1, 0x33, 0x33, 0x9, 0x70, 0x0, 0x2b, 0xbd,
    0xdb, 0xa9, 0x40, 0x0, 0x3, 0x38, 0x40, 0x9,
    0x40, 0x3, 0x7, 0x58, 0xdb, 0x59, 0x50, 0x1b,
    0x9, 0xa8, 0x40, 0x4, 0xcc, 0xc4, 0xd, 0x5e,
    0x50, 0x0, 0x0, 0x0, 0x48, 0x3, 0xac, 0xcc,
    0xcc, 0xc9, 0x0, 0x0, 0x0, 0x0, 0x0, 0x0,

    /* U+533A "区" */
    0xed, 0xdd, 0xdd, 0xdd, 0xdd, 0x1e, 0x0, 0x0,
    0x0, 0x32, 0x0, 0xe0, 0x94, 0x0, 0xd, 0x30,
    0xe, 0x2, 0xd4, 0x9, 0x80, 0x0, 0xe0, 0x1,
    0xd8, 0xd0, 0x0, 0xe, 0x0, 0x3, 0xf7, 0x0,
    0x0, 0xe0, 0x2, 0xd7, 0xe4, 0x0, 0xe, 0x3,
    0xe5, 0x3, 0xe2, 0x0, 0xe1, 0xe4, 0x0, 0x5,
    0xb0, 0xe, 0x0, 0x0, 0x0, 0x0, 0x0, 0xed,
    0xdd, 0xdd, 0xdd, 0xdd, 0x50,

    /* U+5341 "十" */
    0x0, 0x0, 0x3, 0xb0, 0x0, 0x0, 0x0, 0x0,
    0x3, 0xb0, 0x0, 0x0, 0x0, 0x0, 0x3, 0xb0,
    0x0, 0x0, 0x0, 0x0, 0x3, 0xb0, 0x0, 0x0,
    0x1c, 0xcc, 0xcd, 0xfc, 0xcc, 0xc8, 0x1, 0x11,
    0x15, 0xb1, 0x11, 0x11, 0x0, 0x0, 0x3, 0xb0,
    0x0, 0x0, 0x0, 0x0, 0x3, 0xb0, 0x0, 0x0,
    0x0, 0x0, 0x3, 0xb0, 0x0, 0x0, 0x0, 0x0,
    0x3, 0xb0, 0x0, 0x0, 0x0, 0x0, 0x3, 0xb0,
    0x0, 0x0,

    /* U+5347 "升" */
    0x0, 0x0, 0x3a, 0x80, 0xe0, 0x0, 0x3, 0x8d,
    0xd5, 0x0, 0xe0, 0x0, 0x8, 0x58, 0x70, 0x0,
    0xe0, 0x0, 0x0, 0x7, 0x70, 0x0, 0xe0, 0x0,
    0x0, 0x7, 0x70, 0x0, 0xe0, 0x0, 0x2d, 0xde,
    0xed, 0xdd, 0xfd, 0xd8, 0x0, 0x9, 0x50, 0x0,
    0xe0, 0x0, 0x0, 0xc, 0x20, 0x0, 0xe0, 0x0,
    0x0, 0x4d, 0x0, 0x0, 0xe0, 0x0, 0x3, 0xe3,
    0x0, 0x0, 0xe0, 0x0, 0x1c, 0x30, 0x0, 0x0,
    0xe0, 0x0, 0x0, 0x0, 0x0, 0x0, 0x0, 0x0,

    /* U+5348 "午" */
    0x0, 0x3, 0x0, 0x0, 0x0, 0x0, 0x0, 0x1e,
    0x0, 0x0, 0x0, 0x0, 0x0, 0x8e, 0xaa, 0xaa,
    0xaa, 0x70, 0x2, 0xd3, 0x36, 0xc3, 0x33, 0x20,
    0xc, 0x50, 0x3, 0xa0, 0x0, 0x0, 0x3, 0x0,
    0x3, 0xa0, 0x0, 0x0, 0x1c, 0xcc, 0xcd, 0xec,
    0xcc, 0xc7, 0x1, 0x11, 0x15, 0xb1, 0x11, 0x11,
    0x0, 0x0, 0x3, 0xa0, 0x0, 0x0, 0x0, 0x0,
    0x3, 0xa0, 0x0, 0x0, 0x0, 0x0, 0x3, 0xa0,
    0x0, 0x0, 0x0, 0x0, 0x3, 0xa0, 0x0, 0x0,

    /* U+534A "半" */
    0x0, 0x70, 0x4, 0xa0, 0x6, 0x30, 0x0, 0x87,
    0x4, 0xa0, 0xe, 0x10, 0x0, 0x1e, 0x4, 0xa0,
    0x87, 0x0, 0x0, 0x3, 0x4, 0xa0, 0x40, 0x0,
    0x5, 0xee, 0xee, 0xfe, 0xee, 0xc0, 0x0, 0x0,
    0x4, 0xa0, 0x0, 0x0, 0x2, 0x22, 0x26, 0xb2,
    0x22, 0x21, 0x1b, 0xbb, 0xbd, 0xeb, 0xbb, 0xb7,
    0x0, 0x0, 0x4, 0xa0, 0x0, 0x0, 0x0, 0x0,
    0x4, 0xa0, 0x0, 0x0, 0x0, 0x0, 0x4, 0xa0,
    0x0, 0x0,

    /* U+534F "协" */
    0x1, 0xc0, 0x0, 0x38, 0x0, 0x0, 0x1, 0xc0,
    0x0, 0x39, 0x0, 0x0, 0x1, 0xc0, 0x59, 0xbd,
    0x99, 0x0, 0x5c, 0xfc, 0x34, 0x7b, 0x4e, 0x0,
    0x1, 0xc0, 0x22, 0x58, 0xd, 0x40, 0x1, 0xc0,
    0x94, 0x85, 0xd, 0xb1, 0x1, 0xc0, 0xd0, 0xc1,
    0xd, 0x75, 0x1, 0xc4, 0x63, 0xb0, 0xd, 0x48,
    0x1, 0xc0, 0xc, 0x30, 0x2c, 0x0, 0x1, 0xc0,
    0xa8, 0x0, 0x4a, 0x0, 0x1, 0xc5, 0x80, 0x2d,
    0xe4, 0x0, 0x0, 0x0, 0x0, 0x0, 0x0, 0x0,

    /* U+5351 "卑" */
    0x0, 0x0, 0x1, 0x10, 0x0, 0x0, 0x0, 0x0,
    0xa, 0x60, 0x0, 0x0, 0x0, 0xdc, 0xcd, 0xec,
    0xcd, 0x70, 0x0, 0xd0, 0x3, 0x90, 0x6, 0x70,
    0x0, 0xdb, 0xbc, 0xeb, 0xbd, 0x70, 0x0, 0xd0,
    0x5, 0x90, 0x6, 0x70, 0x0, 0xdc, 0xce, 0xdc,
    0xcd, 0x70, 0x0, 0x1, 0x9a, 0xd, 0x0, 0x0,
    0x0, 0x9d, 0x60, 0xe, 0x0, 0x0, 0x2d, 0xdd,
    0xdd, 0xdf, 0xdd, 0xd8, 0x0, 0x0, 0x0, 0xe,
    0x0, 0x0, 0x0, 0x0, 0x0, 0xe, 0x0, 0x0,

    /* U+5355 "单" */
    0x0, 0x0, 0x0, 0x0, 0x0, 0x0, 0x0, 0xa,
    0x30, 0x0, 0x96, 0x0, 0x0, 0x2, 0xc0, 0x2,
    0xd0, 0x0, 0x0, 0xfc, 0xcd, 0xec, 0xcd, 0x80,
    0x0, 0xd0, 0x4, 0xa0, 0x5, 0x80, 0x0, 0xfb,
    0xbc, 0xeb, 0xbd, 0x80, 0x0, 0xd0, 0x4, 0xa0,
    0x5, 0x80, 0x0, 0xcc, 0xcd, 0xec, 0xcc, 0x70,
    0x0, 0x0, 0x4, 0xa0, 0x0, 0x0, 0x1d, 0xdd,
    0xde, 0xfd, 0xdd, 0xd8, 0x0, 0x0, 0x4, 0xa0,
    0x0, 0x0, 0x0, 0x0, 0x4, 0xa0, 0x0, 0x0,

    /* U+5356 "卖" */
    0x0, 0x0, 0x4, 0xa0, 0x0, 0x0, 0x1, 0xcc,
    0xcd, 0xec, 0xcc, 0x70, 0x0, 0x0, 0x4, 0xa0,
    0x0, 0x0, 0xa, 0xcc, 0xcd, 0xdc, 0xcc, 0xe1,
    0x0, 0x9, 0x70, 0x83, 0x4, 0xa0, 0x0, 0x94,
    0x55, 0xb2, 0x4, 0x10, 0x0, 0x18, 0x30, 0xe0,
    0x0, 0x0, 0xc, 0xcc, 0xcd, 0xec, 0xcc, 0xc5,
    0x0, 0x0, 0x1d, 0x55, 0x0, 0x0, 0x0, 0x27,
    0xd5, 0x17, 0xca, 0x30, 0xb, 0xb6, 0x0, 0x0,
    0x3, 0xb4,

    /* U+5357 "南" */
    0x0, 0x0, 0x4, 0xb0, 0x0, 0x0, 0x1d, 0xdd,
    0xde, 0xfd, 0xdd, 0xd6, 0x0, 0x0, 0x4, 0xb0,
    0x0, 0x0, 0x5, 0xdd, 0xde, 0xfd, 0xdd, 0xb0,
    0x6, 0x70, 0x90, 0x6, 0x30, 0xd0, 0x6, 0x70,
    0x74, 0xc, 0x0, 0xd0, 0x6, 0x77, 0xbc, 0xeb,
    0xb1, 0xd0, 0x6, 0x70, 0x4, 0x90, 0x0, 0xd0,
    0x6, 0x7a, 0xbd, 0xeb, 0xb4, 0xd0, 0x6, 0x70,
    0x4, 0x90, 0x0, 0xd0, 0x6, 0x70, 0x4, 0x90,
    0xac, 0x90,

    /* U+5360 "占" */
    0x0, 0xb, 0x20, 0x0, 0x0, 0x0, 0xb, 0x20,
    0x0, 0x0, 0x0, 0xb, 0xdd, 0xdd, 0xd0, 0x0,
    0xb, 0x20, 0x0, 0x0, 0x0, 0xb, 0x20, 0x0,
    0x0, 0xcc, 0xcf, 0xdc, 0xcc, 0x0, 0xe0, 0x0,
    0x0, 0xd, 0x0, 0xd0, 0x0, 0x0, 0xd, 0x0,
    0xd0, 0x0, 0x0, 0xd, 0x0, 0xfd, 0xdd, 0xdd,
    0xdf, 0x0, 0xd0, 0x0, 0x0, 0xc, 0x0,

    /* U+5361 "卡" */
    0x0, 0x0, 0x9, 0x40, 0x0, 0x0, 0x0, 0x0,
    0x9, 0x62, 0x22, 0x0, 0x0, 0x0, 0x9, 0xcb,
    0xbb, 0x10, 0x0, 0x0, 0x9, 0x40, 0x0, 0x0,
    0x2d, 0xdd, 0xdf, 0xed, 0xdd, 0xd8, 0x0, 0x0,
    0x9, 0x50, 0x0, 0x0, 0x0, 0x0, 0x9, 0x76,
    0x0, 0x0, 0x0, 0x0, 0x9, 0x68, 0xe9, 0x10,
    0x0, 0x0, 0x9, 0x50, 0x17, 0x90, 0x0, 0x0,
    0x9, 0x50, 0x0, 0x0, 0x0, 0x0, 0x9, 0x50,
    0x0, 0x0,

    /* U+5370 "印" */
    0x0, 0x3, 0x70, 0x0, 0x0, 0x0, 0x8c, 0xb6,
    0xe, 0xdd, 0xde, 0xe, 0x0, 0x0, 0xe0, 0x0,
    0xe0, 0xe0, 0x0, 0xe, 0x0, 0xe, 0xe, 0xdd,
    0xd4, 0xe0, 0x0, 0xe0, 0xe0, 0x0, 0xe, 0x0,
    0xe, 0xe, 0x0, 0x0, 0xe0, 0x0, 0xe0, 0xe0,
    0x37, 0x2e, 0x0, 0xe, 0x3f, 0xea, 0x61, 0xe0,
    0xce, 0x90, 0x40, 0x0, 0xe, 0x0, 0x0, 0x0,
    0x0, 0x0, 0xe0, 0x0, 0x0,

    /* U+5373 "即" */
    0xe, 0xcc, 0xce, 0xe, 0xdd, 0xd0, 0xe0, 0x0,
    0xe0, 0xd0, 0xe, 0xe, 0x0, 0xe, 0xd, 0x0,
    0xe0, 0xed, 0xdd, 0xe0, 0xd0, 0xe, 0xe, 0x0,
    0xe, 0xd, 0x0, 0xe0, 0xec, 0xcc, 0xe0, 0xd0,
    0xe, 0xe, 0x0, 0x10, 0xd, 0x0, 0xe0, 0xe0,
    0x1d, 0x0, 0xd1, 0x2e, 0xe, 0x2, 0xc7, 0xd,
    0x4b, 0x62, 0xfd, 0xb6, 0xe0, 0xd0, 0x0, 0x16,
    0x10, 0x3, 0xd, 0x0, 0x0,

    /* U+5374 "却" */
    0x0, 0x9, 0x40, 0xb, 0xdd, 0xf0, 0x0, 0x9,
    0x40, 0xb, 0x10, 0xd0, 0x9, 0xdf, 0xed, 0x3b,
    0x10, 0xd0, 0x0, 0x9, 0x40, 0xb, 0x10, 0xd0,
    0x2, 0x2a, 0x62, 0x1b, 0x10, 0xd0, 0xa, 0xaf,
    0xba, 0x5b, 0x10, 0xd0, 0x0, 0x3a, 0x13, 0xb,
    0x10, 0xd0, 0x0, 0xa2, 0x1c, 0xb, 0x10, 0xd0,
    0x5, 0xc7, 0xae, 0x4b, 0x3e, 0xc0, 0x8, 0x85,
    0x23, 0x8b, 0x10, 0x0, 0x0, 0x0, 0x0, 0xb,
    0x10, 0x0,

    /* U+5377 "卷" */
    0x0, 0x0, 0x0, 0x0, 0x0, 0x0, 0x0, 0x17,
    0x2, 0xc0, 0x36, 0x0, 0x0, 0xa, 0x37, 0x80,
    0xc2, 0x0, 0x4, 0xcc, 0xcf, 0xcc, 0xcc, 0x80,
    0x0, 0x0, 0x6a, 0x0, 0x0, 0x0, 0x1c, 0xce,
    0xfd, 0xcd, 0xec, 0xc6, 0x0, 0x3d, 0x30, 0x1,
    0xc5, 0x0, 0x19, 0xcd, 0xcc, 0xcd, 0xaa, 0xa3,
    0x16, 0xb, 0x10, 0x5, 0x80, 0x35, 0x0, 0xb,
    0x12, 0xbc, 0x33, 0x10, 0x0, 0xb, 0x20, 0x0,
    0x9, 0x40, 0x0, 0x7, 0xdc, 0xcc, 0xdc, 0x0,

    /* U+5378 "卸" */
    0x0, 0x80, 0x0, 0x0, 0x0, 0x0, 0x0, 0xe0,
    0x0, 0xe, 0xdd, 0xf1, 0x6, 0xfc, 0xcc, 0x2d,
    0x0, 0xc1, 0xd, 0x2a, 0x20, 0xd, 0x0, 0xc1,
    0x6, 0xa, 0x30, 0xd, 0x0, 0xc1, 0x2c, 0xce,
    0xcc, 0x7d, 0x0, 0xc1, 0x3, 0x1a, 0x20, 0xd,
    0x0, 0xc1, 0x7, 0x3a, 0xdc, 0x1d, 0x0, 0xc1,
    0x7, 0x3a, 0x20, 0xd, 0x0, 0xc1, 0x7, 0x4a,
    0x67, 0x6d, 0x1e, 0xc0, 0x3d, 0xfd, 0xa7, 0x3d,
    0x0, 0x0, 0x13, 0x0, 0x0, 0xd, 0x0, 0x0,

    /* U+5382 "厂" */
    0x0, 0x0, 0x0, 0x0, 0x0, 0x0, 0x0, 0xfe,
    0xee, 0xee, 0xee, 0xe6, 0x0, 0xe0, 0x0, 0x0,
    0x0, 0x0, 0x0, 0xe0, 0x0, 0x0, 0x0, 0x0,
    0x0, 0xe0, 0x0, 0x0, 0x0, 0x0, 0x1, 0xd0,
    0x0, 0x0, 0x0, 0x0, 0x2, 0xc0, 0x0, 0x0,
    0x0, 0x0, 0x4, 0xb0, 0x0, 0x0, 0x0, 0x0,
    0x7, 0x80, 0x0, 0x0, 0x0, 0x0, 0xc, 0x40,
    0x0, 0x0, 0x0, 0x0, 0x1c, 0x0, 0x0, 0x0,
    0x0, 0x0, 0x0, 0x0, 0x0, 0x0, 0x0, 0x0,

    /* U+5385 "厅" */
    0xb, 0xee, 0xee, 0xee, 0xee, 0xe3, 0xb, 0x30,
    0x0, 0x0, 0x0, 0x0, 0xb, 0x30, 0x0, 0x0,
    0x0, 0x0, 0xb, 0x4c, 0xcc, 0xcc, 0xcc, 0xc0,
    0xb, 0x30, 0x0, 0xe, 0x0, 0x0, 0xc, 0x10,
    0x0, 0xe, 0x0, 0x0, 0xd, 0x0, 0x0, 0xe,
    0x0, 0x0, 0xe, 0x0, 0x0, 0xe, 0x0, 0x0,
    0x1c, 0x0, 0x0, 0xe, 0x0, 0x0, 0x68, 0x0,
    0x0, 0xe, 0x0, 0x0, 0x82, 0x0, 0x3d, 0xd9,
    0x0, 0x0,

    /* U+5386 "历" */
    0xd, 0xdd, 0xdd, 0xdd, 0xdd, 0xd1, 0xd, 0x10,
    0x0, 0x0, 0x0, 0x0, 0xd, 0x10, 0x1, 0xd0,
    0x0, 0x0, 0xd, 0x10, 0x1, 0xc0, 0x0, 0x0,
    0xd, 0x5d, 0xde, 0xfd, 0xdf, 0x50, 0xe, 0x0,
    0x5, 0x90, 0x9, 0x40, 0xe, 0x0, 0x8, 0x60,
    0xa, 0x30, 0xe, 0x0, 0xd, 0x10, 0xb, 0x20,
    0x2b, 0x0, 0x69, 0x0, 0xd, 0x0, 0x68, 0x5,
    0xc0, 0x0, 0xe, 0x0, 0xa3, 0x7a, 0x10, 0xd,
    0xe8, 0x0, 0x0, 0x0, 0x0, 0x0, 0x0, 0x0,

    /* U+5389 "厉" */
    0x2, 0xfd, 0xdd, 0xdd, 0xdd, 0xd5, 0x2, 0xb0,
    0x0, 0x0, 0x0, 0x0, 0x2, 0xb0, 0x0, 0x0,
    0x0, 0x0, 0x2, 0xb9, 0xce, 0xdc, 0xcc, 0xc4,
    0x3, 0xa0, 0xb, 0x30, 0x0, 0x0, 0x4, 0x90,
    0xc, 0xcb, 0xbb, 0x40, 0x4, 0x90, 0xc, 0x11,
    0x19, 0x50, 0x6, 0x70, 0x38, 0x0, 0xa, 0x30,
    0x9, 0x40, 0xa3, 0x0, 0xc, 0x20, 0xd, 0x15,
    0xb0, 0x0, 0xe, 0x0, 0x29, 0x1c, 0x10, 0xd,
    0xe7, 0x0, 0x0, 0x0, 0x0, 0x0, 0x0, 0x0,

    /* U+538B "压" */
    0xc, 0xdd, 0xdd, 0xdd, 0xdd, 0xd4, 0xc, 0x10,
    0x0, 0x0, 0x0, 0x0, 0xc, 0x10, 0x0, 0x91,
    0x0, 0x0, 0xc, 0x10, 0x0, 0xc1, 0x0, 0x0,
    0xd, 0x12, 0x22, 0xd4, 0x22, 0x20, 0xd, 0xa,
    0xaa, 0xeb, 0xaa, 0x70, 0xd, 0x0, 0x0, 0xc1,
    0x40, 0x0, 0xd, 0x0, 0x0, 0xc1, 0x7a, 0x0,
    0x2b, 0x0, 0x0, 0xc1, 0x8, 0x20, 0x58, 0x22,
    0x22, 0xd4, 0x22, 0x20, 0xa2, 0x9a, 0xaa, 0xaa,
    0xaa, 0xa2, 0x0, 0x0, 0x0, 0x0, 0x0, 0x0,

    /* U+5398 "厘" */
    0x9, 0xed, 0xdd, 0xdd, 0xdd, 0xd1, 0x9, 0x40,
    0x0, 0x0, 0x0, 0x0, 0x9, 0x49, 0xbb, 0xbb,
    0xbb, 0x30, 0xa, 0x4c, 0x0, 0xb1, 0x9, 0x40,
    0xa, 0x3c, 0xba, 0xeb, 0xad, 0x40, 0xb, 0x2c,
    0x0, 0xb1, 0x9, 0x40, 0xc, 0x19, 0xbb, 0xec,
    0xbb, 0x30, 0xd, 0x0, 0x0, 0xc2, 0x0, 0x0,
    0xd, 0xb, 0xcc, 0xfc, 0xcc, 0x40, 0x4a, 0x0,
    0x0, 0xc2, 0x0, 0x0, 0x94, 0xac, 0xcc, 0xfd,
    0xcc, 0xc3, 0x0, 0x0, 0x0, 0x0, 0x0, 0x0,

    /* U+539A "厚" */
    0xa, 0xed, 0xdd, 0xdd, 0xdd, 0xd1, 0xa, 0x35,
    0x55, 0x55, 0x55, 0x0, 0xa, 0x3d, 0x66, 0x66,
    0x6e, 0x0, 0xa, 0x3d, 0x99, 0x99, 0x9e, 0x0,
    0xa, 0x3d, 0x33, 0x33, 0x3e, 0x0, 0xb, 0x25,
    0x66, 0x66, 0x65, 0x0, 0xc, 0x19, 0xaa, 0xab,
    0xea, 0x0, 0xd, 0x0, 0x0, 0x99, 0x40, 0x0,
    0x1c, 0x8b, 0xbb, 0xfb, 0xbb, 0xb2, 0x68, 0x0,
    0x0, 0xd0, 0x0, 0x0, 0x92, 0x0, 0x8b, 0xc0,
    0x0, 0x0, 0x0, 0x0, 0x0, 0x0, 0x0, 0x0,

    /* U+539F "原" */
    0xa, 0xed, 0xdd, 0xdd, 0xdd, 0xd1, 0xa, 0x30,
    0x3, 0xc0, 0x0, 0x0, 0xa, 0x3a, 0xbd, 0xeb,
    0xbb, 0x0, 0xa, 0x3d, 0x0, 0x0, 0xe, 0x0,
    0xb, 0x2d, 0xaa, 0xaa, 0xaf, 0x0, 0xb, 0x1d,
    0x0, 0x0, 0xe, 0x0, 0xc, 0xd, 0xbb, 0xbb,
    0xbf, 0x0, 0xd, 0x0, 0x30, 0xe0, 0x30, 0x0,
    0x2b, 0xa, 0x70, 0xe0, 0x89, 0x0, 0x77, 0x6a,
    0x0, 0xe0, 0xa, 0x80, 0x61, 0x30, 0x6c, 0xc0,
    0x0, 0x50,

    /* U+53A8 "厨" */
    0xc, 0xdc, 0xcc, 0xcc, 0xcc, 0xc0, 0xc, 0x10,
    0x0, 0x0, 0x2, 0x0, 0xc, 0x6a, 0xaa, 0xa1,
    0xc, 0x10, 0xc, 0x21, 0x11, 0x13, 0x3d, 0x40,
    0xd, 0x3e, 0xaa, 0xd8, 0x9e, 0xa0, 0xd, 0x2b,
    0x0, 0xd5, 0xc, 0x10, 0xd, 0x1c, 0xaa, 0xa7,
    0x4c, 0x10, 0xd, 0x9, 0x4, 0x72, 0x8c, 0x10,
    0x29, 0x9, 0x3a, 0x30, 0xc, 0x10, 0x66, 0x26,
    0x7e, 0x93, 0xc, 0x10, 0x82, 0x88, 0x64, 0x21,
    0xcd, 0x0, 0x0, 0x0, 0x0, 0x0, 0x0, 0x0,

    /* U+53BB "去" */
    0x0, 0x0, 0x4, 0xa0, 0x0, 0x0, 0x0, 0x0,
    0x4, 0xa0, 0x0, 0x0, 0x3, 0xee, 0xee, 0xfe,
    0xee, 0xa0, 0x0, 0x0, 0x4, 0xa0, 0x0, 0x0,
    0x0, 0x0, 0x4, 0xa0, 0x0, 0x0, 0x2e, 0xee,
    0xff, 0xee, 0xee, 0xe9, 0x0, 0x0, 0xb5, 0x1,
    0x20, 0x0, 0x0, 0x6, 0xb0, 0x2, 0xd1, 0x0,
    0x0, 0x2c, 0x10, 0x0, 0x4c, 0x0, 0x2, 0xeb,
    0xab, 0xcd, 0xde, 0x70, 0x1, 0x75, 0x42, 0x10,
    0x1, 0xa0,

    /* U+53C2 "参" */
    0x0, 0x0, 0x4b, 0x4, 0x20, 0x0, 0x0, 0x8,
    0xa1, 0x3, 0xd6, 0x0, 0x0, 0xbe, 0xcf, 0xcb,
    0xac, 0x80, 0x0, 0x0, 0x4c, 0x0, 0x0, 0x20,
    0x1c, 0xcd, 0xfc, 0xce, 0xec, 0xc7, 0x0, 0x1c,
    0x60, 0x63, 0xc5, 0x0, 0x4, 0xda, 0x9c, 0x51,
    0x1b, 0x91, 0x1a, 0x22, 0x31, 0x7b, 0x20, 0x66,
    0x0, 0x7, 0xca, 0x40, 0x5a, 0x0, 0x0, 0x1,
    0x3, 0x6c, 0x91, 0x0, 0x0, 0x5c, 0xc9, 0x51,
    0x0, 0x0, 0x0, 0x0, 0x0, 0x0, 0x0, 0x0,

    /* U+53C8 "又" */
    0x0, 0x0, 0x0, 0x0, 0x0, 0x0, 0xb, 0xfe,
    0xdd, 0xdd, 0xdf, 0x20, 0x0, 0xa4, 0x0, 0x0,
    0x1c, 0x0, 0x0, 0x3b, 0x0, 0x0, 0x86, 0x0,
    0x0, 0xc, 0x20, 0x0, 0xe0, 0x0, 0x0, 0x4,
    0xc0, 0xa, 0x60, 0x0, 0x0, 0x0, 0x89, 0x7a,
    0x0, 0x0, 0x0, 0x0, 0xe, 0xe0, 0x0, 0x0,
    0x0, 0x1, 0xbb, 0xbb, 0x10, 0x0, 0x2, 0x8e,
    0x60, 0x7, 0xe8, 0x20, 0x4d, 0x71, 0x0, 0x0,
    0x17, 0xd5, 0x0, 0x0, 0x0, 0x0, 0x0, 0x0,

    /* U+53CA "及" */
    0xd, 0xef, 0xee, 0xef, 0x60, 0x0, 0x0, 0xd,
    0x20, 0xc, 0x30, 0x0, 0x0, 0xd, 0x50, 0xe,
    0x0, 0x0, 0x0, 0xe, 0xa0, 0x3f, 0xbb, 0x80,
    0x0, 0xf, 0xc1, 0x1, 0x18, 0x70, 0x0, 0x3d,
    0x5a, 0x0, 0xd, 0x10, 0x0, 0x88, 0xc, 0x60,
    0x79, 0x0, 0x0, 0xe3, 0x1, 0xe8, 0xc0, 0x0,
    0x9, 0xa0, 0x0, 0xaf, 0x80, 0x0, 0x5e, 0x12,
    0x7d, 0x82, 0xae, 0x82, 0x12, 0x4, 0x71, 0x0,
    0x2, 0x71,

    /* U+53CB "友" */
    0x0, 0x0, 0xe0, 0x0, 0x0, 0x0, 0x0, 0x0,
    0xd0, 0x0, 0x0, 0x0, 0x2d, 0xde, 0xfd, 0xdd,
    0xdd, 0xd2, 0x0, 0x5, 0x80, 0x0, 0x0, 0x0,
    0x0, 0x9, 0xed, 0xdd, 0xda, 0x0, 0x0, 0xd,
    0xd1, 0x0, 0x87, 0x0, 0x0, 0x3a, 0x69, 0x1,
    0xe1, 0x0, 0x0, 0xc3, 0xb, 0x7c, 0x40, 0x0,
    0x6, 0xa0, 0x4, 0xfd, 0x10, 0x0, 0x4d, 0x14,
    0xac, 0x36, 0xda, 0x51, 0x1, 0x9, 0x40, 0x0,
    0x4, 0x92,

    /* U+53CC "双" */
    0x0, 0x0, 0x0, 0x0, 0x0, 0x0, 0x3d, 0xdd,
    0xf6, 0xfd, 0xdd, 0xe0, 0x0, 0x0, 0xb3, 0xa3,
    0x1, 0xb0, 0x9, 0x0, 0xe0, 0x76, 0x5, 0x80,
    0x7, 0xa2, 0xd0, 0x39, 0x9, 0x40, 0x0, 0xbc,
    0x80, 0xd, 0x1d, 0x0, 0x0, 0x1f, 0x40, 0x9,
    0xc7, 0x0, 0x0, 0x4e, 0xb0, 0x4, 0xf1, 0x0,
    0x0, 0xd3, 0xb5, 0xd, 0xd7, 0x0, 0xa, 0x90,
    0x24, 0xc7, 0x1d, 0x60, 0x5a, 0x0, 0xd, 0x50,
    0x2, 0xc4, 0x0, 0x0, 0x0, 0x0, 0x0, 0x0,

    /* U+53CD "反" */
    0x0, 0x0, 0x23, 0x47, 0x9b, 0x10, 0x0, 0xec,
    0xb9, 0x86, 0x41, 0x0, 0x0, 0xe0, 0x0, 0x0,
    0x0, 0x0, 0x0, 0xe3, 0x33, 0x33, 0x33, 0x0,
    0x0, 0xfb, 0xea, 0xaa, 0xaf, 0x0, 0x0, 0xe0,
    0xd1, 0x0, 0x59, 0x0, 0x1, 0xc0, 0x69, 0x0,
    0xd2, 0x0, 0x3, 0xb0, 0xb, 0x6b, 0x70, 0x0,
    0x6, 0x80, 0x2, 0xfc, 0x0, 0x0, 0xc, 0x31,
    0x6e, 0x7a, 0xc4, 0x0, 0x2c, 0x3e, 0x91, 0x0,
    0x3a, 0xd0, 0x0, 0x0, 0x0, 0x0, 0x0, 0x0,

    /* U+53D1 "发" */
    0x0, 0x33, 0x8, 0x40, 0x61, 0x0, 0x0, 0xa4,
    0xd, 0x30, 0x4c, 0x0, 0x2, 0xe2, 0x2f, 0x21,
    0x16, 0x20, 0x6, 0xcb, 0xde, 0xbb, 0xbb, 0xb1,
    0x0, 0x0, 0xb7, 0x0, 0x0, 0x0, 0x0, 0x2,
    0xfe, 0xdd, 0xee, 0x0, 0x0, 0xa, 0xd8, 0x0,
    0x78, 0x0, 0x0, 0x5d, 0xa, 0x43, 0xd1, 0x0,
    0x5, 0xe2, 0x0, 0xde, 0x20, 0x0, 0x5c, 0x10,
    0x29, 0xcb, 0xb3, 0x0, 0x0, 0xb, 0xc5, 0x0,
    0x4b, 0xe4, 0x0, 0x0, 0x0, 0x0, 0x0, 0x10,

    /* U+53D6 "取" */
    0x6f, 0xdc, 0xfc, 0x33, 0x33, 0x30, 0xb, 0x20,
    0xd1, 0xee, 0xee, 0xe0, 0xb, 0x20, 0xd0, 0x47,
    0x0, 0xb0, 0xb, 0xcc, 0xf0, 0x1b, 0x4, 0x80,
    0xb, 0x20, 0xd0, 0xc, 0x8, 0x50, 0xb, 0xcb,
    0xf0, 0x9, 0x4d, 0x0, 0xb, 0x31, 0xd0, 0x3,
    0xe8, 0x0, 0xb, 0x22, 0xe8, 0x0, 0xf4, 0x0,
    0x6e, 0xeb, 0xf5, 0x9, 0xcc, 0x0, 0x11, 0x0,
    0xd0, 0x7c, 0x9, 0xa0, 0x0, 0x0, 0xd2, 0xb0,
    0x0, 0x93, 0x0, 0x0, 0x0, 0x0, 0x0, 0x0,

    /* U+53D7 "受" */
    0x0, 0x1, 0x23, 0x57, 0x9b, 0x10, 0x9, 0xcb,
    0x9c, 0x75, 0x34, 0x0, 0x0, 0xb0, 0xb, 0x20,
    0x2d, 0x0, 0x0, 0x85, 0x7, 0x60, 0x95, 0x0,
    0xc, 0xdd, 0xcd, 0xcc, 0xfc, 0xc0, 0xd, 0x0,
    0x0, 0x0, 0x0, 0xc0, 0x9, 0x8a, 0xaa, 0xaa,
    0xb4, 0x80, 0x0, 0x3d, 0x32, 0x24, 0xe1, 0x0,
    0x0, 0x5, 0xc2, 0x2d, 0x40, 0x0, 0x0, 0x0,
    0x5f, 0xf4, 0x0, 0x0, 0x3, 0x7b, 0xc6, 0x6d,
    0xb7, 0x40, 0x9, 0x62, 0x0, 0x0, 0x36, 0x90,

    /* U+53D8 "变" */
    0x0, 0x0, 0x0, 0x0, 0x0, 0x0, 0x0, 0x0,
    0x8, 0x60, 0x0, 0x0, 0x2c, 0xcc, 0xdd, 0xed,
    0xcc, 0xc2, 0x0, 0x32, 0xd0, 0x1c, 0x31, 0x0,
    0x0, 0xd1, 0xd0, 0x1c, 0x3c, 0x10, 0xa, 0x50,
    0xd0, 0x1c, 0x4, 0xb0, 0x1, 0x0, 0x70, 0x7,
    0x0, 0x10, 0x5, 0xde, 0xcc, 0xcc, 0xe9, 0x0,
    0x0, 0xc, 0x40, 0x4, 0xd1, 0x0, 0x0, 0x1,
    0xb9, 0x8b, 0x10, 0x0, 0x0, 0x15, 0xad, 0xda,
    0x51, 0x0, 0x2d, 0xb8, 0x20, 0x3, 0x8c, 0xd3,
    0x0, 0x0, 0x0, 0x0, 0x0, 0x0,

    /* U+53D9 "叙" */
    0x0, 0x0, 0x0, 0x0, 0x0, 0x0, 0x0, 0xa,
    0x50, 0x0, 0x0, 0x0, 0x0, 0x7a, 0xc5, 0x8e,
    0xdd, 0xf4, 0x9, 0xb0, 0xb, 0x8a, 0x0, 0xa1,
    0x4c, 0xdd, 0xdb, 0xd, 0x0, 0xd0, 0x0, 0xa,
    0x30, 0xc, 0x12, 0xb0, 0x1c, 0xce, 0xdc, 0x77,
    0x68, 0x60, 0x1, 0x1a, 0x33, 0x1, 0xcd, 0x0,
    0x7, 0x5a, 0x3c, 0x0, 0xb9, 0x0, 0xc, 0xa,
    0x37, 0x63, 0xed, 0x0, 0x27, 0xa, 0x31, 0x4d,
    0x37, 0xb1, 0x0, 0xad, 0x11, 0xd3, 0x0, 0x76,
    0x0, 0x0, 0x0, 0x0, 0x0, 0x0,

    /* U+53DB "叛" */
    0x0, 0x0, 0x0, 0x0, 0x0, 0x0, 0x1, 0x1c,
    0x2, 0x14, 0x7a, 0xd2, 0xc, 0x1c, 0x39, 0xa9,
    0x63, 0x0, 0x8, 0x5c, 0x93, 0xa2, 0x0, 0x0,
    0x2, 0x3c, 0x30, 0xaa, 0x99, 0x92, 0xb, 0xcf,
    0xc5, 0xbf, 0x43, 0xd2, 0x0, 0x1b, 0x0, 0xd8,
    0x62, 0xc0, 0x3c, 0xdf, 0xc9, 0xd0, 0xca, 0x50,
    0x0, 0x77, 0x2, 0xc0, 0x8d, 0x0, 0x0, 0xc2,
    0x7, 0x71, 0xdd, 0x30, 0x6, 0xa0, 0x1e, 0x2c,
    0x61, 0xc4, 0x7, 0x0, 0x24, 0x35, 0x0, 0x15,

    /* U+53E0 "叠" */
    0x0, 0x0, 0x0, 0x0, 0x0, 0x0, 0x0, 0x2b,
    0xb9, 0x9a, 0xf6, 0x0, 0x0, 0x3, 0x8c, 0xae,
    0x50, 0x0, 0x0, 0x6a, 0x96, 0x25, 0xa6, 0x0,
    0x5, 0xc9, 0xd7, 0x5c, 0x9b, 0xb0, 0x2, 0xbc,
    0xd2, 0x2a, 0xde, 0x40, 0xb, 0xa8, 0xac, 0xcb,
    0x89, 0xe2, 0xc, 0x27, 0x77, 0x77, 0x74, 0xa3,
    0x0, 0x1d, 0x55, 0x55, 0xa7, 0x0, 0x0, 0x1d,
    0x55, 0x55, 0x97, 0x0, 0x0, 0x1e, 0x88, 0x88,
    0xb7, 0x0, 0x1a, 0xbe, 0xaa, 0xaa, 0xcd, 0xa6,

    /* U+53E3 "口" */
    0x9e, 0xee, 0xee, 0xee, 0xe1, 0xa3, 0x0, 0x0,
    0x0, 0xe1, 0xa3, 0x0, 0x0, 0x0, 0xe1, 0xa3,
    0x0, 0x0, 0x0, 0xe1, 0xa3, 0x0, 0x0, 0x0,
    0xe1, 0xa3, 0x0, 0x0, 0x0, 0xe1, 0xa3, 0x0,
    0x0, 0x0, 0xe1, 0xa4, 0x0, 0x0, 0x0, 0xe1,
    0xae, 0xdd, 0xdd, 0xdd, 0xf1, 0xa3, 0x0, 0x0,
    0x0, 0xd1,

    /* U+53E5 "句" */
    0x0, 0x6, 0x60, 0x0, 0x0, 0x0, 0x0, 0xe,
    0x41, 0x11, 0x11, 0x10, 0x0, 0x6e, 0xcc, 0xcc,
    0xcc, 0xf3, 0x2, 0xe2, 0x0, 0x0, 0x0, 0xb2,
    0x1d, 0x7c, 0xcc, 0xcb, 0x0, 0xc2, 0x6, 0xd,
    0x0, 0xe, 0x0, 0xd1, 0x0, 0xd, 0x0, 0xe,
    0x0, 0xe0, 0x0, 0xd, 0x0, 0xe, 0x0, 0xe0,
    0x0, 0xf, 0xdd, 0xdb, 0x1, 0xd0, 0x0, 0x5,
    0x0, 0x0, 0x4, 0xb0, 0x0, 0x0, 0x0, 0xb,
    0xee, 0x40, 0x0, 0x0, 0x0, 0x0, 0x0, 0x0,

    /* U+53E6 "另" */
    0x0, 0xfd, 0xdd, 0xdd, 0xdf, 0x0, 0xe, 0x0,
    0x0, 0x0, 0xe0, 0x0, 0xe0, 0x0, 0x0, 0xe,
    0x0, 0xe, 0x0, 0x0, 0x0, 0xe0, 0x0, 0xdd,
    0xdf, 0xed, 0xdd, 0x0, 0x0, 0x0, 0xc2, 0x0,
    0x0, 0x1d, 0xdd, 0xdf, 0xdd, 0xde, 0x70, 0x0,
    0x5, 0xa0, 0x0, 0x96, 0x0, 0x2, 0xe2, 0x0,
    0xa, 0x40, 0x17, 0xe4, 0x0, 0x0, 0xd2, 0x2d,
    0x81, 0x0, 0x2d, 0xdb, 0x0, 0x0, 0x0, 0x0,
    0x0, 0x0,

    /* U+53EA "只" */
    0x0, 0xfd, 0xdd, 0xdd, 0xdf, 0x10, 0x0, 0xe0,
    0x0, 0x0, 0xd, 0x10, 0x0, 0xe0, 0x0, 0x0,
    0xd, 0x10, 0x0, 0xe0, 0x0, 0x0, 0xd, 0x10,
    0x0, 0xfc, 0xcc, 0xcc, 0xcf, 0x10, 0x0, 0x0,
    0x0, 0x0, 0x0, 0x0, 0x0, 0x3, 0x90, 0x8,
    0x50, 0x0, 0x0, 0x3e, 0x20, 0x1, 0xc8, 0x0,
    0x6, 0xd3, 0x0, 0x0, 0xb, 0x90, 0x19, 0x10,
    0x0, 0x0, 0x0, 0x80,

    /* U+53EB "叫" */
    0x0, 0x0, 0x0, 0x0, 0x1d, 0xdd, 0xde, 0xe,
    0x0, 0x1d, 0xd0, 0xd, 0xe, 0x0, 0x1d, 0xd0,
    0xd, 0xe, 0x0, 0x1d, 0xd0, 0xd, 0xe, 0x0,
    0x1d, 0xd0, 0xd, 0xe, 0x0, 0x1d, 0xd0, 0xd,
    0xe, 0x0, 0x3d, 0xdd, 0xde, 0x1f, 0xbd, 0xbd,
    0xd0, 0x0, 0x28, 0x30, 0x1d, 0x0, 0x0, 0x0,
    0x0, 0x1d, 0x0, 0x0, 0x0, 0x0, 0x1d,

    /* U+53EF "可" */
    0x0, 0x0, 0x0, 0x0, 0x0, 0x0, 0x1e, 0xee,
    0xee, 0xee, 0xef, 0xe8, 0x0, 0x0, 0x0, 0x0,
    0xc, 0x10, 0x0, 0xbc, 0xcc, 0xc0, 0xc, 0x10,
    0x0, 0xe1, 0x11, 0xd0, 0xc, 0x10, 0x0, 0xd0,
    0x0, 0xd0, 0xc, 0x10, 0x0, 0xd0, 0x0, 0xd0,
    0xc, 0x10, 0x0, 0xed, 0xdd, 0xe0, 0xc, 0x10,
    0x0, 0x90, 0x0, 0x0, 0xc, 0x10, 0x0, 0x0,
    0x0, 0x0, 0xd, 0x10, 0x0, 0x0, 0x0, 0x3f,
    0xec, 0x0,

    /* U+53F0 "台" */
    0x0, 0x5, 0x70, 0x0, 0x0, 0x0, 0x2, 0xd1,
    0x3, 0x10, 0x0, 0x1, 0xc3, 0x0, 0x4d, 0x10,
    0x1, 0xb4, 0x1, 0x23, 0x8d, 0x10, 0xae, 0xdc,
    0xcb, 0xa9, 0xab, 0x0, 0x0, 0x0, 0x0, 0x0,
    0x40, 0xe, 0xdd, 0xdd, 0xde, 0xe0, 0x0, 0xe0,
    0x0, 0x0, 0x1e, 0x0, 0xe, 0x0, 0x0, 0x1,
    0xe0, 0x0, 0xec, 0xcc, 0xcc, 0xde, 0x0, 0xe,
    0x11, 0x11, 0x12, 0xd0, 0x0,

    /* U+53F2 "史" */
    0x0, 0x0, 0xd, 0x0, 0x0, 0x0, 0x0, 0x0,
    0xd0, 0x0, 0x0, 0xb, 0xed, 0xdf, 0xed, 0xde,
    0x0, 0xb2, 0x0, 0xd0, 0x0, 0xe0, 0xb, 0x20,
    0xd, 0x0, 0xe, 0x0, 0xad, 0xdd, 0xfd, 0xdd,
    0xc0, 0x0, 0x70, 0xe, 0x0, 0x0, 0x0, 0xa,
    0x54, 0xa0, 0x0, 0x0, 0x0, 0x1d, 0xd2, 0x0,
    0x0, 0x0, 0x16, 0xdb, 0xc7, 0x31, 0x0, 0x6d,
    0x81, 0x1, 0x7b, 0xde, 0x90, 0x0, 0x0, 0x0,
    0x0, 0x0,

    /* U+53F6 "叶" */
    0x0, 0x0, 0x0, 0xb3, 0x0, 0xd, 0xdd, 0xa0,
    0xb, 0x30, 0x0, 0xd0, 0xc, 0x0, 0xb3, 0x0,
    0xd, 0x0, 0xc0, 0xb, 0x30, 0x0, 0xd0, 0xf,
    0xee, 0xfe, 0xee, 0xcd, 0x0, 0xc0, 0xb, 0x30,
    0x0, 0xd0, 0xc, 0x0, 0xb3, 0x0, 0xf, 0xdd,
    0xb0, 0xb, 0x30, 0x0, 0xb0, 0x0, 0x0, 0xb3,
    0x0, 0x0, 0x0, 0x0, 0xb, 0x30, 0x0, 0x0,
    0x0, 0x0, 0xb3, 0x0, 0x0,

    /* U+53F7 "号" */
    0x0, 0xcd, 0xcc, 0xcc, 0xdc, 0x0, 0x0, 0xc1,
    0x0, 0x0, 0x2c, 0x0, 0x0, 0xc1, 0x0, 0x0,
    0x2c, 0x0, 0x0, 0x9c, 0xcc, 0xcc, 0xc9, 0x0,
    0x0, 0x0, 0x0, 0x0, 0x0, 0x0, 0x3c, 0xcf,
    0xcc, 0xcc, 0xcc, 0xc2, 0x0, 0x1e, 0x0, 0x0,
    0x0, 0x0, 0x0, 0x5c, 0xcc, 0xcc, 0xdb, 0x0,
    0x0, 0x0, 0x0, 0x0, 0x68, 0x0, 0x0, 0x0,
    0x0, 0x0, 0xb4, 0x0, 0x0, 0x0, 0x6, 0xdd,
    0xb0, 0x0, 0x0, 0x0, 0x0, 0x0, 0x0, 0x0,

    /* U+53F9 "叹" */
    0x0, 0x2, 0x33, 0x33, 0x42, 0xc, 0xcc, 0x6e,
    0x99, 0x9b, 0x80, 0xd0, 0xc0, 0xb1, 0x0, 0x94,
    0xd, 0xc, 0x7, 0x50, 0xd, 0x0, 0xd0, 0xc0,
    0x3a, 0x2, 0xc0, 0xd, 0xc, 0x0, 0xc1, 0xb4,
    0x0, 0xd0, 0xc0, 0x5, 0xbb, 0x0, 0xf, 0xae,
    0x0, 0x2f, 0x60, 0x0, 0xd2, 0x20, 0x2d, 0x7e,
    0x30, 0x3, 0x1, 0x8d, 0x30, 0x3d, 0x81, 0x0,
    0x37, 0x0, 0x0, 0x8, 0x10,

    /* U+5403 "吃" */
    0x0, 0x0, 0xa, 0x10, 0x0, 0xb, 0xbb, 0x3,
    0xd0, 0x0, 0x0, 0xd1, 0xd0, 0xbd, 0xdd, 0xdd,
    0x3d, 0xd, 0x7b, 0x0, 0x0, 0x0, 0xd0, 0xd2,
    0x6d, 0xdd, 0xd7, 0xd, 0xd, 0x0, 0x0, 0xba,
    0x0, 0xd0, 0xd0, 0x1, 0xc8, 0x0, 0xf, 0xef,
    0x0, 0xc7, 0x0, 0x0, 0xc0, 0x0, 0xb7, 0x0,
    0x2, 0x70, 0x0, 0x2d, 0x0, 0x0, 0x58, 0x0,
    0x0, 0xbe, 0xee, 0xee, 0x30,

    /* U+5404 "各" */
    0x0, 0x0, 0x0, 0x0, 0x0, 0x0, 0x0, 0x5,
    0xc0, 0x0, 0x0, 0x0, 0x0, 0x2e, 0xdc, 0xcc,
    0xd2, 0x0, 0x4, 0xdd, 0x20, 0x9, 0xa0, 0x0,
    0x4d, 0x22, 0xd4, 0xab, 0x0, 0x0, 0x0, 0x0,
    0x6f, 0xd1, 0x0, 0x0, 0x1, 0x5c, 0xb3, 0x7e,
    0x83, 0x0, 0x8d, 0xa5, 0x11, 0x13, 0x9c, 0xd0,
    0x0, 0xcb, 0xbb, 0xbb, 0xf1, 0x0, 0x0, 0xc1,
    0x0, 0x0, 0xd1, 0x0, 0x0, 0xc4, 0x22, 0x22,
    0xd1, 0x0, 0x0, 0xca, 0xaa, 0xaa, 0xe1, 0x0,

    /* U+5408 "合" */
    0x0, 0x0, 0x4, 0x90, 0x0, 0x0, 0x0, 0x0,
    0x3d, 0xd3, 0x0, 0x0, 0x0, 0x6, 0xc1, 0x2c,
    0x60, 0x0, 0x4, 0xca, 0x0, 0x0, 0x9c, 0x40,
    0x6d, 0x8d, 0xdd, 0xdd, 0xd4, 0xc5, 0x0, 0x0,
    0x0, 0x0, 0x0, 0x0, 0x0, 0xcd, 0xcc, 0xcc,
    0xdb, 0x0, 0x0, 0xd0, 0x0, 0x0, 0x2c, 0x0,
    0x0, 0xd0, 0x0, 0x0, 0x2c, 0x0, 0x0, 0xdc,
    0xcc, 0xcc, 0xdc, 0x0, 0x0, 0xd1, 0x0, 0x0,
    0x2c, 0x0,

    /* U+540C "同" */
    0xed, 0xdd, 0xdd, 0xdd, 0xdf, 0xd0, 0x0, 0x0,
    0x0, 0xe, 0xd0, 0x11, 0x11, 0x11, 0xe, 0xd0,
    0xaa, 0xaa, 0xaa, 0xe, 0xd0, 0x1, 0x11, 0x10,
    0xe, 0xd0, 0x6d, 0xaa, 0xd6, 0xe, 0xd0, 0x66,
    0x0, 0x66, 0xe, 0xd0, 0x66, 0x0, 0x66, 0xe,
    0xd0, 0x6d, 0xbb, 0xb4, 0xe, 0xd0, 0x43, 0x0,
    0x0, 0xe, 0xd0, 0x0, 0x0, 0x9, 0xda,

    /* U+540D "名" */
    0x0, 0x0, 0x0, 0x0, 0x0, 0x0, 0x0, 0xb8,
    0x0, 0x0, 0x0, 0x9, 0xfd, 0xdd, 0xda, 0x2,
    0xca, 0x0, 0x0, 0xc3, 0xc, 0x67, 0x50, 0xa,
    0x60, 0x0, 0x1, 0xc8, 0xc6, 0x0, 0x0, 0x2,
    0xad, 0x30, 0x0, 0x17, 0xcf, 0xdd, 0xdd, 0xdf,
    0x16, 0x2e, 0x0, 0x0, 0xe, 0x0, 0xe, 0x0,
    0x0, 0xe, 0x0, 0xf, 0xbb, 0xbb, 0xbf, 0x0,
    0xe, 0x11, 0x11, 0x1e,

    /* U+540E "后" */
    0x0, 0x0, 0x23, 0x47, 0x9c, 0x70, 0x0, 0xec,
    0xb9, 0x86, 0x41, 0x0, 0x0, 0xe0, 0x0, 0x0,
    0x0, 0x0, 0x0, 0xfd, 0xdd, 0xdd, 0xdd, 0xd9,
    0x0, 0xe0, 0x0, 0x0, 0x0, 0x0, 0x1, 0xd0,
    0x0, 0x0, 0x0, 0x0, 0x2, 0xb0, 0xfd, 0xdd,
    0xdd, 0xd0, 0x4, 0xa0, 0xd0, 0x0, 0x1, 0xd0,
    0x9, 0x60, 0xd0, 0x0, 0x1, 0xd0, 0x1f, 0x10,
    0xfb, 0xbb, 0xbb, 0xd0, 0x28, 0x0, 0xe1, 0x11,
    0x13, 0xd0, 0x0, 0x0, 0x0, 0x0, 0x0, 0x0,

    /* U+5411 "向" */
    0x0, 0x0, 0x0, 0x0, 0x0, 0x0, 0x4, 0xd0,
    0x0, 0x0, 0x0, 0xa, 0x60, 0x0, 0x0, 0xed,
    0xdd, 0xdd, 0xdd, 0xde, 0xe0, 0x0, 0x0, 0x0,
    0xe, 0xe0, 0x7b, 0xbb, 0xb0, 0xe, 0xe0, 0xa3,
    0x0, 0xc0, 0xe, 0xe0, 0xa2, 0x0, 0xc0, 0xe,
    0xe0, 0xa4, 0x22, 0xd0, 0xe, 0xe0, 0xab, 0xaa,
    0xa0, 0xe, 0xe0, 0x0, 0x0, 0x0, 0xe, 0xe0,
    0x0, 0x0, 0x5e, 0xe9,

    /* U+5412 "吒" */
    0x0, 0x0, 0x0, 0x26, 0xc4, 0xf, 0xdf, 0x4b,
    0xcf, 0x62, 0x0, 0xd0, 0xd0, 0x10, 0xe0, 0x0,
    0xd, 0xd, 0x0, 0xe, 0x0, 0x0, 0xd0, 0xd0,
    0x2, 0xe7, 0x9b, 0x6d, 0xd, 0x9c, 0xaf, 0x63,
    0x10, 0xd0, 0xd0, 0x0, 0xe0, 0x0, 0xf, 0xdf,
    0x0, 0xe, 0x0, 0x0, 0xd0, 0x0, 0x0, 0xe0,
    0x2, 0xa1, 0x0, 0x0, 0xe, 0x0, 0x49, 0x0,
    0x0, 0x0, 0x9e, 0xde, 0x30,

    /* U+5413 "吓" */
    0x0, 0x0, 0x8d, 0xdf, 0xdd, 0xd5, 0x1f, 0xef,
    0x20, 0xe, 0x0, 0x0, 0x1b, 0xb, 0x20, 0xe,
    0x0, 0x0, 0x1b, 0xb, 0x20, 0xe, 0x40, 0x0,
    0x1b, 0xb, 0x20, 0xe, 0x6c, 0x10, 0x1b, 0xb,
    0x20, 0xe, 0x4, 0xd0, 0x1b, 0xb, 0x20, 0xe,
    0x0, 0x10, 0x1f, 0xee, 0x20, 0xe, 0x0, 0x0,
    0x1b, 0x0, 0x0, 0xe, 0x0, 0x0, 0x1, 0x0,
    0x0, 0xe, 0x0, 0x0, 0x0, 0x0, 0x0, 0xe,
    0x0, 0x0,

    /* U+5426 "否" */
    0x2d, 0xdd, 0xdd, 0xfe, 0xdd, 0xd2, 0x0, 0x0,
    0xa, 0xb0, 0x0, 0x0, 0x0, 0x3, 0xdd, 0x7a,
    0x81, 0x0, 0x4, 0xbd, 0x37, 0x60, 0x6d, 0x70,
    0x4c, 0x50, 0x7, 0x60, 0x1, 0x93, 0x0, 0x0,
    0x3, 0x30, 0x0, 0x0, 0x0, 0xbc, 0xcc, 0xcc,
    0xcc, 0x0, 0x0, 0xd0, 0x0, 0x0, 0xf, 0x0,
    0x0, 0xd0, 0x0, 0x0, 0xf, 0x0, 0x0, 0xda,
    0xaa, 0xaa, 0xaf, 0x0, 0x0, 0xd3, 0x22, 0x22,
    0x2f, 0x0,

    /* U+542B "含" */
    0x0, 0x0, 0x0, 0x10, 0x0, 0x0, 0x0, 0x0,
    0xb, 0xc0, 0x0, 0x0, 0x0, 0x1, 0xb7, 0x7a,
    0x10, 0x0, 0x1, 0x8e, 0x58, 0x14, 0xd7, 0x10,
    0x4e, 0x91, 0x4, 0xc0, 0x18, 0xe4, 0x1, 0x9b,
    0xbb, 0xbb, 0xb4, 0x0, 0x0, 0x11, 0x11, 0x16,
    0xd0, 0x0, 0x0, 0x0, 0x0, 0x2e, 0x20, 0x0,
    0x0, 0xec, 0xcc, 0xcc, 0xdd, 0x0, 0x0, 0xe0,
    0x0, 0x0, 0x1d, 0x0, 0x0, 0xea, 0xaa, 0xaa,
    0xad, 0x0, 0x0, 0xe2, 0x22, 0x22, 0x3d, 0x0,

    /* U+542C "听" */
    0x0, 0x0, 0x0, 0x0, 0x0, 0x0, 0x0, 0x0,
    0x2, 0x6c, 0xa0, 0xfd, 0xf1, 0xe, 0xa7, 0x30,
    0xd, 0xc, 0x10, 0xe0, 0x0, 0x0, 0xd0, 0xc1,
    0xe, 0x0, 0x0, 0xd, 0xc, 0x10, 0xfe, 0xef,
    0xea, 0xd0, 0xc1, 0x1d, 0x0, 0xe0, 0xd, 0xc,
    0x13, 0xb0, 0xe, 0x0, 0xfe, 0xf1, 0x5a, 0x0,
    0xe0, 0xd, 0x0, 0xa, 0x60, 0xe, 0x0, 0x0,
    0x3, 0xf1, 0x0, 0xe0, 0x0, 0x0, 0x87, 0x0,
    0xe, 0x0,

    /* U+542F "启" */
    0x0, 0x0, 0x4, 0x70, 0x0, 0x0, 0x2, 0x22,
    0x3e, 0x22, 0x21, 0x0, 0xfa, 0xaa, 0xaa, 0xab,
    0xc0, 0xe, 0x0, 0x0, 0x0, 0x1c, 0x0, 0xfd,
    0xdd, 0xdd, 0xdd, 0xc0, 0x1d, 0x0, 0x0, 0x0,
    0x0, 0x2, 0xb7, 0xdd, 0xdd, 0xdd, 0xd0, 0x49,
    0x85, 0x0, 0x0, 0xe, 0x8, 0x68, 0x50, 0x0,
    0x0, 0xe0, 0xe2, 0x8e, 0xcc, 0xcc, 0xcf, 0x39,
    0x8, 0x50, 0x0, 0x0, 0xe0, 0x0, 0x0, 0x0,
    0x0, 0x0,

    /* U+5435 "吵" */
    0x0, 0x0, 0x0, 0xb2, 0x0, 0xe, 0xde, 0x0,
    0xb, 0x21, 0x0, 0xd0, 0xd0, 0x92, 0xb2, 0xa4,
    0xd, 0xd, 0xc, 0xb, 0x22, 0xb0, 0xd0, 0xd1,
    0xb0, 0xb2, 0xc, 0x1d, 0xd, 0x46, 0xb, 0x20,
    0x30, 0xd0, 0xd0, 0x0, 0xb2, 0x96, 0xf, 0xdd,
    0x0, 0x4, 0x4d, 0x0, 0xc0, 0x0, 0x0, 0x4d,
    0x20, 0x0, 0x0, 0x4, 0xbb, 0x20, 0x0, 0x0,
    0xa, 0x94, 0x0, 0x0, 0x0,

    /* U+5438 "吸" */
    0x0, 0x7, 0xdf, 0xdd, 0xd0, 0xe, 0xde, 0x3,
    0xa0, 0x3a, 0x0, 0xc0, 0xc0, 0x49, 0x7, 0x70,
    0xc, 0xc, 0x5, 0x90, 0xa3, 0x0, 0xc0, 0xc0,
    0x7d, 0xb, 0xcf, 0xc, 0xc, 0xa, 0xf3, 0x1,
    0xc0, 0xc0, 0xc0, 0xc6, 0xa0, 0x76, 0xf, 0xdd,
    0x2c, 0xa, 0x6c, 0x0, 0xb0, 0x8, 0x70, 0x2f,
    0x60, 0x0, 0x3, 0xd0, 0x4d, 0x7d, 0x90, 0x0,
    0x83, 0x1b, 0x20, 0x8, 0x60,

    /* U+5439 "吹" */
    0x0, 0x0, 0x0, 0x0, 0x0, 0x0, 0x0, 0x0,
    0xe0, 0x0, 0x0, 0xfd, 0xf1, 0x4b, 0x0, 0x0,
    0xd, 0xc, 0x18, 0xed, 0xdd, 0xe4, 0xd0, 0xc2,
    0xd0, 0x20, 0xe, 0x1d, 0xc, 0xa7, 0xb, 0x23,
    0xb0, 0xd0, 0xc4, 0x0, 0xc3, 0x12, 0xd, 0xc,
    0x10, 0xe, 0x90, 0x0, 0xfe, 0xf1, 0x4, 0xce,
    0x0, 0xc, 0x0, 0x1, 0xd3, 0x77, 0x0, 0x0,
    0x2, 0xc6, 0x0, 0xc7, 0x0, 0x0, 0xb4, 0x0,
    0x0, 0x93,

    /* U+543B "吻" */
    0x0, 0x0, 0x47, 0x0, 0x0, 0xd, 0xdc, 0x9,
    0x50, 0x0, 0x0, 0xd0, 0xd0, 0xdd, 0xfd, 0xfe,
    0x4c, 0xc, 0x59, 0x39, 0x39, 0x94, 0xc0, 0xdd,
    0x1a, 0x37, 0x5a, 0x3c, 0xd, 0x20, 0xc0, 0xb1,
    0xa2, 0xc0, 0xc0, 0xa4, 0x2b, 0xc, 0x1f, 0xdc,
    0x79, 0x9, 0x50, 0xd0, 0xb0, 0x5, 0x2, 0xc0,
    0xd, 0x0, 0x0, 0x1, 0xd2, 0x3, 0xa0, 0x0,
    0x0, 0x24, 0xc, 0xd4, 0x0,

    /* U+5446 "呆" */
    0x0, 0xed, 0xdd, 0xdd, 0xdf, 0x0, 0x0, 0xe0,
    0x0, 0x0, 0xe, 0x0, 0x0, 0xe0, 0x0, 0x0,
    0xe, 0x0, 0x0, 0xed, 0xdd, 0xdd, 0xdf, 0x0,
    0x0, 0x0, 0x7, 0x70, 0x0, 0x0, 0x0, 0x0,
    0x7, 0x70, 0x0, 0x0, 0x2d, 0xdd, 0xef, 0xfe,
    0xdd, 0xd2, 0x0, 0x1, 0xcb, 0xbc, 0x10, 0x0,
    0x0, 0x3d, 0x47, 0x74, 0xd4, 0x0, 0x2b, 0xc3,
    0x7, 0x70, 0x2b, 0xc3, 0x25, 0x0, 0x7, 0x70,
    0x0, 0x31,

    /* U+544A "告" */
    0x0, 0x1b, 0x0, 0xe0, 0x0, 0x0, 0x0, 0x7b,
    0x22, 0xe2, 0x22, 0x10, 0x1, 0xeb, 0xab, 0xfa,
    0xaa, 0x60, 0xa, 0x60, 0x0, 0xe0, 0x0, 0x0,
    0xa, 0x99, 0x9a, 0xf9, 0x99, 0x94, 0x1, 0x11,
    0x11, 0x11, 0x11, 0x10, 0x0, 0x7c, 0xcc, 0xcc,
    0xcc, 0x10, 0x0, 0x95, 0x0, 0x0, 0xd, 0x10,
    0x0, 0x94, 0x0, 0x0, 0xd, 0x10, 0x0, 0x9c,
    0xaa, 0xaa, 0xaf, 0x10, 0x0, 0x96, 0x22, 0x22,
    0x2d, 0x10,

    /* U+5458 "员" */
    0x0, 0x9d, 0xcc, 0xcc, 0xce, 0x0, 0x0, 0x96,
    0x0, 0x0, 0xe, 0x0, 0x0, 0x9d, 0xbb, 0xbb,
    0xce, 0x0, 0x0, 0x1, 0x11, 0x11, 0x11, 0x0,
    0x0, 0xbb, 0xbb, 0xbb, 0xbb, 0x40, 0x0, 0xe1,
    0x11, 0x31, 0x19, 0x60, 0x0, 0xe0, 0x3, 0xc0,
    0x8, 0x60, 0x0, 0xe0, 0x4, 0xb0, 0x8, 0x60,
    0x0, 0x90, 0x2d, 0x58, 0x25, 0x30, 0x1, 0x5a,
    0xd4, 0x5, 0xbc, 0x50, 0x9, 0x83, 0x0, 0x0,
    0x2, 0x92,

    /* U+5462 "呢" */
    0x0, 0x0, 0xec, 0xcc, 0xcf, 0xf, 0xdf, 0xe,
    0x0, 0x0, 0xd0, 0xc0, 0xc0, 0xe0, 0x0, 0xd,
    0xc, 0xc, 0xe, 0xcc, 0xcc, 0xc0, 0xc0, 0xc0,
    0xe0, 0x70, 0x0, 0xc, 0xc, 0xe, 0xd, 0x2,
    0xa0, 0xc0, 0xc1, 0xc0, 0xe9, 0xb3, 0xf, 0xef,
    0x2b, 0xe, 0x30, 0x0, 0xc0, 0x7, 0x70, 0xd0,
    0x3, 0x30, 0x0, 0xd2, 0xd, 0x0, 0x75, 0x0,
    0x48, 0x0, 0xcd, 0xcd, 0x10, 0x0, 0x0, 0x0,
    0x0, 0x0,

    /* U+5468 "周" */
    0x0, 0xfd, 0xdd, 0xdd, 0xdd, 0xe0, 0xd, 0x0,
    0x8, 0x0, 0xe, 0x0, 0xd2, 0x99, 0xf9, 0x90,
    0xe0, 0xd, 0x1, 0x1e, 0x11, 0xe, 0x0, 0xd6,
    0xbb, 0xfb, 0xb4, 0xe0, 0x1c, 0x0, 0x0, 0x0,
    0xe, 0x2, 0xb0, 0xbb, 0xbb, 0x80, 0xe0, 0x49,
    0xd, 0x0, 0xc, 0xe, 0x8, 0x60, 0xe1, 0x11,
    0xc0, 0xe0, 0xd1, 0xe, 0xaa, 0xa7, 0xe, 0x39,
    0x0, 0x10, 0x0, 0xbd, 0x90, 0x0, 0x0, 0x0,
    0x0, 0x0,

    /* U+5473 "味" */
    0x0, 0x0, 0x0, 0xb3, 0x0, 0xe, 0xee, 0x0,
    0xb, 0x30, 0x0, 0xd0, 0xd1, 0xdd, 0xfe, 0xdb,
    0xd, 0xd, 0x0, 0xb, 0x30, 0x0, 0xd0, 0xd0,
    0x0, 0xb3, 0x0, 0xd, 0xd, 0x7d, 0xdf, 0xfd,
    0xd4, 0xd0, 0xd0, 0x7, 0xfd, 0x0, 0xf, 0xef,
    0x2, 0xbb, 0x88, 0x0, 0xc0, 0x2, 0xd2, 0xb3,
    0xb6, 0x0, 0x1, 0xe3, 0xb, 0x31, 0xd3, 0x0,
    0x1, 0x0, 0xb3, 0x1, 0x0,

    /* U+547C "呼" */
    0x0, 0x0, 0x13, 0x57, 0xa8, 0xd, 0xdc, 0x5b,
    0x9e, 0x72, 0x0, 0xc0, 0xc1, 0x70, 0xb2, 0x19,
    0xc, 0xc, 0xc, 0xb, 0x26, 0x70, 0xc0, 0xc0,
    0x84, 0xb2, 0xc1, 0xc, 0xc, 0x3, 0x3c, 0x36,
    0x0, 0xc0, 0xc8, 0xdd, 0xfd, 0xdd, 0x4f, 0xdc,
    0x0, 0xb, 0x20, 0x0, 0x90, 0x0, 0x0, 0xb2,
    0x0, 0x0, 0x0, 0x0, 0xb, 0x20, 0x0, 0x0,
    0x0, 0x5d, 0xd0, 0x0, 0x0, 0x0, 0x0, 0x0,
    0x0, 0x0,

    /* U+547D "命" */
    0x0, 0x0, 0x0, 0x0, 0x0, 0x0, 0x0, 0x0,
    0xc, 0x60, 0x0, 0x0, 0x0, 0x2, 0xc7, 0xb5,
    0x0, 0x0, 0x0, 0x7d, 0x30, 0xa, 0xb4, 0x0,
    0x7e, 0x8a, 0xcc, 0xcd, 0x6d, 0xc0, 0x21, 0x0,
    0x0, 0x0, 0x0, 0x20, 0xa, 0xdc, 0xe0, 0xcd,
    0xcf, 0x10, 0xa, 0x20, 0xd0, 0xc0, 0xc, 0x10,
    0xa, 0x20, 0xd0, 0xc0, 0xc, 0x10, 0xa, 0xcc,
    0xb0, 0xc2, 0xbe, 0x0, 0xa, 0x20, 0x0, 0xc1,
    0x10, 0x0, 0x0, 0x0, 0x0, 0xc0, 0x0, 0x0,

    /* U+548C "和" */
    0x1, 0x47, 0xc7, 0x0, 0x0, 0x1, 0xa8, 0xe1,
    0x9, 0xed, 0xde, 0x0, 0xd, 0x0, 0x94, 0x0,
    0xe4, 0xbc, 0xfb, 0xb9, 0x40, 0xe, 0x1, 0x8e,
    0x21, 0x94, 0x0, 0xe0, 0xd, 0xfb, 0x9, 0x40,
    0xe, 0x5, 0x8d, 0x87, 0x94, 0x0, 0xe1, 0xd1,
    0xd0, 0x69, 0x40, 0xe, 0x86, 0xd, 0x0, 0x96,
    0x33, 0xe1, 0x0, 0xd0, 0x9, 0xca, 0xae, 0x0,
    0xd, 0x0, 0x41, 0x0, 0x50,

    /* U+5496 "咖" */
    0x33, 0x20, 0xc0, 0x0, 0x0, 0xd, 0x7b, 0xc,
    0x0, 0x9b, 0xb0, 0xb0, 0xbc, 0xfc, 0x9c, 0xc,
    0xb, 0xb, 0xc, 0x1b, 0xb0, 0xb0, 0xb0, 0xb0,
    0xc1, 0xab, 0xb, 0xb, 0xb, 0xc, 0x2a, 0xb0,
    0xb0, 0xb0, 0xb2, 0x93, 0x9b, 0xb, 0xe, 0xab,
    0x57, 0x38, 0xb0, 0xb0, 0xb1, 0x1a, 0x35, 0x7c,
    0x1c, 0x1, 0x2, 0xd0, 0x75, 0xcb, 0xe0, 0x0,
    0x94, 0x9d, 0x16, 0x5, 0x0, 0x0, 0x0, 0x0,
    0x0, 0x0,

    /* U+54B8 "咸" */
    0x0, 0x0, 0x0, 0xc, 0x76, 0x0, 0x0, 0x0,
    0x0, 0xc, 0x9, 0x40, 0xb, 0xed, 0xdd, 0xdf,
    0xdd, 0xd0, 0xb, 0x32, 0x22, 0x2c, 0x0, 0x0,
    0xb, 0x37, 0x77, 0x5b, 0xc, 0x10, 0xb, 0x29,
    0x99, 0x6a, 0x4c, 0x0, 0xc, 0x1d, 0x13, 0xa7,
    0xc6, 0x0, 0xd, 0xc, 0x1, 0xa5, 0xe0, 0x0,
    0xd, 0xf, 0xbb, 0x8b, 0xb0, 0x80, 0x59, 0x4,
    0x1, 0xb6, 0xa2, 0xb0, 0x92, 0x0, 0x8, 0x50,
    0x2d, 0x90, 0x0, 0x0, 0x0, 0x0, 0x0, 0x0,

    /* U+54BD "咽" */
    0x0, 0x3, 0xec, 0xcc, 0xce, 0x4e, 0xdc, 0x39,
    0x0, 0x0, 0x84, 0xc0, 0xc3, 0x90, 0x55, 0x8,
    0x4c, 0xc, 0x39, 0x6, 0x60, 0x94, 0xc0, 0xc3,
    0x9a, 0xdc, 0xb9, 0x4c, 0xc, 0x39, 0x9, 0x70,
    0x84, 0xc0, 0xc3, 0x90, 0xcb, 0x18, 0x4f, 0xda,
    0x39, 0x58, 0x39, 0x84, 0xb0, 0x3, 0xaa, 0x0,
    0x99, 0x40, 0x0, 0x3e, 0xcb, 0xbb, 0xe4, 0x0,
    0x3, 0x90, 0x0, 0x8, 0x40,

    /* U+54C1 "品" */
    0x5, 0xed, 0xdd, 0xde, 0x50, 0x5, 0x70, 0x0,
    0x7, 0x50, 0x5, 0x70, 0x0, 0x7, 0x50, 0x5,
    0xda, 0xaa, 0xad, 0x50, 0x1, 0x33, 0x33, 0x33,
    0x10, 0x0, 0x0, 0x0, 0x0, 0x0, 0xfc, 0xcf,
    0x2, 0xec, 0xcf, 0xd0, 0xd, 0x2, 0xa0, 0xe,
    0xd0, 0xd, 0x2, 0xa0, 0xe, 0xfc, 0xcf, 0x2,
    0xec, 0xcf, 0xd1, 0x1c, 0x2, 0xb1, 0x1d,

    /* U+54C4 "哄" */
    0x11, 0x10, 0xd, 0x0, 0xd0, 0xf, 0xbf, 0x0,
    0xd0, 0xd, 0x0, 0xd0, 0xc4, 0xbf, 0xbb, 0xfb,
    0x4d, 0xc, 0x12, 0xe2, 0x2e, 0x20, 0xd0, 0xc0,
    0xd, 0x0, 0xd0, 0xd, 0xc, 0x0, 0xd0, 0xd,
    0x0, 0xd0, 0xc7, 0xbf, 0xbb, 0xfb, 0x7f, 0xef,
    0x22, 0x32, 0x22, 0x21, 0xc0, 0x0, 0x4c, 0x0,
    0xc2, 0x0, 0x0, 0x3d, 0x20, 0x3, 0xd0, 0x0,
    0xb, 0x20, 0x0, 0x7, 0x50,

    /* U+54CD "响" */
    0x0, 0x0, 0x0, 0x0, 0x0, 0x0, 0x0, 0x0,
    0x5, 0xa0, 0x0, 0xdd, 0xd0, 0x0, 0xa4, 0x0,
    0xc, 0xc, 0xf, 0xcc, 0xcc, 0xd7, 0xc0, 0xc0,
    0xe0, 0x0, 0x5, 0x7c, 0xc, 0xe, 0xc, 0xa9,
    0x57, 0xc0, 0xc0, 0xe0, 0x90, 0xa5, 0x7d, 0x2c,
    0xe, 0x9, 0xa, 0x57, 0xea, 0xa0, 0xe0, 0xda,
    0xa5, 0x7b, 0x0, 0xe, 0x7, 0x0, 0x57, 0x0,
    0x0, 0xe0, 0x0, 0x5, 0x70, 0x0, 0xe, 0x0,
    0x7, 0xd5, 0x0, 0x0, 0x0, 0x0, 0x0, 0x0,

    /* U+54D7 "哗" */
    0x0, 0x0, 0x1, 0x0, 0x0, 0x0, 0x0, 0x2,
    0xb1, 0xb0, 0x10, 0xed, 0xe0, 0x85, 0x1b, 0x5c,
    0xd, 0xc, 0x2f, 0x21, 0xeb, 0x0, 0xd0, 0xca,
    0xd4, 0xbd, 0x0, 0xd, 0xc, 0x1a, 0x55, 0xc0,
    0x74, 0xd0, 0xc0, 0xa2, 0x9, 0xaa, 0x1d, 0xc,
    0x1, 0xa, 0x30, 0x0, 0xfd, 0xf7, 0xdd, 0xfd,
    0xdd, 0x4d, 0x0, 0x0, 0xa, 0x30, 0x0, 0x0,
    0x0, 0x0, 0xa3, 0x0, 0x0, 0x0, 0x0, 0xa,
    0x30, 0x0,

    /* U+54EA "哪" */
    0x0, 0x0, 0x0, 0x0, 0x0, 0x0, 0x1, 0xcf,
    0xd8, 0xcb, 0xd8, 0xed, 0xa0, 0xb3, 0x8c, 0x7,
    0x6a, 0xb, 0xb, 0x37, 0xc0, 0xb2, 0xa0, 0xdc,
    0xfd, 0x7c, 0xc, 0xa, 0xb, 0xc, 0x37, 0xc3,
    0xa0, 0xa0, 0xb0, 0xb4, 0x7c, 0xa, 0x2b, 0x1d,
    0xce, 0xd7, 0xc0, 0x47, 0xea, 0x75, 0x64, 0x7c,
    0x3, 0x9a, 0x0, 0x92, 0x56, 0xc5, 0xd4, 0x0,
    0x1b, 0x6, 0x5c, 0x0, 0x0, 0x5, 0x28, 0xd2,
    0xc0, 0x0, 0x0, 0x0, 0x0, 0x0, 0x0, 0x0,

    /* U+54FC "哼" */
    0x0, 0x0, 0x0, 0x11, 0x0, 0x4, 0x44, 0x1,
    0x16, 0xa1, 0x11, 0xe7, 0xe5, 0xbb, 0xbb, 0xbb,
    0x8c, 0xc, 0x6, 0x88, 0x88, 0x70, 0xc0, 0xc0,
    0xc2, 0x11, 0x1d, 0xc, 0xc, 0xc, 0xaa, 0xaa,
    0xd0, 0xc0, 0xc0, 0x44, 0x44, 0x43, 0xf, 0xbf,
    0x6, 0x66, 0x9e, 0x70, 0xd1, 0x10, 0x0, 0x2d,
    0x20, 0x5, 0x0, 0x0, 0x2, 0xb0, 0x0, 0x0,
    0x0, 0x0, 0x2b, 0x0, 0x0, 0x0, 0x1, 0xbc,
    0x80, 0x0,

    /* U+5524 "唤" */
    0x0, 0x0, 0x0, 0x0, 0x0, 0x0, 0x0, 0x0,
    0xc1, 0x0, 0x0, 0xbb, 0x90, 0x6d, 0xcc, 0xf3,
    0xc, 0x1c, 0x3d, 0x10, 0xa8, 0x0, 0xc0, 0xc6,
    0xfb, 0xeb, 0xbd, 0xc, 0xc, 0xd, 0xc, 0x10,
    0xd0, 0xc0, 0xc0, 0xd0, 0xc0, 0xd, 0xc, 0xc,
    0x6e, 0x8e, 0x89, 0xe5, 0xfc, 0xd2, 0x28, 0xe9,
    0x22, 0x1c, 0x0, 0x1, 0xc1, 0xc4, 0x0, 0x30,
    0x3, 0xc3, 0x1, 0xc8, 0x10, 0x2, 0xb2, 0x0,
    0x0, 0x68,

    /* U+552E "售" */
    0x0, 0x0, 0x0, 0x0, 0x0, 0x0, 0x5, 0x90,
    0x3b, 0x0, 0x0, 0x0, 0xec, 0xaa, 0xfb, 0xaa,
    0x60, 0xbf, 0x44, 0x4e, 0x44, 0x40, 0x69, 0xe6,
    0x66, 0xe6, 0x65, 0x0, 0xe, 0xaa, 0xaf, 0xaa,
    0xa0, 0x0, 0xe4, 0x44, 0xe4, 0x44, 0x30, 0xc,
    0x66, 0x66, 0x66, 0x65, 0x0, 0xab, 0xbb, 0xbb,
    0xbb, 0x10, 0xd, 0x0, 0x0, 0x0, 0xd1, 0x0,
    0xe1, 0x11, 0x11, 0x1d, 0x10, 0xe, 0x99, 0x99,
    0x99, 0xe1,

    /* U+552F "唯" */
    0x0, 0x0, 0x0, 0x0, 0x0, 0x0, 0x0, 0x0,
    0xd1, 0xb0, 0x0, 0xfd, 0xf0, 0x5a, 0xa, 0x30,
    0xd, 0xd, 0xd, 0xdc, 0xec, 0xc3, 0xd0, 0xd9,
    0xf2, 0xd, 0x0, 0xd, 0xd, 0x7b, 0xcc, 0xfc,
    0xa0, 0xd0, 0xd0, 0xb2, 0xd, 0x0, 0xd, 0xd,
    0xb, 0x54, 0xe4, 0x30, 0xfe, 0xf0, 0xba, 0x9e,
    0x98, 0xc, 0x0, 0xb, 0x20, 0xd0, 0x0, 0x0,
    0x0, 0xbd, 0xdf, 0xdd, 0x40, 0x0, 0xb, 0x20,
    0x0, 0x0,

    /* U+5531 "唱" */
    0x55, 0x50, 0xdb, 0xbb, 0xbe, 0xf, 0xcf, 0xd,
    0x0, 0x0, 0xe0, 0xd0, 0xd0, 0xda, 0xaa, 0xae,
    0xd, 0xd, 0xd, 0x0, 0x0, 0xe0, 0xd0, 0xd0,
    0xbb, 0xbb, 0xbb, 0xd, 0xd, 0x1, 0x11, 0x11,
    0x10, 0xd0, 0xd4, 0xea, 0xaa, 0xad, 0x5f, 0xdf,
    0x4b, 0x22, 0x22, 0xa5, 0xc0, 0x4, 0xda, 0xaa,
    0xad, 0x50, 0x0, 0x4a, 0x11, 0x11, 0x95, 0x0,
    0x4, 0xea, 0xaa, 0xad, 0x40,

    /* U+5546 "商" */
    0x0, 0x0, 0x0, 0x0, 0x0, 0x0, 0x0, 0x0,
    0x5, 0x90, 0x0, 0x0, 0xc, 0xcc, 0xcc, 0xfc,
    0xcc, 0xc5, 0x0, 0x4, 0x80, 0x2, 0xa0, 0x0,
    0x0, 0x1, 0xb1, 0x9, 0x70, 0x0, 0x6, 0xdb,
    0xbb, 0xbb, 0xbb, 0xc0, 0x6, 0x71, 0xb4, 0xb,
    0x60, 0xc0, 0x6, 0x8d, 0x61, 0x12, 0xa8, 0xc0,
    0x6, 0x71, 0xe8, 0x8b, 0x51, 0xc0, 0x6, 0x70,
    0xb0, 0x6, 0x50, 0xc0, 0x6, 0x70, 0xe9, 0x99,
    0x30, 0xc0, 0x6, 0x70, 0x20, 0x0, 0x8b, 0x90,

    /* U+5561 "啡" */
    0x0, 0x0, 0xb, 0x22, 0xb0, 0xe, 0xdd, 0x0,
    0xb2, 0x2b, 0x0, 0xc0, 0xc7, 0xdf, 0x22, 0xfd,
    0x9c, 0xc, 0x0, 0xb2, 0x2b, 0x0, 0xc0, 0xc6,
    0xbe, 0x22, 0xeb, 0x7c, 0xc, 0x1, 0xb2, 0x2b,
    0x10, 0xd1, 0xc0, 0xb, 0x22, 0xb0, 0xf, 0xcb,
    0xbd, 0xf2, 0x2f, 0xdc, 0xb0, 0x0, 0xb, 0x22,
    0xb0, 0x0, 0x0, 0x0, 0xb2, 0x2b, 0x0, 0x0,
    0x0, 0xb, 0x22, 0xb0, 0x0, 0x0, 0x0, 0x0,
    0x0, 0x0,

    /* U+5582 "喂" */
    0x55, 0x40, 0xfb, 0xeb, 0xbe, 0xf, 0xcd, 0xc,
    0xa, 0x10, 0xd0, 0xd0, 0xc0, 0xea, 0xeb, 0xae,
    0xd, 0xc, 0xc, 0xa, 0x10, 0xd0, 0xd0, 0xc0,
    0xdb, 0xcb, 0xbc, 0xd, 0xc, 0x12, 0x22, 0x22,
    0x21, 0xd0, 0xc6, 0xeb, 0xdc, 0xaa, 0x6f, 0xdc,
    0x9, 0x23, 0x91, 0xa1, 0xc0, 0x0, 0x92, 0xa,
    0xc3, 0x0, 0x0, 0xb, 0x68, 0x2d, 0x50, 0x0,
    0x0, 0xc9, 0x40, 0x2b, 0x60, 0x0, 0x0, 0x0,
    0x0, 0x0,

    /* U+5584 "善" */
    0x0, 0x0, 0x0, 0x0, 0x0, 0x0, 0x0, 0x8,
    0x50, 0x1, 0xd0, 0x0, 0x5, 0xbc, 0xdb, 0xbc,
    0xdb, 0xa0, 0x0, 0x23, 0x37, 0xb3, 0x33, 0x0,
    0x0, 0x56, 0x69, 0xc6, 0x66, 0x10, 0x8, 0xbb,
    0xbc, 0xeb, 0xbb, 0xb3, 0x0, 0x3a, 0x4, 0xa0,
    0x58, 0x0, 0x1a, 0xaf, 0xab, 0xea, 0xec, 0xa6,
    0x2, 0x23, 0x33, 0x33, 0x33, 0x21, 0x0, 0x8c,
    0xaa, 0xaa, 0xaf, 0x10, 0x0, 0x84, 0x0, 0x0,
    0xd, 0x10, 0x0, 0x8d, 0xbb, 0xbb, 0xbe, 0x10,

    /* U+559C "喜" */
    0x2, 0x22, 0x2c, 0x52, 0x22, 0x20, 0x27, 0x77,
    0x7d, 0x97, 0x77, 0x60, 0x4, 0xaa, 0xad, 0xba,
    0xaa, 0x0, 0x0, 0x67, 0x77, 0x77, 0x73, 0x0,
    0x0, 0xd2, 0x22, 0x22, 0x87, 0x0, 0x0, 0xad,
    0x99, 0x9b, 0xd5, 0x0, 0x35, 0x5d, 0x75, 0x5c,
    0x85, 0x50, 0x46, 0x66, 0x66, 0x66, 0x66, 0x61,
    0x0, 0xea, 0xaa, 0xaa, 0xba, 0x0, 0x0, 0xd0,
    0x0, 0x0, 0x3a, 0x0, 0x0, 0xfa, 0xaa, 0xaa,
    0xba, 0x0,

    /* U+559D "喝" */
    0x55, 0x50, 0xea, 0xaa, 0xad, 0xf, 0xdf, 0xd,
    0x0, 0x0, 0xd0, 0xc0, 0xc0, 0xea, 0xaa, 0xad,
    0xc, 0xc, 0xd, 0x44, 0x44, 0xd0, 0xc0, 0xc0,
    0xa9, 0x66, 0x65, 0xc, 0xc, 0xd, 0xcb, 0xbb,
    0xb5, 0xd1, 0xd9, 0x60, 0x34, 0x7, 0x6f, 0xcc,
    0x3b, 0x1b, 0x90, 0x75, 0xb0, 0x0, 0xb7, 0x22,
    0x59, 0x40, 0x0, 0xa, 0xaa, 0xa8, 0xb2, 0x0,
    0x0, 0x0, 0x1, 0xac, 0x0, 0x0, 0x0, 0x0,
    0x0, 0x0,

    /* U+55A7 "喧" */
    0x0, 0x0, 0x0, 0x0, 0x0, 0x0, 0x0, 0x0,
    0x9, 0x40, 0x0, 0xfd, 0xf6, 0xcc, 0xde, 0xcc,
    0x8d, 0xd, 0x85, 0x0, 0x0, 0x3a, 0xd0, 0xd2,
    0x7a, 0xaa, 0xa7, 0x2d, 0xd, 0x7, 0x99, 0x99,
    0x70, 0xd0, 0xd0, 0xd1, 0x11, 0x3b, 0xd, 0x2d,
    0xd, 0xaa, 0xab, 0xb0, 0xfb, 0xb0, 0xd0, 0x0,
    0x1b, 0xc, 0x0, 0xc, 0xbb, 0xbb, 0xb0, 0x0,
    0x0, 0x0, 0x0, 0x0, 0x0, 0x0, 0xbd, 0xdd,
    0xdd, 0xdb,

    /* U+5632 "嘲" */
    0x0, 0x0, 0xa2, 0xb, 0xcf, 0xd, 0xca, 0xbe,
    0xca, 0xb0, 0xb0, 0xb0, 0xb0, 0xa2, 0xb, 0xb,
    0xb, 0xb, 0xca, 0xba, 0xbc, 0xf0, 0xb0, 0xbb,
    0x57, 0xab, 0xb, 0xb, 0xb, 0xb4, 0x6a, 0xb0,
    0xc0, 0xb1, 0xbc, 0xbc, 0xac, 0xbe, 0xe, 0xb8,
    0xa, 0x20, 0xb0, 0xb0, 0x80, 0x4c, 0xec, 0xca,
    0xb, 0x0, 0x0, 0xa, 0x29, 0x40, 0xc0, 0x0,
    0x0, 0xa3, 0xa0, 0x8c, 0x0, 0x0, 0x0, 0x0,
    0x0, 0x0,

    /* U+5634 "嘴" */
    0x0, 0x4, 0x6b, 0x4c, 0x14, 0xe, 0xda, 0x46,
    0xc9, 0xca, 0x61, 0xa0, 0xa4, 0x6a, 0x5b, 0x12,
    0x5a, 0xa, 0xab, 0xd6, 0x4a, 0xa2, 0xa0, 0xa0,
    0x9b, 0x8b, 0x70, 0xa, 0xa, 0xae, 0xaa, 0xfa,
    0xa0, 0xa0, 0xa0, 0xd2, 0xb5, 0x2d, 0xf, 0xda,
    0xe, 0x7d, 0x97, 0xe0, 0xb0, 0x2, 0xea, 0xeb,
    0xae, 0x0, 0x0, 0x66, 0xa, 0x20, 0xc0, 0x0,
    0x1c, 0x0, 0xa3, 0x9d, 0x0, 0x0, 0x10, 0x0,
    0x1, 0x0,

    /* U+5668 "器" */
    0x3, 0xec, 0xd7, 0x2e, 0xcd, 0xb0, 0x3, 0x90,
    0x67, 0x2a, 0x2, 0xb0, 0x3, 0x90, 0x67, 0x2a,
    0x2, 0xb0, 0x3, 0xcc, 0xc8, 0x2c, 0xdc, 0x80,
    0x0, 0x0, 0x2d, 0x1, 0xa6, 0x0, 0x2c, 0xce,
    0xfc, 0xcf, 0xec, 0xc7, 0x0, 0x5c, 0x30, 0x1,
    0xb7, 0x0, 0x2d, 0xfd, 0xc5, 0x1c, 0xcf, 0xf8,
    0x5, 0x90, 0x67, 0x1b, 0x2, 0xb1, 0x3, 0x90,
    0x67, 0x1b, 0x2, 0xb0, 0x3, 0xec, 0xd7, 0x1f,
    0xcd, 0xa0,

    /* U+566A "噪" */
    0x0, 0x0, 0x2e, 0xaa, 0xc0, 0xf, 0xdb, 0x2,
    0xa0, 0xb, 0x0, 0xb0, 0xb0, 0x2c, 0x99, 0xb0,
    0xb, 0xb, 0x5a, 0xa5, 0x8a, 0xa0, 0xb0, 0xb7,
    0x41, 0x8b, 0xb, 0xb, 0xb, 0x79, 0x78, 0xc6,
    0xd0, 0xb0, 0xb2, 0x44, 0x86, 0x44, 0xf, 0xdb,
    0x9c, 0xce, 0xdc, 0xc3, 0xb0, 0x0, 0x1b, 0xdc,
    0x60, 0x0, 0x1, 0x7c, 0x48, 0x3a, 0xa1, 0x0,
    0x37, 0x0, 0x83, 0x5, 0x10,

    /* U+56DB "四" */
    0xed, 0xdf, 0xdd, 0xfd, 0xde, 0xe0, 0xd, 0x0,
    0xd0, 0xe, 0xe0, 0xd, 0x0, 0xd0, 0xe, 0xe0,
    0xe, 0x0, 0xd0, 0xe, 0xe0, 0x4a, 0x0, 0xd0,
    0xe, 0xe1, 0xd3, 0x0, 0xac, 0xae, 0xe9, 0x60,
    0x0, 0x0, 0xe, 0xe0, 0x0, 0x0, 0x0, 0xe,
    0xed, 0xdd, 0xdd, 0xdd, 0xde, 0x80, 0x0, 0x0,
    0x0, 0x7,

    /* U+56DE "回" */
    0xfe, 0xee, 0xee, 0xee, 0xef, 0xe, 0x0, 0x0,
    0x0, 0x0, 0xe0, 0xe0, 0x0, 0x0, 0x0, 0xe,
    0xe, 0x1, 0xcc, 0xcc, 0x10, 0xe0, 0xe0, 0x1b,
    0x0, 0xc1, 0xe, 0xe, 0x1, 0xb0, 0xc, 0x10,
    0xe0, 0xe0, 0x1b, 0x0, 0xc1, 0xe, 0xe, 0x1,
    0xcc, 0xcc, 0x10, 0xe0, 0xe0, 0x0, 0x0, 0x0,
    0xe, 0xf, 0xcc, 0xcc, 0xcc, 0xcc, 0xf0, 0xe1,
    0x11, 0x11, 0x11, 0x1e, 0x0,

    /* U+56E0 "因" */
    0xfd, 0xdd, 0xdd, 0xdd, 0xdf, 0xd0, 0x0, 0x0,
    0x0, 0xd, 0xd0, 0x0, 0x39, 0x0, 0xd, 0xd0,
    0x11, 0x59, 0x11, 0xd, 0xd5, 0xbb, 0xdd, 0xbb,
    0x5d, 0xd0, 0x0, 0xa9, 0x0, 0xd, 0xd0, 0x2,
    0xc6, 0xa0, 0xd, 0xd0, 0x2d, 0x30, 0x6a, 0xd,
    0xd2, 0xc4, 0x0, 0x8, 0x3d, 0xf9, 0xa9, 0x99,
    0x99, 0x9f, 0xe2, 0x22, 0x22, 0x22, 0x2e,

    /* U+56E2 "团" */
    0xfd, 0xdd, 0xdd, 0xdd, 0xdf, 0xe0, 0x0, 0x0,
    0x20, 0xf, 0xe0, 0x0, 0x2, 0xa0, 0xf, 0xe3,
    0xcc, 0xcd, 0xfc, 0x5f, 0xe0, 0x0, 0x1d, 0xa0,
    0xf, 0xe0, 0x1, 0xd9, 0xa0, 0xf, 0xe0, 0x3d,
    0x52, 0xa0, 0xf, 0xe2, 0xd3, 0x2, 0xa0, 0xf,
    0xe0, 0x0, 0x6d, 0x80, 0xf, 0xe2, 0x22, 0x33,
    0x22, 0x2f, 0xfa, 0xaa, 0xaa, 0xaa, 0xaf,

    /* U+56ED "园" */
    0xfd, 0xdd, 0xdd, 0xdd, 0xdf, 0xe, 0x0, 0x0,
    0x0, 0x0, 0xd0, 0xe0, 0x8a, 0xaa, 0xaa, 0xd,
    0xe, 0x0, 0x0, 0x0, 0x0, 0xd0, 0xe6, 0x99,
    0x99, 0x99, 0x5d, 0xe, 0x11, 0xc3, 0x77, 0x11,
    0xd0, 0xe0, 0xd, 0x6, 0x50, 0x1d, 0xe, 0x7,
    0x90, 0x67, 0x2a, 0xd0, 0xe7, 0x90, 0x2, 0x9a,
    0x3d, 0xf, 0xaa, 0xaa, 0xaa, 0xaa, 0xf0, 0xe2,
    0x22, 0x22, 0x22, 0x2e, 0x0,

    /* U+56F0 "困" */
    0xfd, 0xdd, 0xdd, 0xdd, 0xdf, 0xe0, 0x0, 0x51,
    0x0, 0xe, 0xe0, 0x0, 0xa2, 0x0, 0xe, 0xe4,
    0x99, 0xdb, 0x99, 0x4e, 0xe1, 0x28, 0xfd, 0x32,
    0x1e, 0xe0, 0x2b, 0xa8, 0xc1, 0xe, 0xe2, 0xc2,
    0xa2, 0x5c, 0x1e, 0xe7, 0x20, 0xa2, 0x5, 0x4e,
    0xe0, 0x0, 0x82, 0x0, 0xe, 0xfa, 0xaa, 0xaa,
    0xaa, 0xaf, 0xe3, 0x33, 0x33, 0x33, 0x3f,

    /* U+56F4 "围" */
    0xfc, 0xcc, 0xcc, 0xcc, 0xcf, 0xd0, 0x0, 0x64,
    0x0, 0xe, 0xd3, 0xbb, 0xdd, 0xbb, 0x4e, 0xd0,
    0x11, 0x96, 0x11, 0xe, 0xd0, 0x8b, 0xdd, 0xba,
    0xe, 0xd0, 0x0, 0x84, 0x0, 0xe, 0xd5, 0xcc,
    0xed, 0xcd, 0x6e, 0xd0, 0x0, 0x85, 0x2a, 0x3e,
    0xd0, 0x0, 0x85, 0x76, 0xe, 0xf9, 0x99, 0xaa,
    0x99, 0x9f, 0xe2, 0x22, 0x22, 0x22, 0x2e,

    /* U+56FA "固" */
    0xed, 0xdd, 0xdd, 0xdd, 0xdf, 0xe0, 0x0, 0x2,
    0x0, 0xe, 0xe0, 0x0, 0x3a, 0x0, 0xe, 0xe4,
    0xcc, 0xde, 0xcc, 0x5e, 0xe0, 0x0, 0x3a, 0x0,
    0xe, 0xe0, 0x7b, 0xce, 0xb9, 0xe, 0xe0, 0xb1,
    0x0, 0xd, 0xe, 0xe0, 0xb6, 0x55, 0x5d, 0xe,
    0xe0, 0x34, 0x44, 0x44, 0xe, 0xea, 0xaa, 0xaa,
    0xaa, 0xaf, 0xe3, 0x33, 0x33, 0x33, 0x3f,

    /* U+56FE "图" */
    0xfc, 0xcc, 0xcc, 0xcc, 0xcf, 0xd0, 0x4, 0x60,
    0x0, 0xe, 0xd0, 0x2e, 0xca, 0xa8, 0xe, 0xd3,
    0xdc, 0x21, 0xc4, 0xe, 0xd2, 0x12, 0xee, 0x40,
    0xe, 0xd4, 0xad, 0x75, 0xbb, 0x5e, 0xd5, 0x43,
    0xa6, 0x12, 0x3e, 0xd0, 0x23, 0x15, 0x50, 0xe,
    0xd0, 0x38, 0xbc, 0x92, 0xe, 0xe2, 0x22, 0x22,
    0x64, 0x2e, 0xfa, 0xaa, 0xaa, 0xaa, 0xaf,

    /* U+5706 "圆" */
    0xfc, 0xcc, 0xcc, 0xcc, 0xcf, 0xd0, 0x0, 0x0,
    0x0, 0xe, 0xd0, 0xba, 0x99, 0x9d, 0xe, 0xd0,
    0xb8, 0x77, 0x7d, 0xe, 0xd0, 0x34, 0x44, 0x43,
    0xe, 0xd0, 0xe9, 0xaa, 0x9e, 0x1e, 0xd0, 0xc0,
    0x38, 0xb, 0x1e, 0xd0, 0xc0, 0x87, 0xa, 0x1e,
    0xd1, 0x5b, 0x83, 0xb7, 0xe, 0xe6, 0x72, 0x0,
    0x5, 0x4e, 0xfa, 0xaa, 0xaa, 0xaa, 0xaf,

    /* U+5708 "圈" */
    0xfc, 0xcc, 0xcc, 0xcc, 0xcf, 0xd, 0x5, 0x15,
    0x52, 0x40, 0xc0, 0xd0, 0x57, 0xa4, 0x94, 0xc,
    0xd, 0x8, 0x9d, 0x88, 0x82, 0xc0, 0xd5, 0x9b,
    0xc9, 0x99, 0x6c, 0xd, 0x9, 0xb2, 0x28, 0x70,
    0xc0, 0xda, 0x7d, 0x78, 0x97, 0x9c, 0xd, 0x0,
    0xb1, 0x95, 0x20, 0xc0, 0xd0, 0xc, 0x44, 0x5a,
    0xc, 0xd, 0x0, 0x47, 0x76, 0x20, 0xd0, 0xfa,
    0xaa, 0xaa, 0xaa, 0xaf, 0x0,

    /* U+571F "土" */
    0x0, 0x0, 0x4, 0xa0, 0x0, 0x0, 0x0, 0x0,
    0x4, 0xa0, 0x0, 0x0, 0x0, 0x0, 0x4, 0xa0,
    0x0, 0x0, 0x0, 0x0, 0x4, 0xa0, 0x0, 0x0,
    0x5, 0xdd, 0xde, 0xfd, 0xdd, 0xb0, 0x0, 0x0,
    0x4, 0xa0, 0x0, 0x0, 0x0, 0x0, 0x4, 0xa0,
    0x0, 0x0, 0x0, 0x0, 0x4, 0xa0, 0x0, 0x0,
    0x0, 0x0, 0x4, 0xa0, 0x0, 0x0, 0x1a, 0xaa,
    0xac, 0xea, 0xaa, 0xa6, 0x3, 0x33, 0x33, 0x33,
    0x33, 0x31,

    /* U+5728 "在" */
    0x0, 0x0, 0x48, 0x0, 0x0, 0x0, 0x0, 0x0,
    0x96, 0x0, 0x0, 0x0, 0x1d, 0xde, 0xfd, 0xdd,
    0xdd, 0xd6, 0x0, 0x9, 0x60, 0x4, 0x10, 0x0,
    0x0, 0x4b, 0x0, 0xa, 0x30, 0x0, 0x4, 0xf5,
    0x3a, 0xae, 0xba, 0x90, 0x2d, 0x95, 0x13, 0x3b,
    0x63, 0x30, 0x1, 0x85, 0x0, 0xa, 0x30, 0x0,
    0x0, 0x85, 0x0, 0xa, 0x30, 0x0, 0x0, 0x85,
    0x0, 0xa, 0x30, 0x0, 0x0, 0x85, 0xbd, 0xdf,
    0xed, 0xd5,

    /* U+5730 "地" */
    0x2, 0x90, 0x0, 0xc, 0x0, 0x0, 0x2, 0xa0,
    0x9, 0xc, 0x0, 0x0, 0x2, 0xa0, 0xd, 0xc,
    0x16, 0x90, 0x9d, 0xfd, 0x1d, 0x3e, 0xd8, 0xc0,
    0x2, 0xa0, 0x5f, 0xbe, 0x1, 0xc0, 0x2, 0xa2,
    0x8d, 0xc, 0x1, 0xc0, 0x2, 0xa3, 0xd, 0xc,
    0x3, 0xb0, 0x6, 0xfc, 0x1d, 0xc, 0x4b, 0x40,
    0xac, 0x40, 0xd, 0x4, 0x0, 0x52, 0x10, 0x0,
    0xe, 0x0, 0x0, 0xa3, 0x0, 0x0, 0xa, 0xdc,
    0xcd, 0xc0,

    /* U+573A "场" */
    0x0, 0x0, 0x0, 0x0, 0x0, 0x0, 0x1, 0xb0,
    0x9d, 0xdd, 0xfb, 0x0, 0x1, 0xb0, 0x0, 0x6,
    0xd1, 0x0, 0x14, 0xc3, 0x0, 0x6d, 0x20, 0x0,
    0x8e, 0xfd, 0x18, 0xc1, 0x0, 0x0, 0x1, 0xb0,
    0x6d, 0xee, 0xee, 0xf1, 0x1, 0xb0, 0x0, 0xb2,
    0xc1, 0xd0, 0x1, 0xb0, 0x5, 0x94, 0xb0, 0xe0,
    0x1, 0xd8, 0x7b, 0xb, 0x30, 0xd0, 0x5d, 0xb5,
    0x30, 0x5a, 0x2, 0xb0, 0x32, 0x0, 0x4, 0xc0,
    0x6, 0x80, 0x0, 0x0, 0x4b, 0x10, 0xdd, 0x20,
    0x0, 0x0, 0x0, 0x0, 0x0, 0x0,

    /* U+573E "圾" */
    0x1, 0xb0, 0xbe, 0xed, 0xe7, 0x0, 0x1, 0xb0,
    0x9, 0x30, 0xa3, 0x0, 0x48, 0xd7, 0x1a, 0x20,
    0xd0, 0x0, 0x6a, 0xea, 0x1b, 0x21, 0xc0, 0x0,
    0x1, 0xb0, 0xd, 0x64, 0xcd, 0x90, 0x1, 0xb0,
    0xf, 0xc0, 0x8, 0x50, 0x1, 0xb0, 0x3a, 0xb4,
    0xd, 0x0, 0x1, 0xdb, 0xb6, 0x2d, 0x87, 0x0,
    0x7e, 0x93, 0xd1, 0x9, 0xf0, 0x0, 0x20, 0x7,
    0x90, 0x8c, 0x8d, 0x40, 0x0, 0xb, 0x6, 0x90,
    0x3, 0xb1,

    /* U+5747 "均" */
    0x0, 0x0, 0x0, 0x0, 0x0, 0x0, 0x2a, 0x0,
    0xa, 0x40, 0x0, 0x2, 0xa0, 0x2, 0xe1, 0x0,
    0x0, 0x2a, 0x0, 0xae, 0xdd, 0xde, 0x9d, 0xfd,
    0x8b, 0x0, 0x0, 0xd0, 0x2a, 0x8, 0x39, 0x0,
    0xd, 0x2, 0xa0, 0x0, 0x6b, 0x10, 0xc0, 0x2a,
    0x1, 0x0, 0x45, 0x3c, 0x3, 0xdc, 0x40, 0x3b,
    0x93, 0xb6, 0xd8, 0x12, 0xca, 0x20, 0x3a, 0x31,
    0x0, 0x3, 0x0, 0x6, 0x70, 0x0, 0x0, 0x0,
    0xcd, 0xd2, 0x0, 0x0, 0x0, 0x0, 0x0, 0x0,

    /* U+574F "坏" */
    0x1, 0xc0, 0xdd, 0xde, 0xfd, 0xd4, 0x1, 0xc0,
    0x0, 0x9, 0x80, 0x0, 0x1, 0xc0, 0x0, 0x3f,
    0x20, 0x0, 0x7d, 0xfd, 0x10, 0xce, 0x20, 0x0,
    0x1, 0xc0, 0xb, 0xde, 0x9a, 0x0, 0x1, 0xc1,
    0xcc, 0x1e, 0x6, 0xc1, 0x1, 0xc1, 0x70, 0xe,
    0x0, 0x52, 0x3, 0xed, 0x30, 0xe, 0x0, 0x0,
    0x9d, 0x71, 0x0, 0xe, 0x0, 0x0, 0x0, 0x0,
    0x0, 0xe, 0x0, 0x0, 0x0, 0x0, 0x0, 0xe,
    0x0, 0x0,

    /* U+5750 "坐" */
    0x0, 0x8, 0x3, 0xa0, 0x6, 0x0, 0x0, 0x3c,
    0x3, 0xa0, 0x5a, 0x0, 0x0, 0x9a, 0x3, 0xa0,
    0xb6, 0x0, 0x2, 0xea, 0x73, 0xa5, 0xcd, 0x30,
    0xd, 0x60, 0xb6, 0xcd, 0x11, 0xd3, 0x16, 0x0,
    0x3, 0xa2, 0x0, 0x22, 0x3, 0xbb, 0xbc, 0xeb,
    0xbb, 0x90, 0x0, 0x11, 0x15, 0xb1, 0x11, 0x10,
    0x0, 0x0, 0x3, 0xa0, 0x0, 0x0, 0x2, 0x22,
    0x25, 0xb2, 0x22, 0x21, 0x1b, 0xbb, 0xbb, 0xbb,
    0xbb, 0xb7,

    /* U+5751 "坑" */
    0x0, 0x0, 0x0, 0x1, 0x0, 0x0, 0x2, 0xa0,
    0x0, 0x3c, 0x0, 0x0, 0x2, 0xa0, 0x0, 0xb,
    0x20, 0x0, 0x15, 0xb2, 0x9d, 0xdd, 0xdd, 0xd0,
    0x6b, 0xea, 0x0, 0x0, 0x0, 0x0, 0x2, 0xa0,
    0xa, 0xdd, 0xda, 0x0, 0x2, 0xa0, 0xb, 0x20,
    0x2b, 0x0, 0x2, 0xa0, 0xc, 0x20, 0x2b, 0x0,
    0x3, 0xed, 0x3e, 0x10, 0x2b, 0x0, 0x8d, 0x71,
    0x1d, 0x0, 0x2b, 0x60, 0x20, 0x0, 0x97, 0x0,
    0x2b, 0x91, 0x0, 0x4, 0xb0, 0x0, 0xd, 0xc0,
    0x0, 0x0, 0x0, 0x0, 0x0, 0x0,

    /* U+5757 "块" */
    0x1, 0xb0, 0x0, 0xd, 0x0, 0x0, 0x1, 0xb0,
    0x0, 0xd, 0x0, 0x0, 0x1, 0xb0, 0x8e, 0xef,
    0xee, 0x20, 0x7d, 0xfd, 0x10, 0xd, 0xa, 0x20,
    0x1, 0xb0, 0x0, 0xd, 0xa, 0x20, 0x1, 0xb0,
    0x9c, 0xcf, 0xce, 0xc0, 0x1, 0xc7, 0x21, 0x6e,
    0x81, 0x10, 0x3a, 0xd6, 0x0, 0xc4, 0xc0, 0x0,
    0x55, 0x0, 0x8, 0xb0, 0x77, 0x0, 0x0, 0x1,
    0xab, 0x0, 0xc, 0x70, 0x0, 0x5, 0x60, 0x0,
    0x1, 0x80,

    /* U+575A "坚" */
    0x0, 0x0, 0x0, 0x0, 0x0, 0x0, 0x6, 0x62,
    0xa6, 0xfc, 0xcd, 0xb0, 0x6, 0x62, 0xa0, 0xa3,
    0x9, 0x40, 0x6, 0x62, 0xa0, 0x1c, 0x5a, 0x0,
    0x6, 0x62, 0xa0, 0xb, 0xf3, 0x0, 0x6, 0x52,
    0xa7, 0xeb, 0x6f, 0xc4, 0x0, 0x2, 0x98, 0x80,
    0x5, 0xe7, 0x0, 0x0, 0x0, 0x20, 0x0, 0x11,
    0x0, 0xbc, 0xcd, 0xec, 0xcc, 0x40, 0x0, 0x0,
    0x3, 0xa0, 0x0, 0x0, 0x0, 0x0, 0x3, 0xa0,
    0x0, 0x0, 0x1c, 0xcc, 0xcd, 0xec, 0xcc, 0xc8,

    /* U+5761 "坡" */
    0x1, 0xa0, 0x0, 0xd, 0x0, 0x0, 0x1, 0xc0,
    0x12, 0x2d, 0x32, 0x20, 0x1, 0xc0, 0x6d, 0xbf,
    0xbb, 0xf0, 0x7d, 0xfd, 0x76, 0xd, 0x3, 0xa0,
    0x1, 0xc0, 0x67, 0x2d, 0x24, 0x30, 0x1, 0xc0,
    0x7e, 0xca, 0xad, 0x60, 0x1, 0xc1, 0x96, 0xc0,
    0xd, 0x0, 0x4, 0xfc, 0xc1, 0xa5, 0x78, 0x0,
    0x8c, 0x40, 0xd0, 0x1d, 0xc0, 0x0, 0x0, 0x6,
    0x90, 0x7c, 0xd6, 0x0, 0x0, 0xb, 0x2c, 0x60,
    0x1a, 0xd0, 0x0, 0x0, 0x0, 0x0, 0x0, 0x0,

    /* U+5766 "坦" */
    0x1, 0xc0, 0xf, 0xdd, 0xdf, 0x30, 0x1, 0xc0,
    0xd, 0x0, 0xb, 0x30, 0x25, 0xd3, 0xd, 0x0,
    0xb, 0x30, 0x7d, 0xfc, 0x1d, 0x0, 0xb, 0x30,
    0x1, 0xc0, 0xf, 0xdd, 0xdf, 0x30, 0x1, 0xc0,
    0xd, 0x0, 0xb, 0x30, 0x1, 0xc2, 0x1d, 0x0,
    0xb, 0x30, 0x18, 0xfb, 0x2f, 0xdd, 0xdf, 0x30,
    0x99, 0x20, 0x0, 0x0, 0x0, 0x0, 0x0, 0x1,
    0x22, 0x22, 0x22, 0x20, 0x0, 0x7, 0xbb, 0xbb,
    0xbb, 0xb1,

    /* U+5783 "垃" */
    0x0, 0x0, 0x0, 0x1, 0x0, 0x0, 0x1, 0xc0,
    0x0, 0xe, 0x0, 0x0, 0x1, 0xc0, 0x0, 0xb,
    0x20, 0x0, 0x1, 0xc0, 0x6c, 0xcc, 0xcc, 0xc0,
    0x7d, 0xfd, 0x12, 0x21, 0x13, 0x20, 0x1, 0xc0,
    0x8, 0x40, 0xd, 0x20, 0x1, 0xc0, 0x6, 0x70,
    0xe, 0x0, 0x1, 0xc0, 0x3, 0xa0, 0x2c, 0x0,
    0x1, 0xd8, 0x30, 0xd0, 0x58, 0x0, 0x5c, 0xc6,
    0x0, 0xe0, 0x84, 0x0, 0x43, 0x0, 0x22, 0x43,
    0xc4, 0x21, 0x0, 0x0, 0xaa, 0xaa, 0xaa, 0xa3,

    /* U+578B "型" */
    0xc, 0xfc, 0xed, 0x59, 0x35, 0x70, 0x0, 0xd0,
    0x84, 0x9, 0x35, 0x70, 0x0, 0xd0, 0x84, 0x9,
    0x35, 0x70, 0x5c, 0xfc, 0xed, 0x89, 0x35, 0x70,
    0x3, 0xa0, 0x84, 0x0, 0x5, 0x70, 0x1c, 0x30,
    0x84, 0x0, 0x7a, 0x70, 0x24, 0x0, 0x39, 0x30,
    0x67, 0x10, 0x5, 0xdd, 0xde, 0xed, 0xdc, 0x0,
    0x0, 0x0, 0x9, 0x40, 0x0, 0x0, 0x1, 0x11,
    0x1a, 0x51, 0x11, 0x10, 0x8c, 0xcc, 0xcc, 0xcc,
    0xcc, 0xc2,

    /* U+5792 "垒" */
    0x0, 0x0, 0x0, 0x0, 0x0, 0x0, 0x0, 0x0,
    0x69, 0x2, 0x30, 0x0, 0x0, 0x19, 0x70, 0x1,
    0xc7, 0x0, 0x0, 0xdc, 0xbb, 0xaa, 0x9b, 0x70,
    0x0, 0x84, 0x40, 0x6, 0x65, 0x10, 0x4, 0x81,
    0xb3, 0x2a, 0x27, 0x90, 0xe, 0xdb, 0xab, 0xac,
    0xa9, 0xc3, 0x0, 0x0, 0x5, 0x50, 0x0, 0x10,
    0x0, 0xcc, 0xcd, 0xec, 0xcc, 0x50, 0x0, 0x0,
    0x4, 0xa0, 0x0, 0x0, 0x1, 0x11, 0x15, 0xb1,
    0x11, 0x10, 0x1b, 0xbb, 0xbb, 0xbb, 0xbb, 0xb6,

    /* U+57AB "垫" */
    0x0, 0x57, 0x0, 0xd, 0x0, 0x0, 0x1d, 0xee,
    0xc9, 0xcf, 0xcd, 0x40, 0x0, 0x57, 0x1, 0x3a,
    0x8, 0x50, 0x4, 0xad, 0xd5, 0xe9, 0x8, 0x50,
    0x1a, 0xa8, 0x0, 0xcd, 0x87, 0x51, 0x0, 0x57,
    0x8, 0xa0, 0x64, 0x9b, 0x5, 0xa3, 0x1b, 0x30,
    0x0, 0x85, 0x0, 0xbb, 0xbd, 0xdb, 0xbb, 0x50,
    0x0, 0x0, 0x7, 0x70, 0x0, 0x0, 0x0, 0x0,
    0x7, 0x70, 0x0, 0x0, 0x1b, 0xbb, 0xbb, 0xbb,
    0xbb, 0xb7,

    /* U+57CE "城" */
    0x0, 0x0, 0x0, 0x0, 0x10, 0x0, 0x0, 0xd0,
    0x0, 0x0, 0xc8, 0x40, 0x0, 0xd0, 0x0, 0x0,
    0xb1, 0xb0, 0x0, 0xd0, 0xbd, 0xcc, 0xfd, 0xc4,
    0x3b, 0xfb, 0xb1, 0x0, 0xa1, 0x0, 0x0, 0xd0,
    0xbc, 0xba, 0x92, 0xc0, 0x0, 0xd0, 0xb1, 0xc,
    0x85, 0xb0, 0x0, 0xd0, 0xc0, 0xc, 0x6c, 0x50,
    0x0, 0xe9, 0xd0, 0xb, 0x4e, 0x0, 0x3d, 0xb4,
    0xd7, 0xc6, 0x9b, 0x15, 0x12, 0x4, 0x90, 0x7,
    0x9b, 0x46, 0x0, 0xa, 0x20, 0x4a, 0x4, 0xe2,
    0x0, 0x0, 0x0, 0x0, 0x0, 0x0,

    /* U+57DF "域" */
    0x0, 0x0, 0x0, 0x0, 0x10, 0x0, 0x0, 0xd0,
    0x0, 0x0, 0xd4, 0xa0, 0x0, 0xd0, 0x11, 0x11,
    0xd1, 0x83, 0x0, 0xd0, 0xbb, 0xbb, 0xfc, 0xb6,
    0x3d, 0xfc, 0x11, 0x10, 0xc0, 0x0, 0x0, 0xd0,
    0x8a, 0xb6, 0xb1, 0xc2, 0x0, 0xd0, 0x82, 0x46,
    0xa6, 0xc0, 0x0, 0xd0, 0x9c, 0xd6, 0x8e, 0x50,
    0x1, 0xfd, 0x0, 0x4, 0x6c, 0x0, 0x2e, 0x81,
    0x7b, 0xd9, 0xcb, 0x4, 0x1, 0x1, 0x72, 0xa,
    0x4c, 0x29, 0x0, 0x0, 0x0, 0x74, 0x4, 0xe4,

    /* U+57FA "基" */
    0x0, 0xd, 0x0, 0x0, 0x95, 0x0, 0x8, 0xcf,
    0xcc, 0xcc, 0xed, 0xc1, 0x0, 0xd, 0x65, 0x55,
    0xb5, 0x0, 0x0, 0xd, 0x54, 0x44, 0xb5, 0x0,
    0x0, 0xd, 0xba, 0xaa, 0xd5, 0x0, 0x1, 0x1d,
    0x21, 0x11, 0x96, 0x11, 0x2a, 0xae, 0xba, 0xaa,
    0xec, 0xa7, 0x0, 0x8a, 0x3, 0x80, 0x2d, 0x30,
    0x1d, 0x98, 0xbc, 0xeb, 0xb4, 0xc8, 0x2, 0x0,
    0x4, 0xa0, 0x0, 0x0, 0x3, 0xcc, 0xcd, 0xec,
    0xcc, 0x90,

    /* U+5806 "堆" */
    0x0, 0x0, 0x0, 0x0, 0x0, 0x0, 0x2, 0xa0,
    0x3, 0xc2, 0xa0, 0x0, 0x2, 0xa0, 0x9, 0x60,
    0xc1, 0x0, 0x25, 0xb2, 0x3f, 0xdc, 0xec, 0xc0,
    0x6a, 0xd9, 0xee, 0x0, 0xd0, 0x0, 0x2, 0xa0,
    0x5e, 0xcc, 0xfc, 0x90, 0x2, 0xa0, 0xd, 0x0,
    0xd0, 0x0, 0x2, 0xa1, 0xd, 0x0, 0xd0, 0x0,
    0x5, 0xed, 0x2e, 0xcc, 0xfc, 0x90, 0x89, 0x30,
    0xd, 0x0, 0xd0, 0x0, 0x0, 0x0, 0xe, 0xdd,
    0xfd, 0xd2, 0x0, 0x0, 0xd, 0x0, 0x0, 0x0,

    /* U+582A "堪" */
    0x0, 0x0, 0x1, 0x0, 0x1, 0x0, 0x3, 0xa0,
    0xd, 0x0, 0xd, 0x0, 0x3, 0xa0, 0xbf, 0xcc,
    0xcf, 0xc3, 0x3, 0xa0, 0xd, 0x0, 0xd, 0x0,
    0x7e, 0xfc, 0xd, 0xbb, 0xbf, 0x0, 0x3, 0xa0,
    0xd, 0x55, 0x5e, 0x0, 0x3, 0xa0, 0xd, 0x44,
    0x4e, 0x0, 0x3, 0xa3, 0xcf, 0xcc, 0xcf, 0xc5,
    0x3, 0xca, 0x83, 0x28, 0x56, 0x0, 0x5d, 0xb4,
    0x83, 0xb2, 0xc, 0x10, 0x32, 0x0, 0x86, 0x82,
    0x26, 0x40, 0x0, 0x0, 0x5a, 0xaa, 0xaa, 0xa1,

    /* U+5835 "堵" */
    0x0, 0xd0, 0x0, 0x58, 0x0, 0x61, 0x0, 0xd0,
    0x6c, 0xee, 0xc7, 0xc0, 0x0, 0xd0, 0x0, 0x58,
    0xb, 0x30, 0x7f, 0xff, 0x21, 0x68, 0x9a, 0x10,
    0x1, 0xd1, 0xbb, 0xcf, 0xdb, 0xb8, 0x0, 0xd0,
    0x5, 0xe9, 0x0, 0x0, 0x0, 0xd1, 0xdd, 0xeb,
    0xbb, 0xd0, 0x0, 0xe9, 0x61, 0xc0, 0x0, 0xd0,
    0x4c, 0xc5, 0x1, 0xea, 0xaa, 0xd0, 0x33, 0x0,
    0x1, 0xc0, 0x0, 0xd0, 0x0, 0x0, 0x1, 0xeb,
    0xbb, 0xd0,

    /* U+585E "塞" */
    0x0, 0x0, 0x0, 0x0, 0x0, 0x0, 0x0, 0x0,
    0x4, 0xb0, 0x0, 0x0, 0xe, 0xcc, 0xcc, 0xcc,
    0xcc, 0xe5, 0xd, 0x0, 0xb0, 0x6, 0x50, 0x95,
    0x0, 0x88, 0xf8, 0x8c, 0xb8, 0x20, 0x0, 0x7a,
    0xfa, 0xad, 0xca, 0x10, 0x0, 0x0, 0xd0, 0x7,
    0x60, 0x0, 0xc, 0xcd, 0xec, 0xcd, 0xfc, 0xc6,
    0x0, 0x5c, 0x22, 0x60, 0x9a, 0x10, 0x1d, 0xa8,
    0xbc, 0xeb, 0xb5, 0xd7, 0x1, 0x0, 0x3, 0xa0,
    0x0, 0x0, 0x5, 0xbb, 0xbc, 0xeb, 0xbb, 0xb0,

    /* U+586B "填" */
    0x0, 0x0, 0x0, 0x0, 0x0, 0x0, 0x2, 0xa0,
    0x0, 0xa, 0x40, 0x0, 0x2, 0xb0, 0x6b, 0xbf,
    0xcb, 0xb5, 0x2, 0xb0, 0x4, 0x4e, 0x44, 0x20,
    0x6d, 0xfd, 0x1d, 0x66, 0x68, 0xa0, 0x2, 0xb0,
    0xd, 0x77, 0x79, 0xa0, 0x2, 0xb0, 0xd, 0x88,
    0x8a, 0xa0, 0x2, 0xb0, 0xd, 0x66, 0x68, 0xa0,
    0x2, 0xdb, 0xd, 0x22, 0x25, 0xa0, 0x5d, 0x93,
    0xcc, 0xdc, 0xcd, 0xc9, 0x11, 0x0, 0x7, 0xc0,
    0x2c, 0x50, 0x0, 0x0, 0xc7, 0x0, 0x1, 0xb4,
    0x0, 0x0, 0x0, 0x0, 0x0, 0x0,

    /* U+5883 "境" */
    0x0, 0x0, 0x0, 0x1, 0x0, 0x0, 0x0, 0xd0,
    0x0, 0xd, 0x10, 0x0, 0x0, 0xd0, 0x3c, 0xcb,
    0xcc, 0x80, 0x0, 0xe0, 0x2, 0xa0, 0x58, 0x0,
    0x3b, 0xfb, 0x7b, 0xcb, 0xcb, 0xb0, 0x0, 0xd0,
    0x9, 0x99, 0x99, 0x40, 0x0, 0xd0, 0xd, 0x33,
    0x38, 0x60, 0x0, 0xd0, 0xd, 0x66, 0x6a, 0x60,
    0x0, 0xea, 0x3c, 0xca, 0xcb, 0x50, 0x4d, 0xb4,
    0x0, 0xd0, 0xd0, 0x0, 0x22, 0x0, 0x7, 0x80,
    0xd0, 0x54, 0x0, 0x1, 0xc9, 0x0, 0xab, 0xc2,
    0x0, 0x0, 0x10, 0x0, 0x0, 0x0,

    /* U+5899 "墙" */
    0x0, 0xb0, 0x0, 0x9, 0x40, 0x0, 0x0, 0xd0,
    0x6c, 0xce, 0xdc, 0xc1, 0x2, 0xd2, 0xa, 0x29,
    0x45, 0x60, 0x3b, 0xfb, 0x2, 0x89, 0x4a, 0x0,
    0x0, 0xd0, 0xbc, 0xcc, 0xcc, 0xc8, 0x0, 0xd0,
    0x25, 0x55, 0x55, 0x50, 0x0, 0xd2, 0x5a, 0x55,
    0x55, 0xe0, 0x4, 0xfc, 0x67, 0xb8, 0x97, 0xd0,
    0x4c, 0x40, 0x57, 0xb7, 0x97, 0xd0, 0x0, 0x0,
    0x57, 0x22, 0x22, 0xd0, 0x0, 0x0, 0x5c, 0xaa,
    0xaa, 0xe0,

    /* U+589E "增" */
    0x0, 0x0, 0x0, 0x0, 0x0, 0x0, 0xd, 0x0,
    0x95, 0x2, 0xc0, 0x0, 0xd0, 0x36, 0xb4, 0xa8,
    0x30, 0xd, 0xa, 0x86, 0xd6, 0x8b, 0x4d, 0xfd,
    0xb5, 0x7b, 0x37, 0xb0, 0xd, 0xa, 0x16, 0xb5,
    0x1b, 0x0, 0xd0, 0x79, 0x9a, 0x99, 0x70, 0xd,
    0x0, 0xaa, 0xaa, 0xa1, 0x0, 0xeb, 0x2d, 0x0,
    0xb, 0x24, 0xd8, 0x20, 0xe9, 0x99, 0xd2, 0x0,
    0x0, 0xe, 0x88, 0x8d, 0x20, 0x0, 0x0, 0xd1,
    0x11, 0xb2,

    /* U+589F "墟" */
    0x0, 0xc0, 0x0, 0xf, 0xaa, 0x70, 0x0, 0xd0,
    0x1, 0x1e, 0x11, 0x10, 0x0, 0xd0, 0xbf, 0xff,
    0xff, 0xf5, 0x3d, 0xfd, 0xb1, 0xb, 0x1, 0xb0,
    0x0, 0xd0, 0xb5, 0x8e, 0x86, 0x30, 0x0, 0xd0,
    0xc0, 0x9, 0xa9, 0xb1, 0x0, 0xd0, 0xc0, 0x4,
    0x13, 0x0, 0x1, 0xfc, 0xd8, 0x3b, 0x47, 0x92,
    0x4d, 0x63, 0xa2, 0x9b, 0x48, 0xb0, 0x0, 0x7,
    0x60, 0x5b, 0x49, 0x30, 0x0, 0x7, 0x5b, 0xbb,
    0xbb, 0xb6,

    /* U+58E4 "壤" */
    0x0, 0x0, 0x0, 0x1, 0x0, 0x0, 0x0, 0xb0,
    0x0, 0xa, 0x30, 0x0, 0x0, 0xb0, 0xbb, 0xbb,
    0xbb, 0xb6, 0x0, 0xb0, 0x2a, 0x96, 0x88, 0xa0,
    0x2d, 0xfc, 0x3a, 0x49, 0xb3, 0xc0, 0x0, 0xb0,
    0x15, 0xd3, 0x5c, 0x60, 0x0, 0xb0, 0x48, 0xe8,
    0x8d, 0x81, 0x0, 0xb0, 0x18, 0xe8, 0x8d, 0x70,
    0x3, 0xea, 0x9a, 0xcd, 0xcb, 0xa6, 0x3a, 0x40,
    0x27, 0xc3, 0xb6, 0xa0, 0x0, 0x6, 0x94, 0xb3,
    0x5d, 0x50, 0x0, 0x0, 0x4, 0xb7, 0x30, 0x85,

    /* U+58EB "士" */
    0x0, 0x0, 0x4, 0xa0, 0x0, 0x0, 0x0, 0x0,
    0x4, 0xa0, 0x0, 0x0, 0x0, 0x0, 0x4, 0xa0,
    0x0, 0x0, 0x0, 0x0, 0x5, 0xb0, 0x0, 0x0,
    0x1d, 0xdd, 0xde, 0xfd, 0xdd, 0xd8, 0x0, 0x0,
    0x4, 0xa0, 0x0, 0x0, 0x0, 0x0, 0x4, 0xa0,
    0x0, 0x0, 0x0, 0x0, 0x4, 0xa0, 0x0, 0x0,
    0x0, 0x0, 0x4, 0xa0, 0x0, 0x0, 0x6, 0xcc,
    0xcd, 0xfc, 0xcc, 0xc0, 0x0, 0x0, 0x0, 0x0,
    0x0, 0x0,

    /* U+58EE "壮" */
    0x0, 0xd, 0x0, 0xb, 0x20, 0x0, 0x12, 0xd,
    0x0, 0xb, 0x20, 0x0, 0x1d, 0xd, 0x0, 0xb,
    0x20, 0x0, 0x8, 0x7d, 0x0, 0xb, 0x20, 0x0,
    0x0, 0x1d, 0x9d, 0xdf, 0xed, 0xd4, 0x0, 0xd,
    0x0, 0xb, 0x20, 0x0, 0x0, 0x3d, 0x0, 0xb,
    0x20, 0x0, 0x1a, 0xcd, 0x0, 0xb, 0x20, 0x0,
    0x47, 0xd, 0x0, 0xb, 0x20, 0x0, 0x0, 0xd,
    0x1, 0x1c, 0x41, 0x10, 0x0, 0xd, 0x4c, 0xcc,
    0xcc, 0xc0,

    /* U+58F0 "声" */
    0x0, 0x0, 0x7, 0x60, 0x0, 0x0, 0x1c, 0xcc,
    0xce, 0xec, 0xcc, 0xc1, 0x1, 0x22, 0x29, 0x82,
    0x22, 0x10, 0x3, 0x88, 0x88, 0x88, 0x88, 0x50,
    0x1, 0x99, 0x99, 0x99, 0x99, 0x30, 0x2, 0xc2,
    0x28, 0x82, 0x29, 0x60, 0x3, 0xb0, 0x7, 0x60,
    0x8, 0x60, 0x5, 0xec, 0xce, 0xdc, 0xce, 0x60,
    0x9, 0x60, 0x0, 0x0, 0x3, 0x20, 0x2e, 0x10,
    0x0, 0x0, 0x0, 0x0, 0x44, 0x0, 0x0, 0x0,
    0x0, 0x0,

    /* U+58F6 "壶" */
    0x0, 0x0, 0x3, 0xa0, 0x0, 0x0, 0x9, 0xbb,
    0xbc, 0xeb, 0xbb, 0xb4, 0x0, 0x34, 0x47, 0xc4,
    0x44, 0x10, 0x0, 0x66, 0x66, 0x66, 0x66, 0x30,
    0xc, 0xcc, 0xcc, 0xcc, 0xcc, 0xc6, 0xc, 0x0,
    0x0, 0x0, 0x0, 0x57, 0x0, 0x60, 0x66, 0xd,
    0x3, 0x40, 0x0, 0x85, 0x76, 0xd, 0xc, 0x20,
    0x0, 0x1c, 0x76, 0xd, 0x77, 0x0, 0x0, 0x1,
    0x76, 0xd, 0x10, 0x0, 0x3d, 0xdd, 0xee, 0xdf,
    0xdd, 0xd9,

    /* U+5904 "处" */
    0x0, 0xa3, 0x0, 0xd, 0x10, 0x0, 0x0, 0xe1,
    0x0, 0xd, 0x10, 0x0, 0x2, 0xfd, 0xdc, 0xd,
    0x10, 0x0, 0x6, 0x90, 0x4a, 0xd, 0xb0, 0x0,
    0xc, 0xa0, 0x77, 0xd, 0x8b, 0x0, 0x5b, 0xc0,
    0xb3, 0xd, 0x19, 0x70, 0x11, 0x79, 0xc0, 0xd,
    0x10, 0x70, 0x0, 0xf, 0x60, 0xd, 0x10, 0x0,
    0x0, 0x6d, 0xd1, 0xb, 0x10, 0x0, 0x4, 0xe1,
    0x5e, 0x62, 0x0, 0x0, 0x7d, 0x30, 0x1, 0x9d,
    0xff, 0xe2, 0x11, 0x0, 0x0, 0x0, 0x0, 0x0,

    /* U+5907 "备" */
    0x0, 0x0, 0x0, 0x0, 0x0, 0x0, 0x0, 0x3,
    0xd0, 0x0, 0x0, 0x0, 0x0, 0x2d, 0xcc, 0xcd,
    0xf1, 0x0, 0x5, 0xec, 0x80, 0x2d, 0x50, 0x0,
    0x8, 0x10, 0x9c, 0xe4, 0x0, 0x0, 0x0, 0x49,
    0xd9, 0xbc, 0x73, 0x10, 0x6e, 0xb6, 0x10, 0x3,
    0x8b, 0xc0, 0x0, 0xfb, 0xbe, 0xcb, 0xd8, 0x0,
    0x0, 0xe0, 0xb, 0x40, 0x78, 0x0, 0x0, 0xfa,
    0xae, 0xba, 0xd8, 0x0, 0x0, 0xe0, 0xb, 0x30,
    0x78, 0x0, 0x0, 0xfc, 0xcc, 0xcc, 0xd8, 0x0,

    /* U+590D "复" */
    0x0, 0x0, 0x0, 0x0, 0x0, 0x0, 0x0, 0x1d,
    0x0, 0x0, 0x0, 0x0, 0x0, 0xad, 0xcc, 0xcc,
    0xcc, 0xb0, 0xb, 0x96, 0x55, 0x55, 0x55, 0x0,
    0x5, 0x3c, 0x44, 0x44, 0x4e, 0x10, 0x0, 0x3e,
    0x99, 0x99, 0x9f, 0x10, 0x0, 0x3d, 0x77, 0x77,
    0x7e, 0x10, 0x0, 0x6, 0xd3, 0x33, 0x33, 0x0,
    0x0, 0x4e, 0xcb, 0xbb, 0xe9, 0x0, 0x5, 0xb4,
    0xb4, 0x19, 0xa0, 0x0, 0x0, 0x14, 0x7f, 0xfc,
    0x41, 0x0, 0x2d, 0xca, 0x61, 0x4, 0x8b, 0xc5,
    0x0, 0x0, 0x0, 0x0, 0x0, 0x0,

    /* U+590F "夏" */
    0x1c, 0xcc, 0xce, 0xdc, 0xcc, 0xc1, 0x0, 0x0,
    0xa, 0x40, 0x0, 0x0, 0x0, 0xe9, 0x99, 0x99,
    0x9e, 0x0, 0x0, 0xe8, 0x88, 0x88, 0x8e, 0x0,
    0x0, 0xe9, 0x99, 0x99, 0x9e, 0x0, 0x0, 0xe3,
    0x33, 0x33, 0x3e, 0x0, 0x0, 0x58, 0xe6, 0x55,
    0x55, 0x0, 0x0, 0x7f, 0xca, 0xab, 0xf4, 0x0,
    0x2c, 0x62, 0xc7, 0x4d, 0x60, 0x0, 0x0, 0x25,
    0x9f, 0xfa, 0x41, 0x0, 0x4d, 0xb8, 0x40, 0x4,
    0x9b, 0xd5,

    /* U+5915 "夕" */
    0x0, 0x0, 0xc, 0x10, 0x0, 0x0, 0x0, 0x8,
    0xb0, 0x0, 0x0, 0x0, 0x2, 0xfe, 0xee, 0xef,
    0x80, 0x1, 0xd6, 0x0, 0x0, 0xc3, 0x3, 0xe8,
    0x20, 0x0, 0x3c, 0x0, 0xb6, 0xb, 0xa1, 0xc,
    0x50, 0x0, 0x0, 0x6, 0xd9, 0xa0, 0x0, 0x0,
    0x0, 0x9, 0xd0, 0x0, 0x0, 0x0, 0x1b, 0xc1,
    0x0, 0x0, 0x1, 0x7e, 0x80, 0x0, 0x0, 0x4,
    0xe9, 0x20, 0x0, 0x0, 0x0, 0x0, 0x0, 0x0,
    0x0, 0x0,

    /* U+5916 "外" */
    0x0, 0x85, 0x0, 0xd, 0x10, 0x0, 0x0, 0xd3,
    0x0, 0xd, 0x10, 0x0, 0x2, 0xfd, 0xdf, 0xd,
    0x10, 0x0, 0x9, 0x70, 0x2c, 0xd, 0x20, 0x0,
    0x2e, 0x10, 0x69, 0xd, 0xd5, 0x0, 0x76, 0xc5,
    0xb4, 0xd, 0x2c, 0x70, 0x0, 0x1b, 0xd0, 0xd,
    0x10, 0xc2, 0x0, 0xb, 0x60, 0xd, 0x10, 0x0,
    0x0, 0x8b, 0x0, 0xd, 0x10, 0x0, 0x1a, 0xc0,
    0x0, 0xd, 0x10, 0x0, 0x59, 0x0, 0x0, 0xd,
    0x10, 0x0,

    /* U+591A "多" */
    0x0, 0x0, 0x0, 0x0, 0x0, 0x0, 0x0, 0x0,
    0x3d, 0x20, 0x0, 0x0, 0x0, 0x5, 0xdc, 0xcd,
    0xf4, 0x0, 0x3, 0xc9, 0x30, 0x8, 0x90, 0x0,
    0x2, 0x31, 0xb7, 0xb8, 0x0, 0x0, 0x0, 0x4,
    0xac, 0x5c, 0x10, 0x0, 0xa, 0xd9, 0x32, 0xdf,
    0xcc, 0xc1, 0x1, 0x0, 0x8c, 0x20, 0x6, 0x90,
    0x0, 0x4d, 0x66, 0x80, 0x7c, 0x0, 0x0, 0x0,
    0x0, 0xbe, 0x90, 0x0, 0x0, 0x24, 0x9d, 0xa3,
    0x0, 0x0, 0xd, 0xb9, 0x50, 0x0, 0x0, 0x0,

    /* U+591C "夜" */
    0x0, 0x0, 0x0, 0x10, 0x0, 0x0, 0x0, 0x0,
    0x5, 0xa0, 0x0, 0x0, 0x1d, 0xdd, 0xdd, 0xfd,
    0xdd, 0xd6, 0x0, 0xa, 0x40, 0x59, 0x0, 0x0,
    0x0, 0x3c, 0x0, 0xdd, 0xbb, 0xb1, 0x0, 0xc6,
    0x7, 0x95, 0x12, 0xc0, 0xb, 0xe5, 0x5f, 0x68,
    0x88, 0x60, 0x4a, 0x86, 0xb2, 0xd1, 0x5d, 0x0,
    0x0, 0x75, 0x0, 0x4b, 0xc3, 0x0, 0x0, 0x75,
    0x0, 0x2e, 0xd1, 0x0, 0x0, 0x75, 0x17, 0xd4,
    0x7d, 0x50, 0x0, 0x76, 0xc8, 0x10, 0x3, 0xb8,
    0x0, 0x0, 0x0, 0x0, 0x0, 0x0,

    /* U+591F "够" */
    0x0, 0x10, 0x0, 0x0, 0x30, 0x0, 0x2, 0xc0,
    0x0, 0x5, 0xd5, 0x50, 0x8, 0xec, 0xc7, 0x3c,
    0x68, 0xc0, 0x2d, 0x10, 0x5a, 0xb7, 0x2c, 0x40,
    0x5c, 0xa9, 0x48, 0x4, 0xf7, 0x0, 0xb, 0x1b,
    0x58, 0x8e, 0xa3, 0x0, 0xb, 0xb, 0x58, 0x42,
    0xfa, 0x94, 0xb, 0xb, 0x57, 0x3c, 0x53, 0xc4,
    0xb, 0xcd, 0x68, 0xb6, 0x55, 0xd0, 0x6, 0x0,
    0x76, 0x0, 0xbf, 0x30, 0x0, 0x0, 0x94, 0x6,
    0xf5, 0x0, 0x0, 0x4c, 0xd4, 0xdb, 0x20, 0x0,
    0x0, 0x0, 0x0, 0x20, 0x0, 0x0,

    /* U+5927 "大" */
    0x0, 0x0, 0x4, 0xa0, 0x0, 0x0, 0x0, 0x0,
    0x5, 0x90, 0x0, 0x0, 0x0, 0x0, 0x6, 0x80,
    0x0, 0x0, 0x1d, 0xdd, 0xde, 0xed, 0xdd, 0xd6,
    0x0, 0x0, 0xc, 0xf2, 0x0, 0x0, 0x0, 0x0,
    0x1e, 0x88, 0x0, 0x0, 0x0, 0x0, 0x88, 0x1e,
    0x10, 0x0, 0x0, 0x3, 0xe1, 0x7, 0xb0, 0x0,
    0x0, 0x2e, 0x40, 0x0, 0xc9, 0x0, 0x8, 0xe4,
    0x0, 0x0, 0xb, 0xc3, 0x8, 0x10, 0x0, 0x0,
    0x0, 0x63,

    /* U+5929 "天" */
    0xb, 0xee, 0xef, 0xfe, 0xee, 0xa0, 0x0, 0x0,
    0x8, 0x60, 0x0, 0x0, 0x0, 0x0, 0x9, 0x60,
    0x0, 0x0, 0x2a, 0xaa, 0xad, 0xca, 0xaa, 0xa2,
    0x3, 0x33, 0x3f, 0xe3, 0x33, 0x30, 0x0, 0x0,
    0x4c, 0xa4, 0x0, 0x0, 0x0, 0x1, 0xe3, 0x2d,
    0x10, 0x0, 0x0, 0x2d, 0x70, 0x5, 0xd2, 0x0,
    0x18, 0xe5, 0x0, 0x0, 0x4e, 0x82, 0x27, 0x0,
    0x0, 0x0, 0x1, 0x72,

    /* U+592A "太" */
    0x0, 0x0, 0x5, 0xa0, 0x0, 0x0, 0x0, 0x0,
    0x5, 0x90, 0x0, 0x0, 0x0, 0x0, 0x6, 0x80,
    0x0, 0x0, 0x1e, 0xee, 0xef, 0xfe, 0xee, 0xe7,
    0x0, 0x0, 0xb, 0xf3, 0x0, 0x0, 0x0, 0x0,
    0xe, 0x69, 0x0, 0x0, 0x0, 0x0, 0x6a, 0xe,
    0x10, 0x0, 0x0, 0x1, 0xe2, 0x6, 0xb0, 0x0,
    0x0, 0x1d, 0xcb, 0x0, 0xb9, 0x0, 0x5, 0xd8,
    0x7, 0xc0, 0xc, 0xa1, 0x1b, 0x30, 0x0, 0x72,
    0x0, 0x87,

    /* U+5931 "失" */
    0x0, 0x1a, 0x4, 0x90, 0x0, 0x0, 0x0, 0x78,
    0x4, 0x90, 0x0, 0x0, 0x0, 0xde, 0xef, 0xfe,
    0xee, 0x80, 0x9, 0x90, 0x5, 0x90, 0x0, 0x0,
    0x7, 0x0, 0x6, 0x90, 0x0, 0x0, 0x2e, 0xee,
    0xef, 0xfe, 0xee, 0xe8, 0x0, 0x0, 0xd, 0xd4,
    0x0, 0x0, 0x0, 0x0, 0x7b, 0x2d, 0x0, 0x0,
    0x0, 0x7, 0xd1, 0x6, 0xc1, 0x0, 0x5, 0xcb,
    0x10, 0x0, 0x6e, 0x83, 0x9, 0x30, 0x0, 0x0,
    0x1, 0x76,

    /* U+5934 "头" */
    0x0, 0x26, 0x0, 0x67, 0x0, 0x0, 0x0, 0x17,
    0xd5, 0x77, 0x0, 0x0, 0x1, 0x30, 0x12, 0x77,
    0x0, 0x0, 0x2, 0xac, 0x30, 0x85, 0x0, 0x0,
    0x0, 0x3, 0x40, 0xa4, 0x0, 0x0, 0x1c, 0xcc,
    0xcc, 0xfd, 0xcc, 0xc7, 0x0, 0x0, 0x3, 0xc0,
    0x0, 0x0, 0x0, 0x0, 0xc, 0x6a, 0x20, 0x0,
    0x0, 0x1, 0xb8, 0x4, 0xc8, 0x0, 0x4, 0x9d,
    0x50, 0x0, 0x7, 0xd2, 0x8, 0x40, 0x0, 0x0,
    0x0, 0x41,

    /* U+5938 "夸" */
    0x0, 0x0, 0x3, 0x0, 0x0, 0x0, 0x0, 0x0,
    0x2d, 0x0, 0x0, 0x0, 0xc, 0xcc, 0xee, 0xcc,
    0xcc, 0xc5, 0x0, 0x6, 0xc0, 0x5, 0xb0, 0x0,
    0x0, 0x5f, 0x20, 0x0, 0xb9, 0x0, 0x9, 0xc6,
    0xbb, 0xbb, 0x8a, 0xd3, 0x17, 0x44, 0x44, 0x44,
    0x44, 0x66, 0x1, 0x6b, 0x96, 0x66, 0x66, 0x30,
    0x0, 0xe, 0xba, 0xaa, 0xa5, 0x0, 0x0, 0x1,
    0x11, 0x11, 0x86, 0x0, 0x0, 0x0, 0x0, 0x0,
    0xc3, 0x0, 0x0, 0x0, 0x6, 0xcc, 0x90, 0x0,
    0x0, 0x0, 0x0, 0x0, 0x0, 0x0,

    /* U+5939 "夹" */
    0x0, 0x0, 0x3, 0xb0, 0x0, 0x0, 0x0, 0x0,
    0x4, 0xc0, 0x0, 0x0, 0x8, 0xcc, 0xcd, 0xfc,
    0xcc, 0xc1, 0x0, 0x55, 0x4, 0xa0, 0x39, 0x0,
    0x0, 0x1d, 0x6, 0x90, 0xb4, 0x0, 0x2, 0x29,
    0x38, 0x93, 0x92, 0x21, 0xb, 0xbb, 0xbf, 0xfc,
    0xbb, 0xb6, 0x0, 0x0, 0x2e, 0x88, 0x0, 0x0,
    0x0, 0x0, 0xc6, 0xc, 0x50, 0x0, 0x0, 0x4d,
    0x80, 0x1, 0xc9, 0x10, 0xd, 0xb4, 0x0, 0x0,
    0x7, 0xe5, 0x0, 0x0, 0x0, 0x0, 0x0, 0x0,

    /* U+5947 "奇" */
    0x0, 0x0, 0x3, 0xb0, 0x0, 0x0, 0x7, 0xcc,
    0xce, 0xec, 0xcc, 0xc0, 0x0, 0x0, 0x3d, 0xc7,
    0x20, 0x0, 0x2, 0x6a, 0xb2, 0x5, 0xbb, 0x40,
    0x1a, 0xc8, 0x77, 0x77, 0x79, 0xa4, 0x5, 0x55,
    0x55, 0x55, 0x5f, 0x53, 0x0, 0xab, 0xbb, 0xa0,
    0xe, 0x0, 0x0, 0xd0, 0x0, 0xd0, 0xe, 0x0,
    0x0, 0xd0, 0x0, 0xd0, 0xe, 0x0, 0x0, 0xeb,
    0xbb, 0xa0, 0xe, 0x0, 0x0, 0x20, 0x0, 0x1d,
    0xdb, 0x0,

    /* U+594B "奋" */
    0x0, 0x0, 0x8, 0x60, 0x0, 0x0, 0xb, 0xbb,
    0xbe, 0xcb, 0xbb, 0xb1, 0x1, 0x11, 0x89, 0x98,
    0x11, 0x10, 0x0, 0x4, 0xd0, 0xd, 0x60, 0x0,
    0x1, 0x9c, 0x10, 0x1, 0xcb, 0x40, 0x5c, 0xec,
    0xce, 0xdc, 0xde, 0xd4, 0x0, 0xb1, 0x7, 0x60,
    0x3b, 0x0, 0x0, 0xbc, 0xbd, 0xdb, 0xcb, 0x0,
    0x0, 0xb1, 0x7, 0x60, 0x3b, 0x0, 0x0, 0xbc,
    0xbd, 0xdb, 0xcb, 0x0, 0x0, 0xb2, 0x0, 0x0,
    0x3b, 0x0,

    /* U+594F "奏" */
    0x0, 0x0, 0x0, 0x0, 0x0, 0x0, 0x0, 0x0,
    0x3, 0xb0, 0x0, 0x0, 0x2, 0xbb, 0xbd, 0xdb,
    0xbb, 0x80, 0x0, 0x56, 0x6c, 0xa6, 0x66, 0x10,
    0x0, 0x34, 0x6d, 0x44, 0x44, 0x10, 0x1b, 0xbb,
    0xed, 0xbc, 0xcb, 0xb6, 0x0, 0xb, 0xb3, 0x34,
    0xe4, 0x0, 0x6, 0xd6, 0x79, 0xc7, 0x5b, 0xa3,
    0x18, 0x79, 0x9b, 0xd9, 0x99, 0x55, 0x0, 0x11,
    0x4e, 0x5b, 0x41, 0x0, 0x0, 0x28, 0xc3, 0x4,
    0xca, 0x20, 0x0, 0xa5, 0x0, 0x0, 0x5, 0x70,

    /* U+5951 "契" */
    0xb, 0xbe, 0xb7, 0xce, 0xec, 0xe4, 0x1, 0x1c,
    0x10, 0x7, 0x70, 0x94, 0x6, 0x9e, 0x94, 0xa,
    0x50, 0xa3, 0x1, 0x2c, 0x20, 0xd, 0x0, 0xb2,
    0xb, 0xcf, 0xb8, 0x88, 0x0, 0xd1, 0x0, 0x1c,
    0x8, 0x90, 0x5c, 0xb0, 0x0, 0x4, 0x8, 0x50,
    0x0, 0x0, 0xc, 0xcc, 0xcf, 0xdc, 0xcc, 0xc6,
    0x0, 0x0, 0x5b, 0x97, 0x0, 0x0, 0x0, 0x29,
    0xc1, 0xa, 0xb4, 0x0, 0x1c, 0xa5, 0x0, 0x0,
    0x39, 0xd7,

    /* U+5954 "奔" */
    0x0, 0x0, 0x1, 0x10, 0x0, 0x0, 0x0, 0x0,
    0xc, 0x40, 0x0, 0x0, 0xa, 0xaa, 0xbf, 0xaa,
    0xaa, 0xa4, 0x2, 0x26, 0xd3, 0x46, 0xc3, 0x21,
    0x0, 0x6d, 0x13, 0xa0, 0x6c, 0x20, 0x1c, 0xac,
    0xcd, 0xec, 0xc7, 0xd7, 0x3, 0x1, 0x3, 0xa0,
    0x20, 0x1, 0x0, 0x8, 0x52, 0x60, 0xe0, 0x0,
    0x2d, 0xde, 0xed, 0xdd, 0xfd, 0xd8, 0x0, 0xd,
    0x10, 0x0, 0xe0, 0x0, 0x0, 0x99, 0x0, 0x0,
    0xe0, 0x0, 0x8, 0x90, 0x0, 0x0, 0xe0, 0x0,
    0x0, 0x0, 0x0, 0x0, 0x0, 0x0,

    /* U+5956 "奖" */
    0x0, 0x0, 0x0, 0x0, 0x0, 0x0, 0x2, 0xd,
    0x0, 0x69, 0x0, 0x0, 0xc, 0x1d, 0x5, 0xdc,
    0xcc, 0xe0, 0x5, 0x4d, 0x4b, 0x70, 0x7, 0x80,
    0x2, 0xaf, 0x0, 0x5b, 0x7b, 0x0, 0x5c, 0x4d,
    0x3, 0x7d, 0x80, 0x0, 0x0, 0xb, 0x6c, 0x71,
    0x0, 0x0, 0x0, 0x0, 0xb, 0x40, 0x0, 0x0,
    0x5b, 0xbb, 0xcf, 0xeb, 0xbb, 0xb0, 0x0, 0x0,
    0x89, 0xc2, 0x0, 0x0, 0x0, 0x29, 0xb0, 0x2d,
    0x71, 0x0, 0x5c, 0xb5, 0x0, 0x0, 0x7c, 0xd1,
    0x0, 0x0, 0x0, 0x0, 0x0, 0x0,

    /* U+5957 "套" */
    0x0, 0x0, 0x0, 0x0, 0x0, 0x0, 0x0, 0x0,
    0x1e, 0x10, 0x0, 0x0, 0x2c, 0xcc, 0xee, 0xce,
    0xcc, 0xc2, 0x0, 0xb, 0x70, 0x5, 0xb1, 0x0,
    0x5, 0xcf, 0xaa, 0xaa, 0xac, 0x70, 0x38, 0x1e,
    0x99, 0x99, 0x90, 0x63, 0x0, 0xe, 0x33, 0x33,
    0x30, 0x0, 0x0, 0xe, 0x77, 0x77, 0x70, 0x0,
    0x3b, 0xbf, 0xbb, 0xbb, 0xbb, 0xb3, 0x0, 0x1b,
    0x60, 0x2, 0xb1, 0x0, 0x2, 0xdc, 0x89, 0x9a,
    0xec, 0x0, 0x0, 0x54, 0x32, 0x10, 0x6, 0x30,

    /* U+5976 "奶" */
    0x0, 0x0, 0x0, 0x0, 0x0, 0x0, 0x0, 0xc1,
    0x0, 0x0, 0x0, 0x0, 0x0, 0xd0, 0xd, 0xfd,
    0xde, 0x0, 0x18, 0xe7, 0x60, 0xb2, 0x1b, 0x0,
    0x7, 0xa4, 0xc0, 0xc1, 0x57, 0x0, 0x7, 0x52,
    0xa0, 0xc0, 0x8e, 0xd4, 0xb, 0x15, 0x80, 0xd0,
    0x0, 0x94, 0xd, 0x6a, 0x30, 0xc0, 0x0, 0x93,
    0x1, 0xbf, 0x5, 0x90, 0x0, 0xb2, 0x0, 0x8e,
    0x6a, 0x40, 0x0, 0xc0, 0x5, 0xc1, 0x5d, 0x0,
    0x0, 0xd0, 0x1c, 0x10, 0xb2, 0x2, 0xdd, 0x70,
    0x0, 0x0, 0x0, 0x0, 0x0, 0x0,

    /* U+597D "好" */
    0x0, 0x0, 0x0, 0x0, 0x0, 0x0, 0x0, 0xd0,
    0x1, 0x33, 0x33, 0x20, 0x2, 0xb0, 0x2, 0x77,
    0x7c, 0xc0, 0x7e, 0xed, 0xd0, 0x0, 0x4d, 0x10,
    0x9, 0x40, 0xd0, 0x1, 0xd1, 0x0, 0xc, 0x12,
    0xb0, 0x2, 0xc0, 0x0, 0x1d, 0x5, 0x8c, 0xde,
    0xfd, 0xd6, 0x2d, 0x4b, 0x30, 0x2, 0xc0, 0x0,
    0x2, 0xde, 0x0, 0x2, 0xc0, 0x0, 0x0, 0xcd,
    0x80, 0x2, 0xc0, 0x0, 0xa, 0x90, 0xa0, 0x2,
    0xc0, 0x0, 0x77, 0x0, 0x0, 0xad, 0x80, 0x0,
    0x0, 0x0, 0x0, 0x0, 0x0, 0x0,

    /* U+5982 "如" */
    0x0, 0x0, 0x0, 0x0, 0x0, 0x0, 0xb, 0x20,
    0x0, 0x0, 0x0, 0x0, 0xd0, 0x0, 0xbc, 0xcc,
    0xc8, 0xdf, 0xdd, 0x6d, 0x0, 0xe, 0x5, 0x80,
    0x85, 0xd0, 0x0, 0xe0, 0x84, 0xa, 0x3d, 0x0,
    0xe, 0xc, 0x10, 0xd0, 0xd0, 0x0, 0xe0, 0xd6,
    0x3b, 0xd, 0x0, 0xe, 0x1, 0xbe, 0x50, 0xd0,
    0x0, 0xe0, 0x5, 0xfb, 0xd, 0x0, 0xe, 0x6,
    0xe2, 0x94, 0xdd, 0xdd, 0xe7, 0xd3, 0x0, 0xd,
    0x0, 0x6, 0x0, 0x0, 0x0, 0x0, 0x0, 0x0,

    /* U+5996 "妖" */
    0x0, 0x0, 0x0, 0x0, 0x0, 0x0, 0x0, 0xc1,
    0x0, 0x1, 0x36, 0xa1, 0x0, 0xd0, 0x6, 0xba,
    0xf5, 0x10, 0x1d, 0xfd, 0xb0, 0x0, 0xe0, 0x0,
    0x4, 0x80, 0xc0, 0x0, 0xe0, 0x0, 0x7, 0x52,
    0xa2, 0x22, 0xe2, 0x21, 0xb, 0x24, 0x89, 0xab,
    0xfb, 0xa6, 0xe, 0x18, 0x40, 0x4, 0xf5, 0x0,
    0x4, 0xcd, 0x0, 0xa, 0x6b, 0x0, 0x0, 0x8e,
    0x10, 0x3b, 0xb, 0x10, 0x3, 0xd6, 0xa2, 0xd2,
    0x4, 0xc0, 0x1d, 0x30, 0x1d, 0x40, 0x0, 0x7a,
    0x0, 0x0, 0x0, 0x0, 0x0, 0x0,

    /* U+59A8 "妨" */
    0x0, 0x0, 0x0, 0x0, 0x0, 0x0, 0x0, 0xc1,
    0x0, 0x3, 0xb0, 0x0, 0x0, 0xd0, 0x1, 0x22,
    0xb2, 0x21, 0x2d, 0xfd, 0xa7, 0xaf, 0xaa, 0xa7,
    0x4, 0x91, 0xb0, 0xe, 0x0, 0x0, 0x8, 0x53,
    0x90, 0xe, 0x0, 0x0, 0xb, 0x26, 0x70, 0x1f,
    0xdd, 0xf0, 0xd, 0x3a, 0x30, 0x3b, 0x0, 0xe0,
    0x1, 0xbe, 0x0, 0x78, 0x0, 0xe0, 0x0, 0x8d,
    0x90, 0xe3, 0x0, 0xd0, 0x5, 0xc0, 0x49, 0xa0,
    0x3, 0xb0, 0x2c, 0x10, 0x3c, 0x3, 0xde, 0x50,
    0x0, 0x0, 0x0, 0x0, 0x0, 0x0,

    /* U+59CB "始" */
    0x0, 0x20, 0x0, 0x1, 0x10, 0x0, 0x0, 0xc1,
    0x0, 0xa, 0x50, 0x0, 0x0, 0xd0, 0x0, 0x2d,
    0x5, 0x0, 0x3d, 0xfd, 0xb0, 0xa5, 0x8, 0x60,
    0x4, 0x80, 0xb4, 0xb0, 0x13, 0xe1, 0x7, 0x53,
    0x9d, 0xed, 0xba, 0xb8, 0xb, 0x16, 0x70, 0x0,
    0x0, 0x2, 0xc, 0x6a, 0x33, 0xdc, 0xcc, 0xe0,
    0x0, 0xbf, 0x3, 0x80, 0x0, 0xd0, 0x0, 0x8e,
    0x83, 0x80, 0x0, 0xd0, 0x4, 0xc0, 0xa4, 0xa2,
    0x22, 0xe0, 0x1b, 0x10, 0x3, 0xda, 0xaa, 0xf0,

    /* U+59D4 "委" */
    0x0, 0x1, 0x12, 0x45, 0x89, 0x0, 0x4, 0xba,
    0x9b, 0xb5, 0x41, 0x0, 0x0, 0x0, 0x6, 0x80,
    0x0, 0x0, 0xc, 0xcc, 0xcd, 0xec, 0xcc, 0xc6,
    0x0, 0x4, 0xb8, 0x9b, 0x70, 0x0, 0x4, 0xba,
    0x6, 0x80, 0x7c, 0x82, 0x18, 0x20, 0x6b, 0x20,
    0x0, 0x54, 0x2c, 0xcc, 0xfd, 0xcc, 0xcc, 0xc8,
    0x0, 0xc, 0x40, 0x6, 0xb0, 0x0, 0x0, 0x4b,
    0xc9, 0x8e, 0x10, 0x0, 0x1, 0x35, 0x9d, 0x9b,
    0xd9, 0x40, 0xa, 0x96, 0x40, 0x0, 0x4, 0x91,

    /* U+59FF "姿" */
    0x0, 0x0, 0x0, 0x0, 0x0, 0x0, 0x5, 0x60,
    0x5, 0x80, 0x0, 0x0, 0x0, 0x7b, 0xd, 0xcd,
    0xcc, 0xd3, 0x0, 0x0, 0xa6, 0xe, 0x21, 0xc0,
    0x0, 0x5b, 0x0, 0x7a, 0xa1, 0x20, 0xc, 0x81,
    0x5b, 0x90, 0x4c, 0x61, 0x1, 0x1, 0xb9, 0x0,
    0x0, 0x53, 0x1c, 0xcc, 0xee, 0xcc, 0xcc, 0xc6,
    0x0, 0xa, 0x70, 0x4, 0xc0, 0x0, 0x0, 0x2b,
    0xca, 0x7e, 0x20, 0x0, 0x1, 0x35, 0x9d, 0x9a,
    0xda, 0x50, 0xa, 0x97, 0x40, 0x0, 0x4, 0x92,

    /* U+5A07 "娇" */
    0x0, 0x0, 0x0, 0x0, 0x0, 0x0, 0x0, 0xa2,
    0x0, 0x2, 0x48, 0x60, 0x0, 0xc0, 0x0, 0xba,
    0xd5, 0x10, 0x8, 0xe8, 0x60, 0x2, 0x80, 0x0,
    0x5, 0xc4, 0xb8, 0xdf, 0xde, 0xd6, 0x4, 0x83,
    0x90, 0x3b, 0xb, 0x20, 0x8, 0x46, 0x75, 0xd1,
    0x2, 0xc2, 0xb, 0x4a, 0x39, 0x2c, 0xb, 0x34,
    0x2, 0xcd, 0x0, 0x2c, 0xc, 0x0, 0x0, 0x9e,
    0x40, 0x59, 0xc, 0x0, 0x6, 0xc1, 0xa1, 0xd2,
    0xc, 0x0, 0x2b, 0x10, 0xa, 0x60, 0xc, 0x0,
    0x0, 0x0, 0x0, 0x0, 0x0, 0x0,

    /* U+5A49 "婉" */
    0x0, 0x0, 0x0, 0x0, 0x0, 0x0, 0x4, 0x80,
    0x0, 0xb, 0x30, 0x0, 0x5, 0x60, 0x6d, 0xcd,
    0xdc, 0xd3, 0x4c, 0xb8, 0x86, 0x0, 0x0, 0x94,
    0x3c, 0x7d, 0x2b, 0x30, 0x34, 0x71, 0xb, 0xc,
    0xd, 0xbc, 0xc6, 0xd0, 0xa, 0xc, 0x49, 0x29,
    0xb0, 0xb0, 0x4a, 0x48, 0xa7, 0x97, 0xb0, 0xb0,
    0x8, 0xe4, 0x1, 0xe2, 0xb8, 0xb0, 0x1, 0xf9,
    0x2, 0xd0, 0xb0, 0x10, 0xb, 0x5b, 0x2b, 0x40,
    0xb0, 0x37, 0x77, 0x0, 0x97, 0x0, 0x9b, 0xc3,
    0x0, 0x0, 0x0, 0x0, 0x0, 0x0,

    /* U+5ACC "嫌" */
    0x0, 0x0, 0x0, 0x0, 0x0, 0x0, 0x1, 0xa0,
    0x8, 0x40, 0x2b, 0x0, 0x3, 0x80, 0x26, 0xc4,
    0xc8, 0x41, 0x4d, 0xec, 0x46, 0xd6, 0xe6, 0x61,
    0x9, 0x3b, 0x4b, 0xfb, 0xfb, 0x80, 0xc, 0xc,
    0x0, 0xc0, 0xd0, 0xb0, 0xc, 0xc, 0x8b, 0xfb,
    0xfb, 0xe5, 0x2b, 0x39, 0x0, 0xc0, 0xc0, 0xb0,
    0x8, 0xd5, 0x4c, 0xfb, 0xfc, 0x80, 0x0, 0xea,
    0xb, 0xd0, 0xdb, 0x0, 0xa, 0x57, 0xb7, 0xc0,
    0xc4, 0xb1, 0x57, 0x1, 0x70, 0xc0, 0xc0, 0x42,

    /* U+5B50 "子" */
    0x0, 0x0, 0x0, 0x0, 0x0, 0x0, 0x0, 0xdd,
    0xdd, 0xdd, 0xef, 0x50, 0x0, 0x0, 0x0, 0x6,
    0xd5, 0x0, 0x0, 0x0, 0x1, 0xc8, 0x10, 0x0,
    0x0, 0x0, 0x3, 0xb0, 0x0, 0x0, 0x2e, 0xee,
    0xee, 0xfe, 0xee, 0xe9, 0x0, 0x0, 0x3, 0xb0,
    0x0, 0x0, 0x0, 0x0, 0x3, 0xb0, 0x0, 0x0,
    0x0, 0x0, 0x3, 0xb0, 0x0, 0x0, 0x0, 0x0,
    0x3, 0xb0, 0x0, 0x0, 0x0, 0x6, 0xee, 0x60,
    0x0, 0x0,

    /* U+5B57 "字" */
    0x0, 0x0, 0x1, 0x0, 0x0, 0x0, 0x0, 0x0,
    0xa, 0x60, 0x0, 0x0, 0xd, 0xdd, 0xde, 0xfd,
    0xdd, 0xd0, 0xd, 0x0, 0x0, 0x0, 0x0, 0xe0,
    0x8, 0x2d, 0xdd, 0xdd, 0xc1, 0x80, 0x0, 0x0,
    0x0, 0x4d, 0x60, 0x0, 0x0, 0x0, 0x5, 0xc2,
    0x0, 0x0, 0x2c, 0xcc, 0xce, 0xec, 0xcc, 0xc2,
    0x0, 0x0, 0x8, 0x70, 0x0, 0x0, 0x0, 0x0,
    0x7, 0x70, 0x0, 0x0, 0x0, 0x0, 0x7, 0x70,
    0x0, 0x0, 0x0, 0x5, 0xdd, 0x30, 0x0, 0x0,

    /* U+5B58 "存" */
    0x0, 0x0, 0x11, 0x0, 0x0, 0x0, 0x0, 0x0,
    0x78, 0x0, 0x0, 0x0, 0xb, 0xbb, 0xec, 0xbb,
    0xbb, 0xb5, 0x2, 0x27, 0xb2, 0x22, 0x22, 0x20,
    0x0, 0xd, 0x30, 0x11, 0x11, 0x0, 0x0, 0x7b,
    0x9, 0xbb, 0xcf, 0x80, 0x5, 0xf5, 0x0, 0x1,
    0xa7, 0x0, 0x3e, 0xc5, 0x0, 0x7, 0x70, 0x0,
    0x13, 0x95, 0xad, 0xde, 0xed, 0xd8, 0x0, 0x95,
    0x0, 0x7, 0x60, 0x0, 0x0, 0x95, 0x0, 0x7,
    0x60, 0x0, 0x0, 0x95, 0x4, 0xdd, 0x40, 0x0,

    /* U+5B5A "孚" */
    0x0, 0x1, 0x12, 0x45, 0x7a, 0x60, 0x4, 0xcb,
    0xa9, 0x87, 0x54, 0x0, 0x0, 0x90, 0x9, 0x40,
    0xc, 0x40, 0x0, 0x86, 0x5, 0x90, 0x4c, 0x0,
    0x0, 0x28, 0x1, 0x60, 0x83, 0x0, 0x0, 0xbd,
    0xdd, 0xdd, 0xda, 0x0, 0x0, 0x0, 0x0, 0x19,
    0xc2, 0x0, 0x0, 0x0, 0x0, 0xe6, 0x0, 0x0,
    0x1d, 0xdd, 0xdd, 0xfd, 0xdd, 0xd7, 0x0, 0x0,
    0x0, 0xd0, 0x0, 0x0, 0x0, 0x0, 0x1, 0xd0,
    0x0, 0x0, 0x0, 0x1, 0xcd, 0x90, 0x0, 0x0,

    /* U+5B63 "季" */
    0x0, 0x1, 0x23, 0x46, 0x89, 0x0, 0x4, 0xbb,
    0xac, 0xb6, 0x41, 0x0, 0x0, 0x0, 0x6, 0x80,
    0x0, 0x0, 0xc, 0xcc, 0xcd, 0xec, 0xcc, 0xc6,
    0x0, 0x3, 0xc9, 0xab, 0x50, 0x0, 0x1, 0x8c,
    0x16, 0x80, 0x9b, 0x40, 0x1c, 0x8b, 0xaa, 0xaa,
    0xa4, 0xa6, 0x0, 0x0, 0x1, 0x8e, 0x50, 0x0,
    0x1, 0x11, 0x15, 0xc2, 0x11, 0x10, 0xb, 0xbb,
    0xbd, 0xeb, 0xbb, 0xb6, 0x0, 0x0, 0x4, 0x90,
    0x0, 0x0, 0x0, 0x4, 0xcd, 0x60, 0x0, 0x0,

    /* U+5B64 "孤" */
    0x0, 0x0, 0x0, 0x2, 0x48, 0x90, 0x4d, 0xde,
    0xac, 0xcf, 0x8d, 0x10, 0x0, 0x1d, 0x1d, 0xc,
    0xb, 0x0, 0x0, 0xa5, 0xd, 0xc, 0xb, 0x0,
    0x0, 0xd0, 0xd, 0xc, 0xa, 0x10, 0x0, 0xd1,
    0x2d, 0xc, 0x8, 0x30, 0x4, 0xed, 0x6b, 0xc,
    0x7, 0x50, 0x7b, 0xe0, 0x2a, 0xc, 0x5, 0x70,
    0x0, 0xd0, 0x57, 0x1a, 0xa2, 0xa0, 0x0, 0xd0,
    0x84, 0x56, 0x73, 0xd0, 0x0, 0xd0, 0xc0, 0xca,
    0xd7, 0xb3, 0x1d, 0xc1, 0x90, 0x74, 0x8, 0x54,
    0x0, 0x0, 0x0, 0x0, 0x0, 0x0,

    /* U+5B66 "学" */
    0x0, 0x0, 0x0, 0x0, 0x0, 0x0, 0x0, 0x91,
    0x9, 0x50, 0xa, 0x30, 0x0, 0x59, 0x2, 0xb0,
    0x5a, 0x0, 0xd, 0xdd, 0xdd, 0xdd, 0xdd, 0xe5,
    0xc, 0x0, 0x0, 0x0, 0x0, 0x95, 0x4, 0x3c,
    0xcc, 0xce, 0xf4, 0x32, 0x0, 0x0, 0x0, 0x8c,
    0x40, 0x0, 0x1, 0x11, 0x17, 0xa1, 0x11, 0x10,
    0xc, 0xcc, 0xcd, 0xec, 0xcc, 0xc6, 0x0, 0x0,
    0x6, 0x80, 0x0, 0x0, 0x0, 0x0, 0x6, 0x80,
    0x0, 0x0, 0x0, 0x7, 0xdd, 0x40, 0x0, 0x0,

    /* U+5B69 "孩" */
    0x0, 0x0, 0x0, 0x5, 0x50, 0x0, 0x6d, 0xde,
    0xa0, 0x4, 0xd0, 0x0, 0x0, 0xd, 0x4a, 0xaa,
    0xfa, 0xa5, 0x0, 0x3b, 0x2, 0x3e, 0x22, 0x21,
    0x0, 0xb3, 0x0, 0x87, 0x6, 0x10, 0x0, 0xd0,
    0x4, 0xe3, 0x5b, 0x0, 0x0, 0xd4, 0x59, 0xab,
    0xe1, 0x10, 0x4b, 0xf9, 0x40, 0x3c, 0x24, 0xc0,
    0x43, 0xe0, 0xa, 0x90, 0x3d, 0x10, 0x0, 0xd0,
    0x3, 0x5, 0xf8, 0x0, 0x0, 0xe0, 0x3, 0xbb,
    0x2a, 0x80, 0x4c, 0xc0, 0x8b, 0x40, 0x0, 0xa3,
    0x0, 0x0, 0x0, 0x0, 0x0, 0x0,

    /* U+5B81 "宁" */
    0x0, 0x0, 0x8, 0x40, 0x0, 0x0, 0x1, 0x11,
    0x15, 0xa1, 0x11, 0x10, 0xd, 0xcb, 0xbb, 0xbb,
    0xbc, 0xd0, 0xd, 0x0, 0x0, 0x0, 0x1, 0xd0,
    0x3, 0x11, 0x11, 0x11, 0x11, 0x30, 0x1c, 0xcc,
    0xce, 0xec, 0xcc, 0xc2, 0x0, 0x0, 0x7, 0x60,
    0x0, 0x0, 0x0, 0x0, 0x7, 0x60, 0x0, 0x0,
    0x0, 0x0, 0x7, 0x60, 0x0, 0x0, 0x0, 0x0,
    0x8, 0x60, 0x0, 0x0, 0x0, 0x9, 0xee, 0x30,
    0x0, 0x0,

    /* U+5B83 "它" */
    0x0, 0x0, 0x30, 0x0, 0x0, 0x0, 0x0, 0x96,
    0x0, 0x0, 0xaa, 0xaa, 0xce, 0xaa, 0xaa, 0xe3,
    0x33, 0x33, 0x33, 0x3e, 0xb0, 0x0, 0x0, 0x0,
    0xc, 0x4, 0xa0, 0x0, 0x28, 0x10, 0x4, 0xa0,
    0x4a, 0xe7, 0x10, 0x4, 0xee, 0xa5, 0x0, 0x0,
    0x4, 0xb0, 0x0, 0x0, 0x0, 0x4, 0xa0, 0x0,
    0x0, 0x28, 0x4, 0xc0, 0x0, 0x0, 0x69, 0x0,
    0xce, 0xee, 0xee, 0xd2,

    /* U+5B87 "宇" */
    0x0, 0x0, 0x0, 0x0, 0x0, 0x0, 0x0, 0x0,
    0xa, 0x40, 0x0, 0x0, 0x1d, 0xdd, 0xde, 0xfd,
    0xdd, 0xd1, 0x2b, 0x0, 0x0, 0x0, 0x0, 0xc1,
    0x19, 0x6c, 0xcc, 0xcc, 0xc5, 0x91, 0x0, 0x0,
    0x7, 0x80, 0x0, 0x0, 0x0, 0x0, 0x6, 0x80,
    0x0, 0x0, 0x1d, 0xdd, 0xde, 0xed, 0xdd, 0xd2,
    0x0, 0x0, 0x6, 0x80, 0x0, 0x0, 0x0, 0x0,
    0x6, 0x80, 0x0, 0x0, 0x0, 0x0, 0x7, 0x80,
    0x0, 0x0, 0x0, 0x7, 0xdd, 0x40, 0x0, 0x0,

    /* U+5B88 "守" */
    0x0, 0x0, 0x1, 0x10, 0x0, 0x0, 0x0, 0x0,
    0x4, 0xa0, 0x0, 0x0, 0xa, 0xdd, 0xdd, 0xfd,
    0xdd, 0xd2, 0xc, 0x10, 0x0, 0x2, 0x20, 0xb3,
    0x6, 0x10, 0x0, 0x7, 0x70, 0x61, 0x2, 0x22,
    0x22, 0x29, 0x82, 0x21, 0xa, 0xaa, 0xaa, 0xad,
    0xda, 0xa5, 0x0, 0x34, 0x0, 0x7, 0x70, 0x0,
    0x0, 0x1d, 0x30, 0x7, 0x70, 0x0, 0x0, 0x2,
    0xd0, 0x7, 0x70, 0x0, 0x0, 0x0, 0x0, 0x7,
    0x70, 0x0, 0x0, 0x0, 0x8, 0xed, 0x30, 0x0,

    /* U+5B89 "安" */
    0x0, 0x0, 0x2, 0x0, 0x0, 0x0, 0x0, 0x0,
    0xc, 0x40, 0x0, 0x0, 0xc, 0xdd, 0xde, 0xfd,
    0xdd, 0xc0, 0xe, 0x0, 0x6, 0x0, 0x0, 0xe0,
    0x8, 0x0, 0x5b, 0x0, 0x0, 0x80, 0x2, 0x22,
    0xc7, 0x22, 0x22, 0x20, 0x1a, 0xad, 0xda, 0xac,
    0xfa, 0xa2, 0x0, 0x1d, 0x20, 0x8, 0x80, 0x0,
    0x0, 0x5e, 0x93, 0x3d, 0x0, 0x0, 0x0, 0x0,
    0x5e, 0xf9, 0x0, 0x0, 0x0, 0x15, 0xca, 0x4a,
    0xe7, 0x0, 0xa, 0xd9, 0x30, 0x0, 0x2a, 0xa0,
    0x0, 0x0, 0x0, 0x0, 0x0, 0x0,

    /* U+5B8C "完" */
    0x0, 0x0, 0x3, 0x0, 0x0, 0x0, 0x0, 0x0,
    0xb, 0x50, 0x0, 0x0, 0x3d, 0xdd, 0xde, 0xfd,
    0xdd, 0xa0, 0x3b, 0x0, 0x0, 0x0, 0x1, 0xc0,
    0x29, 0x4c, 0xcc, 0xcc, 0xc2, 0xa0, 0x0, 0x0,
    0x0, 0x0, 0x0, 0x0, 0x1, 0x11, 0x11, 0x11,
    0x11, 0x10, 0x6b, 0xbc, 0xfb, 0xce, 0xbb, 0xb1,
    0x0, 0x3, 0xa0, 0x2b, 0x0, 0x0, 0x0, 0x7,
    0x70, 0x2b, 0x0, 0x20, 0x0, 0x5d, 0x0, 0x2b,
    0x0, 0x93, 0x5d, 0xa1, 0x0, 0xd, 0xdd, 0xd0,
    0x0, 0x0, 0x0, 0x0, 0x0, 0x0,

    /* U+5B8F "宏" */
    0x0, 0x0, 0x0, 0x10, 0x0, 0x0, 0x0, 0x0,
    0x5, 0xb0, 0x0, 0x0, 0xc, 0xdd, 0xdd, 0xfd,
    0xdd, 0xd4, 0xe, 0x0, 0x17, 0x0, 0x0, 0x94,
    0x6, 0x0, 0x69, 0x0, 0x0, 0x42, 0x1d, 0xdd,
    0xfe, 0xdd, 0xdd, 0xd6, 0x0, 0x3, 0xc0, 0x31,
    0x0, 0x0, 0x0, 0xc, 0x40, 0xe2, 0x0, 0x0,
    0x0, 0x6b, 0x7, 0x90, 0x91, 0x0, 0x4, 0xd1,
    0x2d, 0x0, 0x4c, 0x0, 0x1e, 0x21, 0xd9, 0x79,
    0xaf, 0x80, 0x1, 0x1, 0x86, 0x53, 0x21, 0xa0,

    /* U+5B98 "官" */
    0x0, 0x0, 0x0, 0x0, 0x0, 0x0, 0x0, 0x3,
    0xc0, 0x0, 0x0, 0xed, 0xdd, 0xde, 0xdd, 0xde,
    0x5e, 0x0, 0x0, 0x0, 0x0, 0x86, 0x27, 0xec,
    0xcc, 0xcc, 0xd1, 0x10, 0x77, 0x0, 0x0, 0xd,
    0x0, 0x7, 0xec, 0xcc, 0xcc, 0xd0, 0x0, 0x77,
    0x0, 0x0, 0x0, 0x0, 0x7, 0xec, 0xcc, 0xcc,
    0xc3, 0x0, 0x77, 0x0, 0x0, 0x9, 0x40, 0x7,
    0xc9, 0x99, 0x99, 0xd4, 0x0, 0x78, 0x22, 0x22,
    0x2a, 0x40,

    /* U+5B99 "宙" */
    0x0, 0x0, 0x20, 0x0, 0x0, 0x0, 0x0, 0xd3,
    0x0, 0x0, 0xdd, 0xdd, 0xee, 0xdd, 0xdb, 0xe0,
    0x0, 0x62, 0x0, 0xd, 0x90, 0x0, 0xa3, 0x0,
    0x9, 0xc, 0xcc, 0xed, 0xcc, 0xc0, 0xc, 0x0,
    0xb4, 0x0, 0xe0, 0xc, 0x0, 0xa3, 0x0, 0xe0,
    0xf, 0xcc, 0xed, 0xcc, 0xf0, 0xc, 0x0, 0xa3,
    0x0, 0xe0, 0xe, 0xaa, 0xec, 0xaa, 0xf0, 0xd,
    0x22, 0x22, 0x22, 0xe0,

    /* U+5B9A "定" */
    0x0, 0x0, 0x1, 0x10, 0x0, 0x0, 0x0, 0x0,
    0x6, 0x90, 0x0, 0x0, 0xd, 0xdd, 0xdd, 0xfd,
    0xdd, 0xd0, 0xe, 0x0, 0x0, 0x0, 0x0, 0xe0,
    0xa, 0x12, 0x22, 0x22, 0x22, 0xb0, 0x0, 0x4b,
    0xbc, 0xeb, 0xb8, 0x0, 0x0, 0x25, 0x3, 0xa0,
    0x0, 0x0, 0x0, 0x78, 0x3, 0xec, 0xcc, 0x30,
    0x0, 0xba, 0x3, 0xb1, 0x11, 0x0, 0x0, 0xdc,
    0x43, 0xa0, 0x0, 0x0, 0x8, 0x72, 0xeb, 0xb0,
    0x0, 0x0, 0x4c, 0x0, 0x18, 0xde, 0xee, 0xe4,
    0x0, 0x0, 0x0, 0x0, 0x0, 0x0,

    /* U+5B9C "宜" */
    0x0, 0x0, 0x1, 0x10, 0x0, 0x0, 0x0, 0x0,
    0x5, 0xa0, 0x0, 0x0, 0xa, 0xdd, 0xdd, 0xfd,
    0xdd, 0xd3, 0xc, 0x10, 0x0, 0x0, 0x0, 0xa3,
    0x8, 0x1a, 0xcc, 0xcc, 0xc2, 0x72, 0x0, 0xd,
    0x0, 0x0, 0xb2, 0x0, 0x0, 0xd, 0xbb, 0xbb,
    0xe2, 0x0, 0x0, 0xd, 0x10, 0x0, 0xb2, 0x0,
    0x0, 0xd, 0xa9, 0x99, 0xe2, 0x0, 0x0, 0xd,
    0x32, 0x22, 0xb2, 0x0, 0x0, 0xd, 0x0, 0x0,
    0xb2, 0x0, 0x1c, 0xcf, 0xdc, 0xcc, 0xfd, 0xc7,

    /* U+5B9D "宝" */
    0x0, 0x0, 0x3, 0x0, 0x0, 0x0, 0x0, 0x0,
    0x9, 0x60, 0x0, 0x0, 0xc, 0xcc, 0xcd, 0xfc,
    0xcc, 0xb0, 0xe, 0x0, 0x0, 0x0, 0x1, 0xe0,
    0xa, 0x0, 0x0, 0x0, 0x0, 0xa0, 0x1, 0xdd,
    0xde, 0xed, 0xdc, 0x0, 0x0, 0x0, 0x8, 0x60,
    0x0, 0x0, 0x0, 0x8b, 0xbe, 0xdb, 0xb8, 0x0,
    0x0, 0x11, 0x19, 0x76, 0x41, 0x0, 0x0, 0x0,
    0x8, 0x63, 0xd2, 0x0, 0x0, 0x0, 0x8, 0x60,
    0x48, 0x0, 0x2d, 0xdd, 0xde, 0xed, 0xdd, 0xd1,

    /* U+5B9E "实" */
    0x0, 0x0, 0x2, 0x0, 0x0, 0x0, 0x0, 0x0,
    0x9, 0x70, 0x0, 0x0, 0xc, 0xdd, 0xde, 0xfd,
    0xdd, 0xc0, 0xe, 0x0, 0x0, 0x20, 0x0, 0xe0,
    0x8, 0xb, 0x80, 0xe0, 0x0, 0x80, 0x0, 0x40,
    0x61, 0xd0, 0x0, 0x0, 0x1, 0xb9, 0x2, 0xc0,
    0x0, 0x0, 0x0, 0x5, 0x5, 0x90, 0x0, 0x0,
    0x1c, 0xcc, 0xcf, 0xdc, 0xcc, 0xc2, 0x0, 0x0,
    0x6c, 0x49, 0x20, 0x0, 0x0, 0x3a, 0xc1, 0x4,
    0xbb, 0x20, 0xb, 0xb5, 0x0, 0x0, 0x4, 0xb0,

    /* U+5BA0 "宠" */
    0x0, 0x0, 0x0, 0x0, 0x0, 0x0, 0x0, 0x0,
    0xd, 0x10, 0x0, 0x0, 0xb, 0xcc, 0xce, 0xec,
    0xcc, 0xc0, 0xe, 0x0, 0x70, 0x34, 0x0, 0xf0,
    0x6, 0x0, 0xd0, 0x18, 0xa0, 0x60, 0xb, 0xcc,
    0xfc, 0xcc, 0xcc, 0xc0, 0x0, 0x3, 0xa0, 0xd0,
    0x1, 0x0, 0x0, 0x8, 0x50, 0xd0, 0x8b, 0x0,
    0x0, 0xd, 0x0, 0xdb, 0xa0, 0x0, 0x0, 0x88,
    0x5, 0xf6, 0x0, 0x10, 0x7, 0xc2, 0xca, 0xe0,
    0x0, 0x94, 0x4b, 0x10, 0x30, 0x9d, 0xcd, 0xc0,
    0x0, 0x0, 0x0, 0x0, 0x0, 0x0,

    /* U+5BA1 "审" */
    0x0, 0x0, 0x10, 0x0, 0x0, 0x0, 0x0, 0xd3,
    0x0, 0x0, 0xdd, 0xdd, 0xfe, 0xdd, 0xda, 0xe0,
    0x0, 0x51, 0x0, 0x2c, 0x22, 0x22, 0xb5, 0x22,
    0x21, 0x4d, 0xaa, 0xeb, 0xaa, 0xf0, 0x49, 0x0,
    0xb4, 0x0, 0xd0, 0x4e, 0xbb, 0xec, 0xbb, 0xf0,
    0x48, 0x0, 0xb3, 0x0, 0xd0, 0x4e, 0xcc, 0xfd,
    0xcc, 0xf0, 0x25, 0x0, 0xb3, 0x0, 0x70, 0x0,
    0x0, 0xb3, 0x0, 0x0,

    /* U+5BA2 "客" */
    0x0, 0x0, 0x1, 0x0, 0x0, 0x0, 0x0, 0x0,
    0x9, 0x50, 0x0, 0x0, 0xf, 0xcc, 0xcd, 0xdc,
    0xcc, 0xe0, 0xe, 0x0, 0xc2, 0x0, 0x0, 0xe0,
    0x3, 0x1b, 0xdb, 0xbd, 0xd0, 0x30, 0x5, 0xd7,
    0xd3, 0x4d, 0x30, 0x0, 0x2, 0x10, 0x4f, 0xf4,
    0x0, 0x0, 0x2, 0x6b, 0xb4, 0x5b, 0xc8, 0x51,
    0x4c, 0x9e, 0xbb, 0xbb, 0xe9, 0x91, 0x0, 0x2a,
    0x0, 0x0, 0xb3, 0x0, 0x0, 0x2a, 0x0, 0x0,
    0xb3, 0x0, 0x0, 0x2e, 0xbb, 0xbb, 0xe3, 0x0,

    /* U+5BA3 "宣" */
    0x0, 0x0, 0x0, 0x0, 0x0, 0x0, 0x0, 0x0,
    0x7, 0x80, 0x0, 0x0, 0xd, 0xdc, 0xcd, 0xdc,
    0xcc, 0xe3, 0xd, 0x1, 0x11, 0x11, 0x10, 0xa3,
    0x4, 0x39, 0x99, 0x99, 0x97, 0x31, 0x0, 0x1a,
    0xaa, 0xaa, 0xa5, 0x0, 0x0, 0x2b, 0x0, 0x0,
    0x67, 0x0, 0x0, 0x2e, 0xaa, 0xaa, 0xc7, 0x0,
    0x0, 0x2a, 0x0, 0x0, 0x67, 0x0, 0x0, 0x2e,
    0xbb, 0xbb, 0xc7, 0x0, 0x0, 0x0, 0x0, 0x0,
    0x0, 0x0, 0x1d, 0xdd, 0xdd, 0xdd, 0xdd, 0xd5,

    /* U+5BB3 "害" */
    0x0, 0x0, 0x0, 0x0, 0x0, 0x0, 0x0, 0x0,
    0x9, 0x50, 0x0, 0x0, 0xe, 0xcc, 0xce, 0xec,
    0xcc, 0xe0, 0xd, 0x12, 0x28, 0x82, 0x21, 0xe0,
    0x2, 0x69, 0x9c, 0xc9, 0x96, 0x20, 0x1, 0xbb,
    0xbd, 0xdb, 0xbb, 0x20, 0x2, 0x22, 0x28, 0x92,
    0x22, 0x20, 0x18, 0x88, 0x8c, 0xc8, 0x88, 0x81,
    0x0, 0x8b, 0xbd, 0xdb, 0xb9, 0x0, 0x0, 0xb3,
    0x0, 0x0, 0x1d, 0x0, 0x0, 0xb2, 0x0, 0x0,
    0xd, 0x0, 0x0, 0xbc, 0xbb, 0xbb, 0xcd, 0x0,

    /* U+5BB5 "宵" */
    0x0, 0x0, 0x0, 0x0, 0x0, 0x0, 0x0, 0xa,
    0x50, 0x0, 0x0, 0xfd, 0xdd, 0xdd, 0xdd, 0xde,
    0x2e, 0x24, 0x9, 0x30, 0x62, 0xc2, 0x40, 0xb0,
    0xa3, 0x4c, 0x3, 0x0, 0x7b, 0xae, 0xbc, 0xb9,
    0x0, 0xb, 0x42, 0x22, 0x22, 0xe0, 0x0, 0xbc,
    0xbb, 0xbb, 0xbe, 0x0, 0xb, 0x20, 0x0, 0x0,
    0xe0, 0x0, 0xbc, 0xbb, 0xbb, 0xbe, 0x0, 0xb,
    0x20, 0x0, 0x0, 0xe0, 0x0, 0xb2, 0x0, 0xb,
    0xca, 0x0,

    /* U+5BB6 "家" */
    0x0, 0x0, 0x0, 0x0, 0x0, 0x0, 0x0, 0x0,
    0xb, 0x50, 0x0, 0x0, 0xf, 0xcc, 0xcc, 0xcc,
    0xcc, 0xf0, 0xd, 0x0, 0x0, 0x0, 0x0, 0xe0,
    0x6, 0x6c, 0xcf, 0xdc, 0xc5, 0x60, 0x0, 0x5,
    0xcc, 0x0, 0x18, 0x0, 0x9, 0xc6, 0x1c, 0x43,
    0xd5, 0x0, 0x1, 0x5, 0xb6, 0xed, 0x80, 0x0,
    0x9, 0xc7, 0x7, 0xf1, 0xd1, 0x0, 0x2, 0x5,
    0xb6, 0xb2, 0x5b, 0x0, 0x19, 0xd8, 0x10, 0xe1,
    0x7, 0xc2, 0x4, 0x0, 0xbe, 0x80, 0x0, 0x31,
    0x0, 0x0, 0x0, 0x0, 0x0, 0x0,

    /* U+5BB9 "容" */
    0x0, 0x0, 0x1, 0x0, 0x0, 0x0, 0x0, 0x0,
    0xb, 0x40, 0x0, 0x0, 0xf, 0xdd, 0xdd, 0xdd,
    0xdd, 0xc0, 0xd, 0x3, 0x40, 0x5, 0x1, 0xc0,
    0x2, 0x4d, 0x13, 0x26, 0xc3, 0x20, 0x8, 0xc2,
    0x1d, 0xb0, 0x2d, 0x30, 0x2, 0x2, 0xc3, 0x6c,
    0x11, 0x0, 0x0, 0x8d, 0x20, 0x5, 0xd7, 0x0,
    0x3e, 0xde, 0xcc, 0xcc, 0xfb, 0xe1, 0x2, 0x67,
    0x0, 0x0, 0xc2, 0x10, 0x0, 0x67, 0x0, 0x0,
    0xc2, 0x0, 0x0, 0x6e, 0xcc, 0xcc, 0xe2, 0x0,

    /* U+5BBD "宽" */
    0x0, 0x0, 0x0, 0x0, 0x0, 0x0, 0x0, 0x0,
    0x9, 0x50, 0x0, 0x0, 0xf, 0xcc, 0xcc, 0xcc,
    0xcc, 0xe6, 0xd, 0x0, 0xb0, 0xc, 0x20, 0x76,
    0x2, 0x9b, 0xfb, 0xbf, 0xcb, 0x41, 0x0, 0x0,
    0x80, 0x9, 0x10, 0x0, 0x0, 0x7d, 0xcc, 0xcc,
    0xcd, 0x0, 0x0, 0x76, 0x8, 0x10, 0x1d, 0x0,
    0x0, 0x76, 0xb, 0x20, 0x1d, 0x0, 0x0, 0x65,
    0x2c, 0xd0, 0x9, 0x7, 0x0, 0x6, 0xd3, 0xd0,
    0x0, 0x1b, 0x1a, 0xd8, 0x10, 0x8d, 0xcc, 0xe5,
    0x3, 0x0, 0x0, 0x0, 0x0, 0x0,

    /* U+5BBE "宾" */
    0x0, 0x0, 0x0, 0x0, 0x0, 0x0, 0x0, 0x0,
    0x8, 0x80, 0x0, 0x0, 0xc, 0xdd, 0xdd, 0xfd,
    0xdd, 0xd3, 0xd, 0x0, 0x0, 0x2, 0x52, 0xd3,
    0x9, 0x2a, 0xcc, 0xc9, 0x72, 0x92, 0x0, 0x4a,
    0x0, 0x0, 0x0, 0x0, 0x0, 0x4e, 0xcc, 0xcd,
    0xec, 0x50, 0x0, 0x49, 0x0, 0x6, 0x70, 0x0,
    0xb, 0xce, 0xbb, 0xbd, 0xdb, 0xb4, 0x0, 0x6,
    0x50, 0x6, 0x60, 0x0, 0x4, 0xba, 0x10, 0x1,
    0x9d, 0x60, 0x8, 0x30, 0x0, 0x0, 0x1, 0x80,

    /* U+5BC2 "寂" */
    0x0, 0x0, 0x0, 0x0, 0x0, 0x0, 0x0, 0x0,
    0x8, 0x50, 0x0, 0x0, 0x5e, 0xdd, 0xdd, 0xdd,
    0xdd, 0xe0, 0x58, 0x28, 0x0, 0x0, 0x0, 0xc0,
    0x0, 0x2e, 0xca, 0xbd, 0xcd, 0x90, 0x0, 0x2a,
    0x0, 0x67, 0x5, 0x70, 0x7a, 0xbe, 0xaa, 0x2d,
    0xa, 0x30, 0x13, 0x2d, 0x12, 0xc, 0x4c, 0x0,
    0xd, 0x1d, 0x2a, 0x5, 0xf5, 0x0, 0x4a, 0xd,
    0xa, 0x16, 0xf4, 0x0, 0x72, 0xd, 0x1, 0x6c,
    0x3d, 0x40, 0x4, 0xca, 0x5, 0x91, 0x2, 0xc1,
    0x0, 0x0, 0x0, 0x0, 0x0, 0x0,

    /* U+5BC4 "寄" */
    0x0, 0x0, 0x1, 0x20, 0x0, 0x0, 0x4, 0x55,
    0x57, 0xd5, 0x55, 0x51, 0xd, 0x77, 0x77, 0xa7,
    0x77, 0xb5, 0xd, 0x59, 0x9a, 0xd9, 0x99, 0x85,
    0x0, 0x12, 0x4e, 0xc6, 0x22, 0x0, 0x0, 0x48,
    0xd5, 0x49, 0xd6, 0x0, 0x8, 0xed, 0x98, 0x88,
    0xae, 0x84, 0x4, 0x44, 0x44, 0x44, 0x5e, 0x42,
    0x0, 0x9b, 0xbb, 0xd3, 0xd, 0x0, 0x0, 0xa3,
    0x0, 0x93, 0xd, 0x0, 0x0, 0xac, 0xbb, 0xb2,
    0x1d, 0x0, 0x0, 0x31, 0x0, 0x9, 0xd9, 0x0,

    /* U+5BC6 "密" */
    0x0, 0x0, 0x0, 0x0, 0x0, 0x0, 0x0, 0x0,
    0x5, 0x70, 0x0, 0x0, 0xf, 0xcc, 0xdd, 0xcc,
    0xcc, 0xf0, 0xe, 0x0, 0x4b, 0x32, 0x70, 0xe0,
    0x4, 0x61, 0xb2, 0x9c, 0x34, 0x40, 0x5, 0xa1,
    0xb4, 0xc3, 0x3c, 0x40, 0x1c, 0x14, 0xfa, 0x10,
    0xb1, 0xd1, 0x19, 0xb9, 0x9c, 0xdb, 0x60, 0x10,
    0x0, 0x80, 0x4, 0x80, 0x9, 0x0, 0x0, 0xf0,
    0x4, 0x80, 0xe, 0x0, 0x0, 0xfa, 0xac, 0xda,
    0xaf, 0x0, 0x0, 0x22, 0x22, 0x22, 0x2e, 0x0,

    /* U+5BCC "富" */
    0x0, 0x0, 0x20, 0x0, 0x0, 0x22, 0x22, 0xd6,
    0x22, 0x22, 0xf9, 0x99, 0x99, 0x99, 0x9d, 0xd4,
    0xaa, 0xaa, 0xaa, 0x2d, 0x12, 0x55, 0x55, 0x55,
    0x11, 0x6, 0x95, 0x55, 0x5c, 0x30, 0x6, 0xba,
    0xaa, 0xad, 0x30, 0x15, 0x55, 0x55, 0x55, 0x50,
    0x3b, 0x44, 0xc7, 0x44, 0xd2, 0x3d, 0x99, 0xeb,
    0x99, 0xe2, 0x39, 0x0, 0xa3, 0x0, 0xb2, 0x3e,
    0xaa, 0xaa, 0xaa, 0xd2,

    /* U+5BD2 "寒" */
    0x0, 0x0, 0x4, 0x90, 0x0, 0x0, 0xe, 0xcc,
    0xcc, 0xcc, 0xcc, 0xe4, 0xd, 0x11, 0xd1, 0x18,
    0x71, 0xa4, 0x2, 0x78, 0xf8, 0x8c, 0xb8, 0x30,
    0x0, 0x7a, 0xfa, 0xad, 0xca, 0x0, 0x0, 0x0,
    0xe0, 0x7, 0x60, 0x0, 0xb, 0xbd, 0xeb, 0xbd,
    0xeb, 0xb6, 0x0, 0x2c, 0x39, 0x51, 0xa8, 0x0,
    0x19, 0xc3, 0x1, 0x69, 0x7, 0xd5, 0x5, 0x6,
    0xb9, 0x51, 0x0, 0x12, 0x0, 0x0, 0x3, 0x6b,
    0xc0, 0x0, 0x0, 0x0, 0x0, 0x0, 0x0, 0x0,

    /* U+5BDE "寞" */
    0x0, 0x0, 0x0, 0x0, 0x0, 0x0, 0x1, 0x11,
    0x16, 0xa1, 0x11, 0x10, 0xf, 0xaa, 0xaa, 0xaa,
    0xaa, 0xd4, 0xb, 0x56, 0xd7, 0x6d, 0x76, 0x94,
    0x0, 0x34, 0xa4, 0x4a, 0x44, 0x0, 0x0, 0x8a,
    0x99, 0x99, 0x9e, 0x0, 0x0, 0x8b, 0x99, 0x99,
    0x9e, 0x0, 0x0, 0x86, 0x22, 0x22, 0x2e, 0x0,
    0x0, 0x36, 0x6a, 0xa6, 0x66, 0x0, 0xb, 0xbb,
    0xcf, 0xed, 0xbb, 0xb5, 0x0, 0x4, 0xb7, 0x2c,
    0x93, 0x0, 0x1b, 0xb7, 0x20, 0x0, 0x48, 0xb6,

    /* U+5BF8 "寸" */
    0x0, 0x0, 0x0, 0x2, 0xc0, 0x0, 0x0, 0x0,
    0x0, 0x2, 0xc0, 0x0, 0x1b, 0xbb, 0xbb, 0xbc,
    0xfb, 0xb7, 0x2, 0x22, 0x22, 0x24, 0xc2, 0x21,
    0x0, 0x42, 0x0, 0x2, 0xc0, 0x0, 0x0, 0x4d,
    0x0, 0x2, 0xc0, 0x0, 0x0, 0x8, 0x90, 0x2,
    0xc0, 0x0, 0x0, 0x0, 0xc1, 0x2, 0xc0, 0x0,
    0x0, 0x0, 0x0, 0x2, 0xc0, 0x0, 0x0, 0x0,
    0x0, 0x3, 0xc0, 0x0, 0x0, 0x0, 0xd, 0xfe,
    0x60, 0x0, 0x0, 0x0, 0x0, 0x0, 0x0, 0x0,

    /* U+5BF9 "对" */
    0x0, 0x0, 0x0, 0x0, 0xa, 0x30, 0x5, 0x55,
    0x52, 0x0, 0xa, 0x30, 0x18, 0x88, 0xb8, 0x0,
    0xa, 0x30, 0x0, 0x0, 0x96, 0xdd, 0xdf, 0xe9,
    0x7, 0x30, 0xd2, 0x0, 0xa, 0x30, 0x2, 0xd5,
    0xd0, 0x82, 0xa, 0x30, 0x0, 0x2e, 0x90, 0x3b,
    0xa, 0x30, 0x0, 0x1e, 0xe2, 0xb, 0x1a, 0x30,
    0x0, 0xa7, 0x5c, 0x0, 0xa, 0x30, 0x9, 0xc0,
    0x3, 0x0, 0xb, 0x30, 0x3a, 0x0, 0x0, 0x6,
    0xed, 0x10, 0x0, 0x0, 0x0, 0x0, 0x0, 0x0,

    /* U+5BFC "导" */
    0x3, 0xfc, 0xcc, 0xcc, 0xcf, 0x10, 0x3, 0xb0,
    0x0, 0x0, 0xc, 0x10, 0x3, 0xfc, 0xcc, 0xcc,
    0xcf, 0x10, 0x3, 0xc0, 0x0, 0x0, 0x0, 0x81,
    0x0, 0xcb, 0xba, 0xaa, 0xab, 0xc0, 0x0, 0x0,
    0x0, 0x1, 0x90, 0x0, 0xb, 0xbb, 0xbb, 0xbb,
    0xfb, 0xb5, 0x1, 0x3c, 0x21, 0x12, 0xe1, 0x10,
    0x0, 0x8, 0xa0, 0x0, 0xd0, 0x0, 0x0, 0x0,
    0xb2, 0x0, 0xd0, 0x0, 0x0, 0x0, 0x2, 0xcc,
    0x90, 0x0,

    /* U+5C01 "封" */
    0x0, 0x1, 0x0, 0x0, 0x0, 0x0, 0x0, 0x1c,
    0x0, 0x0, 0xc, 0x10, 0xb, 0xcf, 0xb8, 0x0,
    0xc, 0x10, 0x1, 0x2c, 0x10, 0x56, 0x6d, 0x71,
    0x0, 0x1c, 0x0, 0x89, 0x9e, 0xa2, 0x6d, 0xdd,
    0xdd, 0x1, 0xc, 0x10, 0x0, 0x1b, 0x0, 0x3b,
    0xc, 0x10, 0x2b, 0xcf, 0xba, 0xb, 0x2c, 0x10,
    0x0, 0x2c, 0x0, 0x3, 0x2c, 0x10, 0x0, 0x1c,
    0x14, 0x10, 0xc, 0x10, 0x39, 0xcf, 0xda, 0x10,
    0xc, 0x10, 0x35, 0x30, 0x0, 0x5, 0xdc, 0x0,
    0x0, 0x0, 0x0, 0x0, 0x0, 0x0,

    /* U+5C06 "将" */
    0x0, 0xd, 0x0, 0xc, 0x30, 0x0, 0x1, 0xd,
    0x2, 0xbc, 0xbc, 0xe0, 0xd, 0x3d, 0x4c, 0x81,
    0xa, 0x60, 0x2, 0xcd, 0x0, 0x3c, 0xb7, 0x0,
    0x0, 0x1d, 0x5, 0xbc, 0x47, 0x0, 0x0, 0xd,
    0x38, 0x30, 0xe, 0x0, 0x0, 0xbd, 0x8d, 0xdd,
    0xdf, 0xd6, 0x1c, 0x5d, 0x6, 0x40, 0xe, 0x0,
    0x3, 0xd, 0x1, 0xd1, 0xe, 0x0, 0x0, 0xd,
    0x0, 0x42, 0xe, 0x0, 0x0, 0xd, 0x0, 0x7,
    0xdb, 0x0,

    /* U+5C0A "尊" */
    0x0, 0x2, 0x0, 0x0, 0x20, 0x0, 0x0, 0x7,
    0x80, 0x1, 0xd0, 0x0, 0xb, 0xbb, 0xcd, 0xce,
    0xbb, 0xb4, 0x0, 0x88, 0xac, 0xac, 0x88, 0x40,
    0x0, 0xc0, 0x85, 0x3a, 0x27, 0x70, 0x0, 0xc9,
    0x80, 0x6, 0x7a, 0x70, 0x0, 0xe9, 0x88, 0x88,
    0x8b, 0x70, 0x0, 0xe9, 0x99, 0x99, 0x9b, 0x70,
    0x1, 0x22, 0x22, 0x22, 0xe2, 0x11, 0x2a, 0xad,
    0xaa, 0xaa, 0xfa, 0xa6, 0x0, 0x7, 0xb1, 0x0,
    0xd0, 0x0, 0x0, 0x0, 0x31, 0x9c, 0xa0, 0x0,

    /* U+5C0F "小" */
    0x0, 0x0, 0x3, 0xc0, 0x0, 0x0, 0x0, 0x0,
    0x3, 0xc0, 0x0, 0x0, 0x0, 0x0, 0x3, 0xc0,
    0x1, 0x0, 0x0, 0x88, 0x3, 0xc0, 0x2e, 0x0,
    0x0, 0xd3, 0x3, 0xc0, 0x9, 0x70, 0x2, 0xe0,
    0x3, 0xc0, 0x2, 0xe0, 0xa, 0x70, 0x3, 0xc0,
    0x0, 0xb5, 0x2e, 0x0, 0x3, 0xc0, 0x0, 0x6b,
    0x2, 0x0, 0x3, 0xc0, 0x0, 0x15, 0x0, 0x0,
    0x3, 0xc0, 0x0, 0x0, 0x0, 0x5, 0xee, 0x70,
    0x0, 0x0, 0x0, 0x0, 0x0, 0x0, 0x0, 0x0,

    /* U+5C11 "少" */
    0x0, 0x0, 0xd, 0x0, 0x0, 0x0, 0x0, 0x0,
    0xd, 0x0, 0x0, 0x0, 0x0, 0xc2, 0xd, 0x0,
    0x85, 0x0, 0x3, 0xb0, 0xd, 0x0, 0x1d, 0x10,
    0xc, 0x30, 0xd, 0x0, 0x6, 0x90, 0x59, 0x0,
    0xd, 0x0, 0x0, 0xb0, 0x0, 0x0, 0xd, 0x0,
    0x55, 0x0, 0x0, 0x0, 0x5, 0x4, 0xd1, 0x0,
    0x0, 0x0, 0x2, 0xab, 0x10, 0x0, 0x0, 0x37,
    0xcc, 0x50, 0x0, 0x0, 0x9d, 0xa7, 0x20, 0x0,
    0x0, 0x0, 0x0, 0x0, 0x0, 0x0, 0x0, 0x0,

    /* U+5C14 "尔" */
    0x0, 0x0, 0x0, 0x0, 0x0, 0x0, 0x0, 0x8,
    0x80, 0x0, 0x0, 0x0, 0x0, 0x1e, 0x10, 0x0,
    0x0, 0x0, 0x0, 0x9e, 0xde, 0xfd, 0xdd, 0xf6,
    0x6, 0xd0, 0x2, 0xc0, 0x1, 0xe1, 0x1e, 0x20,
    0x2, 0xc0, 0x7, 0x60, 0x1, 0xc, 0x12, 0xc0,
    0x66, 0x0, 0x0, 0x6a, 0x2, 0xc0, 0x1d, 0x20,
    0x3, 0xe1, 0x2, 0xc0, 0x4, 0xc0, 0xd, 0x40,
    0x2, 0xc0, 0x0, 0xb5, 0x0, 0x0, 0x2, 0xc0,
    0x0, 0x10, 0x0, 0x1, 0xee, 0x80, 0x0, 0x0,

    /* U+5C16 "尖" */
    0x0, 0x0, 0xb, 0x20, 0x0, 0x0, 0x0, 0x57,
    0xb, 0x21, 0xb0, 0x0, 0x0, 0xd1, 0xb, 0x20,
    0x6b, 0x0, 0xb, 0x60, 0xb, 0x20, 0x9, 0x70,
    0x27, 0x0, 0x7, 0x20, 0x0, 0x70, 0x0, 0x0,
    0xc, 0x30, 0x0, 0x0, 0x7d, 0xdd, 0xdf, 0xed,
    0xdd, 0xd1, 0x0, 0x0, 0x5c, 0xc0, 0x0, 0x0,
    0x0, 0x2, 0xd2, 0x89, 0x0, 0x0, 0x2, 0x8d,
    0x40, 0x8, 0xc5, 0x0, 0x5b, 0x60, 0x0, 0x0,
    0x29, 0xd1,

    /* U+5C18 "尘" */
    0x0, 0x0, 0x3, 0xa0, 0x0, 0x0, 0x0, 0xa,
    0x3, 0xa0, 0x74, 0x0, 0x0, 0xa6, 0x3, 0xa0,
    0x1c, 0x50, 0xb, 0x80, 0x3, 0xa0, 0x1, 0xd4,
    0x5, 0x0, 0x2, 0x80, 0x0, 0x21, 0x0, 0x0,
    0x1, 0x30, 0x0, 0x0, 0x0, 0x0, 0x4, 0xa0,
    0x0, 0x0, 0x2, 0xcc, 0xcd, 0xec, 0xcc, 0x80,
    0x0, 0x0, 0x3, 0xa0, 0x0, 0x0, 0x0, 0x0,
    0x3, 0xa0, 0x0, 0x0, 0x3d, 0xdd, 0xde, 0xfd,
    0xdd, 0xd9,

    /* U+5C1A "尚" */
    0x42, 0x0, 0xe0, 0x0, 0x80, 0x2c, 0x0, 0xe0,
    0x6, 0x80, 0x7, 0x30, 0xe0, 0xb, 0x0, 0x8a,
    0xaa, 0xfa, 0xaa, 0xa1, 0xc3, 0x11, 0x11, 0x11,
    0xc2, 0xc2, 0x7b, 0xbb, 0xb0, 0xb2, 0xc2, 0xa3,
    0x0, 0xd0, 0xb2, 0xc2, 0xa2, 0x0, 0xd0, 0xb2,
    0xc2, 0xad, 0xcc, 0xd0, 0xb2, 0xc2, 0x41, 0x0,
    0x0, 0xb2, 0xc2, 0x0, 0x0, 0x3d, 0xd0,

    /* U+5C1D "尝" */
    0x0, 0x73, 0x7, 0x70, 0x29, 0x0, 0x0, 0x3c,
    0x7, 0x70, 0xc4, 0x0, 0xd, 0xcd, 0xcd, 0xdc,
    0xdc, 0xe0, 0xe, 0x0, 0x0, 0x0, 0x0, 0xf0,
    0x7, 0xad, 0xdd, 0xdd, 0xd9, 0x70, 0x0, 0x0,
    0x0, 0x0, 0x0, 0x0, 0x3d, 0xdd, 0xdd, 0xdd,
    0xdd, 0xd2, 0x0, 0x4, 0xd1, 0x4, 0x40, 0x0,
    0x0, 0x2d, 0x20, 0x1, 0xd4, 0x0, 0x4, 0xe9,
    0x78, 0x9a, 0xdf, 0x20, 0x4, 0x97, 0x64, 0x32,
    0x14, 0x80,

    /* U+5C2C "尬" */
    0x0, 0xc1, 0x0, 0x1, 0xb0, 0x0, 0x0, 0xd0,
    0x0, 0x9, 0xd4, 0x0, 0x2d, 0xfd, 0xd9, 0x5b,
    0xc, 0x30, 0x0, 0xd4, 0x95, 0xc1, 0x2, 0xd3,
    0x0, 0xd3, 0x91, 0x66, 0xd, 0x0, 0x1, 0xc3,
    0x90, 0x66, 0xd, 0x0, 0x2, 0xb3, 0x90, 0x75,
    0xd, 0x0, 0x4, 0x93, 0x90, 0xb2, 0xd, 0x0,
    0x8, 0x53, 0x95, 0xc0, 0xd, 0x0, 0xd, 0x13,
    0xa1, 0x10, 0x1, 0x56, 0x3b, 0x0, 0xcc, 0xcc,
    0xcd, 0xe3, 0x0, 0x0, 0x0, 0x0, 0x0, 0x0,

    /* U+5C31 "就" */
    0x0, 0x0, 0x0, 0x0, 0x0, 0x0, 0x0, 0x2b,
    0x0, 0x0, 0xd3, 0x0, 0x39, 0x9f, 0x99, 0x10,
    0xd3, 0xa0, 0x13, 0x33, 0x33, 0x0, 0xd0, 0x50,
    0x9, 0xcb, 0xc8, 0xad, 0xfd, 0xd6, 0xb, 0x10,
    0x39, 0x2, 0xa0, 0x0, 0xb, 0xcb, 0xc9, 0x4,
    0xb7, 0x0, 0x1, 0x1c, 0x20, 0x8, 0x88, 0x0,
    0x8, 0x4c, 0x67, 0xc, 0x48, 0x0, 0xc, 0xc,
    0xc, 0x3a, 0x38, 0x4, 0x38, 0xc, 0x1, 0xb2,
    0x39, 0xa, 0x0, 0xaa, 0x7, 0x60, 0x1d, 0xb6,
    0x0, 0x0, 0x0, 0x0, 0x0, 0x0,

    /* U+5C3A "尺" */
    0x0, 0xde, 0xee, 0xee, 0xef, 0x10, 0x0, 0xd1,
    0x0, 0x0, 0xc, 0x10, 0x0, 0xd1, 0x0, 0x0,
    0xc, 0x10, 0x0, 0xd1, 0x0, 0x0, 0xc, 0x10,
    0x0, 0xfe, 0xdd, 0xdd, 0xdf, 0x10, 0x0, 0xf0,
    0x0, 0xc2, 0x0, 0x0, 0x1, 0xd0, 0x0, 0x68,
    0x0, 0x0, 0x5, 0xa0, 0x0, 0xd, 0x20, 0x0,
    0xa, 0x60, 0x0, 0x4, 0xd2, 0x0, 0x3e, 0x0,
    0x0, 0x0, 0x5e, 0x70, 0x34, 0x0, 0x0, 0x0,
    0x2, 0x80,

    /* U+5C3D "尽" */
    0x0, 0xed, 0xdd, 0xdd, 0xdf, 0x0, 0x0, 0xe0,
    0x0, 0x0, 0xe, 0x0, 0x0, 0xf0, 0x0, 0x0,
    0xe, 0x0, 0x0, 0xfd, 0xdd, 0xdd, 0xdf, 0x0,
    0x2, 0xd0, 0x0, 0x6, 0x70, 0x0, 0x4, 0xa0,
    0x83, 0x0, 0xd1, 0x0, 0xa, 0x60, 0x4a, 0xd4,
    0x7a, 0x0, 0x3e, 0x0, 0x0, 0x12, 0xb, 0xa0,
    0x55, 0x8, 0x40, 0x0, 0x0, 0x70, 0x0, 0x4,
    0x8d, 0xc6, 0x0, 0x0, 0x0, 0x0, 0x0, 0x29,
    0x80, 0x0,

    /* U+5C3E "尾" */
    0x2, 0xfc, 0xcc, 0xcc, 0xcc, 0xe0, 0x2, 0xb0,
    0x0, 0x0, 0x0, 0xe0, 0x2, 0xc2, 0x22, 0x22,
    0x22, 0xe0, 0x3, 0xe9, 0x99, 0x9a, 0xda, 0x90,
    0x3, 0xb2, 0x58, 0xbb, 0x83, 0x0, 0x4, 0xa3,
    0x53, 0xe1, 0x35, 0x30, 0x5, 0x95, 0x9b, 0xfb,
    0x86, 0x20, 0x7, 0x83, 0x20, 0xe3, 0x58, 0xa4,
    0xa, 0x69, 0xbc, 0xf9, 0x64, 0x20, 0xe, 0x13,
    0x0, 0xe0, 0x0, 0x48, 0x3a, 0x0, 0x0, 0xad,
    0xcc, 0xe4, 0x0, 0x0, 0x0, 0x0, 0x0, 0x0,

    /* U+5C40 "局" */
    0x0, 0xfc, 0xcc, 0xcc, 0xce, 0x40, 0x0, 0xd0,
    0x0, 0x0, 0x8, 0x40, 0x0, 0xd0, 0x0, 0x0,
    0x8, 0x40, 0x0, 0xfc, 0xcc, 0xcc, 0xcc, 0x30,
    0x1, 0xe4, 0x44, 0x44, 0x44, 0x40, 0x2, 0xd6,
    0x66, 0x66, 0x66, 0xe1, 0x4, 0x91, 0xbb, 0xbb,
    0x70, 0xd0, 0x7, 0x61, 0xc0, 0x2, 0xa0, 0xe0,
    0xb, 0x21, 0xc0, 0x2, 0xa0, 0xe0, 0x3b, 0x1,
    0xfb, 0xbb, 0x72, 0xc0, 0x23, 0x0, 0x0, 0x0,
    0xbd, 0x60,

    /* U+5C42 "层" */
    0x2, 0xfc, 0xcc, 0xcc, 0xcc, 0xe0, 0x2, 0xb0,
    0x0, 0x0, 0x0, 0xe0, 0x2, 0xea, 0xaa, 0xaa,
    0xaa, 0xe0, 0x3, 0xc2, 0x22, 0x22, 0x22, 0x20,
    0x3, 0xa1, 0xaa, 0xaa, 0xaa, 0x80, 0x4, 0x90,
    0x11, 0x11, 0x11, 0x10, 0x5, 0x89, 0x99, 0x99,
    0x99, 0x95, 0x7, 0x72, 0x2c, 0x72, 0x45, 0x21,
    0xa, 0x40, 0x4c, 0x0, 0x3d, 0x0, 0xe, 0x11,
    0xd3, 0x12, 0x3c, 0x60, 0x3a, 0x7, 0xdc, 0xa9,
    0x87, 0xe0, 0x0, 0x0, 0x0, 0x0, 0x0, 0x10,

    /* U+5C45 "居" */
    0x0, 0xfc, 0xcc, 0xcc, 0xcc, 0xf0, 0x0, 0xd0,
    0x0, 0x0, 0x0, 0xd0, 0x0, 0xd1, 0x11, 0x11,
    0x11, 0xd0, 0x0, 0xfb, 0xbb, 0xbf, 0xbb, 0xb0,
    0x1, 0xd0, 0x0, 0x1c, 0x0, 0x0, 0x2, 0xfc,
    0xcc, 0xdf, 0xcc, 0xc6, 0x3, 0xb0, 0x0, 0x1c,
    0x0, 0x0, 0x5, 0x92, 0xec, 0xcd, 0xcc, 0xb0,
    0x8, 0x62, 0xb0, 0x0, 0x1, 0xc0, 0xc, 0x12,
    0xb0, 0x0, 0x1, 0xc0, 0x39, 0x2, 0xfc, 0xcc,
    0xcc, 0xc0, 0x0, 0x0, 0x0, 0x0, 0x0, 0x0,

    /* U+5C48 "屈" */
    0x2, 0xfc, 0xcc, 0xcc, 0xcc, 0xf0, 0x2, 0xb0,
    0x0, 0x0, 0x0, 0xd0, 0x2, 0xb0, 0x0, 0x0,
    0x0, 0xd0, 0x2, 0xfc, 0xcc, 0xcc, 0xcc, 0xc0,
    0x3, 0xb0, 0x90, 0xd, 0x0, 0xa0, 0x3, 0xa0,
    0xd0, 0xd, 0x0, 0xd0, 0x4, 0x90, 0xfc, 0xcf,
    0xcc, 0xd0, 0x6, 0x82, 0x20, 0xd, 0x0, 0x21,
    0x9, 0x57, 0x70, 0xd, 0x0, 0x94, 0xd, 0x17,
    0x71, 0x1e, 0x11, 0xa4, 0x2a, 0x5, 0xbb, 0xbb,
    0xbb, 0xe4,

    /* U+5C49 "屉" */
    0x2, 0xeb, 0xbb, 0xbb, 0xbb, 0xd0, 0x2, 0xb0,
    0x0, 0x0, 0x0, 0xd0, 0x2, 0xeb, 0xbb, 0xbb,
    0xbb, 0xd0, 0x2, 0xb0, 0x0, 0x0, 0x0, 0x0,
    0x3, 0xa0, 0xc0, 0x91, 0xc, 0x0, 0x4, 0x9b,
    0xfc, 0xec, 0xcf, 0xc4, 0x5, 0x90, 0xd0, 0xa2,
    0xd, 0x0, 0x6, 0x70, 0xd0, 0xa1, 0xc, 0x0,
    0x9, 0x40, 0xd0, 0x8c, 0xcc, 0x0, 0xd, 0x10,
    0xd1, 0x11, 0x11, 0x10, 0x2a, 0x0, 0xab, 0xbb,
    0xbb, 0xb0, 0x0, 0x0, 0x0, 0x0, 0x0, 0x0,

    /* U+5C4A "届" */
    0x1, 0xfd, 0xdd, 0xdd, 0xdd, 0xe0, 0x1, 0xd0,
    0x0, 0x0, 0x0, 0xe0, 0x1, 0xd0, 0x0, 0x0,
    0x0, 0xe0, 0x1, 0xfd, 0xdd, 0xdd, 0xdd, 0xc0,
    0x1, 0xc0, 0x0, 0xd, 0x0, 0x0, 0x2, 0xb4,
    0xcc, 0xcf, 0xcc, 0xc0, 0x3, 0xa5, 0x80, 0xd,
    0x0, 0xd0, 0x5, 0x95, 0xeb, 0xbf, 0xbb, 0xf0,
    0x8, 0x55, 0x80, 0xd, 0x0, 0xd0, 0xd, 0x15,
    0x91, 0x1d, 0x11, 0xd0, 0x39, 0x5, 0xdb, 0xbb,
    0xbb, 0xf0,

    /* U+5C4B "屋" */
    0x1, 0xfb, 0xbb, 0xbb, 0xbb, 0xe0, 0x1, 0xc0,
    0x0, 0x0, 0x0, 0xe0, 0x1, 0xfd, 0xdd, 0xdd,
    0xdd, 0xe0, 0x1, 0xd0, 0x0, 0x0, 0x0, 0x0,
    0x2, 0xdb, 0xbe, 0xdb, 0xcc, 0xb2, 0x3, 0xb0,
    0x7b, 0x0, 0x7a, 0x0, 0x4, 0xa7, 0xfc, 0xce,
    0xaa, 0xb0, 0x5, 0x90, 0x0, 0x3a, 0x0, 0x30,
    0x8, 0x66, 0xbb, 0xce, 0xbb, 0x80, 0xd, 0x20,
    0x0, 0x3a, 0x0, 0x0, 0x3c, 0x5b, 0xbb, 0xce,
    0xbb, 0xb6, 0x1, 0x0, 0x0, 0x0, 0x0, 0x0,

    /* U+5C4F "屏" */
    0x2, 0xfc, 0xcc, 0xcc, 0xcd, 0xd0, 0x2, 0xb0,
    0x0, 0x0, 0x2, 0xd0, 0x2, 0xeb, 0xbb, 0xbb,
    0xbc, 0xd0, 0x2, 0xc1, 0x66, 0x11, 0x48, 0x10,
    0x2, 0xb0, 0x29, 0x0, 0xa4, 0x0, 0x3, 0xa9,
    0xcf, 0xcc, 0xfc, 0xc2, 0x4, 0x90, 0xe, 0x0,
    0xd0, 0x0, 0x6, 0x9c, 0xcf, 0xcc, 0xfc, 0xc7,
    0x9, 0x50, 0x4a, 0x0, 0xd0, 0x0, 0xe, 0x12,
    0xd3, 0x0, 0xd0, 0x0, 0x39, 0xc, 0x40, 0x0,
    0xd0, 0x0, 0x0, 0x0, 0x0, 0x0, 0x0, 0x0,

    /* U+5C55 "展" */
    0x1, 0xfc, 0xcc, 0xcc, 0xcc, 0xc0, 0x1, 0xc0,
    0x0, 0x0, 0x1, 0xc0, 0x1, 0xfb, 0xbb, 0xbb,
    0xbb, 0xc0, 0x1, 0xd1, 0x1b, 0x11, 0xc1, 0x0,
    0x2, 0xc9, 0xbf, 0xbb, 0xfb, 0xb0, 0x3, 0xb0,
    0x1d, 0x0, 0xd0, 0x0, 0x4, 0xba, 0xaf, 0xaa,
    0xfa, 0xa5, 0x6, 0x81, 0xe1, 0x3c, 0x27, 0x91,
    0xa, 0x40, 0xd0, 0x7, 0xd8, 0x0, 0x1e, 0x1,
    0xf8, 0xb6, 0x7d, 0x71, 0x26, 0x2, 0x84, 0x0,
    0x2, 0x84,

    /* U+5C5E "属" */
    0x1, 0xfb, 0xbb, 0xbb, 0xbb, 0xf0, 0x1, 0xc1,
    0x11, 0x11, 0x11, 0xd0, 0x1, 0xea, 0xaa, 0xaa,
    0xaa, 0xa0, 0x1, 0xc4, 0x89, 0xaa, 0xaa, 0x30,
    0x2, 0xb2, 0x55, 0x6c, 0x44, 0x30, 0x3, 0xa6,
    0x85, 0x6c, 0x56, 0xb0, 0x4, 0x95, 0xa9, 0xae,
    0x9a, 0xa0, 0x6, 0x85, 0x66, 0x8d, 0x66, 0x61,
    0x9, 0x4c, 0x33, 0x4c, 0x64, 0xa4, 0xe, 0xb,
    0x7a, 0xab, 0xa9, 0x94, 0x28, 0xb, 0x0, 0x0,
    0x9, 0xc2, 0x0, 0x0, 0x0, 0x0, 0x0, 0x0,

    /* U+5C71 "山" */
    0x0, 0x0, 0xd1, 0x0, 0x0, 0x0, 0x0, 0xd1,
    0x0, 0x0, 0x70, 0x0, 0xd1, 0x0, 0x60, 0xe0,
    0x0, 0xd1, 0x0, 0xc1, 0xe0, 0x0, 0xd1, 0x0,
    0xc1, 0xe0, 0x0, 0xd1, 0x0, 0xc1, 0xe0, 0x0,
    0xd1, 0x0, 0xc1, 0xe0, 0x0, 0xd1, 0x0, 0xc1,
    0xe0, 0x0, 0xd1, 0x0, 0xc1, 0xee, 0xee, 0xfe,
    0xee, 0xf1, 0x0, 0x0, 0x0, 0x0, 0xc1,

    /* U+5C7F "屿" */
    0x6, 0x50, 0x5, 0x60, 0x0, 0x0, 0x65, 0x0,
    0x89, 0x55, 0x52, 0x96, 0x59, 0xb, 0x86, 0x66,
    0x3b, 0x65, 0xb0, 0xd0, 0x0, 0x0, 0xb6, 0x5b,
    0xe, 0x55, 0x55, 0x1b, 0x65, 0xb1, 0x77, 0x77,
    0xd3, 0xb6, 0x5b, 0x0, 0x0, 0xb, 0x1b, 0x79,
    0xc7, 0xcc, 0xc8, 0xd0, 0xb9, 0x7c, 0x0, 0x0,
    0xd, 0x0, 0x0, 0x0, 0x0, 0x3, 0xb0, 0x0,
    0x0, 0x0, 0xb, 0xd4, 0x0, 0x0, 0x0, 0x0,
    0x0, 0x0,

    /* U+5C94 "岔" */
    0x0, 0x0, 0x80, 0x3, 0x60, 0x0, 0x0, 0xb,
    0x70, 0x0, 0xa7, 0x0, 0x4, 0xd8, 0x11, 0x11,
    0x1a, 0xc3, 0x1a, 0x3b, 0xbf, 0xbb, 0xcb, 0x47,
    0x0, 0x0, 0x4c, 0x0, 0x49, 0x0, 0x0, 0x6,
    0xd2, 0x1, 0x77, 0x0, 0x2, 0xc8, 0x10, 0x2a,
    0x91, 0x0, 0x0, 0x90, 0x0, 0xe0, 0x2, 0x70,
    0x0, 0xe0, 0x0, 0xe0, 0x3, 0xa0, 0x0, 0xe2,
    0x23, 0xe2, 0x26, 0xa0, 0x0, 0xaa, 0xaa, 0xaa,
    0xab, 0xa0,

    /* U+5C97 "岗" */
    0xd0, 0x0, 0xe0, 0x0, 0xe0, 0xd0, 0x0, 0xe0,
    0x0, 0xe0, 0xbc, 0xcc, 0xcc, 0xcc, 0xc0, 0x22,
    0x22, 0x22, 0x22, 0x20, 0xea, 0xaa, 0xaa, 0xaa,
    0xe2, 0xe1, 0x60, 0x1, 0xb0, 0xb2, 0xe0, 0x7c,
    0x4c, 0x30, 0xb2, 0xe0, 0x4, 0xfb, 0x0, 0xb2,
    0xe0, 0x8c, 0x38, 0xb0, 0xb2, 0xe4, 0x70, 0x0,
    0x51, 0xc2, 0xe0, 0x0, 0x0, 0x7c, 0xd0,

    /* U+5C9B "岛" */
    0x0, 0x0, 0x0, 0x0, 0x0, 0x0, 0x1, 0xe0,
    0x0, 0x0, 0xd, 0xdd, 0xed, 0xdd, 0x90, 0xd,
    0x6, 0x0, 0x6, 0x80, 0xd, 0x6, 0xd5, 0x9,
    0x60, 0xd, 0x0, 0x2, 0xba, 0x10, 0xe, 0xcc,
    0xcc, 0xcc, 0xca, 0x10, 0x7, 0x0, 0x10, 0x1c,
    0xd0, 0xd, 0x0, 0xd0, 0x2b, 0xd0, 0xd, 0x0,
    0xd0, 0x4a, 0xbc, 0xcd, 0xcc, 0xf0, 0x67, 0x0,
    0x0, 0x0, 0x7c, 0xd2,

    /* U+5CB8 "岸" */
    0xa, 0x30, 0xb, 0x30, 0x9, 0x40, 0xa, 0x30,
    0xb, 0x30, 0x9, 0x40, 0x8, 0xcc, 0xcc, 0xcc,
    0xcc, 0x40, 0x4, 0x55, 0x55, 0x55, 0x55, 0x50,
    0xb, 0x75, 0x55, 0x55, 0x55, 0x50, 0xc, 0x2a,
    0xbb, 0xbb, 0xbb, 0x50, 0xc, 0x11, 0x11, 0xc4,
    0x11, 0x0, 0xd, 0x59, 0x99, 0xeb, 0x99, 0x91,
    0x1d, 0x12, 0x22, 0xc5, 0x22, 0x20, 0x79, 0x0,
    0x0, 0xb2, 0x0, 0x0, 0x61, 0x0, 0x0, 0xb2,
    0x0, 0x0,

    /* U+5CF0 "峰" */
    0x0, 0x0, 0x0, 0x0, 0x0, 0x0, 0x83, 0x0,
    0xe, 0x31, 0x0, 0x8, 0x30, 0x9, 0xca, 0xcb,
    0xb, 0x83, 0xb9, 0xcc, 0x1d, 0x30, 0xb8, 0x3b,
    0x60, 0x7f, 0x70, 0xb, 0x83, 0xa2, 0x8c, 0x6d,
    0x93, 0xb8, 0x3b, 0xb8, 0x3d, 0x38, 0x5b, 0x83,
    0xa2, 0x88, 0xf8, 0x80, 0xb8, 0x3a, 0x2a, 0xaf,
    0xaa, 0xd, 0xba, 0xa1, 0x22, 0xe2, 0x21, 0x54,
    0x36, 0x79, 0x9f, 0x99, 0x50, 0x0, 0x0, 0x0,
    0xd0, 0x0,

    /* U+5D29 "崩" */
    0xe, 0x0, 0xd, 0x0, 0x2, 0xc0, 0xe0, 0x0,
    0xd0, 0x0, 0x2c, 0xb, 0xdd, 0xdd, 0xdd, 0xdd,
    0xa0, 0x57, 0x77, 0x6, 0x77, 0x75, 0xc, 0x33,
    0xe0, 0xd3, 0x35, 0xb0, 0xcb, 0xbf, 0xd, 0xbb,
    0xcb, 0xd, 0x0, 0xd0, 0xd0, 0x2, 0xb0, 0xeb,
    0xbf, 0xe, 0xbb, 0xbb, 0xb, 0x0, 0xd0, 0xc0,
    0x2, 0xb4, 0x80, 0xd, 0x58, 0x0, 0x2b, 0x92,
    0xc, 0xb9, 0x20, 0x8d, 0x80, 0x0, 0x0, 0x0,
    0x0, 0x0,

    /* U+5DE5 "工" */
    0x7, 0xee, 0xee, 0xee, 0xee, 0xe0, 0x0, 0x0,
    0x4, 0xa0, 0x0, 0x0, 0x0, 0x0, 0x4, 0xa0,
    0x0, 0x0, 0x0, 0x0, 0x4, 0xa0, 0x0, 0x0,
    0x0, 0x0, 0x4, 0xa0, 0x0, 0x0, 0x0, 0x0,
    0x4, 0xa0, 0x0, 0x0, 0x0, 0x0, 0x4, 0xa0,
    0x0, 0x0, 0x0, 0x0, 0x4, 0xa0, 0x0, 0x0,
    0x2e, 0xee, 0xee, 0xfe, 0xee, 0xe8,

    /* U+5DE7 "巧" */
    0x0, 0x0, 0xe, 0xef, 0xee, 0xe7, 0x5b, 0xbb,
    0xa0, 0x59, 0x0, 0x0, 0x12, 0xa6, 0x20, 0x86,
    0x0, 0x0, 0x0, 0x94, 0x0, 0xb3, 0x0, 0x0,
    0x0, 0x94, 0x0, 0xe1, 0x0, 0x0, 0x0, 0x94,
    0x1, 0xdd, 0xdd, 0xf3, 0x0, 0x94, 0x0, 0x0,
    0x0, 0xd1, 0x0, 0xa9, 0xa1, 0x0, 0x0, 0xe0,
    0x6e, 0xb7, 0x40, 0x0, 0x0, 0xe0, 0x0, 0x0,
    0x0, 0x0, 0x4, 0xb0, 0x0, 0x0, 0x0, 0x2e,
    0xdd, 0x30, 0x0, 0x0, 0x0, 0x0, 0x0, 0x0,

    /* U+5DEE "差" */
    0x0, 0x1, 0x0, 0x0, 0x10, 0x0, 0x0, 0xa,
    0x50, 0x0, 0xd3, 0x0, 0x5, 0xac, 0xea, 0xac,
    0xea, 0xa0, 0x1, 0x22, 0x2a, 0x72, 0x22, 0x20,
    0x0, 0xcc, 0xcf, 0xdc, 0xcc, 0x50, 0x0, 0x0,
    0x3c, 0x0, 0x0, 0x0, 0x1d, 0xdd, 0xef, 0xdd,
    0xdd, 0xd6, 0x0, 0x3, 0xd0, 0x0, 0x0, 0x0,
    0x0, 0xd, 0xcd, 0xde, 0xdd, 0x70, 0x1, 0xc7,
    0x0, 0x2c, 0x0, 0x0, 0x1e, 0x73, 0x22, 0x4d,
    0x22, 0x21, 0x2, 0x1a, 0xaa, 0xaa, 0xaa, 0xa4,

    /* U+5DF1 "己" */
    0x2e, 0xee, 0xee, 0xee, 0xf1, 0x0, 0x0, 0x0,
    0x0, 0xd, 0x10, 0x0, 0x0, 0x0, 0x0, 0xd1,
    0x0, 0x0, 0x0, 0x0, 0xd, 0x10, 0xa, 0xaa,
    0xaa, 0xaa, 0xf1, 0x0, 0xf3, 0x33, 0x33, 0x38,
    0x0, 0xe, 0x0, 0x0, 0x0, 0x0, 0x0, 0xe0,
    0x0, 0x0, 0x0, 0x33, 0xe, 0x0, 0x0, 0x0,
    0x6, 0x80, 0xe1, 0x0, 0x0, 0x0, 0xb5, 0x7,
    0xee, 0xee, 0xee, 0xea, 0x0,

    /* U+5DF2 "已" */
    0xae, 0xee, 0xee, 0xee, 0xf1, 0x0, 0x0, 0x0,
    0x0, 0xd, 0x10, 0x0, 0x0, 0x0, 0x0, 0xd1,
    0x0, 0xc0, 0x0, 0x0, 0xd, 0x10, 0xe, 0x0,
    0x0, 0x0, 0xd1, 0x0, 0xfd, 0xdd, 0xdd, 0xd9,
    0x0, 0xd, 0x0, 0x0, 0x0, 0x0, 0x0, 0xd0,
    0x0, 0x0, 0x0, 0x45, 0xd, 0x0, 0x0, 0x0,
    0x7, 0x70, 0xf1, 0x0, 0x0, 0x0, 0xc4, 0x8,
    0xee, 0xee, 0xee, 0xe9, 0x0,

    /* U+5DF7 "巷" */
    0x0, 0x2, 0xb0, 0x5, 0x80, 0x0, 0x6, 0xcd,
    0xfc, 0xce, 0xec, 0xc0, 0x0, 0x2, 0xb0, 0x5,
    0x80, 0x0, 0x0, 0x2, 0xc0, 0x5, 0x80, 0x0,
    0x3c, 0xce, 0xfc, 0xcd, 0xfc, 0xc9, 0x0, 0xd,
    0x71, 0x12, 0xd4, 0x0, 0x1, 0xbf, 0xb9, 0x99,
    0xed, 0x70, 0x2d, 0x4b, 0x41, 0x11, 0xd1, 0xa9,
    0x1, 0xb, 0xba, 0xaa, 0x90, 0x10, 0x0, 0xb,
    0x30, 0x0, 0x3, 0xa0, 0x0, 0x6, 0xdc, 0xcc,
    0xde, 0x40,

    /* U+5E02 "市" */
    0x0, 0x0, 0x9, 0x40, 0x0, 0x0, 0x1, 0x11,
    0x15, 0xc1, 0x11, 0x10, 0x2c, 0xcc, 0xcd, 0xec,
    0xcc, 0xc7, 0x0, 0x0, 0x4, 0xa0, 0x0, 0x0,
    0x0, 0xdd, 0xde, 0xfd, 0xdd, 0x70, 0x0, 0xe0,
    0x4, 0xa0, 0x5, 0x80, 0x0, 0xe0, 0x4, 0xa0,
    0x5, 0x80, 0x0, 0xe0, 0x4, 0xa0, 0x5, 0x80,
    0x0, 0xe0, 0x4, 0xa0, 0x27, 0x80, 0x0, 0xb0,
    0x4, 0xa2, 0xba, 0x30, 0x0, 0x0, 0x4, 0xa0,
    0x0, 0x0,

    /* U+5E03 "布" */
    0x0, 0x0, 0x29, 0x0, 0x0, 0x0, 0x0, 0x0,
    0x88, 0x0, 0x0, 0x0, 0x1d, 0xdd, 0xfd, 0xdd,
    0xdd, 0xd6, 0x0, 0x7, 0x80, 0x82, 0x0, 0x0,
    0x0, 0x2e, 0x0, 0xb3, 0x0, 0x0, 0x1, 0xdf,
    0xdd, 0xfe, 0xdd, 0xd0, 0x2d, 0x8b, 0x0, 0xb3,
    0x1, 0xd0, 0x14, 0x2b, 0x0, 0xb3, 0x1, 0xd0,
    0x0, 0x2b, 0x0, 0xb3, 0x1, 0xd0, 0x0, 0x2b,
    0x0, 0xb3, 0xac, 0x70, 0x0, 0x0, 0x0, 0xb3,
    0x0, 0x0,

    /* U+5E06 "帆" */
    0x5, 0x50, 0x3f, 0xdd, 0xf0, 0x0, 0x55, 0x3,
    0x90, 0xc, 0x0, 0xcd, 0xdc, 0x39, 0x0, 0xc0,
    0xb, 0x55, 0xa3, 0xa3, 0xc, 0x0, 0xb5, 0x5a,
    0x3a, 0xc0, 0xc0, 0xb, 0x55, 0xa3, 0x96, 0x8c,
    0x0, 0xb5, 0x5a, 0x57, 0xc, 0xc0, 0xb, 0x56,
    0xb6, 0x60, 0xc, 0x0, 0x75, 0x86, 0x93, 0x0,
    0xc1, 0x50, 0x55, 0x1c, 0x0, 0xc, 0x28, 0x5,
    0x5a, 0x20, 0x0, 0x9e, 0x50, 0x0, 0x0, 0x0,
    0x0, 0x0,

    /* U+5E08 "师" */
    0x0, 0xd5, 0xdd, 0xfd, 0xdd, 0x49, 0xd, 0x0,
    0xb, 0x10, 0x0, 0xc0, 0xd0, 0x88, 0xe9, 0x88,
    0xc, 0xd, 0xd, 0x5d, 0x65, 0xd0, 0xc0, 0xd0,
    0xd0, 0xb1, 0xd, 0xc, 0xd, 0xd, 0xb, 0x10,
    0xd0, 0xc1, 0xc0, 0xd0, 0xb1, 0xd, 0x0, 0x3a,
    0xd, 0xb, 0x10, 0xd0, 0x8, 0x60, 0xd0, 0xb2,
    0xca, 0x2, 0xe0, 0x0, 0xb, 0x10, 0x0, 0x84,
    0x0, 0x0, 0xb1, 0x0, 0x0, 0x0, 0x0, 0x0,
    0x0, 0x0,

    /* U+5E0C "希" */
    0x0, 0x68, 0x30, 0x0, 0x6b, 0x0, 0x0, 0x3,
    0x8d, 0xae, 0x70, 0x0, 0x2, 0x6a, 0xde, 0x69,
    0xd7, 0x10, 0x2, 0x73, 0x5b, 0x0, 0x7, 0x20,
    0x1c, 0xcd, 0xfd, 0xcc, 0xcc, 0xc6, 0x0, 0xa,
    0x70, 0xc1, 0x0, 0x0, 0x0, 0xaf, 0xdc, 0xfd,
    0xcd, 0x70, 0x1d, 0x7d, 0x0, 0xc1, 0x4, 0x90,
    0x1, 0xd, 0x0, 0xc1, 0x4, 0x90, 0x0, 0xd,
    0x0, 0xc1, 0xac, 0x50, 0x0, 0x0, 0x0, 0xc1,
    0x0, 0x0,

    /* U+5E18 "帘" */
    0x0, 0x0, 0x0, 0x0, 0x0, 0x0, 0x0, 0x6,
    0xa0, 0x0, 0x0, 0xdc, 0xcc, 0xde, 0xcc, 0xcd,
    0x6e, 0x0, 0x62, 0x4, 0x30, 0x86, 0x47, 0xd7,
    0x0, 0x18, 0xb6, 0x13, 0x60, 0x1, 0xd0, 0x1,
    0x60, 0x2d, 0xdd, 0xdf, 0xdd, 0xd9, 0x2, 0xd0,
    0x1, 0xd0, 0x2, 0xb0, 0x2d, 0x0, 0x1d, 0x0,
    0x2b, 0x2, 0xd0, 0x1, 0xd0, 0x2, 0xb0, 0x2d,
    0x0, 0x1d, 0xc, 0xd7, 0x0, 0x0, 0x1, 0xd0,
    0x0, 0x0,

    /* U+5E1A "帚" */
    0x7, 0xaa, 0xaa, 0xab, 0xc0, 0x0, 0x0, 0x0,
    0x0, 0x1c, 0x0, 0x3, 0xbb, 0xbb, 0xbc, 0xc0,
    0x0, 0x46, 0x66, 0x66, 0x7c, 0x0, 0x2, 0x44,
    0x44, 0x44, 0x30, 0xf, 0xcc, 0xcc, 0xdc, 0xcc,
    0xd6, 0xd0, 0x0, 0x4b, 0x0, 0x7, 0x62, 0xac,
    0xab, 0xea, 0xae, 0x41, 0xa, 0x40, 0x3a, 0x0,
    0xb2, 0x0, 0xa4, 0x3, 0xa1, 0xbd, 0x10, 0x0,
    0x0, 0x3a, 0x0, 0x0, 0x0,

    /* U+5E26 "带" */
    0x0, 0x3a, 0x4, 0xa0, 0x2a, 0x0, 0x2c, 0xde,
    0xcd, 0xec, 0xde, 0xc7, 0x0, 0x3a, 0x4, 0xa0,
    0x2a, 0x0, 0x0, 0x14, 0x1, 0x30, 0x14, 0x0,
    0xd, 0xcc, 0xcd, 0xec, 0xcc, 0xe4, 0xd, 0x0,
    0x4, 0xa0, 0x0, 0x94, 0x5, 0x8d, 0xcd, 0xec,
    0xce, 0x62, 0x0, 0x85, 0x4, 0xa0, 0xb, 0x20,
    0x0, 0x85, 0x4, 0xa0, 0xb, 0x20, 0x0, 0x75,
    0x4, 0xa1, 0xcb, 0x0, 0x0, 0x0, 0x4, 0xa0,
    0x0, 0x0,

    /* U+5E27 "帧" */
    0x6, 0x50, 0x0, 0x1c, 0x0, 0x0, 0x65, 0x0,
    0x1, 0xfc, 0xc6, 0xbd, 0xdb, 0x0, 0x1c, 0x0,
    0xc, 0x77, 0xc1, 0xec, 0xcc, 0xd0, 0xb6, 0x5b,
    0x1a, 0x4, 0xc, 0xb, 0x65, 0xb1, 0xa0, 0xd0,
    0xc0, 0xb6, 0x5b, 0x1a, 0xd, 0xc, 0xb, 0x66,
    0xc1, 0xa1, 0xc0, 0xc0, 0x86, 0x86, 0x18, 0x77,
    0x9, 0x0, 0x65, 0x0, 0x8b, 0x3b, 0x40, 0x6,
    0x51, 0xc6, 0x0, 0x1a, 0x40, 0x0, 0x0, 0x0,
    0x0, 0x0,

    /* U+5E2D "席" */
    0x0, 0x0, 0x0, 0x0, 0x0, 0x0, 0x0, 0x0,
    0x8, 0x60, 0x0, 0x0, 0xa, 0xdd, 0xdd, 0xed,
    0xdd, 0xd0, 0xc, 0x10, 0x70, 0x0, 0x90, 0x0,
    0xc, 0x7b, 0xec, 0xbb, 0xfb, 0xb0, 0xc, 0x10,
    0xb0, 0x0, 0xd0, 0x0, 0xc, 0x0, 0xbc, 0xbb,
    0xf0, 0x0, 0xd, 0x0, 0x0, 0xe0, 0x0, 0x0,
    0xd, 0xd, 0xcc, 0xfc, 0xce, 0x40, 0x1b, 0xd,
    0x0, 0xe0, 0x9, 0x40, 0x57, 0xd, 0x0, 0xe0,
    0x2a, 0x40, 0xa1, 0x9, 0x0, 0xe0, 0x99, 0x10,
    0x0, 0x0, 0x0, 0x0, 0x0, 0x0,

    /* U+5E2E "帮" */
    0x0, 0x0, 0x0, 0x0, 0x0, 0x0, 0x8, 0x8c,
    0xb8, 0x5b, 0xdc, 0xe7, 0x3, 0x39, 0x93, 0x2b,
    0x31, 0xd0, 0x8, 0xbd, 0xdb, 0x4b, 0x39, 0x60,
    0x0, 0x8, 0x60, 0xb, 0x30, 0xb3, 0x2c, 0xcf,
    0xcc, 0x8b, 0x30, 0x78, 0x3, 0xb9, 0x0, 0xb,
    0x6b, 0xa2, 0xa, 0x80, 0x4, 0xa0, 0x0, 0x0,
    0x0, 0xfc, 0xcd, 0xec, 0xcd, 0xd0, 0x0, 0xe0,
    0x4, 0xa0, 0x1, 0xd0, 0x0, 0xe0, 0x4, 0xa0,
    0xac, 0xa0, 0x0, 0x10, 0x4, 0xa0, 0x0, 0x0,

    /* U+5E38 "常" */
    0x8, 0x30, 0x2b, 0x4, 0x90, 0x36, 0xc3, 0x5c,
    0x3c, 0x53, 0xe8, 0x88, 0x88, 0x88, 0x8f, 0xd0,
    0xaa, 0xaa, 0xaa, 0xd, 0x40, 0xd0, 0x0, 0xe,
    0x5, 0x0, 0xea, 0xbb, 0xaf, 0x0, 0x0, 0x0,
    0x1d, 0x0, 0x0, 0x2f, 0xcc, 0xdf, 0xcc, 0xf4,
    0x2c, 0x0, 0x1d, 0x0, 0xc4, 0x2c, 0x0, 0x1d,
    0x2, 0xd4, 0x18, 0x0, 0x1d, 0x3a, 0x90,

    /* U+5E3D "帽" */
    0x6, 0x50, 0x6d, 0xbb, 0xbd, 0x60, 0x65, 0x6,
    0x60, 0x0, 0x76, 0xce, 0xdc, 0x68, 0xaa, 0xa9,
    0x6a, 0x65, 0xa6, 0x77, 0x77, 0x96, 0xa6, 0x5a,
    0x0, 0x0, 0x0, 0xa, 0x65, 0xa1, 0xdb, 0xbb,
    0xd1, 0xa6, 0x5a, 0x1c, 0x55, 0x5d, 0x1a, 0x67,
    0xc1, 0xc5, 0x55, 0xd1, 0x56, 0x63, 0x1e, 0xaa,
    0xae, 0x10, 0x65, 0x1, 0xb0, 0x0, 0xc1, 0x6,
    0x50, 0x1e, 0xbb, 0xbe, 0x10,

    /* U+5E45 "幅" */
    0x6, 0x50, 0x7b, 0xbb, 0xbb, 0x70, 0x65, 0x0,
    0x0, 0x0, 0x0, 0xce, 0xdc, 0xd, 0xbb, 0xbc,
    0xa, 0x65, 0xa0, 0xc0, 0x0, 0xc0, 0xa6, 0x5a,
    0xe, 0xbb, 0xbe, 0xa, 0x65, 0xa0, 0x0, 0x0,
    0x0, 0xa6, 0x5a, 0x8c, 0xbf, 0xbd, 0x7a, 0x67,
    0xb8, 0x40, 0xc0, 0x57, 0x66, 0x75, 0x8c, 0xbf,
    0xbd, 0x70, 0x65, 0x8, 0x40, 0xc0, 0x57, 0x6,
    0x50, 0x8c, 0xbb, 0xbd, 0x70,

    /* U+5E55 "幕" */
    0xb, 0xbc, 0xeb, 0xbd, 0xeb, 0xb5, 0x0, 0x47,
    0x96, 0x67, 0x96, 0x20, 0x0, 0xb7, 0x66, 0x66,
    0x6c, 0x40, 0x0, 0xba, 0x99, 0x99, 0x9d, 0x40,
    0x0, 0xb4, 0x22, 0x22, 0x2a, 0x40, 0x0, 0x57,
    0xe9, 0x77, 0x77, 0x20, 0x1b, 0xbc, 0xfc, 0xcb,
    0xcb, 0xb6, 0x0, 0x6d, 0x14, 0x90, 0x7b, 0x10,
    0x1b, 0xce, 0xbc, 0xeb, 0xbf, 0xd7, 0x2, 0x49,
    0x4, 0x90, 0xd, 0x1, 0x0, 0x26, 0x4, 0x91,
    0xa5, 0x0,

    /* U+5E72 "干" */
    0x0, 0x0, 0x0, 0x0, 0x0, 0x0, 0x7, 0xee,
    0xef, 0xfe, 0xee, 0xe0, 0x0, 0x0, 0x5, 0xa0,
    0x0, 0x0, 0x0, 0x0, 0x5, 0xa0, 0x0, 0x0,
    0x0, 0x0, 0x5, 0xa0, 0x0, 0x0, 0x2e, 0xee,
    0xef, 0xfe, 0xee, 0xe8, 0x0, 0x0, 0x5, 0xa0,
    0x0, 0x0, 0x0, 0x0, 0x5, 0xa0, 0x0, 0x0,
    0x0, 0x0, 0x5, 0xa0, 0x0, 0x0, 0x0, 0x0,
    0x5, 0xa0, 0x0, 0x0, 0x0, 0x0, 0x5, 0xa0,
    0x0, 0x0,

    /* U+5E73 "平" */
    0x7, 0xee, 0xee, 0xfe, 0xee, 0xd0, 0x0, 0x21,
    0x4, 0xa0, 0x3, 0x0, 0x0, 0x77, 0x4, 0xa0,
    0xe, 0x0, 0x0, 0x1d, 0x4, 0xa0, 0x69, 0x0,
    0x0, 0xc, 0x24, 0xa0, 0xc2, 0x0, 0x0, 0x1,
    0x4, 0xa0, 0x20, 0x0, 0x2e, 0xee, 0xee, 0xfe,
    0xee, 0xe8, 0x0, 0x0, 0x4, 0xa0, 0x0, 0x0,
    0x0, 0x0, 0x4, 0xa0, 0x0, 0x0, 0x0, 0x0,
    0x4, 0xa0, 0x0, 0x0, 0x0, 0x0, 0x4, 0xa0,
    0x0, 0x0,

    /* U+5E74 "年" */
    0x0, 0x2, 0x0, 0x0, 0x0, 0x0, 0x0, 0xd,
    0x10, 0x0, 0x0, 0x0, 0x0, 0x5f, 0xdd, 0xdd,
    0xdd, 0xc0, 0x1, 0xd2, 0x0, 0xc2, 0x0, 0x0,
    0xb, 0x70, 0x0, 0xb2, 0x0, 0x0, 0x6, 0x3e,
    0xdd, 0xfe, 0xdd, 0x80, 0x0, 0x49, 0x0, 0xb2,
    0x0, 0x0, 0x0, 0x49, 0x0, 0xb2, 0x0, 0x0,
    0x2d, 0xef, 0xdd, 0xfe, 0xdd, 0xd9, 0x0, 0x0,
    0x0, 0xb2, 0x0, 0x0, 0x0, 0x0, 0x0, 0xb2,
    0x0, 0x0, 0x0, 0x0, 0x0, 0xb2, 0x0, 0x0,

    /* U+5E76 "并" */
    0x0, 0x2, 0x0, 0x0, 0x11, 0x0, 0x0, 0xc,
    0x40, 0x0, 0xb6, 0x0, 0x0, 0x3, 0xc0, 0x2,
    0xd0, 0x0, 0x9, 0xdd, 0xdd, 0xde, 0xed, 0xd3,
    0x0, 0x6, 0x90, 0x1, 0xd0, 0x0, 0x0, 0x5,
    0x90, 0x1, 0xd0, 0x0, 0x0, 0x5, 0x90, 0x1,
    0xd0, 0x0, 0x2d, 0xde, 0xed, 0xdd, 0xfd, 0xd8,
    0x0, 0x9, 0x60, 0x1, 0xd0, 0x0, 0x0, 0x1e,
    0x10, 0x1, 0xd0, 0x0, 0x1, 0xc7, 0x0, 0x1,
    0xd0, 0x0, 0xc, 0x70, 0x0, 0x1, 0xd0, 0x0,
    0x0, 0x0, 0x0, 0x0, 0x0, 0x0,

    /* U+5E78 "幸" */
    0x0, 0x0, 0x4, 0xa0, 0x0, 0x0, 0x0, 0xbc,
    0xcd, 0xec, 0xcc, 0x50, 0x0, 0x0, 0x4, 0xa0,
    0x0, 0x0, 0x2c, 0xcc, 0xcd, 0xec, 0xcc, 0xc8,
    0x0, 0xa, 0x20, 0x0, 0xa3, 0x0, 0x0, 0x6,
    0x80, 0x2, 0xd0, 0x0, 0x2, 0xcc, 0xcd, 0xec,
    0xcc, 0x90, 0x0, 0x0, 0x4, 0xa0, 0x0, 0x0,
    0xb, 0xcc, 0xcd, 0xec, 0xcc, 0xc4, 0x0, 0x0,
    0x4, 0xa0, 0x0, 0x0, 0x0, 0x0, 0x4, 0xa0,
    0x0, 0x0,

    /* U+5E7B "幻" */
    0x0, 0x0, 0x0, 0x0, 0x0, 0x0, 0x0, 0xd,
    0x0, 0x0, 0x0, 0x0, 0x0, 0x69, 0x3, 0xdd,
    0xdd, 0xe1, 0x0, 0xd2, 0x0, 0x0, 0x0, 0xd1,
    0x6, 0x80, 0x58, 0x0, 0x0, 0xd0, 0x2f, 0x88,
    0xd2, 0x0, 0x0, 0xe0, 0x18, 0x6a, 0x90, 0x0,
    0x0, 0xe0, 0x0, 0x1d, 0x30, 0x0, 0x0, 0xe0,
    0x0, 0xa4, 0x67, 0x0, 0x0, 0xd0, 0x6, 0xa3,
    0x7e, 0x0, 0x2, 0xb0, 0x2f, 0xda, 0x7b, 0x41,
    0x17, 0x80, 0x1, 0x0, 0x3, 0x48, 0xcb, 0x10,

    /* U+5E7F "广" */
    0x0, 0x0, 0x0, 0xb0, 0x0, 0x0, 0x0, 0x0,
    0x0, 0xc4, 0x0, 0x0, 0x0, 0xfd, 0xdd, 0xdd,
    0xdd, 0xd6, 0x0, 0xd0, 0x0, 0x0, 0x0, 0x0,
    0x0, 0xd0, 0x0, 0x0, 0x0, 0x0, 0x1, 0xd0,
    0x0, 0x0, 0x0, 0x0, 0x2, 0xc0, 0x0, 0x0,
    0x0, 0x0, 0x3, 0xb0, 0x0, 0x0, 0x0, 0x0,
    0x6, 0x90, 0x0, 0x0, 0x0, 0x0, 0xb, 0x40,
    0x0, 0x0, 0x0, 0x0, 0x2d, 0x0, 0x0, 0x0,
    0x0, 0x0, 0x1, 0x0, 0x0, 0x0, 0x0, 0x0,

    /* U+5E84 "庄" */
    0x0, 0x0, 0x2, 0x20, 0x0, 0x0, 0x0, 0x0,
    0x5, 0xb0, 0x0, 0x0, 0x7, 0xaa, 0xaa, 0xea,
    0xaa, 0xa1, 0xa, 0x52, 0x22, 0x22, 0x22, 0x20,
    0xa, 0x30, 0x0, 0x92, 0x0, 0x0, 0xa, 0x30,
    0x0, 0xb2, 0x0, 0x0, 0xb, 0x2c, 0xdd, 0xfe,
    0xdd, 0x80, 0xc, 0x10, 0x0, 0xb2, 0x0, 0x0,
    0xd, 0x0, 0x0, 0xb2, 0x0, 0x0, 0xe, 0x0,
    0x0, 0xb2, 0x0, 0x0, 0x2b, 0x0, 0x0, 0xb2,
    0x0, 0x0, 0x86, 0x9d, 0xdd, 0xfe, 0xdd, 0xd2,
    0x21, 0x0, 0x0, 0x0, 0x0, 0x0,

    /* U+5E86 "庆" */
    0x0, 0x0, 0x1, 0x0, 0x0, 0x0, 0x0, 0x0,
    0x6, 0x90, 0x0, 0x0, 0xa, 0xcc, 0xcd, 0xfd,
    0xcc, 0xc2, 0xc, 0x20, 0x0, 0x21, 0x0, 0x0,
    0xc, 0x10, 0x0, 0xb3, 0x0, 0x0, 0xd, 0x22,
    0x22, 0xd4, 0x22, 0x20, 0xd, 0x3a, 0xab, 0xfb,
    0xaa, 0xa0, 0xe, 0x0, 0x3, 0xf7, 0x0, 0x0,
    0xe, 0x0, 0xa, 0x6c, 0x20, 0x0, 0x2c, 0x0,
    0x4c, 0x3, 0xc1, 0x0, 0x68, 0x4, 0xd2, 0x0,
    0x6d, 0x30, 0xa2, 0x7c, 0x20, 0x0, 0x3, 0xd1,
    0x0, 0x0, 0x0, 0x0, 0x0, 0x0,

    /* U+5E8A "床" */
    0x0, 0x0, 0x2, 0x10, 0x0, 0x0, 0x0, 0x0,
    0x7, 0x80, 0x0, 0x0, 0x9, 0xbb, 0xbc, 0xfb,
    0xbb, 0xb0, 0xc, 0x31, 0x11, 0x51, 0x11, 0x10,
    0xc, 0x10, 0x0, 0xe0, 0x0, 0x0, 0xc, 0x5a,
    0xaa, 0xfa, 0xaa, 0x90, 0xd, 0x12, 0x2a, 0xfb,
    0x22, 0x20, 0xd, 0x0, 0x3c, 0xea, 0x50, 0x0,
    0xd, 0x0, 0xc2, 0xe0, 0xd3, 0x0, 0x2b, 0x1c,
    0x60, 0xe0, 0x2e, 0x60, 0x77, 0xa5, 0x0, 0xe0,
    0x2, 0xb0, 0x81, 0x0, 0x0, 0xe0, 0x0, 0x0,

    /* U+5E8F "序" */
    0x0, 0x0, 0x0, 0x0, 0x0, 0x0, 0x0, 0x0,
    0x8, 0x60, 0x0, 0x0, 0x8, 0xaa, 0xac, 0xea,
    0xaa, 0xa2, 0xc, 0x32, 0x22, 0x22, 0x22, 0x20,
    0xc, 0x19, 0xbb, 0xbc, 0xfb, 0x0, 0xc, 0x10,
    0x65, 0x1b, 0x90, 0x0, 0xd, 0x0, 0x7, 0xe9,
    0x0, 0x0, 0xd, 0x6c, 0xcc, 0xfc, 0xcd, 0xd0,
    0xd, 0x0, 0x0, 0xe0, 0x1c, 0x30, 0x2b, 0x0,
    0x0, 0xe0, 0x34, 0x0, 0x68, 0x0, 0x0, 0xe0,
    0x0, 0x0, 0x92, 0x0, 0xbd, 0xb0, 0x0, 0x0,
    0x0, 0x0, 0x0, 0x0, 0x0, 0x0,

    /* U+5E93 "库" */
    0x0, 0x0, 0x0, 0x0, 0x0, 0x0, 0x0, 0x0,
    0x5, 0x90, 0x0, 0x0, 0xa, 0xdd, 0xdd, 0xfd,
    0xdd, 0xd3, 0xc, 0x10, 0x7, 0x30, 0x0, 0x0,
    0xc, 0x3c, 0xcf, 0xdc, 0xcc, 0x90, 0xc, 0x10,
    0x87, 0x2, 0x0, 0x0, 0xd, 0x11, 0xd0, 0x1c,
    0x0, 0x0, 0xd, 0x7, 0xec, 0xdf, 0xcc, 0x50,
    0xd, 0x0, 0x0, 0x1c, 0x0, 0x0, 0x1c, 0x5d,
    0xdd, 0xdf, 0xdd, 0xd3, 0x68, 0x0, 0x0, 0x1c,
    0x0, 0x0, 0x92, 0x0, 0x0, 0x1c, 0x0, 0x0,
    0x0, 0x0, 0x0, 0x0, 0x0, 0x0,

    /* U+5E94 "应" */
    0x0, 0x0, 0x2, 0x20, 0x0, 0x0, 0x0, 0x0,
    0x4, 0xb0, 0x0, 0x0, 0x9, 0xbb, 0xbc, 0xfc,
    0xbb, 0xb0, 0xc, 0x31, 0x11, 0x11, 0x11, 0x10,
    0xc, 0x23, 0x4, 0x70, 0x9, 0x50, 0xc, 0x2d,
    0x11, 0xc0, 0xd, 0x10, 0xd, 0x17, 0x60, 0xd1,
    0x2c, 0x0, 0xd, 0x2, 0xb0, 0xa4, 0x85, 0x0,
    0xe, 0x0, 0xc0, 0x22, 0xd0, 0x0, 0x2c, 0x0,
    0x0, 0x8, 0x60, 0x0, 0x78, 0x7a, 0xaa, 0xaf,
    0xba, 0xa2, 0x62, 0x12, 0x22, 0x22, 0x22, 0x20,

    /* U+5E95 "底" */
    0x0, 0x0, 0x0, 0x0, 0x0, 0x0, 0x0, 0x0,
    0x7, 0x90, 0x0, 0x0, 0xa, 0xdd, 0xdd, 0xfd,
    0xdd, 0xd2, 0xc, 0x10, 0x0, 0x2, 0x44, 0x0,
    0xc, 0x1b, 0xcc, 0xce, 0x85, 0x0, 0xc, 0x1c,
    0x0, 0xd, 0x0, 0x0, 0xc, 0xc, 0x0, 0xd,
    0x0, 0x0, 0xd, 0xc, 0xcc, 0xcf, 0xdc, 0x70,
    0xd, 0xc, 0x0, 0x8, 0x40, 0x0, 0x1c, 0xc,
    0x0, 0xa3, 0x90, 0x40, 0x58, 0xd, 0x7a, 0x85,
    0xb2, 0xc3, 0xa2, 0x1b, 0x50, 0x18, 0x1c, 0xd0,
    0x0, 0x0, 0x0, 0x0, 0x0, 0x0,

    /* U+5E97 "店" */
    0x0, 0x0, 0x1, 0x10, 0x0, 0x0, 0x0, 0x0,
    0x4, 0xb0, 0x0, 0x0, 0x9, 0xdd, 0xdd, 0xfd,
    0xdd, 0xd1, 0xb, 0x30, 0x0, 0x80, 0x0, 0x0,
    0xb, 0x30, 0x0, 0xe0, 0x0, 0x0, 0xb, 0x30,
    0x0, 0xfd, 0xdd, 0xa0, 0xc, 0x20, 0x0, 0xe0,
    0x0, 0x0, 0xd, 0x19, 0xaa, 0xfa, 0xaa, 0x0,
    0xe, 0xe, 0x22, 0x22, 0x2e, 0x0, 0x2d, 0xe,
    0x0, 0x0, 0xe, 0x0, 0x89, 0xe, 0xbb, 0xbb,
    0xbf, 0x0, 0x93, 0xe, 0x11, 0x11, 0x1e, 0x0,
    0x0, 0x0, 0x0, 0x0, 0x0, 0x0,

    /* U+5E9F "废" */
    0x0, 0x0, 0x0, 0x0, 0x0, 0x0, 0x0, 0x0,
    0x5, 0xa0, 0x0, 0x0, 0xb, 0xdd, 0xdd, 0xfd,
    0xdd, 0xd2, 0xd, 0x2, 0x50, 0xa0, 0x50, 0x0,
    0xd, 0x9, 0x52, 0xb0, 0x4b, 0x0, 0xd, 0x2f,
    0xdd, 0xec, 0xcd, 0xb0, 0xe, 0x0, 0xd, 0x10,
    0x0, 0x0, 0xe, 0x0, 0x6f, 0xcc, 0xca, 0x0,
    0xd, 0x1, 0xdd, 0x20, 0xb6, 0x0, 0x4a, 0x2e,
    0x52, 0xdc, 0x80, 0x0, 0x86, 0xc5, 0x29, 0xca,
    0xc7, 0x20, 0x61, 0x1, 0xb4, 0x0, 0x16, 0x90,

    /* U+5EA6 "度" */
    0x0, 0x0, 0x0, 0x0, 0x0, 0x0, 0x0, 0x0,
    0x8, 0x80, 0x0, 0x0, 0xa, 0xdd, 0xdd, 0xed,
    0xdd, 0xd1, 0xb, 0x20, 0x90, 0x0, 0xa0, 0x0,
    0xb, 0x9b, 0xfc, 0xbb, 0xfb, 0xb0, 0xb, 0x20,
    0xc0, 0x0, 0xe0, 0x0, 0xc, 0x10, 0xca, 0x99,
    0xf0, 0x0, 0xd, 0x0, 0x22, 0x22, 0x20, 0x0,
    0xd, 0x4c, 0xeb, 0xbb, 0xdd, 0x0, 0xd, 0x0,
    0xa6, 0x3, 0xc2, 0x0, 0x49, 0x0, 0x2d, 0xee,
    0x40, 0x0, 0x94, 0x9d, 0xb6, 0x36, 0xbe, 0xb0,
    0x0, 0x0, 0x0, 0x0, 0x0, 0x10,

    /* U+5EA7 "座" */
    0x0, 0x0, 0x0, 0x10, 0x0, 0x0, 0x0, 0x0,
    0x2, 0xd0, 0x0, 0x0, 0xa, 0xdd, 0xdd, 0xfe,
    0xdd, 0xd3, 0xc, 0x10, 0x0, 0x10, 0x0, 0x0,
    0xc, 0x11, 0xa0, 0xb1, 0x38, 0x0, 0xc, 0x16,
    0xb0, 0xb1, 0x98, 0x0, 0xd, 0x3c, 0x79, 0xc7,
    0xb9, 0x80, 0xd, 0x52, 0x3, 0xb7, 0x0, 0x61,
    0xd, 0xc, 0xcc, 0xfd, 0xcc, 0x60, 0x1c, 0x0,
    0x0, 0xb1, 0x0, 0x0, 0x59, 0x0, 0x0, 0xb1,
    0x0, 0x0, 0xa3, 0xac, 0xcc, 0xfc, 0xcc, 0xc3,
    0x10, 0x0, 0x0, 0x0, 0x0, 0x0,

    /* U+5EAD "庭" */
    0x0, 0x0, 0x0, 0x10, 0x0, 0x0, 0x0, 0x0,
    0x1, 0xc0, 0x0, 0x0, 0xc, 0xdc, 0xcc, 0xdd,
    0xcc, 0xc2, 0xc, 0x10, 0x0, 0x0, 0x2, 0x10,
    0xc, 0x5b, 0xe5, 0x8b, 0xea, 0x40, 0xc, 0x12,
    0x90, 0x0, 0xd0, 0x0, 0xd, 0x2e, 0xc7, 0x8c,
    0xfc, 0xa0, 0xd, 0x2, 0x66, 0x0, 0xd0, 0x0,
    0xd, 0x1a, 0xb2, 0x0, 0xd0, 0x0, 0x2b, 0xa,
    0xb1, 0xcc, 0xcc, 0xc1, 0x67, 0x1d, 0xd4, 0x0,
    0x0, 0x0, 0x93, 0xc4, 0x19, 0xcc, 0xcc, 0xc3,
    0x0, 0x0, 0x0, 0x0, 0x0, 0x0,

    /* U+5ED3 "廓" */
    0x0, 0x0, 0x0, 0x0, 0x0, 0x0, 0x0, 0x0,
    0x4, 0xa0, 0x0, 0x0, 0xc, 0xcc, 0xdc, 0xcc,
    0xcc, 0xc3, 0xc, 0x22, 0xb6, 0x22, 0x77, 0x71,
    0xc, 0x47, 0x77, 0x76, 0xa4, 0xd0, 0xc, 0xd,
    0x88, 0xc4, 0x85, 0x70, 0xc, 0xb, 0x77, 0xa4,
    0x8b, 0x20, 0xd, 0x19, 0x99, 0x84, 0x83, 0xa0,
    0xc, 0x0, 0x3b, 0x34, 0x80, 0xb1, 0xc, 0x58,
    0xcd, 0xc9, 0x80, 0xc2, 0x49, 0x34, 0x96, 0x14,
    0x8b, 0x80, 0x84, 0x7, 0xc3, 0x4, 0x80, 0x0,
    0x0, 0x0, 0x0, 0x0, 0x10, 0x0,

    /* U+5EF6 "延" */
    0x0, 0x0, 0x0, 0x0, 0x25, 0x90, 0x6c, 0xdd,
    0x2a, 0xdd, 0xf7, 0x30, 0x0, 0x87, 0x4, 0x10,
    0xd0, 0x0, 0x0, 0xd0, 0x0, 0x0, 0xd0, 0x0,
    0x7, 0x70, 0x6, 0x0, 0xd1, 0x10, 0x2f, 0xdd,
    0x2d, 0x0, 0xfa, 0xa4, 0x0, 0xc, 0xd, 0x0,
    0xd0, 0x0, 0xc, 0xd, 0xd, 0x0, 0xd0, 0x0,
    0xa, 0x98, 0xd, 0x11, 0xd1, 0x10, 0x2, 0xf4,
    0xa, 0xbb, 0xbb, 0xb6, 0x6, 0xcd, 0x61, 0x0,
    0x0, 0x0, 0x5d, 0x11, 0x8c, 0xdd, 0xdd, 0xd8,
    0x11, 0x0, 0x0, 0x0, 0x0, 0x0,

    /* U+5EFA "建" */
    0x3c, 0xdc, 0x0, 0xd, 0x0, 0x0, 0x0, 0x7b,
    0x3b, 0xbf, 0xbc, 0x80, 0x0, 0xd3, 0x66, 0x6e,
    0x69, 0xb2, 0x6, 0x90, 0x44, 0x4e, 0x47, 0xa1,
    0xe, 0xdd, 0x4b, 0xbf, 0xbc, 0x70, 0x1, 0x1c,
    0x13, 0x3d, 0x33, 0x20, 0xc, 0x59, 0x26, 0x6e,
    0x66, 0x50, 0x7, 0xe3, 0xbb, 0xbf, 0xbb, 0xb2,
    0x2, 0xf4, 0x0, 0xd, 0x0, 0x0, 0x9, 0x8d,
    0x72, 0x6, 0x0, 0x0, 0x4c, 0x0, 0x7b, 0xdd,
    0xcc, 0xd4, 0x1, 0x0, 0x0, 0x0, 0x0, 0x0,

    /* U+5F00 "开" */
    0x9, 0xde, 0xfd, 0xdd, 0xfd, 0xd3, 0x0, 0x4,
    0xa0, 0x0, 0xe0, 0x0, 0x0, 0x4, 0xa0, 0x0,
    0xe0, 0x0, 0x0, 0x4, 0xa0, 0x0, 0xe0, 0x0,
    0x0, 0x4, 0xa0, 0x0, 0xe0, 0x0, 0x2d, 0xde,
    0xfd, 0xdd, 0xfd, 0xd8, 0x0, 0x7, 0x70, 0x0,
    0xe0, 0x0, 0x0, 0xb, 0x40, 0x0, 0xe0, 0x0,
    0x0, 0x3d, 0x0, 0x0, 0xe0, 0x0, 0x2, 0xe4,
    0x0, 0x0, 0xe0, 0x0, 0xc, 0x40, 0x0, 0x0,
    0xe0, 0x0, 0x0, 0x0, 0x0, 0x0, 0x0, 0x0,

    /* U+5F02 "异" */
    0x1, 0xfc, 0xcc, 0xcc, 0xce, 0x20, 0x1, 0xc0,
    0x0, 0x0, 0xb, 0x20, 0x1, 0xe9, 0x99, 0x99,
    0x9e, 0x20, 0x1, 0xd2, 0x22, 0x22, 0x22, 0x41,
    0x0, 0xe1, 0x0, 0x0, 0x0, 0xb3, 0x0, 0x6b,
    0xcc, 0xcc, 0xcc, 0x80, 0x0, 0x9, 0x30, 0x0,
    0xd0, 0x0, 0x2d, 0xdf, 0xed, 0xdd, 0xfd, 0xd8,
    0x0, 0x1e, 0x0, 0x0, 0xe0, 0x0, 0x1, 0xc7,
    0x0, 0x0, 0xe0, 0x0, 0xc, 0x70, 0x0, 0x0,
    0xe0, 0x0, 0x0, 0x0, 0x0, 0x0, 0x0, 0x0,

    /* U+5F03 "弃" */
    0x0, 0x0, 0x1, 0x0, 0x0, 0x0, 0x0, 0x0,
    0xd, 0x20, 0x0, 0x0, 0x7c, 0xcc, 0xce, 0xec,
    0xcc, 0xc1, 0x0, 0x6, 0xb0, 0x9, 0x20, 0x0,
    0x0, 0x7a, 0x0, 0x4, 0xe3, 0x0, 0x6, 0xfd,
    0xcc, 0xbb, 0xad, 0x30, 0x0, 0x7, 0x0, 0x5,
    0x32, 0x0, 0x0, 0xd, 0x10, 0x9, 0x60, 0x0,
    0x7c, 0xcf, 0xcc, 0xce, 0xdc, 0xc2, 0x0, 0x3d,
    0x0, 0x8, 0x50, 0x0, 0x3, 0xd4, 0x0, 0x8,
    0x50, 0x0, 0x6b, 0x30, 0x0, 0x8, 0x50, 0x0,
    0x0, 0x0, 0x0, 0x0, 0x0, 0x0,

    /* U+5F04 "弄" */
    0xb, 0xcc, 0xce, 0xdc, 0xcc, 0x60, 0x0, 0x0,
    0xa, 0x30, 0x0, 0x0, 0x5, 0xbb, 0xbe, 0xcb,
    0xbb, 0x10, 0x0, 0x0, 0xa, 0x30, 0x0, 0x0,
    0x5c, 0xcc, 0xce, 0xdc, 0xcc, 0xc0, 0x0, 0x8,
    0x10, 0x5, 0x40, 0x0, 0x0, 0xc, 0x10, 0x8,
    0x60, 0x0, 0x6c, 0xcf, 0xcc, 0xce, 0xec, 0xc2,
    0x0, 0x2d, 0x0, 0x7, 0x60, 0x0, 0x3, 0xd4,
    0x0, 0x7, 0x60, 0x0, 0x6a, 0x20, 0x0, 0x7,
    0x60, 0x0,

    /* U+5F0F "式" */
    0x0, 0x0, 0x0, 0xf, 0xb, 0x20, 0x0, 0x0,
    0x0, 0xf, 0x2, 0xa0, 0x1e, 0xee, 0xee, 0xef,
    0xee, 0xe8, 0x0, 0x0, 0x0, 0xd, 0x10, 0x0,
    0x0, 0x0, 0x0, 0xb, 0x30, 0x0, 0x9, 0xdf,
    0xed, 0x89, 0x50, 0x0, 0x0, 0x8, 0x50, 0x6,
    0x80, 0x0, 0x0, 0x8, 0x50, 0x2, 0xc0, 0x0,
    0x0, 0x8, 0x52, 0x50, 0xe2, 0xb, 0x5, 0x9d,
    0xea, 0x60, 0x7a, 0x2a, 0x7, 0x51, 0x0, 0x0,
    0xa, 0xe4,

    /* U+5F20 "张" */
    0xcd, 0xf3, 0xe, 0x0, 0x1b, 0x0, 0x9, 0x30,
    0xe0, 0xa, 0x60, 0x0, 0x93, 0xe, 0x8, 0xb0,
    0xa, 0xde, 0x30, 0xe6, 0xb0, 0x0, 0xc1, 0x3,
    0x6e, 0x66, 0x66, 0x4d, 0x0, 0x48, 0xf8, 0xe8,
    0x85, 0xcc, 0xe4, 0xe, 0x9, 0x40, 0x0, 0xa,
    0x30, 0xe0, 0x3a, 0x0, 0x0, 0xb2, 0xe, 0x0,
    0xc2, 0x0, 0xd, 0x0, 0xe8, 0x93, 0xd2, 0xac,
    0xa0, 0x6c, 0x50, 0x5, 0x70, 0x0, 0x0, 0x0,
    0x0, 0x0,

    /* U+5F2F "弯" */
    0x0, 0x0, 0x1, 0x0, 0x0, 0x0, 0x0, 0x0,
    0x8, 0x70, 0x0, 0x0, 0x1c, 0xcc, 0xfc, 0xcf,
    0xcc, 0xc1, 0x0, 0x63, 0xc0, 0x1c, 0x55, 0x0,
    0x2, 0xc0, 0xc0, 0x1c, 0xb, 0x60, 0x7, 0x20,
    0x90, 0x19, 0x0, 0x80, 0x0, 0x8a, 0xaa, 0xaa,
    0xbb, 0x0, 0x0, 0x45, 0x66, 0x66, 0x7b, 0x0,
    0x0, 0xe4, 0x44, 0x44, 0x43, 0x0, 0x4, 0xda,
    0xaa, 0xaa, 0xab, 0x70, 0x0, 0x0, 0x0, 0x0,
    0x8, 0x50, 0x0, 0x0, 0x0, 0x4c, 0xcc, 0x0,
    0x0, 0x0, 0x0, 0x0, 0x0, 0x0,

    /* U+5F31 "弱" */
    0x2c, 0xcc, 0xe3, 0x9c, 0xcd, 0xc0, 0x0, 0xa,
    0x30, 0x0, 0x1c, 0x1, 0x11, 0xb3, 0x11, 0x13,
    0xc0, 0xdb, 0xaa, 0x2b, 0xba, 0xa8, 0xd, 0x0,
    0x0, 0xb1, 0x0, 0x0, 0xcc, 0xce, 0x49, 0xcc,
    0xce, 0x9, 0x60, 0xa4, 0x77, 0x10, 0xd0, 0x17,
    0x8b, 0x20, 0x5c, 0x3d, 0x4, 0x9c, 0xf1, 0x17,
    0xbb, 0xc5, 0x93, 0xe, 0x9, 0x50, 0x4a, 0x0,
    0x8d, 0x80, 0x7, 0xad, 0x40, 0x0, 0x0, 0x0,
    0x1, 0x0,

    /* U+5F39 "弹" */
    0x0, 0x0, 0x0, 0x30, 0x2, 0x20, 0x1c, 0xce,
    0x30, 0xd2, 0xa, 0x30, 0x0, 0xa, 0x30, 0x57,
    0xb, 0x0, 0x1, 0x1a, 0x39, 0xbb, 0xcd, 0xb0,
    0xf, 0xdd, 0x3d, 0x2, 0xc0, 0xd0, 0xc, 0x0,
    0xd, 0xbb, 0xeb, 0xf0, 0xc, 0x22, 0xd, 0x2,
    0xc0, 0xd0, 0xa, 0xae, 0x3c, 0xbc, 0xfb, 0xe0,
    0x0, 0xb, 0x20, 0x2, 0xc0, 0x0, 0x0, 0xc,
    0x8d, 0xdd, 0xfd, 0xd6, 0x0, 0xd, 0x0, 0x2,
    0xc0, 0x0, 0xa, 0xd8, 0x0, 0x2, 0xc0, 0x0,
    0x0, 0x0, 0x0, 0x0, 0x0, 0x0,

    /* U+5F3A "强" */
    0x3d, 0xde, 0x5d, 0xcc, 0xcc, 0xb0, 0x0, 0x6,
    0x5d, 0x0, 0x1, 0xb0, 0x0, 0x6, 0x5d, 0x0,
    0x1, 0xb0, 0x8, 0x8c, 0x5a, 0xce, 0xcc, 0x90,
    0x1c, 0x44, 0x12, 0x2b, 0x42, 0x20, 0x39, 0x0,
    0xe, 0x9e, 0xa9, 0xe1, 0x4c, 0xbc, 0x4b, 0xb,
    0x20, 0xb1, 0x0, 0xa, 0x4d, 0xbe, 0xcb, 0xd1,
    0x0, 0xb, 0x20, 0xb, 0x24, 0x70, 0x0, 0xe,
    0x0, 0xb, 0x43, 0xe2, 0x7, 0xd9, 0x6d, 0xdc,
    0xa8, 0x88, 0x0, 0x0, 0x0, 0x0, 0x0, 0x1,

    /* U+5F52 "归" */
    0x0, 0xa3, 0x11, 0x11, 0x11, 0xb0, 0xa3, 0x6a,
    0xaa, 0xae, 0xe0, 0xa3, 0x0, 0x0, 0xe, 0xe0,
    0xa3, 0x0, 0x0, 0xe, 0xe0, 0xb3, 0x15, 0x55,
    0x5e, 0xe0, 0xc2, 0x28, 0x88, 0x8e, 0xe0, 0xd2,
    0x0, 0x0, 0xe, 0x0, 0xf0, 0x0, 0x0, 0xe,
    0x4, 0xc0, 0x0, 0x0, 0xe, 0xc, 0x50, 0xbd,
    0xdd, 0xde, 0x7a, 0x0, 0x0, 0x0, 0xe, 0x0,
    0x0, 0x0, 0x0, 0x0,

    /* U+5F53 "当" */
    0x40, 0x0, 0xb4, 0x0, 0x60, 0x6a, 0x0, 0xb4,
    0x3, 0xc0, 0xc, 0x40, 0xb4, 0xb, 0x30, 0x3,
    0x20, 0xb4, 0x6, 0x0, 0xae, 0xee, 0xfe, 0xee,
    0xe1, 0x0, 0x0, 0x0, 0x0, 0xd1, 0x0, 0x0,
    0x0, 0x0, 0xd1, 0x4d, 0xdd, 0xdd, 0xdd, 0xf1,
    0x0, 0x0, 0x0, 0x0, 0xd1, 0xaa, 0xaa, 0xaa,
    0xaa, 0xf1, 0x33, 0x33, 0x33, 0x33, 0xe1,

    /* U+5F62 "形" */
    0x0, 0x0, 0x0, 0x0, 0x1, 0x50, 0x4d, 0xfd,
    0xdf, 0xb0, 0xc, 0x60, 0x0, 0xd0, 0x2b, 0x2,
    0xc8, 0x0, 0x0, 0xd0, 0x2b, 0xd, 0x60, 0x0,
    0x0, 0xd0, 0x2b, 0x0, 0x0, 0x61, 0x12, 0xe2,
    0x4c, 0x20, 0x9, 0x90, 0x5a, 0xfa, 0xbe, 0xa1,
    0xa9, 0x0, 0x1, 0xc0, 0x2b, 0xa, 0x50, 0x0,
    0x3, 0xa0, 0x2b, 0x0, 0x0, 0xb4, 0x6, 0x70,
    0x2b, 0x0, 0xa, 0x60, 0xd, 0x20, 0x2b, 0x5,
    0xd6, 0x0, 0x58, 0x0, 0x2b, 0x5b, 0x20, 0x0,
    0x0, 0x0, 0x0, 0x0, 0x0, 0x0,

    /* U+5F69 "彩" */
    0x1, 0x35, 0x7a, 0x80, 0x2, 0x90, 0x2b, 0x98,
    0x52, 0x0, 0x3d, 0x30, 0x8, 0xa, 0x23, 0xa7,
    0xd2, 0x0, 0x5, 0x84, 0x7b, 0x31, 0x0, 0x51,
    0x0, 0x35, 0x54, 0x0, 0x9, 0xa0, 0x2c, 0xce,
    0xec, 0xb4, 0xd8, 0x0, 0x0, 0x2f, 0xe3, 0x2,
    0x20, 0x11, 0x0, 0xbb, 0x8d, 0x20, 0x0, 0xb5,
    0xa, 0x86, 0x62, 0x70, 0xb, 0x70, 0x69, 0x6,
    0x60, 0x5, 0xe8, 0x0, 0x0, 0x6, 0x60, 0x2c,
    0x30, 0x0, 0x0, 0x0, 0x0, 0x0, 0x0, 0x0,

    /* U+5F71 "影" */
    0x0, 0x0, 0x0, 0x0, 0x0, 0x0, 0xb, 0xa9,
    0x9a, 0xa0, 0x8, 0x90, 0xb, 0x98, 0x89, 0xa0,
    0x7c, 0x0, 0xb, 0x42, 0x24, 0xa9, 0xb0, 0x0,
    0x6, 0x9c, 0xa9, 0x61, 0x0, 0x61, 0x28, 0x8d,
    0xb8, 0x80, 0x8, 0x90, 0x14, 0x55, 0x55, 0x41,
    0xa9, 0x0, 0x9, 0xa9, 0x9b, 0x88, 0x50, 0x0,
    0x9, 0xba, 0xac, 0x80, 0x0, 0xc3, 0x4, 0x47,
    0x67, 0x0, 0xa, 0x70, 0xd, 0x17, 0x67, 0x63,
    0xc8, 0x0, 0x14, 0x6d, 0x40, 0x4c, 0x30, 0x0,

    /* U+5F79 "役" */
    0x0, 0x12, 0x0, 0x0, 0x0, 0x0, 0x0, 0xc5,
    0xd, 0xdd, 0xf2, 0x0, 0xb, 0x80, 0xd, 0x0,
    0xb2, 0x0, 0x37, 0x16, 0x1c, 0x0, 0xb3, 0x0,
    0x0, 0xa7, 0x97, 0x0, 0x9b, 0x91, 0x6, 0xf5,
    0x90, 0x0, 0x3, 0x30, 0x5e, 0xe0, 0xdd, 0xdd,
    0xdd, 0x30, 0x32, 0xd0, 0x58, 0x0, 0x2c, 0x0,
    0x0, 0xd0, 0xc, 0x41, 0xc4, 0x0, 0x0, 0xd0,
    0x1, 0xdd, 0x50, 0x0, 0x0, 0xd0, 0x39, 0xdb,
    0xc5, 0x0, 0x0, 0xd8, 0xb5, 0x0, 0x4a, 0xe1,
    0x0, 0x0, 0x0, 0x0, 0x0, 0x0,

    /* U+5F7B "彻" */
    0x0, 0x22, 0x0, 0x0, 0x0, 0x0, 0x1, 0xd2,
    0xd, 0x1d, 0xfd, 0xe4, 0x1d, 0x30, 0xd, 0x0,
    0xb1, 0x84, 0x2, 0x4a, 0x3f, 0xc0, 0xb1, 0x84,
    0x0, 0xd5, 0xad, 0x0, 0xc0, 0x94, 0xb, 0xc0,
    0xd, 0x0, 0xc0, 0x93, 0x49, 0xc0, 0xd, 0x0,
    0xc0, 0xa3, 0x0, 0xc0, 0xd, 0x73, 0xb0, 0xa3,
    0x0, 0xc0, 0x3f, 0x77, 0x60, 0xb2, 0x0, 0xc0,
    0x23, 0xd, 0x0, 0xc1, 0x0, 0xc0, 0x0, 0xa7,
    0x0, 0xe0, 0x0, 0xc0, 0x4, 0x70, 0x4e, 0x90,

    /* U+5F80 "往" */
    0x0, 0x0, 0x0, 0x0, 0x0, 0x0, 0x0, 0x97,
    0x0, 0x5a, 0x0, 0x0, 0x8, 0xb0, 0x0, 0xc,
    0x20, 0x0, 0x4a, 0x4, 0xcd, 0xdd, 0xdd, 0xd1,
    0x0, 0x79, 0x0, 0xd, 0x0, 0x0, 0x2, 0xf1,
    0x0, 0xd, 0x0, 0x0, 0x2e, 0xf0, 0x0, 0xd,
    0x0, 0x0, 0x65, 0xe0, 0x6d, 0xdf, 0xdd, 0x90,
    0x0, 0xe0, 0x0, 0xd, 0x0, 0x0, 0x0, 0xe0,
    0x0, 0xd, 0x0, 0x0, 0x0, 0xe0, 0x0, 0xd,
    0x0, 0x0, 0x0, 0xe3, 0xdd, 0xdf, 0xed, 0xd5,

    /* U+5F84 "径" */
    0x0, 0x16, 0x0, 0x0, 0x0, 0x0, 0x0, 0xc5,
    0x3d, 0xdd, 0xdf, 0x80, 0x1c, 0x70, 0x0, 0x0,
    0x4e, 0x10, 0x35, 0x9, 0x0, 0x5, 0xe3, 0x0,
    0x0, 0x87, 0x1, 0x9d, 0xd7, 0x0, 0x5, 0xf1,
    0x9f, 0x80, 0x8, 0xe4, 0x4e, 0xf0, 0x71, 0x0,
    0x0, 0x22, 0x42, 0xe0, 0x3d, 0xde, 0xed, 0xc0,
    0x0, 0xe0, 0x0, 0x9, 0x40, 0x0, 0x0, 0xe0,
    0x0, 0x9, 0x40, 0x0, 0x0, 0xe0, 0x0, 0x9,
    0x40, 0x0, 0x0, 0xe1, 0xdd, 0xdf, 0xed, 0xd8,

    /* U+5F85 "待" */
    0x0, 0x0, 0x0, 0x0, 0x0, 0x0, 0x0, 0x88,
    0x0, 0xb, 0x20, 0x0, 0x8, 0xc0, 0x4b, 0xbe,
    0xcb, 0xa0, 0x5a, 0x4, 0x1, 0x1c, 0x31, 0x10,
    0x0, 0x7a, 0x0, 0xb, 0x20, 0x0, 0x4, 0xf3,
    0xdd, 0xdd, 0xdf, 0xd7, 0x5e, 0xf0, 0x0, 0x0,
    0xd, 0x0, 0x52, 0xd0, 0xdd, 0xdd, 0xdf, 0xd6,
    0x0, 0xd0, 0x9, 0x10, 0xd, 0x0, 0x0, 0xd0,
    0x5, 0xb0, 0xd, 0x0, 0x0, 0xd0, 0x0, 0x70,
    0xd, 0x0, 0x0, 0xd0, 0x0, 0x9, 0xd9, 0x0,
    0x0, 0x0, 0x0, 0x0, 0x0, 0x0,

    /* U+5F88 "很" */
    0x0, 0x14, 0x0, 0x0, 0x0, 0x0, 0x0, 0xa7,
    0xf, 0xcc, 0xcf, 0x20, 0x8, 0xb0, 0xd, 0x0,
    0xb, 0x20, 0x5c, 0x0, 0xd, 0x11, 0x1b, 0x20,
    0x10, 0x4c, 0xf, 0xaa, 0xae, 0x20, 0x2, 0xe1,
    0xd, 0x0, 0xb, 0x20, 0x4d, 0xf0, 0xf, 0xcf,
    0xcc, 0x20, 0x53, 0xe0, 0xd, 0xb, 0x14, 0x60,
    0x0, 0xe0, 0xd, 0x6, 0xbb, 0x10, 0x0, 0xe0,
    0xd, 0x0, 0xd2, 0x0, 0x0, 0xe0, 0x1d, 0x6a,
    0x3d, 0x40, 0x0, 0xe0, 0x5b, 0x72, 0x3, 0xb1,

    /* U+5F8B "律" */
    0x0, 0x68, 0x0, 0xd, 0x0, 0x0, 0x5, 0xc0,
    0x5c, 0xcf, 0xcc, 0x80, 0x4b, 0x13, 0x0, 0xd,
    0x3, 0x90, 0x0, 0x6a, 0xcc, 0xcf, 0xcd, 0xe6,
    0x3, 0xf1, 0x0, 0xd, 0x3, 0x90, 0x3e, 0xf0,
    0x5c, 0xcf, 0xcc, 0x70, 0x53, 0xd0, 0x46, 0x6e,
    0x66, 0x40, 0x0, 0xd0, 0x24, 0x4e, 0x44, 0x30,
    0x0, 0xd2, 0xcc, 0xcf, 0xcc, 0xc4, 0x0, 0xd0,
    0x0, 0xd, 0x0, 0x0, 0x0, 0xd0, 0x0, 0xd,
    0x0, 0x0,

    /* U+5F97 "得" */
    0x0, 0x12, 0x0, 0x0, 0x0, 0x0, 0x0, 0xa6,
    0x2e, 0xaa, 0xac, 0x90, 0x8, 0xa0, 0x2b, 0x0,
    0x5, 0x90, 0x5a, 0x3, 0x2e, 0xaa, 0xac, 0x90,
    0x0, 0x79, 0x2d, 0x66, 0x69, 0x90, 0x4, 0xf0,
    0x4, 0x44, 0x44, 0x20, 0x5d, 0xf0, 0xbc, 0xcc,
    0xdd, 0xc1, 0x62, 0xe0, 0x0, 0x0, 0x58, 0x0,
    0x0, 0xe2, 0xcc, 0xcc, 0xde, 0xc4, 0x0, 0xe0,
    0xb, 0x20, 0x58, 0x0, 0x0, 0xe0, 0x2, 0xb0,
    0x58, 0x0, 0x0, 0xe0, 0x0, 0xb, 0xd6, 0x0,

    /* U+5FAA "循" */
    0x0, 0x83, 0x0, 0x13, 0x58, 0x50, 0x5, 0xb0,
    0xbb, 0xa8, 0xe4, 0x0, 0x2c, 0x11, 0xc2, 0x11,
    0xe1, 0x10, 0x1, 0x96, 0xca, 0xab, 0xea, 0xa5,
    0x5, 0xd0, 0xc0, 0x2, 0xb0, 0x0, 0x4d, 0xd0,
    0xd3, 0xeb, 0xbb, 0xd0, 0x22, 0xd0, 0xd2, 0xd6,
    0x66, 0xd0, 0x0, 0xd0, 0xd2, 0xb2, 0x22, 0xd0,
    0x0, 0xd0, 0xc2, 0xea, 0xaa, 0xd0, 0x0, 0xd3,
    0x92, 0xb2, 0x22, 0xd0, 0x0, 0xd5, 0x62, 0xe9,
    0x99, 0xd0, 0x0, 0x0, 0x0, 0x0, 0x0, 0x0,

    /* U+5FAE "微" */
    0x0, 0x0, 0x0, 0x0, 0x0, 0x0, 0x0, 0xb2,
    0x9, 0x0, 0x74, 0x0, 0x9, 0x72, 0x79, 0x46,
    0xa2, 0x0, 0x38, 0x36, 0x79, 0x46, 0xda, 0x95,
    0x0, 0xd4, 0xbc, 0xb6, 0xc2, 0xc2, 0x8, 0xd2,
    0x55, 0x59, 0xe0, 0xc0, 0x5c, 0xc2, 0x66, 0x68,
    0xa3, 0xb0, 0x11, 0xc0, 0xbb, 0xc0, 0x5b, 0x60,
    0x0, 0xc0, 0xc0, 0xb1, 0x1f, 0x10, 0x0, 0xc0,
    0xc0, 0xcc, 0x5f, 0x20, 0x0, 0xc4, 0x90, 0x84,
    0xb4, 0xc0, 0x0, 0xc7, 0x10, 0xb, 0x10, 0x75,
    0x0, 0x0, 0x0, 0x0, 0x0, 0x0,

    /* U+5FB7 "德" */
    0x0, 0x0, 0x0, 0x0, 0x0, 0x0, 0x0, 0x95,
    0x11, 0x1d, 0x31, 0x10, 0x9, 0x91, 0x88, 0x8e,
    0x88, 0x83, 0x68, 0x16, 0x8a, 0xbe, 0xaa, 0xa0,
    0x0, 0xa5, 0xb0, 0xa0, 0xa0, 0xc0, 0x4, 0xf0,
    0xb4, 0xc4, 0xc4, 0xd0, 0x2e, 0xe0, 0x56, 0x66,
    0x66, 0x60, 0x65, 0xd3, 0xbb, 0xbb, 0xbb, 0xb5,
    0x0, 0xd0, 0x0, 0x9, 0x0, 0x0, 0x0, 0xd0,
    0x87, 0x4a, 0x22, 0xa0, 0x0, 0xd4, 0x68, 0x50,
    0x8, 0xa2, 0x0, 0xd5, 0x5, 0xdb, 0xb6, 0x23,
    0x0, 0x20, 0x0, 0x0, 0x0, 0x0,

    /* U+5FC3 "心" */
    0x0, 0x0, 0x11, 0x0, 0x0, 0x0, 0x0, 0x0,
    0x4d, 0x40, 0x0, 0x0, 0x0, 0x0, 0x2, 0xd6,
    0x0, 0x0, 0x0, 0x1, 0x50, 0x1a, 0x0, 0x0,
    0x1, 0x53, 0xa0, 0x0, 0x5, 0x50, 0x5, 0x83,
    0xa0, 0x0, 0x2, 0xd0, 0x8, 0x63, 0xa0, 0x0,
    0x0, 0xc3, 0xc, 0x23, 0xa0, 0x0, 0x11, 0x78,
    0x1e, 0x3, 0xa0, 0x0, 0x39, 0x2a, 0x2, 0x3,
    0xb0, 0x0, 0x67, 0x0, 0x0, 0x0, 0xde, 0xdd,
    0xd2, 0x0,

    /* U+5FC5 "必" */
    0x0, 0x0, 0xa3, 0x0, 0x1, 0x0, 0x0, 0x0,
    0x2d, 0x70, 0xc, 0x50, 0x0, 0x0, 0x0, 0xa4,
    0x6b, 0x0, 0x0, 0x21, 0xd0, 0x1, 0xd1, 0x0,
    0x3, 0xa1, 0xd0, 0xb, 0x69, 0x20, 0x7, 0x71,
    0xd0, 0xb8, 0x5, 0xb0, 0xd, 0x21, 0xda, 0x80,
    0x0, 0xc3, 0x3a, 0x2, 0xf7, 0x0, 0x0, 0x5a,
    0x0, 0x7e, 0xd0, 0x0, 0x2a, 0x2, 0x2d, 0xa2,
    0xe0, 0x0, 0x59, 0x0, 0x2, 0x0, 0xbe, 0xee,
    0xe3, 0x0,

    /* U+5FC6 "忆" */
    0x0, 0xd0, 0x0, 0x0, 0x0, 0x0, 0x0, 0xd0,
    0x4d, 0xdd, 0xde, 0xb0, 0x16, 0xda, 0x10, 0x0,
    0x3d, 0x20, 0x38, 0xd5, 0x70, 0x1, 0xd3, 0x0,
    0x75, 0xd0, 0x20, 0xc, 0x50, 0x0, 0x51, 0xd0,
    0x0, 0x98, 0x0, 0x0, 0x0, 0xd0, 0x5, 0xb0,
    0x0, 0x0, 0x0, 0xd0, 0x1d, 0x10, 0x0, 0x41,
    0x0, 0xd0, 0x86, 0x0, 0x0, 0x93, 0x0, 0xd0,
    0xa7, 0x11, 0x11, 0xc1, 0x0, 0xd0, 0x2a, 0xcc,
    0xcc, 0x70,

    /* U+5FCD "忍" */
    0xa, 0xdd, 0xde, 0xed, 0xdf, 0x50, 0x0, 0x32,
    0x9, 0x60, 0xa, 0x40, 0x0, 0xc2, 0xe, 0x10,
    0xb, 0x20, 0x9, 0x70, 0x89, 0x0, 0xd, 0x10,
    0x0, 0x8, 0xd1, 0x0, 0xe, 0x0, 0x6, 0xdc,
    0x10, 0xd, 0xe8, 0x0, 0x9, 0x40, 0x3b, 0x0,
    0x0, 0x0, 0x4, 0x3c, 0x8, 0x80, 0xd, 0x0,
    0xb, 0x2e, 0x0, 0xb0, 0x17, 0x80, 0x2c, 0xe,
    0x0, 0x0, 0xb3, 0xd0, 0x34, 0x8, 0xdc, 0xcd,
    0xc0, 0x40,

    /* U+5FD7 "志" */
    0x0, 0x0, 0x4, 0xa0, 0x0, 0x0, 0x2, 0x22,
    0x26, 0xb2, 0x22, 0x21, 0x1b, 0xbb, 0xbc, 0xeb,
    0xbb, 0xb6, 0x0, 0x0, 0x4, 0xa0, 0x0, 0x0,
    0x3, 0xaa, 0xac, 0xea, 0xaa, 0x90, 0x0, 0x22,
    0x37, 0x32, 0x22, 0x20, 0x0, 0x0, 0xb, 0x90,
    0x0, 0x0, 0x1, 0x77, 0x50, 0x8a, 0x8, 0x20,
    0x6, 0x88, 0x50, 0x3, 0x15, 0xb0, 0xd, 0x28,
    0x50, 0x0, 0x67, 0xc3, 0x5, 0x3, 0xed, 0xdd,
    0xe2, 0x43,

    /* U+5FD8 "忘" */
    0x0, 0x0, 0x1, 0x0, 0x0, 0x0, 0x0, 0x0,
    0x8, 0x60, 0x0, 0x0, 0x2d, 0xdd, 0xde, 0xfd,
    0xdd, 0xd1, 0x0, 0xa3, 0x0, 0x0, 0x0, 0x0,
    0x0, 0xa3, 0x0, 0x0, 0x0, 0x0, 0x0, 0xac,
    0xaa, 0xaa, 0xaa, 0x60, 0x0, 0x12, 0x24, 0x22,
    0x22, 0x10, 0x0, 0x0, 0xb, 0x50, 0x0, 0x0,
    0x2, 0x37, 0x21, 0xd1, 0x7, 0x30, 0x9, 0x4b,
    0x30, 0x52, 0x13, 0xc0, 0x2d, 0xb, 0x30, 0x0,
    0x85, 0xb3, 0x13, 0x6, 0xed, 0xdd, 0xd1, 0x21,

    /* U+5FD9 "忙" */
    0x0, 0xd0, 0x0, 0xb, 0x10, 0x0, 0x0, 0xd1,
    0x0, 0x4, 0x80, 0x0, 0x18, 0xdb, 0x9c, 0xcc,
    0xcc, 0xc4, 0x47, 0xd8, 0x39, 0x60, 0x0, 0x0,
    0x74, 0xd0, 0x8, 0x60, 0x0, 0x0, 0x20, 0xd0,
    0x8, 0x60, 0x0, 0x0, 0x0, 0xd0, 0x8, 0x60,
    0x0, 0x0, 0x0, 0xd0, 0x8, 0x60, 0x0, 0x0,
    0x0, 0xd0, 0x8, 0x60, 0x0, 0x0, 0x0, 0xd0,
    0x8, 0xec, 0xcc, 0xc2, 0x0, 0xd0, 0x0, 0x0,
    0x0, 0x0,

    /* U+5FE7 "忧" */
    0x0, 0xd0, 0x0, 0xa2, 0x52, 0x0, 0x0, 0xd0,
    0x0, 0xc1, 0x2d, 0x10, 0x5, 0xe9, 0x0, 0xc1,
    0x4, 0x30, 0x38, 0xda, 0xad, 0xfd, 0xdd, 0xd2,
    0x55, 0xd4, 0x10, 0xd0, 0x0, 0x0, 0x62, 0xd0,
    0x0, 0xc7, 0x60, 0x0, 0x0, 0xd0, 0x4, 0x97,
    0x60, 0x0, 0x0, 0xd0, 0x9, 0x57, 0x60, 0x0,
    0x0, 0xd0, 0x1d, 0x7, 0x60, 0x50, 0x0, 0xd0,
    0xa5, 0x7, 0x60, 0xb1, 0x0, 0xd5, 0x70, 0x3,
    0xdd, 0xc0,

    /* U+5FEB "快" */
    0x0, 0xe0, 0x0, 0xd, 0x0, 0x0, 0x0, 0xe0,
    0x0, 0xd, 0x0, 0x0, 0x5, 0xea, 0x5d, 0xdf,
    0xde, 0x80, 0x38, 0xe8, 0x40, 0xd, 0x5, 0x80,
    0x74, 0xe0, 0x10, 0x1d, 0x5, 0x80, 0x20, 0xe0,
    0xcc, 0xdf, 0xcd, 0xe7, 0x0, 0xe0, 0x11, 0x6f,
    0x71, 0x10, 0x0, 0xe0, 0x0, 0xb5, 0xd0, 0x0,
    0x0, 0xe0, 0x4, 0xc0, 0x88, 0x0, 0x0, 0xe0,
    0x4d, 0x20, 0xd, 0x80, 0x0, 0xe2, 0xc2, 0x0,
    0x1, 0xb6, 0x0, 0x0, 0x0, 0x0, 0x0, 0x0,

    /* U+5FF5 "念" */
    0x0, 0x0, 0x1, 0x0, 0x0, 0x0, 0x0, 0x0,
    0x2e, 0x90, 0x0, 0x0, 0x0, 0x5, 0xc2, 0x7b,
    0x20, 0x0, 0x4, 0xca, 0x1a, 0x23, 0xda, 0x30,
    0x7b, 0x30, 0x2, 0x80, 0x5, 0xc2, 0x0, 0xcc,
    0xcc, 0xcc, 0xd3, 0x0, 0x0, 0x0, 0x0, 0x5,
    0xc0, 0x0, 0x0, 0x0, 0x76, 0x2d, 0x20, 0x0,
    0x4, 0x29, 0xc, 0x62, 0x9, 0x0, 0xc, 0x1e,
    0x1, 0xa0, 0x8, 0x70, 0x3c, 0xe, 0x0, 0x0,
    0xb2, 0xd1, 0x43, 0x8, 0xdc, 0xcd, 0xb0, 0x41,

    /* U+6001 "态" */
    0x0, 0x0, 0x4, 0xa0, 0x0, 0x0, 0x2, 0x22,
    0x27, 0x92, 0x22, 0x21, 0x1a, 0xaa, 0xae, 0xfc,
    0xaa, 0xa6, 0x0, 0x0, 0x2d, 0x5b, 0x0, 0x0,
    0x0, 0x1, 0xc5, 0xa, 0x90, 0x0, 0x0, 0x5d,
    0x6c, 0x70, 0xac, 0x40, 0xd, 0x92, 0x2, 0x93,
    0x5, 0xc6, 0x0, 0x65, 0x37, 0xa0, 0x7, 0x20,
    0x4, 0x98, 0x50, 0x87, 0x4, 0xb0, 0xb, 0x48,
    0x50, 0x0, 0x58, 0xd2, 0x8, 0x4, 0xed, 0xdd,
    0xe3, 0x53,

    /* U+600E "怎" */
    0x0, 0x0, 0x0, 0x0, 0x0, 0x0, 0x0, 0x1e,
    0x0, 0x0, 0x0, 0x0, 0x0, 0x8f, 0xcc, 0xcc,
    0xcc, 0xc1, 0x2, 0xd1, 0x2b, 0x0, 0x0, 0x0,
    0x1d, 0x50, 0x2e, 0xbb, 0xbb, 0x50, 0x17, 0x0,
    0x2b, 0x0, 0x0, 0x0, 0x0, 0x0, 0x2f, 0xcc,
    0xcc, 0x90, 0x0, 0x0, 0x2b, 0x0, 0x0, 0x0,
    0x2, 0x15, 0x1d, 0x70, 0x8, 0x10, 0xa, 0x3e,
    0x0, 0xb4, 0x7, 0x80, 0x1c, 0xe, 0x0, 0x0,
    0x85, 0xe1, 0x25, 0x8, 0xdc, 0xcd, 0xd1, 0x62,

    /* U+6015 "怕" */
    0x0, 0xd0, 0x0, 0x8, 0x50, 0x0, 0xd, 0x0,
    0x0, 0xc2, 0x0, 0x7, 0xda, 0x1d, 0xde, 0xdd,
    0xe2, 0x8d, 0x57, 0xe0, 0x0, 0xe, 0x65, 0xd0,
    0x3e, 0x0, 0x0, 0xe5, 0x2d, 0x0, 0xe1, 0x11,
    0x1e, 0x0, 0xd0, 0xf, 0xcc, 0xcc, 0xf0, 0xd,
    0x0, 0xe0, 0x0, 0xe, 0x0, 0xd0, 0xe, 0x0,
    0x0, 0xe0, 0xd, 0x0, 0xfc, 0xcc, 0xcf, 0x0,
    0xd0, 0xe, 0x11, 0x11, 0xd0,

    /* U+6016 "怖" */
    0x0, 0x0, 0x0, 0x0, 0x0, 0x0, 0x0, 0xc0,
    0x0, 0x2b, 0x0, 0x0, 0x0, 0xc0, 0x0, 0x78,
    0x0, 0x0, 0x5, 0xd9, 0xbc, 0xfc, 0xcc, 0xc4,
    0x29, 0xc9, 0x37, 0x75, 0x50, 0x0, 0x47, 0xc0,
    0x5f, 0xac, 0xc9, 0x90, 0x1, 0xc4, 0xde, 0x28,
    0x82, 0xd1, 0x0, 0xc1, 0x1d, 0x6, 0x70, 0xc1,
    0x0, 0xc0, 0xd, 0x6, 0x70, 0xc1, 0x0, 0xc0,
    0xd, 0x6, 0x7a, 0xd0, 0x0, 0xc0, 0x1, 0x6,
    0x70, 0x0, 0x0, 0xc0, 0x0, 0x6, 0x70, 0x0,

    /* U+601D "思" */
    0x0, 0xfc, 0xcc, 0xfc, 0xcf, 0x20, 0x0, 0xc0,
    0x0, 0xd0, 0xb, 0x20, 0x0, 0xc0, 0x0, 0xd0,
    0xb, 0x20, 0x0, 0xfb, 0xbc, 0xfb, 0xbe, 0x20,
    0x0, 0xc0, 0x0, 0xd0, 0xb, 0x20, 0x0, 0xdc,
    0xcd, 0xdc, 0xcd, 0x20, 0x0, 0x0, 0x9, 0x30,
    0x0, 0x0, 0x0, 0x72, 0x62, 0xc5, 0xa, 0x0,
    0x4, 0x94, 0xb0, 0x6, 0x27, 0x90, 0xc, 0x34,
    0xb0, 0x0, 0xb0, 0xe1, 0x6, 0x0, 0xdd, 0xdd,
    0xa0, 0x41,

    /* U+6025 "急" */
    0x0, 0x7, 0x70, 0x0, 0x0, 0x0, 0x0, 0x4e,
    0xcc, 0xcf, 0x30, 0x0, 0x7, 0xf5, 0x33, 0x7c,
    0x33, 0x0, 0x18, 0x66, 0x66, 0x66, 0x6e, 0x0,
    0x0, 0x7b, 0xbb, 0xbb, 0xbe, 0x0, 0x0, 0x0,
    0x0, 0x0, 0xe, 0x0, 0x0, 0xbb, 0xbb, 0xbb,
    0xbe, 0x0, 0x0, 0x0, 0xa, 0x10, 0x1, 0x0,
    0x6, 0x4d, 0x3, 0xd0, 0x7, 0x90, 0xd, 0xe,
    0x0, 0x52, 0x93, 0xd2, 0x26, 0x9, 0xdc, 0xcd,
    0xd0, 0x42,

    /* U+6027 "性" */
    0x0, 0xe0, 0x4, 0x28, 0x50, 0x0, 0x0, 0xe1,
    0xb, 0x28, 0x50, 0x0, 0x18, 0xeb, 0x1f, 0xce,
    0xdb, 0xb1, 0x37, 0xe5, 0xb9, 0x19, 0x61, 0x10,
    0x74, 0xe0, 0xc2, 0x8, 0x50, 0x0, 0x51, 0xe0,
    0x10, 0x8, 0x50, 0x0, 0x0, 0xe0, 0x1d, 0xde,
    0xed, 0xa0, 0x0, 0xe0, 0x0, 0x8, 0x50, 0x0,
    0x0, 0xe0, 0x0, 0x8, 0x50, 0x0, 0x0, 0xe0,
    0x11, 0x19, 0x71, 0x10, 0x0, 0xe0, 0xbb, 0xbb,
    0xbb, 0xb4,

    /* U+602A "怪" */
    0x0, 0x0, 0x0, 0x0, 0x0, 0x0, 0x0, 0xc1,
    0x3e, 0xec, 0xce, 0xa0, 0x0, 0xc6, 0x3, 0xc0,
    0xd, 0x40, 0xb, 0xcb, 0x30, 0xb7, 0x9b, 0x0,
    0x29, 0xc5, 0x80, 0x1e, 0xe0, 0x0, 0x47, 0xc1,
    0x23, 0xcb, 0xda, 0x20, 0x64, 0xc1, 0xcb, 0x40,
    0x7, 0xe7, 0x0, 0xc1, 0x0, 0x8, 0x50, 0x0,
    0x0, 0xc1, 0x4c, 0xce, 0xec, 0xc1, 0x0, 0xc1,
    0x0, 0x8, 0x50, 0x0, 0x0, 0xc1, 0x0, 0x8,
    0x50, 0x0, 0x0, 0xc1, 0xcd, 0xde, 0xed, 0xd7,

    /* U+603B "总" */
    0x0, 0x1, 0x0, 0x0, 0x10, 0x0, 0x0, 0xb,
    0x50, 0x2, 0xe0, 0x0, 0x0, 0x2, 0xd0, 0xb,
    0x50, 0x0, 0x0, 0xcd, 0xed, 0xdf, 0xdc, 0x0,
    0x0, 0xd1, 0x0, 0x0, 0x1e, 0x0, 0x0, 0xd1,
    0x0, 0x0, 0x1e, 0x0, 0x0, 0xdd, 0xdd, 0xdd,
    0xde, 0x0, 0x0, 0x0, 0xa, 0x20, 0x0, 0x0,
    0x4, 0x28, 0x23, 0xd2, 0x7, 0x20, 0xc, 0x2b,
    0x30, 0x47, 0x3, 0xc0, 0x4b, 0xb, 0x40, 0x0,
    0x65, 0x85, 0x12, 0x6, 0xdd, 0xcd, 0xe2, 0x0,

    /* U+6050 "恐" */
    0x3c, 0xee, 0xc4, 0xec, 0xcd, 0x0, 0x0, 0x75,
    0x3, 0x91, 0xd, 0x0, 0x0, 0x75, 0x4, 0xbd,
    0x2d, 0x0, 0x0, 0x78, 0x88, 0x74, 0xad, 0x0,
    0x3a, 0xeb, 0x6d, 0x20, 0xd, 0x9, 0x35, 0x0,
    0xc8, 0x0, 0xd, 0xb8, 0x0, 0x1, 0x46, 0x70,
    0x0, 0x10, 0x3, 0x48, 0x50, 0xc2, 0xa, 0x10,
    0x9, 0x48, 0x50, 0x35, 0x25, 0xb0, 0x1d, 0x8,
    0x50, 0x0, 0xd0, 0xa6, 0x24, 0x4, 0xed, 0xdd,
    0xa0, 0x12,

    /* U+6055 "恕" */
    0x0, 0x1, 0x0, 0x0, 0x0, 0x0, 0x0, 0x67,
    0x0, 0x2, 0x22, 0x20, 0x2c, 0xed, 0xca, 0x1e,
    0x99, 0xe0, 0x3, 0xa0, 0x69, 0x1b, 0x0, 0xe0,
    0xa, 0x90, 0xd3, 0x1b, 0x0, 0xe0, 0x0, 0x7f,
    0xd0, 0x1b, 0x0, 0xe0, 0x2, 0xaa, 0xab, 0x1d,
    0xcc, 0xc0, 0x1c, 0x60, 0x7, 0x10, 0x0, 0x0,
    0x1, 0x25, 0x5, 0xc0, 0x6, 0x30, 0x8, 0x5e,
    0x0, 0x85, 0x13, 0xc0, 0xd, 0xe, 0x0, 0x0,
    0x85, 0xc3, 0x4, 0x8, 0xdd, 0xdd, 0xd1, 0x20,

    /* U+6062 "恢" */
    0x0, 0x0, 0x0, 0x0, 0x0, 0x0, 0x0, 0xc0,
    0x1, 0xc0, 0x0, 0x0, 0x0, 0xc0, 0x3, 0xa0,
    0x0, 0x0, 0x5, 0xd8, 0xbd, 0xec, 0xcc, 0xc3,
    0x1a, 0xca, 0x8, 0x50, 0x81, 0x0, 0x47, 0xc4,
    0x1c, 0x25, 0xb0, 0x70, 0x43, 0xc0, 0xc, 0x46,
    0xc0, 0xb0, 0x0, 0xc0, 0x68, 0x92, 0xc5, 0x60,
    0x0, 0xc1, 0xd0, 0x34, 0xf4, 0x0, 0x0, 0xc8,
    0x60, 0xc, 0x79, 0x0, 0x0, 0xc1, 0x1, 0x98,
    0xb, 0x50, 0x0, 0xc0, 0xa, 0x60, 0x0, 0xa2,
    0x0, 0x0, 0x0, 0x0, 0x0, 0x0,

    /* U+606F "息" */
    0x0, 0x0, 0x1, 0x0, 0x0, 0x0, 0x0, 0x0,
    0xc, 0x40, 0x0, 0x0, 0x0, 0xdb, 0xbb, 0xbb,
    0xca, 0x0, 0x0, 0xd0, 0x0, 0x0, 0x4a, 0x0,
    0x0, 0xd9, 0x99, 0x99, 0xba, 0x0, 0x0, 0xd7,
    0x77, 0x77, 0x9a, 0x0, 0x0, 0xd2, 0x22, 0x22,
    0x5a, 0x0, 0x0, 0xab, 0xbc, 0xbb, 0xb8, 0x0,
    0x0, 0x2, 0xb, 0x50, 0x3, 0x0, 0xc, 0x3e,
    0x1, 0xd1, 0x17, 0x90, 0x4b, 0xe, 0x0, 0x10,
    0xa3, 0xd2, 0x33, 0xb, 0xdd, 0xdd, 0xc0, 0x20,

    /* U+6070 "恰" */
    0x0, 0x0, 0x0, 0x0, 0x0, 0x0, 0x0, 0xd0,
    0x0, 0xa, 0x60, 0x0, 0x0, 0xd0, 0x0, 0x4d,
    0xd1, 0x0, 0x7, 0xdb, 0x1, 0xc2, 0x4b, 0x0,
    0x1a, 0xd6, 0x7d, 0x40, 0x7, 0xc1, 0x57, 0xd0,
    0xc8, 0xdd, 0xdd, 0x67, 0x32, 0xd0, 0x0, 0x0,
    0x0, 0x0, 0x0, 0xd0, 0xd, 0xcc, 0xcd, 0xa0,
    0x0, 0xd0, 0xd, 0x0, 0x3, 0xa0, 0x0, 0xd0,
    0xd, 0x0, 0x3, 0xa0, 0x0, 0xd0, 0xe, 0xaa,
    0xac, 0xa0, 0x0, 0xd0, 0xd, 0x11, 0x15, 0xa0,
    0x0, 0x0, 0x0, 0x0, 0x0, 0x0,

    /* U+6076 "恶" */
    0x7, 0xcc, 0xed, 0xcf, 0xcc, 0xc0, 0x0, 0x30,
    0x76, 0xd, 0x2, 0x10, 0x0, 0xb3, 0x76, 0xd,
    0xd, 0x30, 0x0, 0x49, 0x76, 0xd, 0x4a, 0x0,
    0x0, 0x2, 0x76, 0xd, 0x21, 0x0, 0x1c, 0xcc,
    0xee, 0xdf, 0xcc, 0xc6, 0x0, 0x0, 0x9, 0x10,
    0x0, 0x0, 0x0, 0x65, 0x24, 0xc0, 0xa, 0x30,
    0x5, 0x9a, 0x30, 0x96, 0x3, 0xb0, 0xb, 0x3a,
    0x30, 0x0, 0x76, 0xc2, 0x8, 0x5, 0xdd, 0xcd,
    0xe2, 0x42,

    /* U+607C "恼" */
    0x0, 0x0, 0x0, 0x0, 0x0, 0x0, 0x0, 0xd0,
    0x0, 0x48, 0x0, 0x0, 0x0, 0xd0, 0x0, 0xd,
    0x10, 0x0, 0x4, 0xd8, 0xcd, 0xdd, 0xdd, 0xd4,
    0x18, 0xda, 0x32, 0x0, 0x54, 0x50, 0x45, 0xd3,
    0x96, 0xb0, 0xc1, 0xd0, 0x21, 0xd0, 0x85, 0x4d,
    0x90, 0xd0, 0x0, 0xd0, 0x85, 0x1d, 0xa0, 0xd0,
    0x0, 0xd0, 0x86, 0xc4, 0x96, 0xd0, 0x0, 0xd0,
    0x89, 0x60, 0x3, 0xd0, 0x0, 0xd0, 0x8d, 0xcc,
    0xcc, 0xf0, 0x0, 0xd0, 0x0, 0x0, 0x0, 0xd0,

    /* U+6089 "悉" */
    0x0, 0x1, 0x23, 0x46, 0x8b, 0x20, 0x4, 0xbb,
    0x9a, 0xc5, 0x42, 0x0, 0x0, 0x2c, 0x3, 0x90,
    0x78, 0x0, 0x0, 0xb, 0x33, 0x90, 0xd1, 0x0,
    0x1d, 0xde, 0xdd, 0xed, 0xfd, 0xd6, 0x0, 0x2,
    0xc8, 0xbb, 0x50, 0x0, 0x0, 0x6d, 0x33, 0x90,
    0xaa, 0x30, 0x1d, 0x81, 0x5, 0x70, 0x4, 0xc7,
    0x1, 0x21, 0x5b, 0xa0, 0x5, 0x0, 0x1, 0xd2,
    0xb0, 0x72, 0xa, 0x80, 0xa, 0x62, 0xb0, 0x0,
    0x92, 0xb5, 0x16, 0x0, 0xcd, 0xcd, 0xc0, 0x23,

    /* U+609F "悟" */
    0x0, 0xd0, 0x8c, 0xde, 0xcc, 0xc0, 0x0, 0xe3,
    0x0, 0x77, 0x0, 0x0, 0x19, 0xeb, 0x3b, 0xed,
    0xbb, 0x30, 0x38, 0xd7, 0x40, 0xc2, 0xa, 0x30,
    0x75, 0xd0, 0x0, 0xe0, 0xb, 0x20, 0x41, 0xd0,
    0xbc, 0xcc, 0xcc, 0xc4, 0x0, 0xd0, 0x0, 0x0,
    0x0, 0x0, 0x0, 0xd0, 0x2e, 0xcc, 0xcd, 0x80,
    0x0, 0xd0, 0x2a, 0x0, 0x5, 0x80, 0x0, 0xd0,
    0x2b, 0x22, 0x27, 0x80, 0x0, 0xd0, 0x2e, 0xaa,
    0xac, 0x80, 0x0, 0x0, 0x0, 0x0, 0x0, 0x0,

    /* U+60A8 "您" */
    0x0, 0x0, 0x0, 0x0, 0x0, 0x0, 0x0, 0x3c,
    0xc, 0x10, 0x0, 0x0, 0x0, 0xc3, 0x4e, 0xcc,
    0xcc, 0xd0, 0xa, 0xf1, 0xd1, 0x9, 0x6, 0x70,
    0x69, 0xe0, 0x37, 0xd, 0x18, 0x0, 0x0, 0xd0,
    0x3b, 0xd, 0xb, 0x40, 0x0, 0xd0, 0xa2, 0xd,
    0x2, 0xa0, 0x0, 0xb0, 0x4, 0xb9, 0x0, 0x0,
    0x1, 0x4, 0xb, 0x40, 0x5, 0x0, 0x9, 0x5d,
    0x1, 0xd0, 0x1a, 0x50, 0x1d, 0xd, 0x0, 0x10,
    0xb4, 0xc0, 0x25, 0x9, 0xdd, 0xdd, 0xb0, 0x60,

    /* U+60AC "悬" */
    0x0, 0x3d, 0xaa, 0xaa, 0xac, 0x0, 0x0, 0x3c,
    0x66, 0x66, 0x7c, 0x0, 0x0, 0x3c, 0x55, 0x55,
    0x6c, 0x0, 0x0, 0x3d, 0x99, 0x99, 0xac, 0x0,
    0x6, 0x8c, 0x66, 0x66, 0x7e, 0x64, 0x4, 0x4a,
    0xc4, 0x45, 0xe7, 0x43, 0x2, 0xcf, 0xab, 0xbb,
    0xcd, 0x40, 0x0, 0x42, 0x17, 0x40, 0x2, 0x90,
    0x0, 0xa2, 0x91, 0xc5, 0xb, 0x30, 0x9, 0x52,
    0xb0, 0x1, 0x92, 0xd2, 0x17, 0x0, 0xdc, 0xbc,
    0xa0, 0x34,

    /* U+60B2 "悲" */
    0x0, 0x0, 0xe0, 0x3b, 0x0, 0x0, 0x1c, 0xcc,
    0xf0, 0x3f, 0xcc, 0xc1, 0x0, 0x0, 0xf0, 0x3b,
    0x0, 0x0, 0x8, 0xcc, 0xf0, 0x3f, 0xcc, 0x90,
    0x1, 0x11, 0xf0, 0x3c, 0x11, 0x10, 0x2a, 0xaa,
    0xf0, 0x3e, 0xaa, 0xa3, 0x0, 0x0, 0x92, 0x27,
    0x0, 0x0, 0x1, 0x38, 0x28, 0x90, 0x19, 0x0,
    0x8, 0x5b, 0x20, 0xb5, 0x19, 0x60, 0x1d, 0xb,
    0x30, 0x0, 0xc1, 0xd1, 0x14, 0x6, 0xdd, 0xdd,
    0xb0, 0x31,

    /* U+60C5 "情" */
    0x0, 0xc0, 0x11, 0x1d, 0x11, 0x10, 0x0, 0xd1,
    0x89, 0x9e, 0x99, 0x91, 0x7, 0xda, 0x6a, 0xaf,
    0xaa, 0x90, 0x19, 0xc6, 0x32, 0x2d, 0x32, 0x21,
    0x46, 0xc1, 0x77, 0x77, 0x77, 0x74, 0x32, 0xc0,
    0x5b, 0xaa, 0xab, 0x70, 0x0, 0xc0, 0x68, 0x33,
    0x36, 0x90, 0x0, 0xc0, 0x6a, 0x66, 0x68, 0x90,
    0x0, 0xc0, 0x6d, 0xaa, 0xac, 0x90, 0x0, 0xc0,
    0x66, 0x0, 0x3, 0x90, 0x0, 0xc0, 0x66, 0x0,
    0x8c, 0x60,

    /* U+60CA "惊" */
    0x0, 0x0, 0x0, 0x0, 0x0, 0x0, 0x0, 0xd0,
    0x0, 0x1c, 0x0, 0x0, 0x0, 0xd0, 0x8a, 0xae,
    0xba, 0xa0, 0x25, 0xda, 0x12, 0x22, 0x22, 0x20,
    0x46, 0xd9, 0x3e, 0xdd, 0xdd, 0x60, 0x74, 0xd4,
    0x4a, 0x0, 0x6, 0x60, 0x61, 0xd0, 0x2b, 0x11,
    0x17, 0x60, 0x0, 0xd0, 0x2b, 0xbf, 0xcb, 0x40,
    0x0, 0xd0, 0x7, 0xc, 0x27, 0x0, 0x0, 0xd0,
    0x59, 0xc, 0x27, 0x60, 0x0, 0xd1, 0xc1, 0xc,
    0x20, 0xd0, 0x0, 0xd0, 0x13, 0xdd, 0x0, 0x10,

    /* U+60DC "惜" */
    0x0, 0xd0, 0x0, 0xa3, 0xd, 0x0, 0x0, 0xd1,
    0xa, 0xec, 0xbf, 0xb4, 0x18, 0xda, 0x1, 0xa4,
    0x1e, 0x10, 0x37, 0xd6, 0x50, 0xa3, 0xd, 0x0,
    0x64, 0xd1, 0x5d, 0xdd, 0xdd, 0xd9, 0x60, 0xd0,
    0x0, 0x11, 0x11, 0x10, 0x0, 0xd0, 0x6, 0xca,
    0xaa, 0xe0, 0x0, 0xd0, 0x6, 0x71, 0x11, 0xe0,
    0x0, 0xd0, 0x6, 0xc9, 0x99, 0xe0, 0x0, 0xd0,
    0x6, 0x71, 0x11, 0xe0, 0x0, 0xd0, 0x6, 0xca,
    0xaa, 0xe0, 0x0, 0x0, 0x0, 0x0, 0x0, 0x0,

    /* U+60E0 "惠" */
    0x1b, 0xbb, 0xbe, 0xdb, 0xbb, 0xb0, 0x1, 0x44,
    0x4a, 0x84, 0x44, 0x10, 0x4, 0xc6, 0x6b, 0xa6,
    0x6c, 0x30, 0x4, 0xd9, 0x9c, 0xb9, 0x9d, 0x30,
    0x4, 0xa3, 0x3a, 0x83, 0x3b, 0x30, 0x1, 0x55,
    0x5b, 0x96, 0xd7, 0x10, 0xb, 0xbb, 0xbd, 0xdb,
    0xde, 0x60, 0x1, 0x10, 0x9, 0x10, 0x0, 0x90,
    0x5, 0x4b, 0x3, 0xd2, 0x9, 0x20, 0xc, 0x1d,
    0x0, 0x20, 0xa3, 0xc0, 0x26, 0x8, 0xcc, 0xcc,
    0xb0, 0x71,

    /* U+60E6 "惦" */
    0x0, 0x0, 0x0, 0x0, 0x0, 0x0, 0x0, 0xe0,
    0x0, 0x6, 0x70, 0x0, 0x0, 0xe3, 0x1c, 0xcc,
    0xfc, 0xc9, 0x9, 0xea, 0x4c, 0x0, 0x10, 0x0,
    0x19, 0xe4, 0xac, 0x0, 0xd0, 0x0, 0x47, 0xe0,
    0x4c, 0x0, 0xfc, 0xc5, 0x32, 0xe0, 0x2b, 0x0,
    0xd0, 0x0, 0x0, 0xe0, 0x3a, 0x22, 0xe2, 0x20,
    0x0, 0xe0, 0x59, 0xd9, 0x99, 0xf0, 0x0, 0xe0,
    0x86, 0xc0, 0x0, 0xe0, 0x0, 0xe1, 0xe2, 0xdc,
    0xcc, 0xf0, 0x0, 0xe2, 0x90, 0xc0, 0x0, 0xe0,

    /* U+60E7 "惧" */
    0x0, 0xe0, 0xc, 0xcc, 0xcd, 0x90, 0x0, 0xe0,
    0xc, 0x10, 0x4, 0x90, 0x8, 0xea, 0x1c, 0xba,
    0xac, 0x90, 0x1a, 0xe5, 0x7c, 0x10, 0x4, 0x90,
    0x47, 0xe0, 0x4c, 0xba, 0xac, 0x90, 0x42, 0xe0,
    0xc, 0x65, 0x58, 0x90, 0x0, 0xe0, 0xc, 0x43,
    0x37, 0x90, 0x0, 0xe0, 0xcf, 0xdc, 0xcd, 0xe7,
    0x0, 0xe0, 0x1, 0x80, 0x28, 0x0, 0x0, 0xe0,
    0x1c, 0x70, 0x9, 0x90, 0x0, 0xe0, 0x97, 0x0,
    0x0, 0xb2, 0x0, 0x0, 0x0, 0x0, 0x0, 0x0,

    /* U+60E9 "惩" */
    0x0, 0x35, 0x0, 0x0, 0x0, 0x0, 0x1, 0xd2,
    0x8c, 0xce, 0xdc, 0xc0, 0x1e, 0x51, 0x0, 0x8,
    0x50, 0x0, 0x3, 0x69, 0x8, 0x8, 0x50, 0x0,
    0x5, 0xf0, 0xd, 0x8, 0xdc, 0xb0, 0x3b, 0xe0,
    0xd, 0x8, 0x50, 0x0, 0x0, 0xd0, 0xd, 0x8,
    0x50, 0x0, 0x0, 0xd4, 0xcd, 0xcc, 0xcc, 0xc5,
    0x0, 0x20, 0xb, 0x50, 0x0, 0x0, 0x8, 0x5c,
    0x11, 0xd2, 0x9, 0x50, 0x1e, 0xc, 0x20, 0x20,
    0x74, 0xd0, 0x25, 0x7, 0xdc, 0xcd, 0xd1, 0x60,

    /* U+60EB "惫" */
    0x0, 0x3, 0x80, 0x0, 0x0, 0x0, 0x0, 0x5f,
    0xba, 0xab, 0xf4, 0x0, 0xb, 0xa7, 0xd4, 0x6e,
    0x60, 0x0, 0x3, 0x2, 0xaf, 0xfa, 0x40, 0x0,
    0x4b, 0xec, 0x61, 0x27, 0xcf, 0xc3, 0x15, 0xd9,
    0x9b, 0xa9, 0x9c, 0x40, 0x0, 0xe6, 0x6d, 0x76,
    0x6e, 0x0, 0x0, 0xe3, 0x3d, 0x53, 0x3e, 0x0,
    0x0, 0x99, 0x99, 0x99, 0x98, 0x0, 0x0, 0x65,
    0x38, 0x60, 0x8, 0x0, 0x7, 0x58, 0x40, 0x91,
    0x55, 0xb0, 0x9, 0x4, 0xcb, 0xbb, 0xc0, 0x63,

    /* U+60EF "惯" */
    0x0, 0xd0, 0xb, 0xbd, 0xcb, 0xa0, 0x0, 0xd0,
    0xc, 0x8, 0x32, 0xa0, 0x7, 0xeb, 0xce, 0x9d,
    0xab, 0xe6, 0x19, 0xd9, 0x3d, 0x6d, 0x69, 0x70,
    0x56, 0xd2, 0x14, 0x44, 0x44, 0x10, 0x32, 0xd0,
    0x4d, 0xaa, 0xac, 0x80, 0x0, 0xd0, 0x48, 0x6,
    0x4, 0x80, 0x0, 0xd0, 0x48, 0xd, 0x4, 0x80,
    0x0, 0xd0, 0x47, 0x1d, 0x4, 0x70, 0x0, 0xd0,
    0x5, 0xc4, 0xaa, 0x20, 0x0, 0xd3, 0xc8, 0x10,
    0x3, 0xb3,

    /* U+60F3 "想" */
    0x0, 0xd, 0x0, 0xac, 0xbb, 0xf0, 0x1a, 0xaf,
    0xa9, 0xa2, 0x0, 0xd0, 0x6, 0x8f, 0x65, 0xac,
    0xbb, 0xf0, 0x0, 0xbf, 0x80, 0xa2, 0x0, 0xd0,
    0x5, 0x9d, 0x7a, 0xac, 0xbb, 0xf0, 0x2c, 0xd,
    0x1, 0xa2, 0x0, 0xd0, 0x0, 0xd, 0x1, 0x8b,
    0xbb, 0xc0, 0x0, 0x0, 0x8, 0x70, 0x3, 0x30,
    0x5, 0x76, 0x70, 0xc3, 0x3, 0xc0, 0xc, 0x16,
    0x70, 0x10, 0xb2, 0xa5, 0x5, 0x2, 0xdd, 0xdd,
    0xc0, 0x10,

    /* U+610F "意" */
    0x0, 0x0, 0x7, 0x70, 0x0, 0x0, 0x6, 0xbe,
    0xcb, 0xbc, 0xeb, 0x60, 0x2, 0x29, 0x72, 0x28,
    0xa2, 0x20, 0x18, 0x88, 0x88, 0x88, 0x88, 0x81,
    0x0, 0xaa, 0x99, 0x99, 0xab, 0x0, 0x0, 0xb8,
    0x77, 0x77, 0x8c, 0x0, 0x0, 0xb3, 0x22, 0x22,
    0x3c, 0x0, 0x0, 0x79, 0xae, 0xa9, 0x98, 0x0,
    0x0, 0x74, 0x47, 0xb1, 0xa, 0x10, 0x9, 0x66,
    0x70, 0x32, 0x84, 0xb0, 0x18, 0x3, 0xdc, 0xcc,
    0x60, 0x50,

    /* U+611F "感" */
    0x0, 0x0, 0x0, 0x0, 0x0, 0x0, 0x0, 0x0,
    0x0, 0x76, 0x79, 0x0, 0x9, 0xcb, 0xbb, 0xdd,
    0xbd, 0xb1, 0xa, 0x34, 0x44, 0x4a, 0x4, 0x20,
    0xb, 0x35, 0x55, 0x1d, 0x1d, 0x0, 0xc, 0x2d,
    0xad, 0xb, 0xb6, 0x0, 0xd, 0x29, 0xb, 0x8,
    0xd0, 0x51, 0x49, 0x2c, 0xbc, 0x7c, 0xc6, 0xb1,
    0x62, 0x1, 0x14, 0x50, 0x18, 0x70, 0x7, 0x2e,
    0xb, 0x50, 0xc, 0x10, 0x2c, 0xe, 0x0, 0x50,
    0xd5, 0xa0, 0x43, 0xb, 0xcb, 0xbd, 0x80, 0x50,

    /* U+6127 "愧" */
    0x0, 0x0, 0x0, 0x0, 0x0, 0x0, 0x0, 0xd0,
    0x0, 0xd, 0x10, 0x0, 0x0, 0xd1, 0x1d, 0xcf,
    0xcb, 0xd0, 0x7, 0xda, 0x3c, 0xd, 0x0, 0xd0,
    0x19, 0xd5, 0x9e, 0xbf, 0xbb, 0xe0, 0x47, 0xd1,
    0x4c, 0xc, 0x0, 0xd0, 0x21, 0xd0, 0x1f, 0xce,
    0xcc, 0xe0, 0x0, 0xd0, 0x0, 0x7a, 0x5, 0x0,
    0x0, 0xd0, 0x0, 0xdc, 0x2b, 0x50, 0x0, 0xd0,
    0x5, 0x9a, 0x9b, 0xc0, 0x0, 0xd0, 0x3d, 0x1a,
    0x52, 0x35, 0x0, 0xd2, 0xb2, 0x7, 0xcb, 0xc5,

    /* U+613F "愿" */
    0xc, 0xcb, 0xbb, 0xcb, 0xbb, 0x90, 0xc, 0x0,
    0x2, 0xd0, 0x0, 0x0, 0xc, 0xd, 0x99, 0x99,
    0x9f, 0x0, 0xc, 0xd, 0x77, 0x77, 0x7e, 0x0,
    0xd, 0xd, 0x99, 0x99, 0x9f, 0x0, 0xd, 0x2,
    0x70, 0xd0, 0x80, 0x0, 0xd, 0x3c, 0x21, 0xd0,
    0x4c, 0x20, 0xd, 0x31, 0x9, 0x70, 0x3, 0x20,
    0x2a, 0x44, 0xa0, 0xc2, 0xb, 0x20, 0x67, 0xa1,
    0xd0, 0x14, 0x74, 0xc0, 0xa2, 0x60, 0xac, 0xbc,
    0xb0, 0x20, 0x0, 0x0, 0x0, 0x0, 0x0, 0x0,

    /* U+614C "慌" */
    0x0, 0xd0, 0x15, 0x91, 0x49, 0x10, 0x0, 0xd0,
    0xbc, 0xdb, 0xcd, 0xb6, 0x7, 0xdb, 0x2, 0x39,
    0x23, 0x0, 0x18, 0xda, 0xcd, 0xbd, 0xcb, 0xb6,
    0x46, 0xd1, 0x1c, 0x0, 0x0, 0x0, 0x21, 0xd0,
    0xf, 0xbb, 0xbb, 0xb0, 0x0, 0xd0, 0x4, 0x3,
    0x3, 0x0, 0x0, 0xd0, 0xc, 0xd, 0xb, 0x10,
    0x0, 0xd0, 0x1b, 0xd, 0xb, 0x10, 0x0, 0xd0,
    0x68, 0xd, 0xb, 0x37, 0x0, 0xd2, 0xb0, 0xd,
    0x9, 0xc5, 0x0, 0x0, 0x0, 0x0, 0x0, 0x0,

    /* U+614E "慎" */
    0x0, 0x0, 0x0, 0x0, 0x0, 0x0, 0x0, 0xd0,
    0x0, 0x9, 0x60, 0x0, 0x0, 0xd1, 0x69, 0x9e,
    0x99, 0x93, 0x27, 0xdb, 0x9, 0xae, 0xaa, 0x40,
    0x46, 0xd7, 0x4d, 0x22, 0x27, 0x70, 0x64, 0xd2,
    0x2d, 0x66, 0x6a, 0x70, 0x31, 0xd0, 0xe, 0x99,
    0x9b, 0x70, 0x0, 0xd0, 0xd, 0x66, 0x6a, 0x70,
    0x0, 0xd0, 0xd, 0x22, 0x27, 0x70, 0x0, 0xd0,
    0xcc, 0xdc, 0xcd, 0xc8, 0x0, 0xd0, 0x19, 0xb0,
    0x2c, 0x50, 0x0, 0xd0, 0xb5, 0x0, 0x0, 0xa3,

    /* U+6155 "慕" */
    0xb, 0xbc, 0xeb, 0xbd, 0xeb, 0xb6, 0x0, 0x37,
    0xb6, 0x68, 0xa6, 0x0, 0x0, 0x99, 0x66, 0x66,
    0x6e, 0x10, 0x0, 0x9b, 0x99, 0x99, 0x9e, 0x10,
    0x0, 0x96, 0x33, 0x33, 0x3d, 0x10, 0x0, 0x47,
    0xda, 0x77, 0x77, 0x0, 0x1b, 0xbc, 0xfc, 0xbc,
    0xcb, 0xb6, 0x0, 0x6c, 0x19, 0x0, 0x98, 0x0,
    0x1c, 0x89, 0x2c, 0x63, 0xb6, 0xc5, 0x0, 0x6a,
    0xc, 0x58, 0x5a, 0x0, 0x0, 0x51, 0xbb, 0x4,
    0x6, 0x0,

    /* U+6162 "慢" */
    0x0, 0xd0, 0x3d, 0x99, 0x9c, 0x60, 0x0, 0xd1,
    0x3d, 0x77, 0x7b, 0x60, 0x16, 0xdb, 0x3b, 0x33,
    0x38, 0x60, 0x36, 0xd8, 0x36, 0x66, 0x66, 0x20,
    0x64, 0xd0, 0xd9, 0xe9, 0xe9, 0xe0, 0x40, 0xd0,
    0xc3, 0xc3, 0xc3, 0xd0, 0x0, 0xd0, 0x56, 0x66,
    0x66, 0x60, 0x0, 0xd0, 0xcf, 0xcb, 0xbe, 0x80,
    0x0, 0xd0, 0x5, 0xb2, 0x7c, 0x0, 0x0, 0xd0,
    0x3, 0xaf, 0xe4, 0x0, 0x0, 0xd3, 0xd9, 0x40,
    0x38, 0xd2, 0x0, 0x0, 0x0, 0x0, 0x0, 0x0,

    /* U+6170 "慰" */
    0xc, 0xaa, 0xaf, 0x0, 0xd, 0x0, 0xc, 0x22,
    0x2d, 0x0, 0xd, 0x0, 0xd, 0x88, 0x88, 0x8c,
    0xcf, 0xc3, 0xd, 0x48, 0x86, 0x15, 0xd, 0x0,
    0xe, 0x9a, 0xa9, 0x4b, 0x2d, 0x0, 0x3a, 0x65,
    0x77, 0x3, 0x4d, 0x0, 0x87, 0x94, 0x77, 0x30,
    0x1d, 0x0, 0x40, 0x29, 0x36, 0x1, 0xa7, 0x0,
    0x6, 0x2e, 0x8, 0x80, 0xb, 0x10, 0x1d, 0xe,
    0x0, 0x60, 0xb5, 0xa0, 0x35, 0xb, 0xbb, 0xbc,
    0xa0, 0x50,

    /* U+61BE "憾" */
    0x0, 0x0, 0x0, 0x0, 0x10, 0x0, 0x0, 0xc0,
    0x0, 0x0, 0xc6, 0x60, 0x0, 0xd1, 0x8b, 0xbb,
    0xeb, 0xd4, 0x8, 0xda, 0xb2, 0x33, 0x92, 0x50,
    0x28, 0xca, 0xc4, 0x77, 0x75, 0xa0, 0x55, 0xc2,
    0xb7, 0xab, 0x4d, 0x40, 0x31, 0xc0, 0xb8, 0x19,
    0x1e, 0x3, 0x0, 0xc2, 0x97, 0xbd, 0xbc, 0x58,
    0x0, 0xc3, 0x30, 0x26, 0x41, 0x92, 0x0, 0xc0,
    0x9b, 0x1a, 0x43, 0x90, 0x0, 0xc5, 0x5b, 0x10,
    0x18, 0x92, 0x0, 0xc4, 0x8, 0xcb, 0xc5, 0x11,

    /* U+61C2 "懂" */
    0x0, 0xd0, 0x13, 0xb1, 0x2c, 0x10, 0x0, 0xd0,
    0x79, 0xd8, 0x9e, 0x84, 0x7, 0xda, 0x38, 0xa9,
    0x8a, 0x80, 0x29, 0xd3, 0xaa, 0xad, 0xba, 0xa6,
    0x56, 0xd0, 0x15, 0x5b, 0x75, 0x40, 0x31, 0xd0,
    0x3a, 0x4b, 0x74, 0xd0, 0x0, 0xd0, 0x3c, 0x8d,
    0xa8, 0xe0, 0x0, 0xd0, 0x3a, 0x7c, 0x97, 0xb0,
    0x0, 0xd0, 0x4a, 0xad, 0xba, 0xa1, 0x0, 0xd0,
    0x0, 0x9, 0x30, 0x0, 0x0, 0xd0, 0xaa, 0xae,
    0xca, 0xa6,

    /* U+61D2 "懒" */
    0x0, 0x0, 0x0, 0x0, 0x0, 0x0, 0x1, 0xb0,
    0x9, 0x20, 0x66, 0x10, 0x1, 0xb1, 0xbe, 0xc7,
    0xa8, 0xe0, 0x8, 0xc9, 0x9, 0x23, 0x82, 0x90,
    0x1a, 0xb9, 0xce, 0xc6, 0xdb, 0xc5, 0x48, 0xb0,
    0x98, 0x28, 0x95, 0x55, 0x34, 0xb0, 0x98, 0x28,
    0x9a, 0x55, 0x1, 0xb0, 0xbf, 0xc5, 0x9a, 0x55,
    0x1, 0xb0, 0x5f, 0xc0, 0x9a, 0x55, 0x1, 0xb1,
    0xca, 0x55, 0x5a, 0x22, 0x1, 0xb7, 0x49, 0x20,
    0x87, 0xb0, 0x1, 0xb0, 0x9, 0x26, 0x70, 0x46,
    0x0, 0x0, 0x0, 0x0, 0x0, 0x0,

    /* U+620F "戏" */
    0x0, 0x0, 0x0, 0x4a, 0x1b, 0x10, 0x3c, 0xcc,
    0xc2, 0x3b, 0x4, 0xa0, 0x1, 0x0, 0xd0, 0x2c,
    0x13, 0x52, 0xd, 0x12, 0xd8, 0xdf, 0xca, 0x83,
    0x4, 0xc7, 0x80, 0xe, 0x0, 0x80, 0x0, 0x9f,
    0x30, 0xc, 0x27, 0x70, 0x0, 0x4f, 0x20, 0x9,
    0x7d, 0x0, 0x0, 0xd8, 0xc0, 0x6, 0xf4, 0x0,
    0xa, 0x90, 0xb3, 0xb, 0xf0, 0x37, 0x4a, 0x0,
    0x3, 0xc7, 0x9a, 0x86, 0x0, 0x0, 0x3, 0x30,
    0x9, 0xd1,

    /* U+6210 "成" */
    0x0, 0x0, 0x0, 0xd2, 0xb4, 0x0, 0x0, 0x0,
    0x0, 0xd1, 0x1b, 0x30, 0xa, 0xee, 0xee, 0xfe,
    0xee, 0xe2, 0xa, 0x30, 0x0, 0xb3, 0x2, 0x10,
    0xa, 0xdc, 0xc3, 0x95, 0xe, 0x20, 0xb, 0x40,
    0x94, 0x68, 0x7b, 0x0, 0xc, 0x20, 0xa3, 0x2d,
    0xe2, 0x0, 0xd, 0x10, 0xb2, 0xf, 0x70, 0x20,
    0xe, 0x4c, 0xd0, 0x8e, 0x70, 0x93, 0x4b, 0x0,
    0x8, 0xa1, 0xd1, 0xb1, 0x94, 0x0, 0x3a, 0x0,
    0x5e, 0xa0, 0x0, 0x0, 0x0, 0x0, 0x0, 0x0,

    /* U+6211 "我" */
    0x0, 0x25, 0x9c, 0x1e, 0x19, 0x0, 0xa, 0x9c,
    0x70, 0xf, 0x6, 0xb0, 0x0, 0x8, 0x50, 0xe,
    0x0, 0x50, 0x1b, 0xbe, 0xdb, 0xbf, 0xcb, 0xb6,
    0x1, 0x19, 0x61, 0x1b, 0x41, 0x41, 0x0, 0x8,
    0x51, 0x28, 0x55, 0xa0, 0x4, 0x7d, 0xec, 0x55,
    0xad, 0x10, 0x2b, 0x7b, 0x50, 0x3, 0xf4, 0x0,
    0x0, 0x8, 0x50, 0x3d, 0xe2, 0xa, 0x0, 0x8,
    0x57, 0xd3, 0x6a, 0x2a, 0x5, 0xed, 0x24, 0x0,
    0xa, 0xf4, 0x0, 0x0, 0x0, 0x0, 0x0, 0x0,

    /* U+6216 "或" */
    0x0, 0x0, 0x0, 0x59, 0x6a, 0x10, 0x0, 0x0,
    0x0, 0x59, 0x5, 0x90, 0x2e, 0xee, 0xee, 0xef,
    0xee, 0xe3, 0x0, 0x0, 0x0, 0x3b, 0x0, 0x0,
    0x7, 0xdc, 0xda, 0x1d, 0x7, 0x90, 0x7, 0x50,
    0x3a, 0xe, 0xe, 0x20, 0x7, 0x61, 0x5a, 0xc,
    0x8b, 0x0, 0x5, 0xaa, 0xa6, 0x8, 0xf1, 0x0,
    0x0, 0x3, 0x69, 0x2c, 0xd0, 0x45, 0x2d, 0xda,
    0x67, 0xc5, 0xb6, 0x76, 0x0, 0x0, 0x1c, 0x20,
    0x2d, 0xe1,

    /* U+6218 "战" */
    0x0, 0xd0, 0x0, 0x49, 0x41, 0x0, 0xd, 0x0,
    0x3, 0xa2, 0xb0, 0x0, 0xfc, 0xc4, 0x2a, 0x3,
    0x0, 0xd, 0x0, 0x48, 0xec, 0xc6, 0x0, 0xd0,
    0x4, 0x4d, 0x5, 0x2c, 0xcf, 0xcc, 0x0, 0xd0,
    0xc0, 0xc0, 0x0, 0xd0, 0xb, 0x88, 0xc, 0x0,
    0xd, 0x0, 0x8e, 0x0, 0xc0, 0x0, 0xd0, 0x1d,
    0xa0, 0x8f, 0xdd, 0xde, 0x4e, 0x6c, 0x49, 0xc0,
    0x0, 0xc7, 0x60, 0x4e, 0x30, 0x0, 0x0, 0x0,
    0x0, 0x0,

    /* U+622A "截" */
    0x0, 0x7, 0x50, 0xd, 0x29, 0x10, 0x8, 0xce,
    0xdc, 0x5c, 0x24, 0xd1, 0x0, 0x7, 0x50, 0xc,
    0x20, 0x30, 0x1c, 0xcc, 0xcc, 0xce, 0xdc, 0xc7,
    0x0, 0xc1, 0xb0, 0x9, 0x50, 0x60, 0x7, 0xda,
    0xea, 0x77, 0x75, 0xa0, 0x1c, 0xd9, 0xe9, 0x45,
    0xad, 0x30, 0x2, 0xa2, 0xc2, 0x11, 0xfa, 0x0,
    0x2, 0xc6, 0xd6, 0x32, 0xf4, 0x9, 0x2, 0xeb,
    0xeb, 0x8c, 0x9a, 0x29, 0x2, 0x90, 0x0, 0xc5,
    0xa, 0xe4, 0x0, 0x0, 0x0, 0x0, 0x0, 0x0,

    /* U+6234 "戴" */
    0x0, 0x9, 0x40, 0xd, 0x54, 0x0, 0xa, 0xbe,
    0xcb, 0x6d, 0x1b, 0x30, 0x6a, 0xad, 0xba, 0xae,
    0xaa, 0xa0, 0x7, 0x88, 0x88, 0x4b, 0x30, 0x0,
    0xc, 0x4a, 0x67, 0x89, 0x47, 0x70, 0xc, 0x4a,
    0x67, 0x87, 0x6b, 0x30, 0x7, 0xd9, 0xca, 0x45,
    0x9e, 0x0, 0x19, 0xd9, 0xca, 0x61, 0xf8, 0x0,
    0x5a, 0xda, 0xdb, 0xa1, 0xf3, 0x10, 0x1, 0xa0,
    0x82, 0x2d, 0xc8, 0x74, 0x1b, 0x10, 0x29, 0x85,
    0xb, 0xc0, 0x0, 0x0, 0x0, 0x0, 0x0, 0x0,

    /* U+6237 "户" */
    0x0, 0x0, 0x8, 0x40, 0x0, 0x0, 0x0, 0x5,
    0x90, 0x0, 0x0, 0xfd, 0xdd, 0xdd, 0xdf, 0x0,
    0xe0, 0x0, 0x0, 0xe, 0x0, 0xf0, 0x0, 0x0,
    0xe, 0x0, 0xfd, 0xdd, 0xdd, 0xdf, 0x2, 0xc0,
    0x0, 0x0, 0xc, 0x3, 0xa0, 0x0, 0x0, 0x0,
    0x7, 0x70, 0x0, 0x0, 0x0, 0xd, 0x20, 0x0,
    0x0, 0x0, 0x6a, 0x0, 0x0, 0x0, 0x0, 0x0,
    0x0, 0x0, 0x0, 0x0,

    /* U+623F "房" */
    0x0, 0x0, 0x0, 0x0, 0x0, 0x0, 0x0, 0x0,
    0x3, 0xb0, 0x0, 0x0, 0x2, 0xdc, 0xcc, 0xec,
    0xcc, 0xc0, 0x2, 0xc0, 0x0, 0x0, 0x0, 0xe0,
    0x2, 0xfc, 0xcc, 0xcc, 0xcc, 0xd0, 0x2, 0xb0,
    0x0, 0x76, 0x0, 0x0, 0x3, 0xa6, 0x77, 0x8d,
    0x77, 0x72, 0x4, 0x93, 0x3b, 0x73, 0x33, 0x31,
    0x6, 0x80, 0xc, 0xcb, 0xbb, 0x50, 0x9, 0x50,
    0x2b, 0x0, 0x7, 0x60, 0xd, 0x11, 0xc3, 0x0,
    0xa, 0x40, 0x3a, 0x2d, 0x40, 0x8, 0xbc, 0x0,
    0x0, 0x0, 0x0, 0x0, 0x0, 0x0,

    /* U+6240 "所" */
    0x0, 0x15, 0xa4, 0x1, 0x49, 0xa0, 0xd, 0xb8,
    0x40, 0xcb, 0x85, 0x0, 0xe, 0x0, 0x0, 0xd1,
    0x0, 0x0, 0xe, 0xcc, 0xf0, 0xd1, 0x0, 0x0,
    0xe, 0x0, 0xd0, 0xde, 0xdf, 0xd3, 0xe, 0x11,
    0xd0, 0xe0, 0xe, 0x0, 0xf, 0xbb, 0xb0, 0xe0,
    0xe, 0x0, 0xe, 0x0, 0x0, 0xd0, 0xe, 0x0,
    0x2c, 0x0, 0x4, 0xa0, 0xe, 0x0, 0x78, 0x0,
    0xb, 0x40, 0xe, 0x0, 0x83, 0x0, 0x3a, 0x0,
    0xe, 0x0, 0x0, 0x0, 0x0, 0x0, 0x0, 0x0,

    /* U+6247 "扇" */
    0x0, 0x0, 0x0, 0x0, 0x0, 0x0, 0x0, 0x0,
    0x2, 0xa0, 0x0, 0x0, 0x1, 0xed, 0xdd, 0xed,
    0xdd, 0xd0, 0x1, 0xc0, 0x0, 0x0, 0x0, 0xd0,
    0x1, 0xe9, 0x99, 0x99, 0x9a, 0xd0, 0x2, 0xc2,
    0x22, 0x22, 0x22, 0x20, 0x2, 0xa8, 0xbb, 0xeb,
    0xbb, 0xe3, 0x3, 0x92, 0x70, 0xc3, 0x80, 0x93,
    0x5, 0x80, 0x93, 0xc0, 0x85, 0xa3, 0x8, 0x51,
    0x6b, 0xc2, 0x7b, 0xe3, 0xd, 0x2b, 0x50, 0xda,
    0x50, 0x93, 0x2a, 0x0, 0x2b, 0xa0, 0x1b, 0xc1,
    0x0, 0x0, 0x0, 0x0, 0x0, 0x0,

    /* U+624B "手" */
    0x0, 0x1, 0x23, 0x57, 0xad, 0x20, 0x3, 0xcb,
    0xab, 0xd5, 0x30, 0x0, 0x0, 0x0, 0x3, 0xb0,
    0x0, 0x0, 0x5, 0xdd, 0xde, 0xfd, 0xdd, 0xd0,
    0x0, 0x0, 0x3, 0xb0, 0x0, 0x0, 0x0, 0x0,
    0x3, 0xb0, 0x0, 0x0, 0x2e, 0xee, 0xee, 0xfe,
    0xee, 0xe9, 0x0, 0x0, 0x3, 0xb0, 0x0, 0x0,
    0x0, 0x0, 0x3, 0xb0, 0x0, 0x0, 0x0, 0x0,
    0x4, 0xb0, 0x0, 0x0, 0x0, 0x9, 0xdd, 0x60,
    0x0, 0x0,

    /* U+624D "才" */
    0x0, 0x0, 0x0, 0xe, 0x0, 0x0, 0x0, 0x0,
    0x0, 0xe, 0x0, 0x0, 0x2d, 0xdd, 0xdd, 0xdf,
    0xdd, 0xd3, 0x0, 0x0, 0x3, 0xef, 0x10, 0x0,
    0x0, 0x0, 0xc, 0x5e, 0x0, 0x0, 0x0, 0x0,
    0xa9, 0xe, 0x0, 0x0, 0x0, 0x8, 0xc0, 0xe,
    0x0, 0x0, 0x0, 0xac, 0x0, 0xe, 0x0, 0x0,
    0x3d, 0xa0, 0x0, 0xe, 0x0, 0x0, 0x16, 0x0,
    0x0, 0xf, 0x0, 0x0, 0x0, 0x0, 0xe, 0xea,
    0x0, 0x0,

    /* U+624E "扎" */
    0x0, 0x1, 0x0, 0x0, 0x0, 0x0, 0x0, 0x2b,
    0x0, 0x3b, 0x0, 0x0, 0x0, 0x2b, 0x0, 0x3b,
    0x0, 0x0, 0x1d, 0xdf, 0xd5, 0x3b, 0x0, 0x0,
    0x0, 0x2b, 0x0, 0x3b, 0x0, 0x0, 0x0, 0x2b,
    0x0, 0x3b, 0x0, 0x0, 0x0, 0x3d, 0xa6, 0x3b,
    0x0, 0x0, 0xd, 0xed, 0x30, 0x3b, 0x0, 0x0,
    0x2, 0x2b, 0x0, 0x3b, 0x0, 0x0, 0x0, 0x2b,
    0x0, 0x3b, 0x0, 0x38, 0x0, 0x2b, 0x0, 0x2b,
    0x0, 0x57, 0x6, 0xd7, 0x0, 0xd, 0xdc, 0xd2,

    /* U+6253 "打" */
    0x0, 0x94, 0x1, 0x11, 0x11, 0x10, 0x0, 0x94,
    0xa, 0xaa, 0xeb, 0xa3, 0x5d, 0xfe, 0xc0, 0x0,
    0xc2, 0x0, 0x0, 0x94, 0x0, 0x0, 0xc2, 0x0,
    0x0, 0x94, 0x0, 0x0, 0xc2, 0x0, 0x1, 0xbc,
    0xe0, 0x0, 0xc2, 0x0, 0x5e, 0xe7, 0x0, 0x0,
    0xc2, 0x0, 0x0, 0x94, 0x0, 0x0, 0xc2, 0x0,
    0x0, 0x94, 0x0, 0x0, 0xc2, 0x0, 0x0, 0x94,
    0x0, 0x0, 0xc2, 0x0, 0xc, 0xd1, 0x0, 0xbe,
    0xd0, 0x0, 0x0, 0x0, 0x0, 0x0, 0x0, 0x0,

    /* U+6258 "托" */
    0x0, 0x94, 0x0, 0x1, 0x59, 0x60, 0x0, 0x94,
    0x8, 0xbc, 0xc2, 0x0, 0x3d, 0xfe, 0xa0, 0x3,
    0xa0, 0x0, 0x0, 0x94, 0x0, 0x3, 0xa0, 0x0,
    0x0, 0x94, 0x0, 0x4, 0xc6, 0x97, 0x0, 0xab,
    0xab, 0xed, 0xd7, 0x41, 0x3e, 0xe8, 0x11, 0x3,
    0xa0, 0x0, 0x0, 0x94, 0x0, 0x3, 0xa0, 0x0,
    0x0, 0x94, 0x0, 0x3, 0xa0, 0x17, 0x0, 0x94,
    0x0, 0x3, 0xb0, 0x3a, 0xb, 0xd1, 0x0, 0x1,
    0xdd, 0xe5,

    /* U+625B "扛" */
    0x0, 0x85, 0x0, 0x0, 0x0, 0x0, 0x0, 0x85,
    0x8, 0xcd, 0xfc, 0xc6, 0x3d, 0xee, 0xb0, 0x1,
    0xe0, 0x0, 0x0, 0x85, 0x0, 0x1, 0xe0, 0x0,
    0x0, 0x85, 0x0, 0x1, 0xe0, 0x0, 0x2, 0xbd,
    0xd0, 0x1, 0xe0, 0x0, 0x3d, 0xd7, 0x0, 0x1,
    0xe0, 0x0, 0x0, 0x85, 0x0, 0x1, 0xe0, 0x0,
    0x0, 0x85, 0x0, 0x1, 0xe0, 0x0, 0x0, 0x85,
    0x4e, 0xee, 0xfe, 0xec, 0xc, 0xd2, 0x0, 0x0,
    0x0, 0x0, 0x0, 0x0, 0x0, 0x0, 0x0, 0x0,

    /* U+6263 "扣" */
    0x0, 0x86, 0x0, 0x0, 0x0, 0x0, 0x8, 0x60,
    0x8d, 0xcc, 0xcf, 0x3d, 0xee, 0xb8, 0x50, 0x0,
    0xe0, 0x8, 0x60, 0x85, 0x0, 0xe, 0x0, 0x86,
    0x8, 0x50, 0x0, 0xe0, 0x8, 0x97, 0x85, 0x0,
    0xe, 0x2a, 0xec, 0x58, 0x50, 0x0, 0xe1, 0x48,
    0x60, 0x85, 0x0, 0xe, 0x0, 0x86, 0x8, 0x72,
    0x22, 0xf0, 0x8, 0x60, 0x8d, 0xbb, 0xbf, 0xa,
    0xd3, 0x8, 0x50, 0x0, 0xd0,

    /* U+6267 "执" */
    0x0, 0x0, 0x0, 0x0, 0x0, 0x0, 0x0, 0xd0,
    0x0, 0xd0, 0x0, 0x0, 0x0, 0xd0, 0x0, 0xc0,
    0x0, 0x0, 0x6c, 0xfc, 0x8b, 0xfc, 0xb9, 0x0,
    0x1, 0xd0, 0x11, 0xd1, 0x3c, 0x0, 0x0, 0xd0,
    0x0, 0xd0, 0x2c, 0x0, 0x2, 0xfc, 0x7c, 0xd0,
    0x2b, 0x0, 0x9c, 0xe2, 0x5, 0xf9, 0x3b, 0x0,
    0x0, 0xd0, 0xa, 0x58, 0x9c, 0x0, 0x0, 0xd0,
    0x1d, 0x0, 0xd, 0x13, 0x0, 0xd1, 0xd5, 0x0,
    0xc, 0x39, 0x3d, 0x98, 0x50, 0x0, 0x6, 0xe4,
    0x0, 0x0, 0x0, 0x0, 0x0, 0x0,

    /* U+6269 "扩" */
    0x1, 0xc0, 0x0, 0x7, 0x40, 0x0, 0x1, 0xc0,
    0x6, 0x68, 0xd6, 0x62, 0x7d, 0xfd, 0x2e, 0x66,
    0x66, 0x62, 0x1, 0xc0, 0x1c, 0x0, 0x0, 0x0,
    0x1, 0xc0, 0x1c, 0x0, 0x0, 0x0, 0x3, 0xec,
    0x3b, 0x0, 0x0, 0x0, 0x8d, 0xd2, 0x4a, 0x0,
    0x0, 0x0, 0x1, 0xc0, 0x58, 0x0, 0x0, 0x0,
    0x1, 0xc0, 0x95, 0x0, 0x0, 0x0, 0x1, 0xc0,
    0xd0, 0x0, 0x0, 0x0, 0x4d, 0x85, 0x70, 0x0,
    0x0, 0x0, 0x0, 0x0, 0x0, 0x0, 0x0, 0x0,

    /* U+626B "扫" */
    0x0, 0x85, 0x0, 0x0, 0x0, 0x0, 0x8, 0x50,
    0xac, 0xcc, 0xce, 0x4d, 0xee, 0xc0, 0x0, 0x0,
    0xd0, 0x8, 0x50, 0x0, 0x0, 0xd, 0x0, 0x85,
    0x0, 0x0, 0x0, 0xd0, 0x8, 0x98, 0x8e, 0xee,
    0xee, 0x4d, 0xea, 0x40, 0x0, 0x0, 0xd0, 0x8,
    0x50, 0x0, 0x0, 0xd, 0x0, 0x85, 0x0, 0x0,
    0x0, 0xd0, 0x8, 0x50, 0xdd, 0xdd, 0xde, 0xb,
    0xd2, 0x0, 0x0, 0x0, 0xd0, 0x0, 0x0, 0x0,
    0x0, 0x0,

    /* U+626E "扮" */
    0x0, 0x85, 0x0, 0x45, 0x19, 0x0, 0x0, 0x85,
    0x0, 0xa4, 0xd, 0x0, 0x1d, 0xee, 0xa0, 0xe0,
    0x9, 0x60, 0x0, 0x85, 0xa, 0x70, 0x2, 0xe1,
    0x0, 0x85, 0x6e, 0x11, 0x11, 0x9a, 0x0, 0x87,
    0x57, 0xcf, 0xbc, 0xc2, 0x1a, 0xec, 0x60, 0x4a,
    0x3, 0xa0, 0x4, 0x85, 0x0, 0x86, 0x4, 0xa0,
    0x0, 0x85, 0x0, 0xd1, 0x5, 0x80, 0x0, 0x85,
    0xa, 0x70, 0x8, 0x60, 0xa, 0xd3, 0x89, 0x3,
    0xcc, 0x10, 0x0, 0x0, 0x0, 0x0, 0x0, 0x0,

    /* U+626F "扯" */
    0x0, 0x0, 0x0, 0x0, 0x0, 0x0, 0x0, 0x93,
    0x0, 0x0, 0xe0, 0x0, 0x0, 0x93, 0x0, 0x0,
    0xe0, 0x0, 0x17, 0xc9, 0x51, 0x10, 0xe0, 0x0,
    0x14, 0xb7, 0x38, 0x50, 0xe0, 0x0, 0x0, 0x93,
    0x8, 0x50, 0xed, 0xd7, 0x0, 0xaa, 0xa8, 0x50,
    0xe0, 0x0, 0x3e, 0xf8, 0x18, 0x50, 0xe0, 0x0,
    0x1, 0x93, 0x8, 0x50, 0xe0, 0x0, 0x0, 0x93,
    0x8, 0x50, 0xe0, 0x0, 0x0, 0xa3, 0x19, 0x61,
    0xe1, 0x11, 0xc, 0xd1, 0xbb, 0xbb, 0xbb, 0xb8,
    0x0, 0x0, 0x0, 0x0, 0x0, 0x0,

    /* U+6270 "扰" */
    0x0, 0x0, 0x0, 0x0, 0x0, 0x0, 0x0, 0xc0,
    0x0, 0xb2, 0x62, 0x0, 0x0, 0xc0, 0x0, 0xc1,
    0x2d, 0x10, 0x58, 0xe7, 0x10, 0xc1, 0x4, 0x30,
    0x47, 0xe6, 0x8d, 0xfd, 0xdd, 0xd1, 0x0, 0xc0,
    0x0, 0xe0, 0x0, 0x0, 0x0, 0xd4, 0x32, 0xda,
    0x30, 0x0, 0x6c, 0xf8, 0x25, 0x9a, 0x30, 0x0,
    0x43, 0xc0, 0x9, 0x5a, 0x30, 0x0, 0x0, 0xc0,
    0x1d, 0xa, 0x30, 0x41, 0x1, 0xc0, 0xa7, 0xa,
    0x30, 0x93, 0x5d, 0x93, 0xa0, 0x6, 0xdd, 0xd0,

    /* U+6279 "批" */
    0x0, 0xd0, 0x3b, 0x0, 0xe0, 0x0, 0x0, 0xd0,
    0x3b, 0x0, 0xe0, 0x0, 0x69, 0xf9, 0x5b, 0x0,
    0xe0, 0x0, 0x35, 0xe5, 0x4b, 0x0, 0xe3, 0xb0,
    0x0, 0xd0, 0x3f, 0xd7, 0xfc, 0x10, 0x0, 0xe6,
    0x6b, 0x0, 0xf0, 0x0, 0x7d, 0xf7, 0x4b, 0x0,
    0xe0, 0x0, 0x31, 0xd0, 0x3b, 0x0, 0xe0, 0x0,
    0x0, 0xd0, 0x3b, 0x0, 0xe0, 0x41, 0x0, 0xd0,
    0x4d, 0xb7, 0xe0, 0xa3, 0x4d, 0xa0, 0x69, 0x20,
    0xbd, 0xd0,

    /* U+627E "找" */
    0x0, 0x85, 0x0, 0x3a, 0x37, 0x0, 0x0, 0x8,
    0x50, 0x2, 0xc0, 0x97, 0x0, 0x3d, 0xee, 0xb0,
    0x1d, 0x35, 0x85, 0x0, 0x8, 0x50, 0xde, 0xfa,
    0x87, 0x30, 0x0, 0x85, 0x0, 0xd, 0x10, 0x70,
    0x0, 0x9, 0xcc, 0x0, 0xa4, 0x6a, 0x0, 0x3e,
    0xd8, 0x0, 0x7, 0x9e, 0x20, 0x0, 0x8, 0x50,
    0x0, 0x3f, 0x50, 0x0, 0x0, 0x85, 0x0, 0x2d,
    0xf3, 0xa, 0x0, 0x8, 0x50, 0x7e, 0x55, 0xd4,
    0xc0, 0xb, 0xd3, 0x7, 0x10, 0x6, 0xd6, 0x0,
    0x0, 0x0, 0x0, 0x0, 0x0, 0x0,

    /* U+627F "承" */
    0x0, 0x0, 0x0, 0x0, 0x0, 0x0, 0x0, 0x6d,
    0xdd, 0xdd, 0xfb, 0x0, 0x0, 0x0, 0x0, 0x9,
    0xd1, 0x0, 0x0, 0x0, 0x1, 0xd9, 0x50, 0x0,
    0x2f, 0xff, 0x22, 0xc0, 0x93, 0x95, 0x0, 0xe,
    0x7c, 0xfc, 0x8b, 0xb0, 0x0, 0x4c, 0x36, 0xd4,
    0x4d, 0x0, 0x0, 0x96, 0x47, 0xd6, 0x2d, 0x20,
    0x2, 0xe4, 0xab, 0xea, 0x87, 0x90, 0xc, 0x60,
    0x24, 0xc2, 0x20, 0xe7, 0x4a, 0x0, 0x2, 0xc0,
    0x0, 0x36, 0x0, 0x0, 0xdd, 0x70, 0x0, 0x0,
    0x0, 0x0, 0x0, 0x0, 0x0, 0x0,

    /* U+6280 "技" */
    0x1, 0xc0, 0x0, 0xd, 0x0, 0x0, 0x1, 0xc0,
    0x35, 0x5e, 0x55, 0x40, 0x8d, 0xfd, 0x67, 0x7e,
    0x77, 0x60, 0x1, 0xc0, 0x0, 0xd, 0x0, 0x0,
    0x1, 0xc0, 0x5c, 0xcf, 0xcc, 0x60, 0x4, 0xed,
    0x3d, 0x10, 0xb, 0x30, 0x9c, 0xd1, 0x7, 0x70,
    0x4c, 0x0, 0x1, 0xc0, 0x0, 0xc5, 0xd2, 0x0,
    0x1, 0xc0, 0x0, 0x5f, 0x70, 0x0, 0x1, 0xc0,
    0x29, 0xd6, 0xd8, 0x10, 0x5d, 0x92, 0xd7, 0x0,
    0x8, 0xd1, 0x0, 0x0, 0x0, 0x0, 0x0, 0x0,

    /* U+628A "把" */
    0x0, 0xe0, 0xf, 0xef, 0xee, 0xf0, 0x0, 0xe0,
    0xe, 0xb, 0x10, 0xe0, 0x5d, 0xfd, 0x2e, 0xb,
    0x10, 0xe0, 0x0, 0xe0, 0xe, 0xb, 0x10, 0xe0,
    0x0, 0xe0, 0xe, 0xb, 0x10, 0xe0, 0x2, 0xfa,
    0x5f, 0xdf, 0xdd, 0xf0, 0x47, 0xe1, 0xe, 0x0,
    0x0, 0x50, 0x0, 0xe0, 0xe, 0x0, 0x0, 0x0,
    0x0, 0xe0, 0xe, 0x0, 0x0, 0x48, 0x0, 0xe0,
    0xe, 0x0, 0x0, 0x77, 0xc, 0xb0, 0x9, 0xed,
    0xdd, 0xd2,

    /* U+6295 "投" */
    0x0, 0x94, 0x0, 0xfd, 0xdd, 0x0, 0x0, 0x94,
    0x1, 0xc0, 0xd, 0x0, 0x3d, 0xee, 0xa4, 0x90,
    0xd, 0x0, 0x0, 0x94, 0x1c, 0x40, 0xd, 0x96,
    0x0, 0x94, 0x56, 0x0, 0x1, 0x32, 0x0, 0xab,
    0x9d, 0xdd, 0xdd, 0xb0, 0x3e, 0xe7, 0xa, 0x40,
    0x7, 0x70, 0x0, 0x94, 0x2, 0xd1, 0x3d, 0x10,
    0x0, 0x94, 0x0, 0x4d, 0xe2, 0x0, 0x0, 0x94,
    0x3, 0xbc, 0xd9, 0x20, 0xb, 0xd3, 0xdb, 0x50,
    0x7, 0xd9, 0x0, 0x0, 0x0, 0x0, 0x0, 0x0,

    /* U+6297 "抗" */
    0x0, 0x0, 0x0, 0x0, 0x0, 0x0, 0x0, 0x94,
    0x0, 0xd, 0x10, 0x0, 0x0, 0x94, 0x0, 0x6,
    0x60, 0x0, 0x2a, 0xdc, 0x8d, 0xdd, 0xdd, 0xd9,
    0x2, 0xa7, 0x20, 0x0, 0x0, 0x0, 0x0, 0x94,
    0x0, 0xed, 0xdd, 0x0, 0x0, 0xaa, 0x90, 0xe0,
    0xd, 0x0, 0x3e, 0xe9, 0x10, 0xd0, 0xd, 0x0,
    0x0, 0x94, 0x1, 0xc0, 0xd, 0x0, 0x0, 0x94,
    0x6, 0x80, 0xd, 0x7, 0x0, 0x94, 0x1d, 0x20,
    0xd, 0xb, 0xb, 0xd2, 0xb5, 0x0, 0xa, 0xd7,
    0x0, 0x0, 0x0, 0x0, 0x0, 0x0,

    /* U+6298 "折" */
    0x0, 0x94, 0x0, 0x13, 0x6a, 0xb0, 0x0, 0x94,
    0x6, 0xd9, 0x63, 0x0, 0x29, 0xdb, 0x86, 0x80,
    0x0, 0x0, 0x14, 0xb7, 0x46, 0x80, 0x0, 0x0,
    0x0, 0x94, 0x6, 0xed, 0xdf, 0xd6, 0x0, 0x9a,
    0xb7, 0x70, 0xc, 0x0, 0x3d, 0xe9, 0x28, 0x60,
    0xc, 0x0, 0x1, 0x94, 0xa, 0x40, 0xc, 0x0,
    0x0, 0x94, 0xd, 0x10, 0xc, 0x0, 0x0, 0x94,
    0x4c, 0x0, 0xc, 0x0, 0xb, 0xd2, 0x84, 0x0,
    0xc, 0x0, 0x0, 0x0, 0x0, 0x0, 0x0, 0x0,

    /* U+62A2 "抢" */
    0x0, 0x0, 0x0, 0x0, 0x0, 0x0, 0x0, 0x95,
    0x0, 0x8, 0x90, 0x0, 0x0, 0x95, 0x0, 0x2d,
    0xc3, 0x0, 0x29, 0xdb, 0x61, 0xc3, 0x2d, 0x10,
    0x3, 0xa7, 0x4d, 0x50, 0x4, 0xe4, 0x0, 0x95,
    0x49, 0xdd, 0xdd, 0x67, 0x0, 0xab, 0x92, 0xb0,
    0xb, 0x20, 0x3e, 0xe9, 0x12, 0xb0, 0xc, 0x10,
    0x0, 0x95, 0x2, 0xb6, 0xcb, 0x0, 0x0, 0x95,
    0x2, 0xb0, 0x0, 0x52, 0x0, 0x95, 0x2, 0xc0,
    0x0, 0x93, 0xb, 0xd2, 0x0, 0xcd, 0xdd, 0xc0,
    0x0, 0x0, 0x0, 0x0, 0x0, 0x0,

    /* U+62A4 "护" */
    0x0, 0x85, 0x0, 0x8, 0x50, 0x0, 0x0, 0x85,
    0x1, 0x23, 0xc2, 0x20, 0x1d, 0xee, 0xa6, 0xc9,
    0x99, 0xe1, 0x0, 0x85, 0x6, 0x60, 0x0, 0xc1,
    0x0, 0x85, 0x6, 0x60, 0x0, 0xc1, 0x0, 0x9b,
    0x97, 0xed, 0xdd, 0xf1, 0x2e, 0xe9, 0x18, 0x50,
    0x0, 0x91, 0x0, 0x85, 0xa, 0x30, 0x0, 0x0,
    0x0, 0x85, 0xd, 0x0, 0x0, 0x0, 0x0, 0x85,
    0x4b, 0x0, 0x0, 0x0, 0xa, 0xe3, 0xa3, 0x0,
    0x0, 0x0, 0x0, 0x0, 0x0, 0x0, 0x0, 0x0,

    /* U+62A5 "报" */
    0x0, 0x86, 0xb, 0xdd, 0xdd, 0xf0, 0x0, 0x86,
    0xb, 0x20, 0x0, 0xe0, 0x3d, 0xfe, 0xab, 0x22,
    0x46, 0xb0, 0x0, 0x86, 0xb, 0x22, 0x76, 0x10,
    0x0, 0x86, 0xb, 0xdc, 0xcc, 0xc2, 0x2, 0xad,
    0xbb, 0x7a, 0x1, 0xe0, 0x4e, 0xd8, 0xb, 0x3d,
    0x36, 0xb0, 0x0, 0x86, 0xb, 0x24, 0xcd, 0x30,
    0x0, 0x86, 0xb, 0x20, 0xcc, 0x0, 0x0, 0x86,
    0xb, 0x39, 0xbb, 0xb1, 0x1d, 0xe3, 0xb, 0xa8,
    0x0, 0x77, 0x0, 0x0, 0x0, 0x0, 0x0, 0x0,

    /* U+62AB "披" */
    0x0, 0x0, 0x0, 0x0, 0x0, 0x0, 0x0, 0xd0,
    0x0, 0xd, 0x0, 0x0, 0x0, 0xd0, 0x26, 0x6e,
    0x76, 0x60, 0x6d, 0xfd, 0x79, 0x5e, 0x56, 0xe0,
    0x0, 0xd0, 0x66, 0xd, 0x4, 0xa0, 0x0, 0xd0,
    0x67, 0x2d, 0x23, 0x20, 0x0, 0xd7, 0x7e, 0xca,
    0xad, 0x60, 0x5d, 0xf6, 0x86, 0xc0, 0xd, 0x0,
    0x21, 0xd0, 0xa2, 0xa6, 0x87, 0x0, 0x0, 0xd0,
    0xd0, 0x1e, 0xc0, 0x0, 0x0, 0xd4, 0xb1, 0xab,
    0xd8, 0x10, 0x2d, 0xa7, 0x5d, 0x50, 0x7, 0xd1,
    0x0, 0x0, 0x0, 0x0, 0x0, 0x0,

    /* U+62AC "抬" */
    0x0, 0x0, 0x0, 0x0, 0x0, 0x0, 0x2, 0xa0,
    0x0, 0x67, 0x0, 0x0, 0x2, 0xa0, 0x0, 0xd1,
    0x31, 0x0, 0x8d, 0xfd, 0x17, 0x80, 0x4a, 0x0,
    0x2, 0xa0, 0x2d, 0x11, 0x2c, 0x50, 0x2, 0xa0,
    0xbe, 0xdb, 0xa9, 0xd0, 0x3, 0xda, 0x10, 0x0,
    0x0, 0x30, 0x9e, 0xd3, 0xe, 0xcc, 0xce, 0x20,
    0x12, 0xa0, 0xd, 0x0, 0xb, 0x20, 0x2, 0xa0,
    0xd, 0x0, 0xb, 0x20, 0x2, 0xa0, 0xe, 0x22,
    0x2c, 0x20, 0x5d, 0x70, 0xf, 0xaa, 0xae, 0x20,

    /* U+62B1 "抱" */
    0x0, 0x0, 0x0, 0x0, 0x0, 0x0, 0x0, 0xd0,
    0x6, 0x90, 0x0, 0x0, 0x0, 0xd0, 0xc, 0xb9,
    0x99, 0x90, 0x7c, 0xfc, 0x7a, 0x22, 0x22, 0xe0,
    0x0, 0xd1, 0xed, 0xcc, 0xa0, 0xd0, 0x0, 0xd0,
    0x2c, 0x0, 0xd0, 0xd0, 0x2, 0xec, 0x3c, 0x0,
    0xd0, 0xd0, 0xac, 0xe2, 0x1f, 0xdd, 0xb2, 0xb0,
    0x0, 0xd0, 0x1c, 0x0, 0x7d, 0x60, 0x0, 0xd0,
    0x1c, 0x0, 0x0, 0x33, 0x0, 0xd0, 0x1c, 0x0,
    0x0, 0x85, 0x3c, 0xb0, 0xb, 0xdc, 0xcd, 0xd1,
    0x0, 0x0, 0x0, 0x0, 0x0, 0x0,

    /* U+62B5 "抵" */
    0x1, 0xc0, 0x0, 0x14, 0x7b, 0x50, 0x1, 0xc0,
    0x2d, 0xaa, 0xa0, 0x0, 0x8d, 0xfd, 0x4b, 0x3,
    0x90, 0x0, 0x1, 0xc0, 0x2b, 0x2, 0xa0, 0x0,
    0x1, 0xc0, 0x2f, 0xcc, 0xfc, 0xc4, 0x5, 0xed,
    0x3b, 0x1, 0xd0, 0x0, 0xac, 0xd1, 0x2b, 0x0,
    0xc0, 0x0, 0x1, 0xc0, 0x2b, 0x0, 0xa3, 0x0,
    0x1, 0xc0, 0x2b, 0x7, 0x57, 0x15, 0x1, 0xc0,
    0x3c, 0x59, 0x4d, 0x56, 0x4d, 0x80, 0x8b, 0x62,
    0x76, 0xe1, 0x0, 0x0, 0x0, 0x0, 0x0, 0x0,

    /* U+62B9 "抹" */
    0x0, 0x0, 0x0, 0x0, 0x0, 0x0, 0x0, 0xd0,
    0x0, 0xe, 0x0, 0x0, 0x0, 0xd0, 0x24, 0x4e,
    0x44, 0x40, 0x9d, 0xfd, 0x78, 0x8f, 0x88, 0x80,
    0x0, 0xd0, 0x0, 0xe, 0x0, 0x0, 0x0, 0xd0,
    0x0, 0xe, 0x0, 0x0, 0x0, 0xe7, 0x9d, 0xef,
    0xfd, 0xa0, 0x8d, 0xf6, 0x10, 0xcf, 0xc0, 0x0,
    0x20, 0xd0, 0x7, 0x8e, 0x68, 0x0, 0x0, 0xd0,
    0x6c, 0xe, 0xb, 0x70, 0x0, 0xd2, 0xc1, 0xe,
    0x0, 0xb1, 0x3d, 0xa0, 0x0, 0xe, 0x0, 0x0,

    /* U+62BC "押" */
    0x1, 0xc0, 0x6e, 0xdf, 0xdd, 0xf0, 0x2c, 0x6,
    0x60, 0xd0, 0xe, 0x9f, 0xff, 0x76, 0xd, 0x0,
    0xe0, 0x2c, 0x6, 0xed, 0xfd, 0xdf, 0x1, 0xc0,
    0x66, 0xd, 0x0, 0xe0, 0x2d, 0xa7, 0x60, 0xd0,
    0xe, 0x6c, 0xe4, 0x5d, 0xdf, 0xdd, 0xb0, 0x1c,
    0x0, 0x0, 0xd0, 0x0, 0x1, 0xc0, 0x0, 0xd,
    0x0, 0x0, 0x2c, 0x0, 0x0, 0xd0, 0x0, 0x4c,
    0x70, 0x0, 0xd, 0x0, 0x0,

    /* U+62BD "抽" */
    0x0, 0xc0, 0x0, 0xd, 0x0, 0x0, 0xc, 0x0,
    0x0, 0xd0, 0x0, 0x57, 0xe7, 0x11, 0x1d, 0x11,
    0x14, 0x6e, 0x68, 0xdc, 0xfc, 0xcf, 0x0, 0xc0,
    0x75, 0xd, 0x0, 0xe0, 0xe, 0x89, 0x50, 0xd0,
    0xe, 0x9d, 0xe5, 0x7e, 0xdf, 0xdd, 0xf1, 0xc,
    0x7, 0x50, 0xd0, 0xe, 0x0, 0xc0, 0x75, 0xd,
    0x0, 0xe0, 0xc, 0x7, 0xed, 0xfd, 0xdf, 0x4d,
    0x90, 0x75, 0x0, 0x0, 0xc0,

    /* U+62C5 "担" */
    0x0, 0x85, 0x0, 0x0, 0x0, 0x0, 0x0, 0x85,
    0xb, 0xdd, 0xdd, 0xe0, 0x17, 0xca, 0x6b, 0x20,
    0x0, 0xe0, 0x4, 0xa8, 0x3b, 0x20, 0x0, 0xe0,
    0x0, 0x85, 0xb, 0xdd, 0xdd, 0xe0, 0x0, 0x9b,
    0x9b, 0x20, 0x0, 0xe0, 0x3d, 0xd8, 0xb, 0x20,
    0x0, 0xe0, 0x0, 0x85, 0xb, 0xdd, 0xdd, 0xe0,
    0x0, 0x85, 0x0, 0x0, 0x0, 0x0, 0x0, 0x85,
    0x12, 0x22, 0x22, 0x21, 0xb, 0xd2, 0x6a, 0xaa,
    0xaa, 0xa8,

    /* U+62C6 "拆" */
    0x0, 0xa3, 0x0, 0x3, 0x7c, 0x70, 0x0, 0xa3,
    0x6, 0xda, 0x62, 0x0, 0x17, 0xd9, 0x57, 0x50,
    0x0, 0x0, 0x16, 0xc9, 0x47, 0x61, 0x11, 0x10,
    0x0, 0xa3, 0x7, 0xdc, 0xed, 0xc5, 0x0, 0xa8,
    0x58, 0x40, 0xa3, 0x0, 0x2c, 0xfa, 0x39, 0x6b,
    0xc3, 0x0, 0x12, 0xa3, 0xb, 0x12, 0xdb, 0x20,
    0x0, 0xa3, 0xd, 0x0, 0xa7, 0xd1, 0x0, 0xa3,
    0x4a, 0x0, 0xa3, 0x0, 0xb, 0xd1, 0x83, 0x0,
    0xa3, 0x0,

    /* U+62C9 "拉" */
    0x0, 0x0, 0x0, 0x0, 0x0, 0x0, 0x1, 0xc0,
    0x0, 0xd, 0x0, 0x0, 0x1, 0xc0, 0x0, 0xa,
    0x20, 0x0, 0x7d, 0xfd, 0x6c, 0xcc, 0xcc, 0xc0,
    0x1, 0xc0, 0x2, 0x10, 0x6, 0x0, 0x1, 0xc0,
    0x7, 0x60, 0xe, 0x0, 0x2, 0xea, 0x14, 0x90,
    0x1d, 0x0, 0x7e, 0xe4, 0x1, 0xc0, 0x3a, 0x0,
    0x11, 0xc0, 0x0, 0xe0, 0x67, 0x0, 0x1, 0xc0,
    0x0, 0xd0, 0x93, 0x0, 0x1, 0xc0, 0x22, 0x42,
    0xd3, 0x21, 0x2d, 0x90, 0xaa, 0xaa, 0xaa, 0xa3,
    0x0, 0x0, 0x0, 0x0, 0x0, 0x0,

    /* U+62CD "拍" */
    0x0, 0xa4, 0x0, 0x6, 0x80, 0x0, 0xa, 0x40,
    0x11, 0xa5, 0x11, 0x3d, 0xfe, 0x9b, 0xcb, 0xbb,
    0xf0, 0xa, 0x40, 0xb2, 0x0, 0xe, 0x0, 0xa4,
    0xb, 0x20, 0x0, 0xe0, 0xa, 0x86, 0xb3, 0x0,
    0xe, 0x2b, 0xfb, 0x4b, 0xcc, 0xcc, 0xf0, 0x2a,
    0x40, 0xb2, 0x0, 0xe, 0x0, 0xa4, 0xb, 0x20,
    0x0, 0xe0, 0xa, 0x40, 0xbd, 0xcc, 0xcf, 0xc,
    0xd1, 0xb, 0x30, 0x0, 0xd0,

    /* U+62D0 "拐" */
    0x0, 0xc0, 0xd, 0xcc, 0xcc, 0xd0, 0x0, 0xc0,
    0xd, 0x0, 0x0, 0xd0, 0x9d, 0xfc, 0x2d, 0x0,
    0x0, 0xd0, 0x35, 0xd4, 0xd, 0x22, 0x22, 0xd0,
    0x0, 0xc0, 0x9, 0xaf, 0xaa, 0x90, 0x1, 0xe9,
    0x30, 0xd, 0x0, 0x0, 0x9e, 0xe4, 0x2c, 0xdf,
    0xcc, 0xf2, 0x10, 0xc0, 0x0, 0x59, 0x0, 0xc0,
    0x0, 0xc0, 0x0, 0xb4, 0x0, 0xd0, 0x0, 0xc0,
    0x9, 0xb0, 0x1, 0xd0, 0x4d, 0x90, 0xc8, 0x0,
    0xbc, 0x60, 0x0, 0x0, 0x0, 0x0, 0x0, 0x0,

    /* U+62D2 "拒" */
    0x0, 0x84, 0xb, 0xee, 0xee, 0xe2, 0x0, 0x95,
    0xb, 0x30, 0x0, 0x0, 0x3f, 0xff, 0xbb, 0x30,
    0x0, 0x0, 0x0, 0x84, 0xb, 0xed, 0xdd, 0xb0,
    0x0, 0x84, 0xb, 0x30, 0x0, 0xd0, 0x2, 0xbd,
    0xab, 0x30, 0x0, 0xd0, 0x3b, 0xc6, 0xb, 0xba,
    0xaa, 0xd0, 0x0, 0x84, 0xb, 0x52, 0x22, 0x20,
    0x0, 0x84, 0xb, 0x30, 0x0, 0x0, 0x0, 0x94,
    0xb, 0x52, 0x22, 0x21, 0xb, 0xd2, 0x8, 0xbb,
    0xbb, 0xb4,

    /* U+62D4 "拔" */
    0x0, 0x0, 0x0, 0x0, 0x0, 0x0, 0x0, 0xd0,
    0x1, 0xc0, 0x96, 0x0, 0x0, 0xd0, 0x1, 0xc0,
    0x8, 0x70, 0x7b, 0xfb, 0xcd, 0xfd, 0xdd, 0xd3,
    0x11, 0xe1, 0x2, 0xa0, 0x0, 0x0, 0x0, 0xd0,
    0x4, 0xeb, 0xbc, 0x40, 0x3, 0xec, 0x46, 0xc0,
    0xa, 0x30, 0xac, 0xe1, 0x9, 0xd3, 0xd, 0x0,
    0x0, 0xd0, 0xc, 0x2c, 0x87, 0x0, 0x0, 0xd0,
    0x59, 0x9, 0xf0, 0x0, 0x0, 0xe1, 0xd1, 0x5d,
    0xab, 0x20, 0x2d, 0xb6, 0x44, 0x90, 0x5, 0xd2,
    0x0, 0x0, 0x0, 0x0, 0x0, 0x0,

    /* U+62D6 "拖" */
    0x0, 0x0, 0x0, 0x0, 0x0, 0x0, 0x0, 0xd0,
    0x4, 0x80, 0x0, 0x0, 0x0, 0xd0, 0xa, 0x85,
    0x55, 0x52, 0x5a, 0xfa, 0x3b, 0x67, 0x96, 0x62,
    0x13, 0xe3, 0xc3, 0x1, 0xa0, 0x0, 0x0, 0xd0,
    0x2c, 0x2, 0xca, 0xb0, 0x0, 0xe8, 0xd, 0x9d,
    0xd4, 0xb0, 0x6d, 0xe4, 0xaf, 0x32, 0xa1, 0xb0,
    0x10, 0xd0, 0xc, 0x1, 0xa5, 0xa0, 0x0, 0xd0,
    0xc, 0x1, 0xa7, 0x30, 0x0, 0xd0, 0xc, 0x0,
    0x0, 0x67, 0x3d, 0x90, 0x7, 0xdc, 0xcc, 0xd2,

    /* U+62D9 "拙" */
    0x0, 0x0, 0x0, 0x0, 0x0, 0x0, 0x1, 0xb0,
    0x0, 0xe, 0x0, 0x0, 0x1, 0xb0, 0x38, 0xe,
    0x0, 0xd0, 0x6b, 0xea, 0x58, 0xe, 0x0, 0xe0,
    0x25, 0xc3, 0x48, 0xe, 0x0, 0xe0, 0x1, 0xb0,
    0x4e, 0xcf, 0xcc, 0xe0, 0x2, 0xd9, 0x0, 0xe,
    0x0, 0x0, 0x7d, 0xe5, 0x85, 0xe, 0x0, 0xb2,
    0x12, 0xb0, 0x85, 0xe, 0x0, 0xb2, 0x1, 0xb0,
    0x85, 0xe, 0x0, 0xb2, 0x2, 0xb0, 0x8e, 0xdf,
    0xdd, 0xf2, 0x4d, 0x80, 0x0, 0x0, 0x0, 0xb2,

    /* U+62DB "招" */
    0x3, 0xa0, 0x4d, 0xef, 0xdd, 0xf0, 0x3, 0xa0,
    0x0, 0x78, 0x0, 0xe0, 0x9e, 0xfd, 0x10, 0xc4,
    0x0, 0xe0, 0x3, 0xa0, 0x4, 0xd0, 0x1, 0xd0,
    0x3, 0xa0, 0x6e, 0x30, 0x8c, 0x90, 0x4, 0xdc,
    0x32, 0x0, 0x22, 0x0, 0xad, 0xc2, 0xe, 0xcc,
    0xcd, 0xe0, 0x3, 0xa0, 0xd, 0x0, 0x0, 0xe0,
    0x3, 0xa0, 0xd, 0x0, 0x0, 0xe0, 0x3, 0xa0,
    0xe, 0xaa, 0xaa, 0xe0, 0x5d, 0x60, 0xe, 0x22,
    0x22, 0xd0,

    /* U+62E2 "拢" */
    0x2, 0xa0, 0x0, 0xd0, 0x51, 0x0, 0x2, 0xa0,
    0x0, 0xd0, 0x2b, 0x0, 0x37, 0xc5, 0x0, 0xd0,
    0x1, 0x0, 0x59, 0xd7, 0x9c, 0xfc, 0xfc, 0xc0,
    0x2, 0xa0, 0x3, 0xa0, 0xc0, 0x10, 0x2, 0xb4,
    0x15, 0x80, 0xc5, 0x60, 0x6c, 0xe9, 0x19, 0x40,
    0xca, 0x0, 0x34, 0xa0, 0xd, 0x0, 0xf5, 0x0,
    0x2, 0xa0, 0x69, 0x5, 0xd0, 0x0, 0x2, 0xa4,
    0xd1, 0x9b, 0xc0, 0xa0, 0x4d, 0x8b, 0x22, 0x60,
    0xcc, 0xb0,

    /* U+62E5 "拥" */
    0x2, 0xb0, 0x7e, 0xdf, 0xdd, 0xf1, 0x4c, 0x27,
    0x50, 0xd0, 0xd, 0x8e, 0xfd, 0x85, 0xd, 0x0,
    0xd0, 0x2b, 0x7, 0xcb, 0xfb, 0xbf, 0x2, 0xb0,
    0x76, 0x1d, 0x11, 0xe0, 0x4e, 0xd8, 0x50, 0xd0,
    0xd, 0xac, 0xc1, 0x9d, 0xcf, 0xcc, 0xf0, 0x2b,
    0xa, 0x20, 0xd0, 0xd, 0x2, 0xb0, 0xd0, 0xd,
    0x0, 0xd0, 0x2b, 0x3a, 0x0, 0xd0, 0xd, 0x4d,
    0x78, 0x30, 0xd, 0x4d, 0xb0, 0x0, 0x0, 0x0,
    0x0, 0x0,

    /* U+62E6 "拦" */
    0x1, 0xc0, 0x7, 0x20, 0xb, 0x0, 0x1, 0xc0,
    0x5, 0xa0, 0x58, 0x0, 0x36, 0xd5, 0x12, 0xa2,
    0xd3, 0x10, 0x48, 0xe7, 0x6b, 0xbb, 0xbb, 0x80,
    0x1, 0xc0, 0x0, 0x0, 0x0, 0x0, 0x1, 0xd6,
    0x10, 0x0, 0x0, 0x0, 0x8d, 0xe6, 0xd, 0xdd,
    0xdd, 0x10, 0x11, 0xc0, 0x0, 0x0, 0x0, 0x0,
    0x1, 0xc0, 0x0, 0x0, 0x0, 0x0, 0x1, 0xc0,
    0xbc, 0xcc, 0xcc, 0xc2, 0x4d, 0x80, 0x11, 0x11,
    0x11, 0x10, 0x0, 0x0, 0x0, 0x0, 0x0, 0x0,

    /* U+62E7 "拧" */
    0x0, 0x0, 0x0, 0x0, 0x0, 0x0, 0x0, 0xd0,
    0x0, 0xc, 0x0, 0x0, 0x0, 0xd0, 0x16, 0x6b,
    0x86, 0x60, 0x7d, 0xfd, 0x5a, 0x44, 0x44, 0xe0,
    0x0, 0xd0, 0x47, 0x0, 0x0, 0xd0, 0x0, 0xd0,
    0x13, 0x22, 0x22, 0x30, 0x0, 0xd6, 0x5a, 0xae,
    0xba, 0xa1, 0x6d, 0xf7, 0x0, 0xb, 0x20, 0x0,
    0x21, 0xd0, 0x0, 0xb, 0x20, 0x0, 0x0, 0xd0,
    0x0, 0xb, 0x20, 0x0, 0x0, 0xd0, 0x0, 0xb,
    0x20, 0x0, 0x3c, 0xa0, 0x0, 0xbe, 0x10, 0x0,
    0x0, 0x0, 0x0, 0x10, 0x0, 0x0,

    /* U+62E9 "择" */
    0x0, 0x0, 0x0, 0x0, 0x0, 0x0, 0x1, 0xc0,
    0x6f, 0xdc, 0xcf, 0x50, 0x1, 0xc0, 0x4, 0x90,
    0x4d, 0x0, 0x9d, 0xfd, 0x20, 0xa7, 0xd2, 0x0,
    0x1, 0xc0, 0x0, 0x8f, 0xb2, 0x0, 0x1, 0xc0,
    0x7d, 0x81, 0x7e, 0xa1, 0x3, 0xeb, 0x51, 0xd,
    0x0, 0x50, 0x9c, 0xd1, 0x3c, 0xcf, 0xcc, 0x30,
    0x1, 0xc0, 0x0, 0xe, 0x0, 0x0, 0x1, 0xc0,
    0xad, 0xdf, 0xdd, 0xd1, 0x1, 0xc0, 0x0, 0xe,
    0x0, 0x0, 0x4d, 0x90, 0x0, 0xe, 0x0, 0x0,

    /* U+62EC "括" */
    0x2, 0xb0, 0x1, 0x35, 0x7b, 0x80, 0x2, 0xb0,
    0x39, 0x7e, 0x30, 0x0, 0x8c, 0xec, 0x10, 0xd,
    0x0, 0x0, 0x2, 0xb0, 0x6a, 0xaf, 0xaa, 0xa5,
    0x2, 0xb0, 0x12, 0x2e, 0x22, 0x21, 0x6, 0xed,
    0x20, 0xd, 0x0, 0x0, 0x9a, 0xc0, 0x2b, 0xbf,
    0xbb, 0xa0, 0x2, 0xb0, 0x3a, 0x11, 0x11, 0xd0,
    0x2, 0xb0, 0x39, 0x0, 0x0, 0xd0, 0x2, 0xb0,
    0x3a, 0x11, 0x12, 0xd0, 0x6d, 0x70, 0x3d, 0xaa,
    0xab, 0xd0,

    /* U+62F3 "拳" */
    0x0, 0x0, 0x0, 0x0, 0x0, 0x0, 0x0, 0x17,
    0x3, 0xb0, 0x25, 0x0, 0x0, 0xa, 0x27, 0x70,
    0xc2, 0x0, 0x4, 0xcc, 0xcf, 0xcc, 0xcc, 0x80,
    0x5, 0x55, 0x9b, 0x55, 0x55, 0x52, 0x6, 0x6c,
    0xb6, 0x68, 0xe6, 0x63, 0x1, 0xad, 0xaa, 0xc9,
    0x7c, 0x20, 0x3d, 0x54, 0x47, 0xb4, 0x46, 0xb9,
    0x0, 0x16, 0x69, 0xc6, 0x64, 0x0, 0x4, 0xaa,
    0xac, 0xea, 0xaa, 0x90, 0x0, 0x0, 0x4, 0x90,
    0x0, 0x0, 0x0, 0x0, 0xbc, 0x60, 0x0, 0x0,

    /* U+62FC "拼" */
    0x0, 0x0, 0x0, 0x0, 0x0, 0x0, 0x0, 0xd0,
    0x5, 0x60, 0x5, 0x90, 0x0, 0xd0, 0x0, 0xd1,
    0xc, 0x30, 0x6d, 0xfd, 0x4b, 0xcb, 0xbf, 0xb4,
    0x0, 0xd0, 0x1, 0xe1, 0x1e, 0x10, 0x0, 0xd0,
    0x0, 0xd0, 0xd, 0x0, 0x0, 0xe7, 0x0, 0xe0,
    0xe, 0x0, 0x5d, 0xf6, 0x8c, 0xfc, 0xcf, 0xc8,
    0x21, 0xd0, 0x1, 0xc0, 0xd, 0x0, 0x0, 0xd0,
    0x5, 0x80, 0xd, 0x0, 0x0, 0xd0, 0x1d, 0x20,
    0xd, 0x0, 0x2e, 0x90, 0xa5, 0x0, 0xd, 0x0,
    0x0, 0x0, 0x0, 0x0, 0x0, 0x0,

    /* U+62FD "拽" */
    0x1, 0xc0, 0x0, 0xe, 0x0, 0x0, 0x1, 0xc0,
    0x6c, 0xcf, 0xcc, 0xa0, 0x5d, 0xfd, 0x85, 0xd,
    0x0, 0xd0, 0x1, 0xc0, 0x8d, 0xcf, 0xcc, 0xd0,
    0x1, 0xc0, 0x85, 0xb, 0x20, 0xd0, 0x4, 0xed,
    0x8c, 0xbe, 0xcb, 0xd0, 0x7b, 0xd0, 0x64, 0x17,
    0x73, 0x50, 0x1, 0xc0, 0x0, 0x3, 0xbd, 0x40,
    0x1, 0xc0, 0x0, 0x5, 0xf5, 0x6, 0x1, 0xc0,
    0x16, 0xc9, 0xa7, 0x29, 0x2d, 0x80, 0x97, 0x10,
    0xb, 0xe4, 0x0, 0x0, 0x0, 0x0, 0x0, 0x0,

    /* U+62FE "拾" */
    0x0, 0x94, 0x0, 0x7, 0x80, 0x0, 0x0, 0x94,
    0x0, 0x1e, 0xd2, 0x0, 0x18, 0xca, 0x50, 0xa5,
    0x3c, 0x0, 0x4, 0xb8, 0x3a, 0xa0, 0x6, 0xc1,
    0x0, 0x94, 0x6b, 0xcd, 0xdd, 0x77, 0x0, 0x99,
    0x80, 0x0, 0x0, 0x0, 0x2d, 0xe8, 0x17, 0xdc,
    0xcd, 0x80, 0x0, 0x94, 0x8, 0x50, 0x5, 0x80,
    0x0, 0x94, 0x8, 0x50, 0x5, 0x80, 0x0, 0x94,
    0x8, 0xca, 0xac, 0x80, 0xa, 0xd2, 0x8, 0x71,
    0x17, 0x80, 0x0, 0x0, 0x1, 0x0, 0x0, 0x0,

    /* U+62FF "拿" */
    0x0, 0x0, 0x0, 0x20, 0x0, 0x0, 0x0, 0x0,
    0x2b, 0xd3, 0x0, 0x0, 0x0, 0x4a, 0xa1, 0x18,
    0xb6, 0x10, 0x2c, 0x88, 0x99, 0x99, 0x86, 0xc6,
    0x0, 0x8a, 0x99, 0x99, 0x99, 0x0, 0x0, 0xa7,
    0x55, 0x55, 0x6c, 0x0, 0x0, 0x34, 0x45, 0x57,
    0x88, 0x0, 0x2, 0x99, 0x9c, 0xc7, 0x53, 0x0,
    0x4, 0x88, 0x8b, 0xc8, 0x88, 0x70, 0xa, 0xaa,
    0xac, 0xda, 0xaa, 0xa4, 0x0, 0x0, 0x5, 0x80,
    0x0, 0x0, 0x0, 0x1, 0xac, 0x50, 0x0, 0x0,

    /* U+6301 "持" */
    0x0, 0x0, 0x0, 0x0, 0x0, 0x0, 0x0, 0xc0,
    0x0, 0xc, 0x10, 0x0, 0x0, 0xc0, 0x2b, 0xbf,
    0xcb, 0xa0, 0x7d, 0xfd, 0x11, 0x1c, 0x21, 0x10,
    0x13, 0xd3, 0x0, 0xc, 0x10, 0x0, 0x0, 0xc0,
    0x9d, 0xdd, 0xdf, 0xd5, 0x1, 0xe9, 0x0, 0x0,
    0xd, 0x0, 0x8d, 0xe3, 0x8d, 0xdd, 0xdf, 0xd4,
    0x0, 0xc0, 0x7, 0x20, 0xd, 0x0, 0x0, 0xc0,
    0x3, 0xb0, 0xd, 0x0, 0x0, 0xc0, 0x0, 0x60,
    0xd, 0x0, 0x3d, 0x90, 0x0, 0xa, 0xd9, 0x0,

    /* U+6302 "挂" */
    0x0, 0x93, 0x0, 0x1, 0xb0, 0x0, 0x0, 0x93,
    0x8, 0xab, 0xea, 0xa2, 0x1d, 0xfe, 0x81, 0x24,
    0xd2, 0x20, 0x0, 0xa4, 0x0, 0x1, 0xc0, 0x0,
    0x0, 0x93, 0x3d, 0xdd, 0xfd, 0xdb, 0x0, 0x97,
    0x50, 0x0, 0x40, 0x0, 0x2b, 0xfa, 0x30, 0x1,
    0xc0, 0x0, 0x2, 0xa3, 0xd, 0xdd, 0xfd, 0xd5,
    0x0, 0x93, 0x0, 0x1, 0xc0, 0x0, 0x0, 0xa3,
    0x11, 0x13, 0xd1, 0x11, 0xc, 0xd1, 0x9c, 0xcc,
    0xcc, 0xcb,

    /* U+6307 "指" */
    0x0, 0x0, 0x0, 0x0, 0x0, 0x0, 0x0, 0x84,
    0x7, 0x50, 0x1, 0x10, 0x0, 0x84, 0x7, 0x87,
    0xbc, 0x50, 0x28, 0xcb, 0x67, 0xb5, 0x10, 0x22,
    0x14, 0xb8, 0x37, 0x70, 0x0, 0x86, 0x0, 0x84,
    0x2, 0xbc, 0xcc, 0xb1, 0x0, 0x99, 0x80, 0x11,
    0x11, 0x10, 0x3c, 0xfa, 0x47, 0xca, 0xaa, 0xf0,
    0x12, 0x94, 0x7, 0x61, 0x11, 0xe0, 0x0, 0x84,
    0x7, 0xb9, 0x99, 0xf0, 0x0, 0x94, 0x7, 0x62,
    0x22, 0xe0, 0xb, 0xd2, 0x7, 0xb9, 0x99, 0xe0,

    /* U+6309 "按" */
    0x0, 0x0, 0x0, 0x0, 0x0, 0x0, 0x1, 0xc0,
    0x0, 0xd, 0x0, 0x0, 0x1, 0xc0, 0x6a, 0xae,
    0xba, 0xa0, 0x9d, 0xfd, 0xa4, 0x34, 0x11, 0xe0,
    0x1, 0xc0, 0x72, 0x77, 0x0, 0xa0, 0x1, 0xc0,
    0x22, 0xc4, 0x22, 0x20, 0x1, 0xc1, 0xbc, 0xea,
    0xbf, 0xa1, 0x38, 0xfb, 0x2a, 0x50, 0x4a, 0x0,
    0x66, 0xc0, 0x1e, 0x50, 0xb4, 0x0, 0x1, 0xc0,
    0x1, 0x8d, 0xc0, 0x0, 0x1, 0xc0, 0x3, 0xaa,
    0xbb, 0x10, 0x4d, 0x90, 0x9a, 0x40, 0x5, 0xb0,
    0x0, 0x0, 0x0, 0x0, 0x0, 0x0,

    /* U+6311 "挑" */
    0x0, 0xd0, 0x0, 0xc0, 0xc0, 0x0, 0x0, 0xd0,
    0x60, 0xd0, 0xd0, 0x73, 0x6d, 0xfd, 0x77, 0xd0,
    0xd1, 0xd0, 0x0, 0xd0, 0xc, 0xd0, 0xda, 0x40,
    0x0, 0xd0, 0x0, 0xd0, 0xd0, 0x0, 0x3, 0xfd,
    0x2, 0xd0, 0xdb, 0x10, 0x8c, 0xd0, 0x6d, 0xd0,
    0xd5, 0xd1, 0x0, 0xd3, 0xa4, 0xb0, 0xd0, 0x47,
    0x0, 0xd0, 0x9, 0x60, 0xd0, 0x7, 0x0, 0xd0,
    0x6c, 0x0, 0xd0, 0x1b, 0x2d, 0x94, 0xa0, 0x0,
    0x7d, 0xd5,

    /* U+6316 "挖" */
    0x0, 0x0, 0x0, 0x0, 0x0, 0x0, 0x0, 0xd0,
    0x0, 0xc, 0x10, 0x0, 0x0, 0xd0, 0x8b, 0xac,
    0xca, 0xc3, 0x6d, 0xfd, 0xa1, 0x41, 0x40, 0x93,
    0x0, 0xd0, 0x17, 0xa0, 0x4c, 0x20, 0x0, 0xd0,
    0x88, 0x0, 0x4, 0xb0, 0x16, 0xfd, 0x2a, 0xaa,
    0xa9, 0x0, 0x69, 0xd0, 0x1, 0x18, 0xe3, 0x0,
    0x0, 0xd0, 0x0, 0x9b, 0x10, 0x0, 0x0, 0xd0,
    0x9, 0xa0, 0x0, 0x51, 0x0, 0xd0, 0x1d, 0x0,
    0x0, 0xa2, 0x2d, 0x90, 0xb, 0xdd, 0xdd, 0xc0,

    /* U+6321 "挡" */
    0x0, 0x0, 0x0, 0x0, 0x0, 0x0, 0x0, 0xd0,
    0x1, 0xd, 0x0, 0x30, 0x0, 0xd0, 0x1a, 0xd,
    0x3, 0xc0, 0x8c, 0xfb, 0x2b, 0xd, 0x9, 0x50,
    0x1, 0xe0, 0x4, 0x1d, 0x8, 0x0, 0x0, 0xd0,
    0x5d, 0xdf, 0xdd, 0xc0, 0x2, 0xfd, 0x40, 0x0,
    0x0, 0xd0, 0xaf, 0xf4, 0x0, 0x0, 0x0, 0xd0,
    0x31, 0xd0, 0x3c, 0xcc, 0xcc, 0xd0, 0x0, 0xd0,
    0x0, 0x0, 0x0, 0xd0, 0x0, 0xd0, 0x9d, 0xdd,
    0xdd, 0xd0, 0x4d, 0xa0, 0x0, 0x0, 0x0, 0xd0,
    0x0, 0x0, 0x0, 0x0, 0x0, 0x0,

    /* U+6324 "挤" */
    0x0, 0x0, 0x0, 0x0, 0x0, 0x0, 0x0, 0xd0,
    0x0, 0x1c, 0x0, 0x0, 0x0, 0xd0, 0xab, 0xbe,
    0xcc, 0xb3, 0x4d, 0xfd, 0x6, 0x90, 0x1d, 0x0,
    0x0, 0xd0, 0x0, 0xc6, 0xb5, 0x0, 0x0, 0xd0,
    0x1, 0x7f, 0xd2, 0x0, 0x0, 0xfb, 0x9e, 0xa2,
    0x6d, 0xd5, 0x4d, 0xe3, 0x24, 0x60, 0x28, 0x10,
    0x10, 0xd0, 0x5, 0x80, 0x3a, 0x0, 0x0, 0xd0,
    0x8, 0x60, 0x3a, 0x0, 0x0, 0xd0, 0x2d, 0x10,
    0x3a, 0x0, 0x1d, 0xa0, 0xb2, 0x0, 0x3a, 0x0,

    /* U+6325 "挥" */
    0x0, 0xd0, 0x9d, 0xcc, 0xcc, 0xe4, 0x3, 0xe3,
    0x93, 0x36, 0x0, 0x94, 0x4f, 0xff, 0x20, 0x87,
    0x0, 0x21, 0x2, 0xe2, 0x1b, 0xec, 0xbb, 0x80,
    0x0, 0xd0, 0x2, 0xb1, 0x40, 0x0, 0x0, 0xe6,
    0xa, 0x43, 0x90, 0x0, 0x3d, 0xf7, 0x1d, 0xdd,
    0xec, 0xb0, 0x1, 0xd0, 0x0, 0x3, 0x90, 0x0,
    0x0, 0xd0, 0xcd, 0xdd, 0xed, 0xd8, 0x0, 0xd0,
    0x0, 0x3, 0x90, 0x0, 0xd, 0xa0, 0x0, 0x3,
    0x90, 0x0,

    /* U+632A "挪" */
    0x0, 0x0, 0x0, 0x0, 0x0, 0x0, 0x0, 0xc2,
    0xcf, 0xc8, 0xcb, 0xcb, 0x0, 0xc0, 0xb, 0x28,
    0xc0, 0x57, 0x3f, 0xfc, 0xb, 0x28, 0xc0, 0xa3,
    0x0, 0xc1, 0xcf, 0xc8, 0xc0, 0xd0, 0x0, 0xc0,
    0xc, 0x28, 0xc2, 0xb0, 0x1, 0xea, 0xc, 0x38,
    0xc0, 0x83, 0x3d, 0xd3, 0xcf, 0xd7, 0xc0, 0x29,
    0x0, 0xc0, 0x47, 0x37, 0xc0, 0x1b, 0x0, 0xc0,
    0x93, 0x47, 0xc5, 0xc5, 0x0, 0xc1, 0xb0, 0x56,
    0xc0, 0x0, 0x1c, 0x87, 0x37, 0xd2, 0xc0, 0x0,
    0x0, 0x0, 0x0, 0x0, 0x0, 0x0,

    /* U+633A "挺" */
    0x0, 0x0, 0x0, 0x0, 0x0, 0x30, 0x0, 0xc0,
    0xbd, 0xa6, 0xad, 0x91, 0x0, 0xc0, 0x8, 0x54,
    0x59, 0x0, 0x5f, 0xfe, 0xc, 0x0, 0x39, 0x0,
    0x0, 0xc0, 0x48, 0x0, 0x39, 0x0, 0x0, 0xc0,
    0xcc, 0xb7, 0xde, 0xc1, 0x0, 0xe9, 0x0, 0xb0,
    0x39, 0x0, 0x3e, 0xe3, 0xa3, 0x90, 0x39, 0x0,
    0x0, 0xc0, 0x7b, 0x42, 0x5b, 0x21, 0x0, 0xc0,
    0x1f, 0x19, 0xaa, 0xa3, 0x0, 0xc0, 0x7c, 0xb2,
    0x0, 0x0, 0x1d, 0x93, 0x80, 0x4b, 0xdd, 0xd6,
    0x0, 0x0, 0x0, 0x0, 0x0, 0x0,

    /* U+635E "捞" */
    0x0, 0xd0, 0x2, 0xa0, 0x48, 0x0, 0x0, 0xd0,
    0xbd, 0xec, 0xde, 0xc2, 0x3a, 0xfa, 0x3, 0xa0,
    0x58, 0x0, 0x2, 0xd2, 0x7a, 0xb9, 0xaa, 0x91,
    0x0, 0xd0, 0xc2, 0x11, 0x11, 0xb2, 0x2, 0xfc,
    0x30, 0x1c, 0x0, 0x30, 0x6d, 0xe1, 0x4c, 0xce,
    0xcc, 0x70, 0x0, 0xd0, 0x0, 0x86, 0x6, 0x70,
    0x0, 0xd0, 0x0, 0xd1, 0x8, 0x50, 0x0, 0xd0,
    0xa, 0x60, 0xc, 0x20, 0x2d, 0x90, 0xa5, 0x5,
    0xc9, 0x0, 0x0, 0x0, 0x0, 0x0, 0x0, 0x0,

    /* U+635F "损" */
    0x2, 0xb0, 0xf, 0xbb, 0xbf, 0x0, 0x2, 0xb0,
    0xd, 0x0, 0xe, 0x0, 0x9d, 0xfd, 0x1f, 0x99,
    0x9f, 0x0, 0x2, 0xb0, 0x2, 0x22, 0x22, 0x0,
    0x2, 0xb0, 0x4c, 0xbb, 0xbc, 0x40, 0x3, 0xc8,
    0x68, 0x3, 0x7, 0x50, 0x8e, 0xd4, 0x58, 0xe,
    0x7, 0x50, 0x23, 0xb0, 0x58, 0xe, 0x7, 0x50,
    0x2, 0xb0, 0x24, 0x69, 0x34, 0x30, 0x3, 0xb0,
    0x19, 0xc1, 0x8c, 0x20, 0x5e, 0x72, 0xc6, 0x0,
    0x3, 0xc0, 0x0, 0x0, 0x0, 0x0, 0x0, 0x0,

    /* U+6361 "捡" */
    0x0, 0x0, 0x0, 0x0, 0x0, 0x0, 0x0, 0xc0,
    0x0, 0xb, 0x50, 0x0, 0x0, 0xc0, 0x0, 0x6c,
    0xd1, 0x0, 0x38, 0xe7, 0x4, 0xd1, 0x3c, 0x10,
    0x36, 0xd6, 0x7d, 0x42, 0x26, 0xd4, 0x0, 0xc1,
    0xa2, 0xaa, 0xa9, 0x26, 0x1, 0xd8, 0x12, 0x5,
    0x0, 0x50, 0x6d, 0xe4, 0xb, 0x8, 0x31, 0xb0,
    0x1, 0xc0, 0x8, 0x35, 0x68, 0x40, 0x0, 0xc0,
    0x2, 0x20, 0x2b, 0x0, 0x1, 0xc0, 0x89, 0x99,
    0xcc, 0x94, 0x2d, 0x80, 0x22, 0x22, 0x22, 0x21,

    /* U+6362 "换" */
    0x0, 0x0, 0x0, 0x0, 0x0, 0x0, 0x0, 0xe0,
    0x0, 0xc2, 0x0, 0x0, 0x0, 0xe0, 0x6, 0xdc,
    0xcf, 0x10, 0x39, 0xf9, 0x4d, 0x0, 0x96, 0x0,
    0x13, 0xe3, 0x8e, 0xbe, 0xcc, 0x90, 0x0, 0xe0,
    0x1c, 0xa, 0x34, 0x90, 0x2, 0xfb, 0x2c, 0xb,
    0x24, 0x90, 0x6b, 0xe1, 0xbe, 0xae, 0xbc, 0xd4,
    0x0, 0xe0, 0x11, 0x5e, 0xa1, 0x10, 0x0, 0xe0,
    0x1, 0xd2, 0xa4, 0x0, 0x0, 0xe0, 0x4d, 0x40,
    0x1c, 0x70, 0x1d, 0xa5, 0xb2, 0x0, 0x0, 0x96,
    0x0, 0x0, 0x0, 0x0, 0x0, 0x0,

    /* U+636E "据" */
    0x1, 0xb0, 0x5e, 0xcc, 0xcc, 0xe0, 0x1, 0xb0,
    0x5a, 0x0, 0x0, 0xd0, 0x6a, 0xe9, 0x6a, 0x0,
    0x0, 0xd0, 0x47, 0xd6, 0x5e, 0xcc, 0xfc, 0xb0,
    0x1, 0xb0, 0x5a, 0x0, 0xd0, 0x0, 0x2, 0xd9,
    0x7e, 0xcc, 0xfc, 0xc6, 0x8d, 0xd4, 0x87, 0x0,
    0xd0, 0x0, 0x2, 0xb0, 0x96, 0xdc, 0xec, 0xd0,
    0x1, 0xb0, 0xd4, 0xa0, 0x0, 0xd0, 0x2, 0xb2,
    0xd1, 0xb0, 0x0, 0xd0, 0x4d, 0x78, 0x41, 0xeb,
    0xbb, 0xe0,

    /* U+6377 "捷" */
    0x0, 0xc0, 0x0, 0xd, 0x0, 0x0, 0x0, 0xc0,
    0x8b, 0xbf, 0xbb, 0xb3, 0x5a, 0xea, 0x17, 0x7e,
    0x77, 0x50, 0x13, 0xd2, 0x4, 0x4e, 0x45, 0xc0,
    0x0, 0xc0, 0xab, 0xbf, 0xbc, 0xf7, 0x2, 0xec,
    0x0, 0xd, 0x1, 0xc0, 0x8d, 0xd2, 0x1b, 0xbf,
    0xbb, 0x80, 0x0, 0xc0, 0x3a, 0xd, 0x11, 0x10,
    0x0, 0xc0, 0x7b, 0xd, 0x99, 0x80, 0x0, 0xc0,
    0xda, 0x7d, 0x0, 0x0, 0x3c, 0xa8, 0x60, 0x7b,
    0xbc, 0xc6, 0x1, 0x0, 0x0, 0x0, 0x0, 0x0,

    /* U+6388 "授" */
    0x0, 0x0, 0x0, 0x23, 0x58, 0x50, 0x0, 0xc0,
    0x6a, 0x99, 0x64, 0x30, 0x0, 0xc0, 0x27, 0xc,
    0x4, 0x90, 0x8f, 0xff, 0x1c, 0xb, 0x1a, 0x30,
    0x14, 0xd3, 0x28, 0x36, 0x4c, 0x20, 0x0, 0xc0,
    0xba, 0x99, 0x99, 0xe1, 0x1, 0xd8, 0xa0, 0x0,
    0x0, 0x91, 0x6e, 0xe5, 0x2e, 0xcc, 0xcf, 0x20,
    0x11, 0xc0, 0x4, 0xa0, 0x3a, 0x0, 0x0, 0xc0,
    0x0, 0x99, 0xc1, 0x0, 0x1, 0xc0, 0x16, 0xcc,
    0xc4, 0x0, 0x3d, 0x90, 0xd9, 0x20, 0x29, 0xd1,

    /* U+6389 "掉" */
    0x2, 0xb0, 0x0, 0xd, 0x0, 0x0, 0x2, 0xb0,
    0x0, 0xe, 0xcc, 0xc5, 0x59, 0xe8, 0x0, 0xd,
    0x0, 0x0, 0x37, 0xd5, 0x8d, 0xbb, 0xbc, 0xc0,
    0x2, 0xb0, 0x88, 0x44, 0x46, 0xc0, 0x4, 0xeb,
    0x98, 0x44, 0x46, 0xc0, 0x8c, 0xd1, 0x8d, 0xbb,
    0xbc, 0xc0, 0x2, 0xb0, 0x0, 0xe, 0x0, 0x0,
    0x2, 0xb3, 0xcc, 0xcf, 0xcc, 0xc7, 0x2, 0xb0,
    0x0, 0xe, 0x0, 0x0, 0x6d, 0x80, 0x0, 0xe,
    0x0, 0x0, 0x0, 0x0, 0x0, 0x0, 0x0, 0x0,

    /* U+638C "掌" */
    0x0, 0x57, 0x4, 0xa0, 0x1b, 0x0, 0x5, 0x7e,
    0x79, 0xc6, 0xba, 0x62, 0xd, 0x54, 0x44, 0x44,
    0x44, 0xb4, 0xc, 0x1e, 0x99, 0x99, 0xb9, 0x84,
    0x0, 0x1d, 0x55, 0x55, 0x89, 0x0, 0x0, 0x5,
    0x55, 0x67, 0x97, 0x0, 0x0, 0x9a, 0xab, 0xd7,
    0x64, 0x0, 0x3, 0x88, 0x8a, 0xd8, 0x88, 0x70,
    0x9, 0x99, 0x9b, 0xd9, 0x99, 0x95, 0x0, 0x0,
    0x4, 0xa0, 0x0, 0x0, 0x0, 0x2, 0xbc, 0x60,
    0x0, 0x0,

    /* U+6392 "排" */
    0x0, 0x94, 0x0, 0xc, 0x29, 0x0, 0x0, 0x94,
    0x2, 0x2d, 0x2b, 0x21, 0x1d, 0xee, 0x77, 0x9d,
    0x2d, 0x93, 0x0, 0x94, 0x0, 0xd, 0x2a, 0x0,
    0x0, 0x94, 0x8, 0xbd, 0x2e, 0xb3, 0x0, 0xbc,
    0xa0, 0xd, 0x2a, 0x0, 0x2e, 0xe7, 0x0, 0xd,
    0x2a, 0x0, 0x0, 0x94, 0xd, 0xdd, 0x2f, 0xd7,
    0x0, 0x94, 0x0, 0xd, 0x2a, 0x0, 0x0, 0x94,
    0x0, 0xd, 0x2a, 0x0, 0x9, 0xd2, 0x0, 0xd,
    0x2a, 0x0,

    /* U+63A5 "接" */
    0x1, 0xb0, 0x0, 0xb, 0x0, 0x0, 0x1, 0xb0,
    0x5c, 0xce, 0xdc, 0xc1, 0x5b, 0xea, 0x4, 0x50,
    0xa, 0x0, 0x14, 0xc2, 0x0, 0xa0, 0x86, 0x0,
    0x1, 0xb0, 0xac, 0xcd, 0xcc, 0xc5, 0x2, 0xd8,
    0x0, 0x67, 0x0, 0x0, 0x7e, 0xd3, 0xcc, 0xec,
    0xce, 0xc7, 0x1, 0xb0, 0x9, 0x50, 0x3b, 0x0,
    0x1, 0xb0, 0xa, 0xc7, 0xc3, 0x0, 0x1, 0xb0,
    0x1, 0x7e, 0xd9, 0x10, 0x2d, 0x80, 0xcb, 0x71,
    0x5, 0xc0, 0x0, 0x0, 0x0, 0x0, 0x0, 0x0,

    /* U+63A7 "控" */
    0x0, 0xc0, 0x0, 0xc, 0x0, 0x0, 0x0, 0xc0,
    0x6a, 0xae, 0xca, 0xa7, 0x6d, 0xfd, 0xa3, 0x21,
    0x21, 0x4a, 0x0, 0xc0, 0x42, 0xc1, 0x7a, 0x13,
    0x0, 0xc0, 0x1c, 0x30, 0x6, 0xc1, 0x0, 0xd8,
    0x44, 0x0, 0x0, 0x41, 0x5d, 0xe6, 0x1c, 0xcf,
    0xdc, 0xc0, 0x22, 0xc0, 0x0, 0xd, 0x0, 0x0,
    0x0, 0xc0, 0x0, 0xd, 0x0, 0x0, 0x0, 0xc0,
    0x0, 0xd, 0x10, 0x0, 0x3d, 0x90, 0xcc, 0xcc,
    0xcc, 0xc9,

    /* U+63A8 "推" */
    0x2, 0xb0, 0x5, 0x72, 0x90, 0x0, 0x2, 0xb0,
    0xc, 0x30, 0xb2, 0x0, 0x9d, 0xfd, 0x5f, 0xbb,
    0xfb, 0xb2, 0x2, 0xb1, 0xdd, 0x0, 0xd0, 0x0,
    0x2, 0xb6, 0x7f, 0xbb, 0xfb, 0xa0, 0x3, 0xed,
    0xd, 0x0, 0xd0, 0x0, 0x9f, 0xd3, 0xd, 0x0,
    0xd0, 0x0, 0x22, 0xb0, 0xf, 0xcc, 0xfc, 0xa0,
    0x2, 0xb0, 0xd, 0x0, 0xd0, 0x0, 0x2, 0xb0,
    0xf, 0xdd, 0xfd, 0xd3, 0x4d, 0x80, 0xd, 0x0,
    0x0, 0x0, 0x0, 0x0, 0x0, 0x0, 0x0, 0x0,

    /* U+63B0 "掰" */
    0x0, 0x0, 0x0, 0x0, 0x0, 0x0, 0x2, 0x8b,
    0x33, 0x50, 0x48, 0xc1, 0x4a, 0xc0, 0x74, 0xb4,
    0x7d, 0x0, 0x0, 0xb0, 0xb1, 0x75, 0xc, 0x0,
    0x5c, 0xea, 0xa0, 0x2b, 0xbf, 0xb4, 0x2, 0xc6,
    0xdc, 0xc7, 0xd, 0x0, 0x1, 0xb0, 0x66, 0x93,
    0xc, 0x0, 0x6d, 0xec, 0x84, 0x97, 0xcf, 0xc6,
    0x4, 0x80, 0xa2, 0xa2, 0xc, 0x0, 0x8, 0x50,
    0xc0, 0xa1, 0xc, 0x0, 0x1d, 0x6, 0x78, 0xd0,
    0xd, 0x0, 0x46, 0x4, 0x1, 0x0, 0xba, 0x0,
    0x0, 0x0, 0x0, 0x0, 0x0, 0x0,

    /* U+63B8 "掸" */
    0x2, 0xa0, 0x9, 0x30, 0x1d, 0x0, 0x2, 0xa0,
    0x2, 0xb0, 0xb6, 0x0, 0x9d, 0xfd, 0x5b, 0xbb,
    0xfb, 0xa0, 0x2, 0xa0, 0x57, 0xe, 0x0, 0xd0,
    0x2, 0xa0, 0x5d, 0xbf, 0xbb, 0xd0, 0x4, 0xdb,
    0x66, 0xe, 0x0, 0xd0, 0xad, 0xc2, 0x5d, 0xbf,
    0xbb, 0xc0, 0x12, 0xa0, 0x0, 0xe, 0x0, 0x0,
    0x2, 0xa0, 0xdd, 0xdf, 0xdd, 0xd4, 0x3, 0xa0,
    0x0, 0xe, 0x0, 0x0, 0x5d, 0x60, 0x0, 0xe,
    0x0, 0x0, 0x0, 0x0, 0x0, 0x0, 0x0, 0x0,

    /* U+63CF "描" */
    0x0, 0xc0, 0x0, 0xd0, 0xd, 0x0, 0x0, 0xc0,
    0x57, 0xe7, 0x7e, 0x73, 0x6d, 0xfd, 0x44, 0xe4,
    0x4e, 0x42, 0x0, 0xc0, 0x0, 0xd0, 0xd, 0x0,
    0x0, 0xc0, 0x1a, 0xba, 0xab, 0xa0, 0x3, 0xed,
    0x3b, 0x29, 0x62, 0xd0, 0x8d, 0xd1, 0x2a, 0x7,
    0x40, 0xd0, 0x0, 0xc0, 0x2e, 0xce, 0xdc, 0xf0,
    0x0, 0xc0, 0x2a, 0x7, 0x40, 0xd0, 0x0, 0xc0,
    0x2e, 0xbd, 0xcb, 0xf0, 0x3d, 0x80, 0x2b, 0x11,
    0x11, 0xc0,

    /* U+63D0 "提" */
    0x1, 0xb0, 0x2e, 0xaa, 0xab, 0xc0, 0x1, 0xb0,
    0x2b, 0x44, 0x45, 0xc0, 0x7d, 0xfd, 0x3c, 0x66,
    0x67, 0xc0, 0x1, 0xb0, 0x2d, 0x99, 0x9a, 0xc0,
    0x1, 0xb0, 0x2, 0x22, 0x22, 0x10, 0x2, 0xda,
    0x8b, 0xbd, 0xbb, 0xb5, 0x8d, 0xd3, 0x6, 0xd,
    0x0, 0x0, 0x1, 0xb0, 0x3b, 0xd, 0xbb, 0x90,
    0x1, 0xb0, 0x6e, 0xd, 0x0, 0x0, 0x1, 0xb0,
    0xd4, 0xae, 0x0, 0x0, 0x3c, 0x97, 0x70, 0x3b,
    0xcc, 0xc8, 0x1, 0x0, 0x0, 0x0, 0x0, 0x0,

    /* U+63D2 "插" */
    0x0, 0x0, 0x0, 0x0, 0x0, 0x0, 0x0, 0xd0,
    0x1b, 0xad, 0x94, 0x0, 0x0, 0xd0, 0x0, 0x8,
    0x40, 0x0, 0x3b, 0xfb, 0x0, 0x8, 0x50, 0x0,
    0x16, 0xe6, 0x9c, 0xce, 0xdc, 0xc3, 0x0, 0xd0,
    0x0, 0x38, 0x40, 0x0, 0x0, 0xe5, 0x5d, 0x78,
    0x7c, 0xd0, 0x4c, 0xf6, 0x67, 0x8, 0x40, 0xc0,
    0x0, 0xd0, 0x5d, 0xb8, 0x7c, 0xd0, 0x0, 0xd0,
    0x57, 0x8, 0x40, 0xc0, 0x0, 0xd0, 0x5d, 0xad,
    0xca, 0xd0, 0xc, 0xa0, 0x58, 0x22, 0x22, 0xc0,
    0x0, 0x0, 0x0, 0x0, 0x0, 0x0,

    /* U+63E1 "握" */
    0x2, 0xa0, 0x9c, 0xbb, 0xbb, 0xf0, 0x2, 0xa0,
    0x93, 0x0, 0x0, 0xe0, 0x6d, 0xfc, 0x9e, 0xdd,
    0xdd, 0xf0, 0x15, 0xc3, 0xa4, 0x0, 0x0, 0x0,
    0x2, 0xa0, 0xac, 0xbf, 0xbb, 0xb0, 0x3, 0xc8,
    0xb2, 0x95, 0xa, 0x30, 0x7e, 0xd3, 0xc7, 0xec,
    0xda, 0xb0, 0x2, 0xa0, 0xd0, 0x3, 0xa0, 0x0,
    0x2, 0xa1, 0xc6, 0xbc, 0xeb, 0xb0, 0x2, 0xa6,
    0x80, 0x3, 0xa0, 0x0, 0x4d, 0x7b, 0x5b, 0xbc,
    0xeb, 0xb6, 0x0, 0x0, 0x0, 0x0, 0x0, 0x0,

    /* U+641E "搞" */
    0x0, 0x0, 0x0, 0x0, 0x0, 0x0, 0x0, 0xd0,
    0x0, 0x1b, 0x0, 0x0, 0x0, 0xd0, 0x7a, 0xac,
    0xba, 0xa3, 0x6c, 0xfc, 0x8, 0x99, 0x99, 0x30,
    0x0, 0xd0, 0xc, 0x0, 0xa, 0x50, 0x0, 0xd0,
    0xd, 0xaa, 0xae, 0x50, 0x1, 0xea, 0x24, 0x44,
    0x44, 0x40, 0x7d, 0xe3, 0x99, 0x77, 0x77, 0xe0,
    0x0, 0xd0, 0x93, 0xba, 0xb1, 0xd0, 0x0, 0xd0,
    0x93, 0x90, 0x91, 0xd0, 0x0, 0xd0, 0x93, 0x9a,
    0xa1, 0xd0, 0x2d, 0x90, 0x93, 0x0, 0xa, 0xc0,
    0x0, 0x0, 0x0, 0x0, 0x0, 0x0,

    /* U+642C "搬" */
    0x0, 0x0, 0x0, 0x0, 0x0, 0x0, 0x1, 0xa0,
    0xb, 0x10, 0xeb, 0xb0, 0x1, 0xa0, 0xed, 0xf1,
    0xc0, 0xb0, 0x3d, 0xf8, 0xc4, 0xb1, 0xc0, 0xb0,
    0x1, 0xa0, 0xc9, 0xb8, 0x80, 0xc4, 0x1, 0xa0,
    0xc3, 0xb7, 0x10, 0x33, 0x1, 0xba, 0xfc, 0xe7,
    0xdc, 0xe2, 0x19, 0xe5, 0xc4, 0xb2, 0xb0, 0xc0,
    0x26, 0xa0, 0xb9, 0xb1, 0xa7, 0x90, 0x1, 0xa3,
    0xa2, 0xb1, 0x3f, 0x20, 0x1, 0xa8, 0x50, 0xb1,
    0xbb, 0x90, 0x1c, 0x7b, 0x8, 0xca, 0x40, 0x67,
    0x0, 0x0, 0x0, 0x0, 0x0, 0x0,

    /* U+642D "搭" */
    0x0, 0xd0, 0x5, 0x70, 0x1b, 0x0, 0x0, 0xd0,
    0xbd, 0xdb, 0xce, 0xb4, 0x5d, 0xfd, 0x5, 0x73,
    0x2b, 0x0, 0x0, 0xd0, 0x1, 0x7d, 0x92, 0x0,
    0x0, 0xd1, 0x9, 0x90, 0x6c, 0x20, 0x3, 0xfe,
    0xda, 0xcc, 0xcb, 0xd4, 0x4c, 0xe0, 0x10, 0x0,
    0x0, 0x0, 0x0, 0xd0, 0xe, 0xcc, 0xcd, 0x60,
    0x0, 0xd0, 0xd, 0x0, 0x7, 0x60, 0x0, 0xd0,
    0xd, 0x0, 0x7, 0x60, 0x2d, 0xa0, 0xe, 0xbb,
    0xbd, 0x60, 0x0, 0x0, 0x0, 0x0, 0x0, 0x0,

    /* U+6446 "摆" */
    0x0, 0xd0, 0x8c, 0xeb, 0xeb, 0xf0, 0x0, 0xd0,
    0x83, 0xb0, 0xb0, 0xd0, 0x5d, 0xfd, 0x93, 0xb0,
    0xb0, 0xd0, 0x12, 0xe2, 0x7b, 0xcb, 0xcb, 0xc0,
    0x0, 0xd0, 0x0, 0xc, 0x0, 0x0, 0x0, 0xea,
    0x6c, 0xcf, 0xcc, 0x90, 0x7d, 0xe3, 0x0, 0xd,
    0x0, 0x0, 0x0, 0xd0, 0xcd, 0xdf, 0xdd, 0xd3,
    0x0, 0xd0, 0x3, 0xc0, 0x9, 0x0, 0x0, 0xd0,
    0x2d, 0x44, 0x5b, 0x70, 0x3d, 0x90, 0x9b, 0xa8,
    0x75, 0xb0, 0x0, 0x0, 0x0, 0x0, 0x0, 0x0,

    /* U+6447 "摇" */
    0x0, 0xd0, 0x0, 0x23, 0x68, 0x80, 0x0, 0xd0,
    0x7a, 0x99, 0x64, 0x40, 0x38, 0xe8, 0x39, 0x1b,
    0x7, 0x80, 0x13, 0xd3, 0xa, 0x5, 0xa, 0x0,
    0x0, 0xd0, 0x4e, 0xce, 0xcc, 0xc0, 0x1, 0xea,
    0x82, 0xd, 0x0, 0x0, 0x6d, 0xe2, 0xbc, 0xcf,
    0xcc, 0xc5, 0x0, 0xd0, 0x10, 0xd, 0x0, 0x40,
    0x0, 0xd0, 0x74, 0xd, 0x0, 0xd0, 0x0, 0xd0,
    0x7b, 0x9f, 0x99, 0xd0, 0x2d, 0x90, 0x12, 0x22,
    0x22, 0xd0,

    /* U+644A "摊" */
    0x0, 0x0, 0x0, 0x0, 0x0, 0x0, 0x0, 0xc0,
    0x0, 0x0, 0xa6, 0x0, 0x0, 0xc0, 0x67, 0x54,
    0x67, 0x50, 0x3d, 0xfb, 0x35, 0xab, 0xdd, 0xc5,
    0x0, 0xc0, 0x22, 0xdf, 0xa, 0x0, 0x0, 0xc0,
    0xa5, 0x9a, 0x1b, 0x10, 0x1, 0xeb, 0x3e, 0x49,
    0xce, 0xc2, 0x4b, 0xd1, 0xc, 0x39, 0xa, 0x0,
    0x0, 0xc0, 0x2c, 0x99, 0xce, 0xc3, 0x0, 0xc0,
    0xc4, 0x69, 0xa, 0x0, 0x0, 0xc5, 0x80, 0x9,
    0xbe, 0xb5, 0x2c, 0x90, 0x0, 0x9, 0x21, 0x11,

    /* U+6478 "摸" */
    0x0, 0xc0, 0x11, 0xd1, 0x3c, 0x10, 0x0, 0xc0,
    0x78, 0xf8, 0x9e, 0x84, 0x5d, 0xfd, 0x13, 0xc3,
    0x4b, 0x20, 0x0, 0xc0, 0x3b, 0x55, 0x56, 0xd0,
    0x0, 0xc0, 0x3d, 0xaa, 0xaa, 0xd0, 0x2, 0xea,
    0x5a, 0x33, 0x33, 0xd0, 0x6c, 0xd2, 0x16, 0x6e,
    0x86, 0x50, 0x0, 0xc0, 0xaa, 0xaf, 0xba, 0xa5,
    0x0, 0xc0, 0x11, 0xaa, 0xd3, 0x10, 0x1, 0xc0,
    0x7, 0xd1, 0x3d, 0x30, 0x3d, 0x82, 0xd8, 0x10,
    0x2, 0xb7, 0x0, 0x0, 0x0, 0x0, 0x0, 0x0,

    /* U+6491 "撑" */
    0x0, 0xc0, 0x9, 0xd, 0x7, 0x30, 0x0, 0xc0,
    0x4c, 0x7e, 0x6d, 0x60, 0x38, 0xe6, 0xc5, 0x55,
    0x55, 0xc1, 0x37, 0xd5, 0x7c, 0x99, 0x9f, 0x71,
    0x0, 0xc0, 0x9, 0x77, 0x7b, 0x0, 0x17, 0xfc,
    0x49, 0xab, 0x99, 0x30, 0x68, 0xc0, 0x34, 0x4e,
    0x44, 0x40, 0x0, 0xc0, 0x46, 0x6f, 0x66, 0x60,
    0x0, 0xc1, 0xaa, 0xaf, 0xaa, 0xa4, 0x1, 0xc0,
    0x0, 0xe, 0x0, 0x0, 0x3d, 0x80, 0x4, 0xbc,
    0x0, 0x0,

    /* U+6492 "撒" */
    0x0, 0x10, 0x0, 0x0, 0x0, 0x0, 0x0, 0xc0,
    0x54, 0xb0, 0x94, 0x0, 0x0, 0xc1, 0xdd, 0xe8,
    0xc1, 0x0, 0x3b, 0xfa, 0x54, 0xb0, 0xfc, 0xc5,
    0x2, 0xd4, 0xbb, 0xe9, 0xc0, 0xc0, 0x0, 0xc1,
    0x44, 0x4a, 0xe0, 0xb0, 0x0, 0xd8, 0xcb, 0xcb,
    0x95, 0x90, 0x4d, 0xe4, 0xb6, 0xa6, 0x5c, 0x40,
    0x0, 0xc0, 0xb2, 0x76, 0xf, 0x0, 0x0, 0xc0,
    0xca, 0xc6, 0x3f, 0x20, 0x0, 0xc0, 0xb0, 0x57,
    0xb3, 0xb0, 0x2b, 0xa0, 0xb1, 0xbb, 0x40, 0x47,
    0x0, 0x0, 0x0, 0x0, 0x0, 0x0,

    /* U+6495 "撕" */
    0x0, 0x10, 0x0, 0x0, 0x0, 0x0, 0x0, 0xc0,
    0xa0, 0xa0, 0x28, 0xb1, 0x0, 0xc2, 0xd7, 0xd5,
    0xe3, 0x0, 0x3c, 0xf9, 0xc3, 0xc2, 0xd0, 0x0,
    0x0, 0xc0, 0xaa, 0xe0, 0xe6, 0x63, 0x0, 0xc0,
    0xa0, 0xa0, 0xd6, 0xd3, 0x1, 0xe9, 0xaa, 0xe0,
    0xd0, 0xb0, 0x3d, 0xd1, 0xa0, 0xa0, 0xc0, 0xb0,
    0x0, 0xc5, 0xec, 0xea, 0xb0, 0xb0, 0x0, 0xc0,
    0x62, 0x73, 0x80, 0xb0, 0x0, 0xc0, 0xb0, 0xa9,
    0x50, 0xb0, 0xc, 0x86, 0x40, 0xa, 0x0, 0xb0,
    0x0, 0x0, 0x0, 0x0, 0x0, 0x0,

    /* U+649E "撞" */
    0x0, 0x0, 0x0, 0x0, 0x0, 0x0, 0x0, 0xd0,
    0x0, 0xc, 0x10, 0x0, 0x0, 0xd0, 0x6c, 0xcb,
    0xbe, 0xb1, 0x27, 0xe7, 0x4, 0x90, 0x3a, 0x0,
    0x15, 0xe5, 0xab, 0xbb, 0xbb, 0xb5, 0x0, 0xd0,
    0x2a, 0x7a, 0x88, 0x90, 0x1, 0xfc, 0x4c, 0x8d,
    0x99, 0xc0, 0x4d, 0xd0, 0x3a, 0x2b, 0x32, 0xc0,
    0x0, 0xd0, 0x16, 0x6d, 0x86, 0x50, 0x0, 0xd0,
    0x5b, 0xbe, 0xbb, 0xb0, 0x0, 0xd0, 0x0, 0xb,
    0x20, 0x0, 0x1d, 0x92, 0xbb, 0xbe, 0xcb, 0xb5,

    /* U+64A4 "撤" */
    0x0, 0x0, 0x0, 0x0, 0x0, 0x0, 0x0, 0xc0,
    0x7, 0x50, 0xb, 0x0, 0x0, 0xc1, 0xae, 0xca,
    0x6a, 0x21, 0x2d, 0xfb, 0x3a, 0x35, 0x5b, 0xc9,
    0x0, 0xc0, 0xdb, 0xcb, 0x95, 0x92, 0x0, 0xc0,
    0x63, 0x4, 0xe7, 0xa0, 0x0, 0xd4, 0xca, 0xbb,
    0x6a, 0xb0, 0x2c, 0xe7, 0xc6, 0x7b, 0xa, 0x90,
    0x1, 0xc0, 0xc2, 0x3b, 0x9, 0x50, 0x0, 0xc0,
    0xca, 0xab, 0xd, 0x80, 0x0, 0xc0, 0xc0, 0xb,
    0x75, 0xa2, 0xb, 0xa0, 0xc0, 0xb8, 0x90, 0x18,
    0x0, 0x0, 0x0, 0x0, 0x0, 0x0,

    /* U+64AD "播" */
    0x0, 0x0, 0x0, 0x0, 0x0, 0x0, 0x0, 0xc0,
    0x7a, 0x9e, 0x66, 0x30, 0x0, 0xc0, 0xc, 0xd,
    0x9, 0x50, 0x8e, 0xfe, 0x18, 0x3d, 0xd, 0x0,
    0x13, 0xd2, 0xbc, 0xef, 0xfc, 0xc5, 0x0, 0xc0,
    0x4, 0xbd, 0x8a, 0x0, 0x3, 0xed, 0x8b, 0x1d,
    0x6, 0xc4, 0x9b, 0xd2, 0x9b, 0xab, 0xaa, 0xb3,
    0x0, 0xc0, 0x39, 0xc, 0x0, 0xd0, 0x0, 0xc0,
    0x3d, 0xae, 0xaa, 0xd0, 0x1, 0xc0, 0x39, 0xc,
    0x0, 0xd0, 0x3d, 0x90, 0x3d, 0xaa, 0xaa, 0xc0,
    0x0, 0x0, 0x0, 0x0, 0x0, 0x0,

    /* U+64C5 "擅" */
    0x0, 0x0, 0x0, 0x0, 0x0, 0x0, 0x0, 0xd0,
    0x11, 0x1e, 0x21, 0x10, 0x0, 0xd0, 0x88, 0x88,
    0x88, 0x86, 0x4d, 0xfc, 0xb9, 0x88, 0x88, 0xc4,
    0x0, 0xd0, 0xb1, 0xc8, 0x98, 0x84, 0x0, 0xd0,
    0xb1, 0xb7, 0x87, 0x84, 0x0, 0xea, 0xa9, 0x99,
    0x99, 0xb4, 0x4d, 0xe2, 0x38, 0x88, 0x88, 0x70,
    0x0, 0xd0, 0x5a, 0x44, 0x45, 0xc0, 0x0, 0xd0,
    0x5a, 0x44, 0x45, 0xc0, 0x0, 0xd0, 0x38, 0x88,
    0x88, 0x60, 0xb, 0xa4, 0xbb, 0xbb, 0xbb, 0xba,
    0x0, 0x0, 0x0, 0x0, 0x0, 0x0,

    /* U+64E6 "擦" */
    0x0, 0x0, 0x0, 0x0, 0x0, 0x0, 0x0, 0xc0,
    0x0, 0xc, 0x0, 0x0, 0x0, 0xc0, 0x9b, 0xbc,
    0xbb, 0xd2, 0x39, 0xe8, 0x6a, 0x98, 0xa8, 0xd1,
    0x0, 0xc0, 0x48, 0x64, 0xc5, 0x70, 0x0, 0xc0,
    0x75, 0xc0, 0x5d, 0x0, 0x1, 0xeb, 0x1e, 0xb9,
    0x9c, 0x70, 0x4d, 0xe1, 0xb5, 0x12, 0x21, 0xb3,
    0x0, 0xc0, 0x3b, 0xbd, 0xcb, 0x70, 0x0, 0xc0,
    0x8, 0xc, 0x8, 0x0, 0x0, 0xc0, 0x78, 0xc,
    0x5, 0xa0, 0xa, 0x90, 0x60, 0xac, 0x0, 0x60,

    /* U+652F "支" */
    0x0, 0x0, 0x7, 0x60, 0x0, 0x0, 0x0, 0x0,
    0x8, 0x70, 0x0, 0x0, 0x1d, 0xdd, 0xde, 0xed,
    0xdd, 0xd0, 0x0, 0x0, 0x7, 0x60, 0x0, 0x0,
    0x6, 0xbb, 0xbd, 0xdb, 0xb9, 0x0, 0x1, 0x6c,
    0x22, 0x22, 0xa8, 0x0, 0x0, 0xb, 0x60, 0x4,
    0xd0, 0x0, 0x0, 0x1, 0xc7, 0x6d, 0x20, 0x0,
    0x0, 0x0, 0x5f, 0xf6, 0x0, 0x0, 0x15, 0x9d,
    0xa3, 0x4b, 0xe9, 0x62, 0x39, 0x51, 0x0, 0x0,
    0x15, 0x82,

    /* U+6536 "收" */
    0x0, 0x0, 0x0, 0x1, 0x0, 0x0, 0x0, 0x0,
    0xe0, 0x2d, 0x0, 0x0, 0xc, 0x0, 0xe0, 0x69,
    0x0, 0x0, 0xe, 0x0, 0xe0, 0xae, 0xdd, 0xd7,
    0xe, 0x0, 0xe2, 0xf3, 0x5, 0x80, 0xe, 0x0,
    0xea, 0xc9, 0x9, 0x40, 0xe, 0x0, 0xe8, 0xd,
    0xd, 0x10, 0xe, 0x2, 0xe0, 0x7, 0x9a, 0x0,
    0x1f, 0xdc, 0xe0, 0x1, 0xf3, 0x0, 0x18, 0x20,
    0xe0, 0x8, 0xda, 0x0, 0x0, 0x0, 0xe0, 0x9b,
    0xa, 0xa0, 0x0, 0x0, 0xe7, 0x80, 0x0, 0x85,

    /* U+6539 "改" */
    0x0, 0x0, 0x0, 0x0, 0x0, 0x0, 0x3, 0x33,
    0x30, 0x2b, 0x0, 0x0, 0xa, 0xaa, 0xf0, 0x78,
    0x0, 0x0, 0x0, 0x0, 0xd0, 0xbe, 0xdd, 0xd3,
    0x0, 0x0, 0xd3, 0xf2, 0x9, 0x50, 0xd, 0xee,
    0xfc, 0xc7, 0xd, 0x10, 0xe, 0x0, 0x6, 0x1d,
    0x1d, 0x0, 0xe, 0x0, 0x0, 0xb, 0xb7, 0x0,
    0xe, 0x0, 0x20, 0x5, 0xf0, 0x0, 0xe, 0x6c,
    0xc0, 0x1d, 0xd7, 0x0, 0x2f, 0x92, 0x4, 0xd6,
    0x1d, 0x80, 0x1, 0x0, 0xb, 0x30, 0x0, 0x92,

    /* U+653B "攻" */
    0x0, 0x0, 0x0, 0x0, 0x0, 0x0, 0x0, 0x0,
    0x0, 0xa4, 0x0, 0x0, 0x49, 0x99, 0x91, 0xe0,
    0x0, 0x0, 0x24, 0xc6, 0x45, 0xfd, 0xdd, 0xd7,
    0x0, 0xb2, 0xd, 0x90, 0x9, 0x50, 0x0, 0xb2,
    0x7b, 0xd0, 0xd, 0x10, 0x0, 0xb2, 0x61, 0xa3,
    0x3c, 0x0, 0x0, 0xb3, 0x21, 0x4b, 0xb4, 0x0,
    0x26, 0xee, 0xa2, 0xc, 0xc0, 0x0, 0x58, 0x30,
    0x0, 0x6d, 0xe3, 0x0, 0x0, 0x0, 0x3b, 0xc1,
    0x3e, 0x70, 0x0, 0x1, 0xc5, 0x0, 0x1, 0xa5,

    /* U+653E "放" */
    0x0, 0x0, 0x0, 0x0, 0x0, 0x0, 0x0, 0x49,
    0x0, 0xc, 0x30, 0x0, 0x2, 0x2b, 0x22, 0xe,
    0x0, 0x0, 0x4b, 0xfb, 0xba, 0x4f, 0xdd, 0xd7,
    0x0, 0xd0, 0x0, 0xba, 0x5, 0x80, 0x0, 0xfd,
    0xd9, 0xdd, 0x8, 0x50, 0x0, 0xd0, 0x89, 0x49,
    0x3d, 0x10, 0x1, 0xb0, 0x85, 0x4, 0xbb, 0x0,
    0x3, 0x90, 0x94, 0x0, 0xf4, 0x0, 0x7, 0x60,
    0x93, 0x7, 0xea, 0x0, 0xd, 0x10, 0xb2, 0x7c,
    0x1c, 0x80, 0x67, 0x2c, 0xc8, 0xa1, 0x1, 0xb6,
    0x0, 0x0, 0x0, 0x0, 0x0, 0x0,

    /* U+6545 "故" */
    0x0, 0x2c, 0x0, 0xd, 0x0, 0x0, 0x0, 0x2c,
    0x0, 0x3b, 0x0, 0x0, 0x4c, 0xcf, 0xcb, 0x7e,
    0xdd, 0xd7, 0x0, 0x3c, 0x1, 0xe6, 0x5, 0x80,
    0x0, 0x2c, 0x9, 0xba, 0x9, 0x40, 0xa, 0xdf,
    0xd9, 0x1d, 0xd, 0x10, 0xd, 0x0, 0x67, 0x9,
    0x9a, 0x0, 0xd, 0x0, 0x67, 0x3, 0xf3, 0x0,
    0xd, 0x0, 0x67, 0x9, 0xf7, 0x0, 0xd, 0xdd,
    0xd9, 0xba, 0x1c, 0x80, 0x3, 0x0, 0xa, 0x40,
    0x0, 0x84,

    /* U+6548 "效" */
    0x0, 0x0, 0x0, 0x0, 0x0, 0x0, 0x0, 0x58,
    0x0, 0x6, 0x70, 0x0, 0x15, 0x5d, 0x55, 0xa,
    0x40, 0x0, 0x27, 0x87, 0x87, 0x1d, 0xdd, 0xe6,
    0x5, 0x90, 0xa4, 0x3b, 0x3, 0xa0, 0xd, 0x10,
    0x4c, 0xbd, 0x6, 0x60, 0x57, 0x82, 0xc2, 0xbb,
    0x2b, 0x20, 0x0, 0x9d, 0x50, 0x5, 0x9c, 0x0,
    0x0, 0x2f, 0x60, 0x0, 0xe5, 0x0, 0x0, 0xc4,
    0xd3, 0x5, 0xea, 0x0, 0x1c, 0x60, 0x33, 0x6c,
    0x1a, 0x90, 0x24, 0x0, 0x6, 0x90, 0x0, 0x95,

    /* U+654C "敌" */
    0x0, 0x0, 0x10, 0x2, 0x0, 0x0, 0x16, 0x9c,
    0xc3, 0xb, 0x30, 0x0, 0x6, 0x6a, 0x0, 0xe,
    0x0, 0x0, 0x0, 0x3a, 0x0, 0x2f, 0xdd, 0xe6,
    0x6d, 0xef, 0xdd, 0x9b, 0x5, 0x70, 0x0, 0x3a,
    0x1, 0xed, 0x8, 0x40, 0x0, 0x3a, 0x1, 0x58,
    0x5b, 0x10, 0x1d, 0xdf, 0xd7, 0x2, 0xbc, 0x0,
    0x1b, 0x0, 0x59, 0x0, 0xc7, 0x0, 0x1b, 0x0,
    0x59, 0x3, 0xed, 0x0, 0x1f, 0xcc, 0xd9, 0x6e,
    0x39, 0xc1, 0x1b, 0x0, 0x27, 0xd3, 0x0, 0xa3,
    0x0, 0x0, 0x0, 0x0, 0x0, 0x0,

    /* U+6551 "救" */
    0x0, 0x9, 0x59, 0x4, 0x90, 0x0, 0x1, 0x1a,
    0x46, 0x47, 0x60, 0x0, 0x2b, 0xbe, 0xcb, 0x7a,
    0xed, 0xd6, 0x3, 0x9, 0x35, 0x3f, 0x1, 0xa0,
    0x7, 0x79, 0x8b, 0x8f, 0x44, 0x70, 0x0, 0xaa,
    0xd0, 0x95, 0x98, 0x40, 0x0, 0x2e, 0xe3, 0x0,
    0xcc, 0x0, 0x5, 0xcc, 0x6d, 0x40, 0x9a, 0x0,
    0x2b, 0x19, 0x31, 0x11, 0xdd, 0x0, 0x0, 0xa,
    0x30, 0x2c, 0x68, 0xa0, 0x0, 0xcd, 0x10, 0xd5,
    0x0, 0x94, 0x0, 0x0, 0x0, 0x0, 0x0, 0x0,

    /* U+6559 "教" */
    0x0, 0xa2, 0x7, 0x2a, 0x30, 0x0, 0x2c, 0xec,
    0xbc, 0xe, 0x0, 0x0, 0x0, 0xa2, 0xb4, 0x3f,
    0xdd, 0xd7, 0x9c, 0xed, 0xfc, 0xbb, 0x5, 0x90,
    0x0, 0x3d, 0x12, 0xee, 0x8, 0x60, 0xb, 0xeb,
    0xf9, 0x6b, 0x4c, 0x20, 0x7b, 0x2a, 0x40, 0x5,
    0xbc, 0x0, 0x23, 0x6c, 0x89, 0x10, 0xf5, 0x0,
    0x79, 0x9c, 0x42, 0x7, 0xfa, 0x0, 0x0, 0x2a,
    0x0, 0x8c, 0x1c, 0x80, 0x6, 0xc7, 0x9, 0x80,
    0x1, 0xa5, 0x0, 0x0, 0x0, 0x0, 0x0, 0x0,

    /* U+6562 "敢" */
    0x0, 0x0, 0x0, 0x2, 0x60, 0x0, 0x6, 0xcc,
    0xd9, 0x6, 0x90, 0x0, 0x0, 0x0, 0x66, 0x9,
    0x60, 0x0, 0x19, 0x99, 0xdb, 0x6d, 0xee, 0xea,
    0x5, 0xb3, 0x5c, 0x7f, 0x2, 0xb0, 0x3, 0xea,
    0xba, 0xbe, 0x25, 0x80, 0x3, 0xa0, 0x3a, 0x76,
    0x68, 0x50, 0x3, 0xeb, 0xba, 0x1, 0xcd, 0x0,
    0x3, 0xa0, 0x2b, 0x0, 0xb9, 0x0, 0x17, 0xda,
    0xdf, 0x71, 0xdd, 0x0, 0x29, 0x63, 0x3a, 0x1c,
    0x67, 0xc1, 0x0, 0x0, 0x2a, 0xa6, 0x0, 0x69,
    0x0, 0x0, 0x0, 0x0, 0x0, 0x0,

    /* U+6563 "散" */
    0x0, 0x0, 0x0, 0x0, 0x0, 0x0, 0x5, 0x70,
    0xd0, 0xc, 0x30, 0x0, 0x5b, 0xc9, 0xe9, 0x1e,
    0x0, 0x0, 0x16, 0x81, 0xd1, 0x3f, 0xdd, 0xd7,
    0x5a, 0xb7, 0xe7, 0x9b, 0x5, 0x90, 0x35, 0x55,
    0x56, 0xfe, 0x8, 0x50, 0xc, 0xbb, 0xc8, 0x79,
    0x4c, 0x20, 0xd, 0x44, 0x96, 0x3, 0xcc, 0x0,
    0xd, 0x55, 0xa6, 0x0, 0xe5, 0x0, 0xe, 0xbb,
    0xd6, 0x6, 0xeb, 0x0, 0xd, 0x0, 0x67, 0x7d,
    0x1b, 0x90, 0xd, 0x6, 0xd8, 0xa1, 0x0, 0xa5,
    0x0, 0x0, 0x0, 0x0, 0x0, 0x0,

    /* U+656C "敬" */
    0x0, 0xa2, 0x84, 0x6, 0x60, 0x0, 0x2b, 0xec,
    0xdd, 0x8a, 0x40, 0x0, 0x0, 0xb1, 0x74, 0xe,
    0xdd, 0xd6, 0x5, 0xe8, 0x88, 0x7c, 0x4, 0xa0,
    0xc, 0x53, 0x3a, 0xfe, 0x17, 0x70, 0x4e, 0xbc,
    0x4a, 0x78, 0x5a, 0x30, 0x7, 0x35, 0x5b, 0x23,
    0xad, 0x0, 0x7, 0x35, 0x5c, 0x10, 0xd8, 0x0,
    0x7, 0xcb, 0x4d, 0x2, 0xea, 0x0, 0x1, 0x0,
    0xd, 0x3d, 0x4a, 0x80, 0x0, 0x9, 0xd8, 0xd3,
    0x0, 0xa6, 0x0, 0x0, 0x0, 0x0, 0x0, 0x0,

    /* U+6570 "数" */
    0x6, 0x2b, 0x27, 0xa, 0x0, 0x0, 0x9, 0x3b,
    0x82, 0xd, 0x0, 0x0, 0x7b, 0xdf, 0xcb, 0x4f,
    0xdd, 0xd2, 0x2, 0xde, 0xb2, 0x8b, 0x9, 0x30,
    0x4c, 0x4b, 0x27, 0xdd, 0xc, 0x0, 0x31, 0x54,
    0x3, 0x79, 0x5c, 0x0, 0x4c, 0xec, 0xc7, 0x4,
    0xd7, 0x0, 0x8, 0x60, 0xb3, 0x0, 0xf2, 0x0,
    0x5, 0xbb, 0x90, 0x9, 0xca, 0x0, 0x3, 0xb9,
    0xc2, 0x9a, 0xa, 0x90, 0x69, 0x20, 0x8, 0x70,
    0x0, 0x82,

    /* U+6572 "敲" */
    0x0, 0xb, 0x20, 0x0, 0xd0, 0x0, 0x2a, 0xac,
    0xca, 0x80, 0xd7, 0x73, 0x2, 0x99, 0x97, 0x0,
    0xd3, 0x31, 0x4, 0x80, 0x1c, 0x0, 0xe0, 0x0,
    0x4, 0xda, 0xac, 0x6f, 0xdd, 0xf1, 0x4, 0x55,
    0x55, 0x1a, 0x11, 0xd0, 0xd, 0x55, 0x59, 0x54,
    0x77, 0x90, 0xc, 0x79, 0xb6, 0x50, 0xcd, 0x10,
    0xc, 0x71, 0x96, 0x50, 0xab, 0x0, 0xc, 0x79,
    0x76, 0x68, 0xbb, 0x70, 0xc, 0x0, 0x6b, 0x98,
    0x0, 0x86,

    /* U+6574 "整" */
    0x0, 0x0, 0x0, 0x0, 0x0, 0x0, 0x1a, 0xae,
    0xaa, 0x28, 0x50, 0x0, 0x1, 0x1c, 0x11, 0xe,
    0xcb, 0xb7, 0xc, 0x8e, 0x8d, 0xae, 0x17, 0x70,
    0xc, 0x9e, 0x9d, 0x43, 0xbc, 0x0, 0x0, 0x8f,
    0xa3, 0x3, 0xeb, 0x10, 0x1b, 0x5c, 0x6, 0x8c,
    0x25, 0xd6, 0x4, 0x69, 0x66, 0x86, 0x66, 0x61,
    0x3, 0x77, 0x7a, 0xc7, 0x77, 0x60, 0x0, 0x37,
    0x5, 0xdb, 0xba, 0x0, 0x0, 0x48, 0x5, 0x80,
    0x0, 0x0, 0x2c, 0xde, 0xcd, 0xec, 0xcc, 0xc8,

    /* U+6587 "文" */
    0x0, 0x0, 0x0, 0x0, 0x0, 0x0, 0x0, 0x0,
    0x7, 0x90, 0x0, 0x0, 0x0, 0x0, 0x1, 0xd0,
    0x0, 0x0, 0x2e, 0xef, 0xee, 0xee, 0xef, 0xe9,
    0x0, 0x1d, 0x0, 0x0, 0x88, 0x0, 0x0, 0x8,
    0x70, 0x1, 0xe1, 0x0, 0x0, 0x1, 0xd2, 0x9,
    0x80, 0x0, 0x0, 0x0, 0x4d, 0x6c, 0x0, 0x0,
    0x0, 0x0, 0xa, 0xf3, 0x0, 0x0, 0x0, 0x1,
    0xbb, 0x7e, 0x50, 0x0, 0x3, 0x9e, 0x60, 0x2,
    0xcd, 0x71, 0x1c, 0x60, 0x0, 0x0, 0x3, 0x97,

    /* U+6597 "斗" */
    0x0, 0x1, 0x0, 0xb, 0x30, 0x0, 0x0, 0x2d,
    0x91, 0xb, 0x30, 0x0, 0x0, 0x0, 0x6b, 0xb,
    0x30, 0x0, 0x3, 0x30, 0x0, 0xb, 0x30, 0x0,
    0x3, 0xcb, 0x20, 0xb, 0x30, 0x0, 0x0, 0x5,
    0x80, 0xb, 0x30, 0x0, 0x0, 0x0, 0x0, 0x1c,
    0x88, 0xa0, 0x26, 0x8a, 0xde, 0xce, 0x95, 0x30,
    0x48, 0x53, 0x10, 0xb, 0x30, 0x0, 0x0, 0x0,
    0x0, 0xb, 0x30, 0x0, 0x0, 0x0, 0x0, 0xb,
    0x30, 0x0,

    /* U+6599 "料" */
    0x0, 0x0, 0x0, 0x0, 0x0, 0x0, 0x1, 0x93,
    0x20, 0x0, 0xd, 0x0, 0x28, 0x93, 0xb0, 0xb7,
    0xd, 0x0, 0xb, 0x95, 0x80, 0x9, 0x2d, 0x0,
    0x5, 0x96, 0x20, 0x0, 0xd, 0x0, 0x8d, 0xfe,
    0xd6, 0xb2, 0xd, 0x0, 0x1, 0xf9, 0x0, 0x38,
    0xd, 0x0, 0x8, 0xcb, 0x50, 0x0, 0xe, 0x52,
    0x2c, 0x94, 0xa6, 0xad, 0xdf, 0x72, 0xa4, 0x93,
    0x4, 0x30, 0xd, 0x0, 0x20, 0x93, 0x0, 0x0,
    0xd, 0x0, 0x0, 0x93, 0x0, 0x0, 0xd, 0x0,

    /* U+65AD "断" */
    0x0, 0x0, 0x0, 0x0, 0x0, 0xc, 0x40, 0xc3,
    0x23, 0x7a, 0xa2, 0xc7, 0x3c, 0x91, 0xe5, 0x10,
    0xc, 0x36, 0xc8, 0xd, 0x0, 0x0, 0xc6, 0x7e,
    0x73, 0xd0, 0x0, 0xc, 0x48, 0xf6, 0x2f, 0xdf,
    0xda, 0xc0, 0xbe, 0x90, 0xd0, 0xc0, 0xc, 0x77,
    0xc8, 0x3c, 0xc, 0x0, 0xc9, 0xc, 0x2, 0xb0,
    0xc0, 0xc, 0x0, 0x70, 0x59, 0xc, 0x0, 0xcc,
    0xcc, 0xcb, 0x50, 0xc0, 0x0, 0x0, 0x0, 0xc0,
    0xc, 0x0, 0x0, 0x0, 0x0, 0x0, 0x0, 0x0,

    /* U+65B0 "新" */
    0x0, 0x0, 0x0, 0x0, 0x0, 0x0, 0x0, 0x3a,
    0x0, 0x1, 0x59, 0x90, 0x3b, 0xce, 0xcb, 0x6c,
    0x74, 0x0, 0x5, 0x50, 0x92, 0x66, 0x0, 0x0,
    0x3, 0x91, 0xd0, 0x66, 0x0, 0x0, 0x5b, 0xbf,
    0xbb, 0x9e, 0xdf, 0xd6, 0x0, 0xd, 0x0, 0x65,
    0xd, 0x0, 0x5c, 0xcf, 0xcc, 0x84, 0xd, 0x0,
    0x6, 0x2d, 0x61, 0x83, 0xd, 0x0, 0x1d, 0xd,
    0x39, 0xb1, 0xd, 0x0, 0x45, 0xd, 0x6, 0xc0,
    0xd, 0x0, 0x0, 0xba, 0x4, 0x60, 0xd, 0x0,

    /* U+65B9 "方" */
    0x0, 0x0, 0x0, 0x0, 0x0, 0x0, 0x0, 0x0,
    0x8, 0x70, 0x0, 0x0, 0x0, 0x0, 0x2, 0xc0,
    0x0, 0x0, 0x2d, 0xdd, 0xfe, 0xdd, 0xdd, 0xd3,
    0x0, 0x0, 0xf0, 0x0, 0x0, 0x0, 0x0, 0x0,
    0xf0, 0x0, 0x0, 0x0, 0x0, 0x3, 0xfd, 0xdd,
    0xdf, 0x0, 0x0, 0x6, 0x90, 0x0, 0xe, 0x0,
    0x0, 0xc, 0x40, 0x0, 0xd, 0x0, 0x0, 0x5d,
    0x0, 0x0, 0x3b, 0x0, 0x5, 0xe3, 0x0, 0x0,
    0x78, 0x0, 0x3d, 0x30, 0x2, 0xdd, 0xd2, 0x0,
    0x0, 0x0, 0x0, 0x0, 0x0, 0x0,

    /* U+65C1 "旁" */
    0x0, 0x0, 0x0, 0x0, 0x0, 0x0, 0x0, 0x0,
    0x5, 0xb0, 0x0, 0x0, 0x9, 0xcd, 0xdc, 0xcc,
    0xdc, 0xc2, 0x0, 0x6, 0xa0, 0x2, 0xd0, 0x0,
    0xa, 0xcc, 0xfc, 0xce, 0xec, 0xc2, 0xc, 0x0,
    0x3, 0x50, 0x0, 0xa3, 0x1a, 0x77, 0x78, 0xf7,
    0x77, 0x95, 0x4, 0x44, 0xe5, 0x44, 0x44, 0x42,
    0x0, 0x1, 0xfb, 0xbb, 0xbb, 0x10, 0x0, 0x9,
    0x50, 0x0, 0xe, 0x0, 0x1, 0x9a, 0x0, 0x0,
    0x2d, 0x0, 0x2d, 0x70, 0x0, 0x5c, 0xd6, 0x0,
    0x0, 0x0, 0x0, 0x0, 0x0, 0x0,

    /* U+65C5 "旅" */
    0x0, 0xb1, 0x0, 0x85, 0x0, 0x0, 0x0, 0x64,
    0x0, 0xe7, 0x55, 0x50, 0x8e, 0xed, 0xd9, 0xb7,
    0x78, 0x91, 0x4, 0x80, 0x1c, 0x47, 0xab, 0x50,
    0x5, 0xed, 0x90, 0xe4, 0xc0, 0x20, 0x6, 0x72,
    0xa0, 0xd0, 0xc6, 0xb0, 0x7, 0x52, 0xa0, 0xd0,
    0x9b, 0x0, 0x9, 0x33, 0x90, 0xd0, 0x59, 0x0,
    0xc, 0x4, 0x80, 0xd0, 0x1d, 0x0, 0x3a, 0x6,
    0x70, 0xea, 0x97, 0xb0, 0xa2, 0x8d, 0x34, 0xc4,
    0x0, 0x91, 0x0, 0x0, 0x0, 0x0, 0x0, 0x0,

    /* U+65CB "旋" */
    0x0, 0xa0, 0x0, 0xa4, 0x0, 0x0, 0x0, 0x94,
    0x1, 0xf7, 0x66, 0x61, 0x9e, 0xed, 0xdb, 0xa6,
    0x66, 0x61, 0x6, 0x60, 0x1d, 0x76, 0x66, 0x61,
    0x6, 0xed, 0x81, 0x34, 0xc3, 0xc0, 0x7, 0x53,
    0x91, 0x70, 0xb0, 0x60, 0x9, 0x33, 0x93, 0xb0,
    0xeb, 0xb0, 0xa, 0x14, 0x84, 0xb0, 0xc0, 0x0,
    0xd, 0x5, 0x77, 0xf2, 0xb0, 0x0, 0x49, 0x7,
    0x6c, 0x5d, 0xb0, 0x0, 0xa2, 0xad, 0x59, 0x5,
    0xdd, 0xd4, 0x0, 0x0, 0x0, 0x0, 0x0, 0x0,

    /* U+65D7 "旗" */
    0x0, 0x0, 0x0, 0x0, 0x0, 0x0, 0x0, 0xb1,
    0x3, 0x90, 0x0, 0x0, 0x0, 0x66, 0xa, 0xdb,
    0xbb, 0xb8, 0x3d, 0xfc, 0xcb, 0x51, 0x12, 0x40,
    0x2, 0xa0, 0x26, 0xe9, 0x9b, 0xd5, 0x3, 0xfd,
    0x90, 0xc6, 0x67, 0xa0, 0x3, 0x91, 0xb0, 0xc4,
    0x46, 0xa0, 0x4, 0x72, 0xa0, 0xc9, 0x9b, 0xa0,
    0x6, 0x52, 0xa0, 0xd0, 0x2, 0xa0, 0x9, 0x23,
    0x9b, 0xcc, 0xbc, 0xba, 0xb, 0x5, 0x70, 0x96,
    0x9, 0x60, 0x37, 0x7d, 0x38, 0x80, 0x0, 0xa5,
    0x0, 0x0, 0x0, 0x0, 0x0, 0x0,

    /* U+65E0 "无" */
    0x5, 0xee, 0xee, 0xfe, 0xee, 0xd0, 0x0, 0x0,
    0x7, 0x60, 0x0, 0x0, 0x0, 0x0, 0x8, 0x50,
    0x0, 0x0, 0x0, 0x0, 0x9, 0x40, 0x0, 0x0,
    0x2d, 0xdd, 0xdf, 0xed, 0xdd, 0xd8, 0x0, 0x0,
    0xe, 0xa4, 0x0, 0x0, 0x0, 0x0, 0x4a, 0xa4,
    0x0, 0x0, 0x0, 0x0, 0xc3, 0xa4, 0x0, 0x0,
    0x0, 0x8, 0xa0, 0xa4, 0x0, 0x28, 0x0, 0x8c,
    0x0, 0xa4, 0x0, 0x49, 0x1d, 0x80, 0x0, 0x5e,
    0xee, 0xe4, 0x1, 0x0, 0x0, 0x0, 0x0, 0x0,

    /* U+65E5 "日" */
    0x0, 0x0, 0x0, 0x0, 0xed, 0xdd, 0xdd, 0xdf,
    0xe0, 0x0, 0x0, 0xf, 0xe0, 0x0, 0x0, 0xf,
    0xe0, 0x0, 0x0, 0xf, 0xee, 0xee, 0xee, 0xef,
    0xe0, 0x0, 0x0, 0xf, 0xe0, 0x0, 0x0, 0xf,
    0xe0, 0x0, 0x0, 0xf, 0xee, 0xee, 0xee, 0xef,
    0xe0, 0x0, 0x0, 0xe,

    /* U+65E7 "旧" */
    0xd1, 0x0, 0x0, 0x0, 0x0, 0xd1, 0xf, 0xcc,
    0xcc, 0xf3, 0xd1, 0xe, 0x0, 0x0, 0xb3, 0xd1,
    0xe, 0x0, 0x0, 0xb3, 0xd1, 0xe, 0x0, 0x0,
    0xb3, 0xd1, 0xf, 0xdd, 0xdd, 0xf3, 0xd1, 0xe,
    0x0, 0x0, 0xb3, 0xd1, 0xe, 0x0, 0x0, 0xb3,
    0xd1, 0xe, 0x0, 0x0, 0xb3, 0xd1, 0xf, 0xdd,
    0xdd, 0xf3, 0xd1, 0xe, 0x0, 0x0, 0xa3,

    /* U+65E9 "早" */
    0x0, 0xec, 0xcc, 0xcc, 0xce, 0x50, 0x0, 0xd0,
    0x0, 0x0, 0x9, 0x50, 0x0, 0xea, 0xaa, 0xaa,
    0xad, 0x50, 0x0, 0xe1, 0x11, 0x11, 0x1a, 0x50,
    0x0, 0xe2, 0x22, 0x22, 0x2a, 0x50, 0x0, 0xaa,
    0xac, 0xea, 0xaa, 0x30, 0x0, 0x0, 0x4, 0xa0,
    0x0, 0x0, 0x3d, 0xdd, 0xde, 0xfd, 0xdd, 0xd9,
    0x0, 0x0, 0x4, 0xa0, 0x0, 0x0, 0x0, 0x0,
    0x4, 0xa0, 0x0, 0x0, 0x0, 0x0, 0x4, 0xa0,
    0x0, 0x0,

    /* U+65F6 "时" */
    0x22, 0x21, 0x0, 0x0, 0xe0, 0xf, 0x99, 0xd0,
    0x0, 0xe, 0x0, 0xd0, 0xd, 0x8e, 0xee, 0xfe,
    0x6d, 0x0, 0xd0, 0x0, 0xe, 0x0, 0xfc, 0xcd,
    0x1b, 0x0, 0xe0, 0xd, 0x0, 0xd0, 0x96, 0xe,
    0x0, 0xd0, 0xd, 0x1, 0xd0, 0xe0, 0xd, 0x0,
    0xd0, 0x4, 0xe, 0x0, 0xfd, 0xdb, 0x0, 0x0,
    0xe0, 0x9, 0x0, 0x0, 0x0, 0xe, 0x0, 0x0,
    0x0, 0x1, 0xee, 0xa0, 0x0,

    /* U+65F7 "旷" */
    0x0, 0x0, 0x0, 0x44, 0x0, 0xf, 0xdf, 0x0,
    0x2, 0xc0, 0x0, 0xd0, 0xc0, 0xcd, 0xdd, 0xdd,
    0x4d, 0xc, 0xc, 0x10, 0x0, 0x0, 0xfd, 0xf0,
    0xc1, 0x0, 0x0, 0xd, 0xc, 0xd, 0x0, 0x0,
    0x0, 0xd0, 0xc0, 0xd0, 0x0, 0x0, 0xd, 0xc,
    0xd, 0x0, 0x0, 0x0, 0xfd, 0xd4, 0xa0, 0x0,
    0x0, 0x8, 0x0, 0xb5, 0x0, 0x0, 0x0, 0x0,
    0x1b, 0x0, 0x0, 0x0, 0x0, 0x0, 0x0, 0x0,
    0x0, 0x0,

    /* U+660E "明" */
    0xfd, 0xde, 0xe, 0xdd, 0xdf, 0xd0, 0xd, 0xd,
    0x0, 0xe, 0xd0, 0xd, 0xd, 0x0, 0xe, 0xd0,
    0xd, 0xe, 0x99, 0x9f, 0xfc, 0xce, 0xe, 0x66,
    0x6e, 0xd0, 0xd, 0xe, 0x0, 0xe, 0xd0, 0xd,
    0x1f, 0x99, 0x9f, 0xfd, 0xdc, 0x4a, 0x11, 0x1e,
    0x30, 0x0, 0xa4, 0x0, 0xe, 0x0, 0x4, 0xd0,
    0x0, 0xe, 0x0, 0xd, 0x20, 0x9, 0xdb, 0x0,
    0x0, 0x0, 0x0, 0x0,

    /* U+660F "昏" */
    0x0, 0x1, 0x23, 0x56, 0x80, 0x0, 0xfb, 0xaa,
    0xe7, 0x53, 0x0, 0xe, 0x0, 0xe, 0x0, 0x0,
    0x0, 0xfa, 0xaa, 0xfb, 0xaa, 0xa2, 0xe, 0x11,
    0x14, 0xe2, 0x11, 0x1, 0xf6, 0x8a, 0x8, 0xc1,
    0x63, 0x6a, 0x64, 0x10, 0x7, 0xed, 0x10, 0xac,
    0xbb, 0xbb, 0xbc, 0x0, 0xb, 0x20, 0x0, 0x1,
    0xd0, 0x0, 0xbb, 0xaa, 0xaa, 0xbd, 0x0, 0xb,
    0x30, 0x0, 0x2, 0xd0, 0x0, 0xbb, 0xaa, 0xaa,
    0xad, 0x0,

    /* U+6613 "易" */
    0x0, 0xec, 0xcc, 0xcc, 0xce, 0x0, 0xe, 0x0,
    0x0, 0x0, 0xe0, 0x0, 0xeb, 0xbb, 0xbb, 0xbe,
    0x0, 0xe, 0x0, 0x0, 0x0, 0xe0, 0x0, 0xeb,
    0xbb, 0xbb, 0xbe, 0x0, 0x1, 0xd2, 0x0, 0x0,
    0x0, 0x1, 0xce, 0xde, 0xde, 0xdd, 0x93, 0xd5,
    0xc, 0x40, 0xd0, 0x49, 0x12, 0x9, 0x70, 0x87,
    0x6, 0x70, 0x1b, 0x80, 0x5c, 0x0, 0xa4, 0x4,
    0x50, 0x1c, 0x17, 0xcc, 0x0, 0x0, 0x0, 0x0,
    0x0, 0x0,

    /* U+661F "星" */
    0x0, 0xfb, 0xbb, 0xbb, 0xbf, 0x0, 0x0, 0xd0,
    0x0, 0x0, 0xe, 0x0, 0x0, 0xfa, 0xaa, 0xaa,
    0xaf, 0x0, 0x0, 0xd0, 0x0, 0x0, 0xe, 0x0,
    0x0, 0xbb, 0xbb, 0xbb, 0xbb, 0x0, 0x0, 0x75,
    0x5, 0x50, 0x0, 0x0, 0x4, 0xdc, 0xcd, 0xec,
    0xcc, 0x60, 0x2d, 0x10, 0x7, 0x70, 0x0, 0x0,
    0x0, 0x9b, 0xbd, 0xdb, 0xbb, 0x0, 0x0, 0x0,
    0x7, 0x70, 0x0, 0x0, 0x2c, 0xcc, 0xce, 0xec,
    0xcc, 0xc3,

    /* U+6620 "映" */
    0x11, 0x10, 0x0, 0x1b, 0x0, 0xf, 0xbf, 0x0,
    0x1, 0xb0, 0x0, 0xd0, 0xd0, 0xdd, 0xdf, 0xdf,
    0xd, 0xd, 0xd, 0x1, 0xb0, 0xd0, 0xe8, 0xe0,
    0xd0, 0x2b, 0xd, 0xd, 0x4e, 0xd, 0x2, 0xa0,
    0xd0, 0xd0, 0xd8, 0xdd, 0xef, 0xdd, 0x9d, 0xd,
    0x0, 0xa, 0xd4, 0x0, 0xfd, 0xd0, 0x5, 0xd2,
    0xc0, 0x8, 0x0, 0x18, 0xc1, 0x8, 0xa0, 0x0,
    0xb, 0x70, 0x0, 0x7, 0x70,

    /* U+6625 "春" */
    0x0, 0x0, 0x1, 0x20, 0x0, 0x0, 0x2, 0x55,
    0x5a, 0xa5, 0x55, 0x40, 0x3, 0x77, 0x7e, 0x87,
    0x77, 0x60, 0x1, 0xaa, 0xaf, 0xba, 0xaa, 0x60,
    0x0, 0x11, 0x88, 0x11, 0x11, 0x0, 0x1d, 0xdd,
    0xfe, 0xdd, 0xed, 0xd8, 0x0, 0xc, 0x60, 0x0,
    0xc4, 0x0, 0x1, 0xcf, 0xcc, 0xcc, 0xef, 0x50,
    0x1e, 0x6e, 0x0, 0x0, 0x88, 0xb8, 0x1, 0xe,
    0xbb, 0xbb, 0xd6, 0x0, 0x0, 0xe, 0x11, 0x11,
    0x96, 0x0, 0x0, 0xe, 0xaa, 0xaa, 0xd6, 0x0,

    /* U+6628 "昨" */
    0x0, 0x0, 0x9, 0x20, 0x0, 0xf, 0xcd, 0xc0,
    0xd0, 0x0, 0x0, 0xd0, 0x1c, 0x5e, 0xfd, 0xdd,
    0x7d, 0x1, 0xcd, 0x1e, 0x0, 0x0, 0xfc, 0xdc,
    0x50, 0xed, 0xdd, 0x3d, 0x1, 0xc0, 0xe, 0x0,
    0x0, 0xd0, 0x1c, 0x0, 0xe0, 0x0, 0xd, 0x1,
    0xc0, 0xe, 0xee, 0xe5, 0xfc, 0xc9, 0x0, 0xe0,
    0x0, 0x8, 0x0, 0x0, 0xe, 0x0, 0x0, 0x0,
    0x0, 0x0, 0xe0, 0x0, 0x0,

    /* U+662F "是" */
    0x0, 0xda, 0xaa, 0xaa, 0xaf, 0x0, 0x0, 0xd0,
    0x0, 0x0, 0xe, 0x0, 0x0, 0xda, 0xaa, 0xaa,
    0xaf, 0x0, 0x0, 0xd4, 0x44, 0x44, 0x4e, 0x0,
    0x0, 0x55, 0x55, 0x55, 0x55, 0x0, 0xc, 0xcc,
    0xcc, 0xcc, 0xcc, 0xc6, 0x0, 0x17, 0x3, 0xa0,
    0x0, 0x0, 0x0, 0x7a, 0x3, 0xec, 0xcc, 0x60,
    0x0, 0xce, 0x13, 0xa0, 0x0, 0x0, 0x6, 0xa4,
    0xd7, 0xa0, 0x0, 0x0, 0x2d, 0x10, 0x2a, 0xdd,
    0xdd, 0xd8, 0x0, 0x0, 0x0, 0x0, 0x0, 0x0,

    /* U+663E "显" */
    0x2, 0xeb, 0xbb, 0xbb, 0xcc, 0x0, 0x2, 0xb0,
    0x0, 0x0, 0x2c, 0x0, 0x2, 0xea, 0xaa, 0xaa,
    0xbc, 0x0, 0x2, 0xb0, 0x0, 0x0, 0x2c, 0x0,
    0x2, 0xeb, 0xbb, 0xbb, 0xcc, 0x0, 0x0, 0x0,
    0x80, 0x34, 0x0, 0x0, 0x7, 0x50, 0xd0, 0x57,
    0xc, 0x20, 0x0, 0xc0, 0xd0, 0x57, 0x77, 0x0,
    0x0, 0x51, 0xd0, 0x58, 0x60, 0x0, 0x8a, 0xaa,
    0xfa, 0xcd, 0xaa, 0xa3, 0x22, 0x22, 0x22, 0x22,
    0x22, 0x20,

    /* U+6643 "晃" */
    0x4, 0xeb, 0xbb, 0xbb, 0xbe, 0x40, 0x4, 0x90,
    0x0, 0x0, 0x9, 0x40, 0x4, 0xda, 0xaa, 0xaa,
    0xae, 0x40, 0x4, 0x90, 0x0, 0x0, 0x9, 0x40,
    0x3, 0xbb, 0xbd, 0xdb, 0xbc, 0x30, 0x0, 0xa4,
    0x7, 0x60, 0x5b, 0x0, 0x2, 0x3c, 0x29, 0x82,
    0xd3, 0x20, 0x2a, 0xab, 0xfa, 0xce, 0xaa, 0xa2,
    0x0, 0x4, 0xa0, 0x3b, 0x0, 0x0, 0x0, 0x4d,
    0x20, 0x3b, 0x0, 0x66, 0x3d, 0xa2, 0x0, 0xd,
    0xdc, 0xd2, 0x0, 0x0, 0x0, 0x0, 0x0, 0x0,

    /* U+6652 "晒" */
    0x0, 0x5, 0xdd, 0xfe, 0xdd, 0x3f, 0xdf, 0x0,
    0x1a, 0x82, 0x0, 0xc0, 0xc0, 0x2, 0xb8, 0x30,
    0xc, 0xc, 0x1e, 0xae, 0xda, 0xe0, 0xfc, 0xf1,
    0xc0, 0xa8, 0xc, 0xc, 0xc, 0x1c, 0x28, 0x80,
    0xc0, 0xc0, 0xc1, 0xca, 0x35, 0xbf, 0xc, 0x2c,
    0x1d, 0x40, 0x0, 0xc0, 0xea, 0xa1, 0xc0, 0x0,
    0xc, 0xa, 0x0, 0x1f, 0xcc, 0xcc, 0xf0, 0x0,
    0x1, 0xc0, 0x0, 0xb, 0x0,

    /* U+6655 "晕" */
    0xe, 0x99, 0x99, 0x99, 0xf0, 0x0, 0xe8, 0x88,
    0x88, 0x8f, 0x0, 0xd, 0x22, 0x22, 0x22, 0xe0,
    0x0, 0x99, 0x99, 0x99, 0x99, 0x0, 0xf9, 0x9b,
    0xb9, 0x99, 0x9f, 0xd, 0xaa, 0xec, 0xaa, 0xaa,
    0xc0, 0x0, 0xb5, 0x5, 0x0, 0x0, 0x0, 0x8e,
    0x77, 0xf7, 0x77, 0x20, 0x2, 0x22, 0x2e, 0x22,
    0x20, 0xb, 0xbb, 0xbb, 0xfb, 0xbb, 0xb3, 0x0,
    0x0, 0xe, 0x0, 0x0, 0x0,

    /* U+665A "晚" */
    0x0, 0x0, 0x0, 0x0, 0x0, 0x2, 0x22, 0x0,
    0x96, 0x0, 0x0, 0xfa, 0xe0, 0x3e, 0xcd, 0x90,
    0xc, 0xb, 0x3e, 0x30, 0x93, 0x0, 0xc0, 0xbc,
    0xfc, 0xde, 0xcf, 0xf, 0xae, 0x1d, 0x4, 0x90,
    0xd0, 0xd2, 0xc1, 0xd0, 0x67, 0xd, 0xc, 0xb,
    0x1c, 0xce, 0xfc, 0xc0, 0xc0, 0xb0, 0x0, 0xea,
    0x10, 0xf, 0xdd, 0x0, 0x97, 0x91, 0x11, 0x70,
    0x1, 0xaa, 0x9, 0x24, 0x70, 0x9, 0xd6, 0x0,
    0x6d, 0xe3, 0x0, 0x10, 0x0, 0x0, 0x0, 0x0,

    /* U+6668 "晨" */
    0x3, 0xda, 0xaa, 0xaa, 0xae, 0x0, 0x3, 0x80,
    0x0, 0x0, 0xe, 0x0, 0x3, 0xd9, 0x99, 0x99,
    0x9e, 0x0, 0x2, 0xa8, 0x88, 0x88, 0x8b, 0x0,
    0x8, 0xaa, 0xaa, 0xaa, 0xaa, 0xa0, 0xb, 0x44,
    0x44, 0x44, 0x44, 0x0, 0xc, 0x45, 0x55, 0x55,
    0x55, 0x0, 0xd, 0xbd, 0xbb, 0xda, 0xab, 0xb1,
    0xe, 0xc, 0x10, 0xa7, 0x6b, 0x20, 0x4b, 0xd,
    0x56, 0x67, 0xe8, 0x30, 0x74, 0x1c, 0x85, 0x10,
    0x5, 0xa1, 0x0, 0x0, 0x0, 0x0, 0x0, 0x0,

    /* U+666E "普" */
    0x0, 0x1, 0x0, 0x0, 0x10, 0x0, 0x0, 0xa,
    0x50, 0x0, 0xd2, 0x0, 0x5, 0xcd, 0xdc, 0xcd,
    0xec, 0xc0, 0x0, 0x91, 0x66, 0xc, 0x9, 0x20,
    0x0, 0x69, 0x66, 0xc, 0x2b, 0x0, 0x18, 0x9a,
    0xbc, 0x9e, 0xaa, 0x85, 0x3, 0x33, 0x33, 0x33,
    0x33, 0x32, 0x0, 0x8d, 0xbb, 0xbb, 0xbf, 0x0,
    0x0, 0x85, 0x0, 0x0, 0xe, 0x0, 0x0, 0x8c,
    0xbb, 0xbb, 0xbf, 0x0, 0x0, 0x85, 0x0, 0x0,
    0xe, 0x0, 0x0, 0x8d, 0xbb, 0xbb, 0xbe, 0x0,

    /* U+666F "景" */
    0x2, 0xe9, 0x99, 0x99, 0xab, 0x0, 0x2, 0xb0,
    0x0, 0x0, 0x3b, 0x0, 0x2, 0xd8, 0x88, 0x88,
    0x9b, 0x0, 0x1, 0x97, 0x8c, 0x87, 0x87, 0x0,
    0x6b, 0xbb, 0xbf, 0xcb, 0xbb, 0xb0, 0x0, 0x55,
    0x55, 0x55, 0x52, 0x0, 0x0, 0xe4, 0x44, 0x44,
    0x98, 0x0, 0x0, 0xe8, 0x88, 0x88, 0xb8, 0x0,
    0x0, 0x27, 0x1b, 0x44, 0x40, 0x0, 0x6, 0xd4,
    0xa, 0x32, 0xab, 0x20, 0x48, 0x1, 0xbd, 0x10,
    0x3, 0x90,

    /* U+6670 "晰" */
    0x0, 0x0, 0xa1, 0x0, 0x2a, 0x2f, 0xcb, 0xa,
    0x10, 0xba, 0x40, 0xb0, 0xb4, 0xc6, 0x2c, 0x0,
    0xb, 0xb, 0x5d, 0x73, 0xd2, 0x22, 0xfc, 0xb0,
    0xf5, 0xe, 0x9e, 0x7b, 0xb, 0x3f, 0xc3, 0xc0,
    0xb0, 0xb0, 0xb8, 0xb3, 0x5b, 0xb, 0xb, 0xc,
    0xaa, 0x12, 0xa0, 0xb0, 0xfc, 0x93, 0xa1, 0x67,
    0xb, 0x8, 0x0, 0xa, 0x1b, 0x30, 0xb0, 0x0,
    0x0, 0xa2, 0xb0, 0xb, 0x0,

    /* U+6674 "晴" */
    0x33, 0x30, 0x0, 0x68, 0x0, 0xe, 0x9e, 0x19,
    0x9c, 0xc9, 0x92, 0xc0, 0xc0, 0x8a, 0xcd, 0xaa,
    0xc, 0xc, 0x13, 0x38, 0x93, 0x31, 0xfc, 0xf3,
    0x77, 0x77, 0x77, 0x4c, 0xc, 0x7, 0xba, 0xab,
    0x90, 0xc0, 0xc0, 0x95, 0x22, 0x3c, 0xd, 0x3d,
    0x9, 0x97, 0x77, 0xc0, 0xe9, 0x90, 0x9b, 0x99,
    0xac, 0x6, 0x0, 0x9, 0x30, 0x0, 0xc0, 0x0,
    0x0, 0x93, 0x3, 0xc9, 0x0,

    /* U+667A "智" */
    0x4, 0x90, 0x0, 0x0, 0x0, 0x0, 0xbb, 0xeb,
    0x86, 0xec, 0xce, 0x28, 0xd, 0x0, 0x67, 0x0,
    0xd4, 0xbc, 0xfb, 0xb7, 0x70, 0xd, 0x0, 0xab,
    0xa2, 0x6c, 0x99, 0xe2, 0xb6, 0x2, 0x61, 0x22,
    0x22, 0x1, 0xac, 0xbb, 0xbb, 0xbe, 0x0, 0xa,
    0x30, 0x0, 0x0, 0xe0, 0x0, 0xac, 0xbb, 0xbb,
    0xbe, 0x0, 0xa, 0x30, 0x0, 0x0, 0xe0, 0x0,
    0xac, 0xbb, 0xbb, 0xbe, 0x0,

    /* U+667E "晾" */
    0x0, 0x0, 0x0, 0x47, 0x0, 0xf, 0xcf, 0x38,
    0x89, 0xe8, 0x84, 0xd0, 0xc1, 0x33, 0x33, 0x33,
    0x1d, 0xc, 0xb, 0xcc, 0xcc, 0xc0, 0xfa, 0xe0,
    0xc0, 0x0, 0xd, 0xe, 0x3d, 0xc, 0x0, 0x0,
    0xd0, 0xd0, 0xc0, 0x9b, 0xce, 0xba, 0xd, 0xc,
    0x4, 0x52, 0xb4, 0x30, 0xfc, 0xc1, 0xd1, 0x2b,
    0x1c, 0xb, 0x0, 0xa5, 0x2, 0xb0, 0x86, 0x0,
    0x1, 0xc, 0xd8, 0x0, 0x0,

    /* U+6682 "暂" */
    0x0, 0x65, 0x0, 0x1, 0x36, 0x70, 0x5c, 0xeb,
    0xbb, 0x6c, 0x85, 0x20, 0x7, 0x70, 0x0, 0x48,
    0x0, 0x0, 0x1e, 0x5b, 0x74, 0x6b, 0x55, 0x52,
    0x17, 0x6c, 0x96, 0x79, 0x5e, 0x52, 0x26, 0x7d,
    0xcb, 0xb4, 0xd, 0x0, 0x25, 0x3a, 0x40, 0xd0,
    0xd, 0x0, 0x0, 0x8a, 0x98, 0x98, 0x8a, 0x0,
    0x0, 0xd2, 0x22, 0x22, 0x2d, 0x0, 0x0, 0xea,
    0xaa, 0xaa, 0xad, 0x0, 0x0, 0xd0, 0x0, 0x0,
    0xd, 0x0, 0x0, 0xeb, 0xbb, 0xbb, 0xbd, 0x0,

    /* U+6684 "暄" */
    0x0, 0x0, 0x0, 0x0, 0x0, 0x4, 0x44, 0x0,
    0xa, 0x40, 0x0, 0xd8, 0xe5, 0xcc, 0xee, 0xcc,
    0x7b, 0xb, 0x67, 0x0, 0x0, 0x49, 0xb0, 0xb1,
    0x7a, 0xaa, 0xa7, 0x2e, 0xbe, 0x8, 0x99, 0x99,
    0x70, 0xb0, 0xb0, 0xd1, 0x11, 0x3b, 0xb, 0xb,
    0xd, 0xaa, 0xab, 0xb0, 0xc4, 0xd0, 0xd0, 0x0,
    0x2b, 0xe, 0x99, 0xc, 0xbb, 0xbb, 0xb0, 0x60,
    0x0, 0x0, 0x0, 0x0, 0x0, 0x0, 0xad, 0xdd,
    0xdd, 0xda,

    /* U+6696 "暖" */
    0x0, 0x0, 0x1, 0x24, 0x64, 0x0, 0x0, 0x6b,
    0xac, 0x98, 0x60, 0xfc, 0xf0, 0x70, 0xc0, 0x69,
    0xc, 0xd, 0xb, 0x1a, 0x1c, 0x10, 0xc0, 0xd5,
    0xcd, 0xcc, 0xdb, 0x1e, 0xaf, 0x0, 0xd0, 0x0,
    0x0, 0xd3, 0xd9, 0xde, 0xcc, 0xcc, 0x4c, 0xd,
    0x6, 0xc6, 0x66, 0x20, 0xc0, 0xd0, 0xbe, 0x54,
    0xc4, 0xf, 0xcc, 0x1d, 0x6b, 0x6b, 0x0, 0x90,
    0xb, 0x51, 0xcf, 0x60, 0x0, 0x9, 0x68, 0xc5,
    0x28, 0xd4, 0x0, 0x0, 0x0, 0x0, 0x0, 0x0,

    /* U+6697 "暗" */
    0x0, 0x0, 0x0, 0x0, 0x0, 0x4, 0x44, 0x0,
    0x9, 0x50, 0x0, 0xe8, 0xe3, 0xcc, 0xde, 0xcc,
    0x2c, 0xc, 0x3, 0x70, 0x8, 0x40, 0xc0, 0xc0,
    0xd, 0x0, 0xd0, 0xf, 0xbf, 0x7d, 0xdd, 0xdd,
    0xd8, 0xd2, 0xd0, 0x0, 0x0, 0x0, 0xc, 0xc,
    0xc, 0xbb, 0xbb, 0xd0, 0xc0, 0xc0, 0xc3, 0x22,
    0x2d, 0xf, 0xdd, 0xc, 0x98, 0x88, 0xd0, 0x80,
    0x0, 0xc2, 0x11, 0x1d, 0x0, 0x0, 0xc, 0xaa,
    0xaa, 0xd0,

    /* U+66AE "暮" */
    0x1b, 0xbc, 0xeb, 0xbc, 0xeb, 0xb6, 0x0, 0x48,
    0xb7, 0x79, 0xb7, 0x10, 0x0, 0x98, 0x55, 0x55,
    0x5d, 0x20, 0x0, 0x9a, 0x88, 0x88, 0x8e, 0x20,
    0x0, 0x97, 0x33, 0x33, 0x3c, 0x20, 0x0, 0x35,
    0xd8, 0x55, 0x55, 0x0, 0x1b, 0xbf, 0xdb, 0xbb,
    0xfc, 0xb7, 0x0, 0x9f, 0x87, 0x77, 0xcd, 0x40,
    0x2d, 0x8c, 0x33, 0x33, 0x6c, 0xa8, 0x0, 0x2d,
    0x77, 0x77, 0x9b, 0x0, 0x0, 0x2e, 0x99, 0x99,
    0xbb, 0x0,

    /* U+66B4 "暴" */
    0x0, 0xca, 0x99, 0x99, 0x9d, 0x30, 0x0, 0xc8,
    0x77, 0x77, 0x7d, 0x30, 0x0, 0xc4, 0x33, 0x33,
    0x3b, 0x30, 0x0, 0x9b, 0xda, 0xab, 0xcb, 0x20,
    0x3, 0x68, 0xd6, 0x6a, 0xb6, 0x60, 0x2, 0x46,
    0xc4, 0x48, 0xa4, 0x30, 0xb, 0xbd, 0xeb, 0xbd,
    0xec, 0xb5, 0x0, 0x6c, 0x22, 0x60, 0x9b, 0x30,
    0x1c, 0x64, 0x94, 0x94, 0x91, 0x86, 0x0, 0x38,
    0xb7, 0xaa, 0x93, 0x0, 0x1, 0x93, 0x6c, 0x60,
    0x28, 0x30,

    /* U+66F2 "曲" */
    0x0, 0xd, 0x0, 0xd0, 0x0, 0x0, 0xd, 0x0,
    0xd0, 0x0, 0xce, 0xef, 0xee, 0xfe, 0xec, 0xd0,
    0xd, 0x0, 0xd0, 0xd, 0xd0, 0xd, 0x0, 0xd0,
    0xd, 0xd0, 0xd, 0x0, 0xd0, 0xd, 0xdd, 0xdf,
    0xdd, 0xfd, 0xdd, 0xd0, 0xd, 0x0, 0xd0, 0xd,
    0xd0, 0xd, 0x0, 0xd0, 0xd, 0xdd, 0xdf, 0xdd,
    0xfd, 0xdd, 0xd0, 0x0, 0x0, 0x0, 0xd,

    /* U+66F4 "更" */
    0x2c, 0xcc, 0xce, 0xec, 0xcc, 0xc2, 0x0, 0x0,
    0x6, 0x80, 0x0, 0x0, 0x1, 0xbb, 0xbd, 0xeb,
    0xbb, 0x50, 0x1, 0xb0, 0x6, 0x80, 0x6, 0x70,
    0x1, 0xeb, 0xbd, 0xdb, 0xbd, 0x70, 0x1, 0xb0,
    0x6, 0x80, 0x6, 0x70, 0x1, 0xeb, 0xbd, 0xdb,
    0xbd, 0x70, 0x0, 0x66, 0xb, 0x40, 0x0, 0x0,
    0x0, 0xc, 0x9c, 0x0, 0x0, 0x0, 0x0, 0x3b,
    0xed, 0x83, 0x0, 0x0, 0x2e, 0xb5, 0x1, 0x6a,
    0xce, 0xe6, 0x0, 0x0, 0x0, 0x0, 0x0, 0x0,

    /* U+66FE "曾" */
    0x0, 0x11, 0x0, 0x3, 0x0, 0x0, 0x4c, 0x0,
    0x2c, 0x0, 0x2b, 0xbe, 0xbb, 0xdd, 0xb8, 0x3b,
    0x53, 0xd, 0x7, 0x3b, 0x3b, 0xc, 0x1d, 0x47,
    0x2b, 0x3d, 0x89, 0x8e, 0x98, 0x9b, 0x3, 0x33,
    0x33, 0x33, 0x32, 0x6, 0xdb, 0xbb, 0xbb, 0xe0,
    0x6, 0xa3, 0x33, 0x33, 0xf0, 0x6, 0xb6, 0x66,
    0x66, 0xf0, 0x6, 0xd9, 0x99, 0x99, 0xf0, 0x6,
    0x91, 0x11, 0x11, 0xe0,

    /* U+66FF "替" */
    0x0, 0xd, 0x0, 0x0, 0xb2, 0x0, 0x8, 0xbf,
    0xb6, 0x5b, 0xec, 0xb1, 0x0, 0xd, 0x0, 0x0,
    0xc2, 0x0, 0xb, 0xcf, 0xb9, 0x8c, 0xfe, 0xb5,
    0x0, 0xba, 0xb1, 0xb, 0x6c, 0x20, 0x1c, 0x70,
    0x44, 0xa5, 0x2, 0xc6, 0x2, 0x9d, 0xcc, 0xcc,
    0xce, 0x1, 0x0, 0x94, 0x0, 0x0, 0xe, 0x0,
    0x0, 0x9c, 0xbb, 0xbb, 0xbe, 0x0, 0x0, 0x95,
    0x0, 0x0, 0xe, 0x0, 0x0, 0x9c, 0xbb, 0xbb,
    0xbe, 0x0,

    /* U+6700 "最" */
    0x0, 0xfa, 0xaa, 0xaa, 0xac, 0x0, 0x0, 0xd0,
    0x0, 0x0, 0x1c, 0x0, 0x0, 0xf9, 0x99, 0x99,
    0xac, 0x0, 0x0, 0xb7, 0x77, 0x77, 0x89, 0x0,
    0x6a, 0xaa, 0xaa, 0xaa, 0xaa, 0xa1, 0x7, 0x83,
    0x7a, 0x33, 0x33, 0x30, 0x6, 0xb8, 0xa9, 0xac,
    0x8b, 0xa0, 0x6, 0xc9, 0xb9, 0xc, 0x1c, 0x30,
    0x6, 0x71, 0x6b, 0x15, 0xd8, 0x0, 0x6d, 0xed,
    0xdd, 0x4b, 0xcc, 0x40, 0x22, 0x0, 0x49, 0xb4,
    0x2, 0xb1,

    /* U+6708 "月" */
    0x0, 0xbe, 0xdd, 0xdd, 0xed, 0x0, 0xb2, 0x0,
    0x0, 0x1d, 0x0, 0xb2, 0x0, 0x0, 0x1d, 0x0,
    0xbc, 0xcc, 0xcc, 0xcd, 0x0, 0xc3, 0x11, 0x11,
    0x2d, 0x0, 0xc1, 0x0, 0x0, 0x1d, 0x0, 0xfe,
    0xdd, 0xdd, 0xed, 0x2, 0xb0, 0x0, 0x0, 0x1d,
    0x8, 0x60, 0x0, 0x0, 0x1d, 0x3d, 0x0, 0x0,
    0x0, 0x2d, 0x93, 0x0, 0x0, 0x9e, 0xe8, 0x0,
    0x0, 0x0, 0x0, 0x0,

    /* U+6709 "有" */
    0x0, 0x0, 0x2, 0x0, 0x0, 0x0, 0x0, 0x0,
    0x68, 0x0, 0x0, 0x0, 0xb, 0xbb, 0xed, 0xbb,
    0xbb, 0xb5, 0x1, 0x15, 0xc1, 0x11, 0x11, 0x10,
    0x0, 0xd, 0x60, 0x0, 0x0, 0x0, 0x0, 0x6f,
    0xcb, 0xbb, 0xbf, 0x0, 0x5, 0xed, 0x10, 0x0,
    0xd, 0x0, 0x2d, 0x2c, 0xcb, 0xbb, 0xbf, 0x0,
    0x1, 0xc, 0x10, 0x0, 0xd, 0x0, 0x0, 0xc,
    0xcc, 0xcc, 0xcf, 0x0, 0x0, 0xc, 0x10, 0x0,
    0xd, 0x0, 0x0, 0xc, 0x10, 0x9, 0xdc, 0x0,

    /* U+670B "朋" */
    0xb, 0xdd, 0xf0, 0xbd, 0xdd, 0xd0, 0xb1, 0xd,
    0xb, 0x10, 0xd, 0xb, 0x10, 0xd0, 0xb1, 0x0,
    0xd0, 0xbd, 0xcf, 0xb, 0xdc, 0xcd, 0xb, 0x10,
    0xd0, 0xb1, 0x0, 0xd0, 0xc1, 0xd, 0xc, 0x10,
    0xd, 0xd, 0xdc, 0xf0, 0xdd, 0xcc, 0xd0, 0xd0,
    0xd, 0xd, 0x0, 0xd, 0x1c, 0x0, 0xd2, 0xb0,
    0x0, 0xd5, 0x80, 0xd, 0x76, 0x0, 0xd, 0xa2,
    0x1c, 0xac, 0x0, 0xcd, 0x90, 0x0, 0x0, 0x0,
    0x0, 0x0,

    /* U+670D "服" */
    0xc, 0xdd, 0xd0, 0xed, 0xdd, 0xd0, 0xc, 0x0,
    0xd0, 0xc0, 0x0, 0xd0, 0xc, 0x0, 0xd0, 0xc0,
    0x12, 0xd0, 0xc, 0xdd, 0xd0, 0xc0, 0x5a, 0x50,
    0xd, 0x0, 0xd0, 0xe8, 0x88, 0x81, 0xd, 0x0,
    0xd0, 0xdc, 0x55, 0xe0, 0xe, 0xdd, 0xd0, 0xc6,
    0x54, 0xa0, 0xc, 0x0, 0xd0, 0xc0, 0xbb, 0x30,
    0x2b, 0x0, 0xd0, 0xc0, 0x8c, 0x0, 0x67, 0x0,
    0xd0, 0xc5, 0xcb, 0x60, 0x82, 0x5d, 0x90, 0xda,
    0x10, 0x94, 0x0, 0x0, 0x0, 0x0, 0x0, 0x0,

    /* U+671B "望" */
    0x0, 0x12, 0x0, 0x0, 0x0, 0x0, 0x0, 0x3b,
    0x0, 0x6d, 0xaa, 0xe0, 0x5c, 0xcf, 0xcc, 0x67,
    0x11, 0xe0, 0x2, 0xa0, 0x0, 0x7a, 0x77, 0xe0,
    0x2, 0xa0, 0x33, 0x9c, 0xaa, 0xe0, 0x6, 0xfc,
    0x94, 0xd0, 0x0, 0xe0, 0x2, 0x10, 0x8, 0x50,
    0x4c, 0x90, 0x6, 0xcc, 0xcc, 0xcc, 0xcc, 0x70,
    0x0, 0x0, 0x7, 0x60, 0x0, 0x0, 0x0, 0xbb,
    0xbd, 0xdb, 0xbb, 0x0, 0x0, 0x0, 0x7, 0x60,
    0x0, 0x0, 0x4c, 0xcc, 0xcd, 0xdc, 0xcc, 0xc4,

    /* U+671D "朝" */
    0x0, 0x2b, 0x0, 0x4e, 0xcc, 0xf4, 0xcd, 0xfc,
    0xc5, 0x80, 0xd, 0x1, 0x4c, 0x11, 0x48, 0x0,
    0xd0, 0xe8, 0x89, 0xb4, 0xed, 0xdf, 0xd, 0x66,
    0x7b, 0x48, 0x0, 0xd0, 0xd4, 0x46, 0xb5, 0x80,
    0xd, 0xe, 0xaa, 0xab, 0x7e, 0xdd, 0xf0, 0x3,
    0xb0, 0x8, 0x40, 0xd, 0x6c, 0xdf, 0xcc, 0xe1,
    0x0, 0xd0, 0x2, 0xb0, 0x4b, 0x0, 0xe, 0x0,
    0x2b, 0xb, 0x10, 0x4d, 0xc0, 0x0, 0x0, 0x0,
    0x0, 0x0,

    /* U+671F "期" */
    0x2, 0xa0, 0x2b, 0xd, 0xdd, 0xf1, 0x2f, 0xff,
    0xff, 0x9c, 0x0, 0xb1, 0x2, 0xb0, 0x2b, 0xc,
    0x0, 0xb1, 0x2, 0xea, 0xbb, 0xd, 0xcc, 0xf1,
    0x2, 0xb0, 0x2b, 0xc, 0x0, 0xb1, 0x2, 0xeb,
    0xcb, 0xd, 0x0, 0xb1, 0x2, 0xa0, 0x2b, 0xe,
    0xcc, 0xf1, 0x4d, 0xec, 0xdf, 0x7c, 0x0, 0xb1,
    0x0, 0x80, 0x71, 0x3a, 0x0, 0xb1, 0x6, 0xa0,
    0x5a, 0x76, 0x0, 0xb1, 0x1c, 0x0, 0x5, 0xb0,
    0x2d, 0xd0, 0x0, 0x0, 0x0, 0x0, 0x0, 0x0,

    /* U+672A "未" */
    0x0, 0x0, 0x4, 0x90, 0x0, 0x0, 0x0, 0x0,
    0x4, 0x90, 0x0, 0x0, 0x3, 0xee, 0xee, 0xfe,
    0xee, 0x90, 0x0, 0x0, 0x4, 0x90, 0x0, 0x0,
    0x0, 0x0, 0x4, 0x90, 0x0, 0x0, 0x1d, 0xdd,
    0xdf, 0xfe, 0xdd, 0xd6, 0x0, 0x0, 0x6e, 0xeb,
    0x0, 0x0, 0x0, 0x6, 0xc5, 0x97, 0xb0, 0x0,
    0x1, 0x9c, 0x4, 0x90, 0x8c, 0x30, 0x2e, 0x80,
    0x4, 0x90, 0x4, 0xe6, 0x2, 0x0, 0x4, 0x90,
    0x0, 0x11,

    /* U+672B "末" */
    0x0, 0x0, 0x4, 0x90, 0x0, 0x0, 0x0, 0x0,
    0x4, 0x90, 0x0, 0x0, 0x1e, 0xee, 0xee, 0xfe,
    0xee, 0xe6, 0x0, 0x0, 0x4, 0x90, 0x0, 0x0,
    0x0, 0x0, 0x4, 0x90, 0x0, 0x0, 0x6, 0xee,
    0xef, 0xfe, 0xee, 0xc0, 0x0, 0x0, 0x6e, 0xdb,
    0x0, 0x0, 0x0, 0x6, 0xb5, 0x96, 0xb0, 0x0,
    0x1, 0x9c, 0x4, 0x90, 0x7d, 0x40, 0x2e, 0x70,
    0x4, 0x90, 0x3, 0xd7, 0x1, 0x0, 0x4, 0x90,
    0x0, 0x1,

    /* U+672C "本" */
    0x0, 0x0, 0x7, 0x70, 0x0, 0x0, 0x0, 0x0,
    0x7, 0x70, 0x0, 0x0, 0x2c, 0xcc, 0xce, 0xec,
    0xcc, 0xc3, 0x2, 0x22, 0xda, 0xac, 0x22, 0x20,
    0x0, 0x5, 0xa7, 0x7a, 0x40, 0x0, 0x0, 0xd,
    0x27, 0x72, 0xd0, 0x0, 0x0, 0x89, 0x7, 0x70,
    0xa7, 0x0, 0x6, 0xc0, 0x7, 0x70, 0xd, 0x60,
    0x4d, 0x5e, 0xef, 0xfe, 0xe5, 0xd4, 0x0, 0x0,
    0x7, 0x70, 0x0, 0x0, 0x0, 0x0, 0x7, 0x70,
    0x0, 0x0,

    /* U+6735 "朵" */
    0x0, 0x9, 0xed, 0xde, 0xa0, 0x0, 0x0, 0xa,
    0x40, 0x3, 0xa0, 0x0, 0x0, 0xd, 0x20, 0x3,
    0xa0, 0x0, 0x0, 0x7b, 0x0, 0x3, 0xb0, 0x0,
    0xb, 0xc1, 0x4, 0x30, 0xbd, 0xd2, 0x3, 0x0,
    0x8, 0x60, 0x0, 0x0, 0x3d, 0xdd, 0xef, 0xfe,
    0xdd, 0xd2, 0x0, 0x1, 0xcc, 0xac, 0x10, 0x0,
    0x0, 0x4d, 0x38, 0x63, 0xd5, 0x0, 0x2d, 0xa1,
    0x8, 0x60, 0x19, 0xd3, 0x3, 0x0, 0x8, 0x60,
    0x0, 0x10,

    /* U+673A "机" */
    0x0, 0x94, 0x3, 0xfd, 0xde, 0x0, 0x0, 0x94,
    0x3, 0xb0, 0xe, 0x0, 0x6b, 0xed, 0xb4, 0xb0,
    0xe, 0x0, 0x12, 0xd6, 0x23, 0xb0, 0xe, 0x0,
    0x2, 0xf8, 0x3, 0xa0, 0xe, 0x0, 0x8, 0xcd,
    0x55, 0xa0, 0xe, 0x0, 0xc, 0x95, 0xc6, 0x80,
    0xe, 0x0, 0x85, 0x94, 0x8, 0x50, 0xe, 0x0,
    0x50, 0x94, 0xd, 0x10, 0xe, 0xa, 0x0, 0x94,
    0x5a, 0x0, 0xe, 0xa, 0x0, 0x94, 0xa1, 0x0,
    0xc, 0xd6,

    /* U+6742 "杂" */
    0x0, 0x0, 0x77, 0x0, 0x0, 0x0, 0xa, 0xdd,
    0xfe, 0xdd, 0x90, 0x0, 0x0, 0x4, 0xd0, 0x3,
    0xa0, 0x10, 0x0, 0x2e, 0x40, 0x3, 0xa0, 0x65,
    0x19, 0xd4, 0x0, 0x1, 0xec, 0xe2, 0x5, 0x0,
    0x8, 0x60, 0x1, 0x10, 0x2d, 0xdd, 0xde, 0xed,
    0xdd, 0xd1, 0x0, 0x5, 0x8, 0x61, 0x40, 0x0,
    0x0, 0xb7, 0x8, 0x60, 0xb8, 0x0, 0xc, 0x80,
    0x8, 0x60, 0xb, 0x60, 0x2, 0x2, 0xde, 0x30,
    0x0, 0x0,

    /* U+6743 "权" */
    0x0, 0x76, 0x0, 0x0, 0x0, 0x0, 0x0, 0x76,
    0xc, 0xdb, 0xbb, 0xf1, 0x5b, 0xdd, 0xb5, 0x80,
    0x0, 0xd0, 0x1, 0xd8, 0x11, 0xc0, 0x4, 0x90,
    0x2, 0xfe, 0x40, 0xd0, 0x8, 0x50, 0x8, 0xb8,
    0xd2, 0x77, 0x1d, 0x0, 0xd, 0x76, 0x42, 0x1d,
    0x96, 0x0, 0x87, 0x76, 0x0, 0x9, 0xe0, 0x0,
    0x40, 0x76, 0x0, 0x3e, 0xd6, 0x0, 0x0, 0x76,
    0x6, 0xd3, 0x1d, 0x80, 0x0, 0x76, 0x5a, 0x10,
    0x1, 0xb5, 0x0, 0x0, 0x0, 0x0, 0x0, 0x0,

    /* U+6746 "杆" */
    0x0, 0x76, 0x3, 0x44, 0x44, 0x41, 0x0, 0x76,
    0x5, 0x78, 0xe7, 0x73, 0x4b, 0xdd, 0xb0, 0x0,
    0xd0, 0x0, 0x2, 0xc7, 0x20, 0x0, 0xd0, 0x0,
    0x1, 0xf8, 0x0, 0x0, 0xd0, 0x0, 0x6, 0xee,
    0x7d, 0xde, 0xfd, 0xda, 0xc, 0x87, 0xc0, 0x0,
    0xd0, 0x0, 0x69, 0x76, 0x10, 0x0, 0xd0, 0x0,
    0x50, 0x76, 0x0, 0x0, 0xd0, 0x0, 0x0, 0x76,
    0x0, 0x0, 0xd0, 0x0, 0x0, 0x76, 0x0, 0x0,
    0xd0, 0x0,

    /* U+6750 "材" */
    0x0, 0x0, 0x0, 0x0, 0x0, 0x0, 0x0, 0x1d,
    0x0, 0x0, 0x3, 0xa0, 0x0, 0x1d, 0x0, 0x0,
    0x3, 0xa0, 0xb, 0xcf, 0xb6, 0xbb, 0xbc, 0xea,
    0x2, 0x7e, 0x31, 0x22, 0x2d, 0xb2, 0x0, 0xbf,
    0xb0, 0x0, 0x6e, 0xa0, 0x1, 0xcd, 0x88, 0x1,
    0xd5, 0xa0, 0x9, 0x5d, 0x3, 0xc, 0x53, 0xa0,
    0x3c, 0x1d, 0x1, 0xb7, 0x3, 0xa0, 0x23, 0x1d,
    0x7, 0x70, 0x3, 0xa0, 0x0, 0x1d, 0x0, 0x0,
    0x4, 0xa0, 0x0, 0x1d, 0x0, 0x4, 0xee, 0x60,
    0x0, 0x0, 0x0, 0x0, 0x0, 0x0,

    /* U+675F "束" */
    0x0, 0x0, 0x7, 0x60, 0x0, 0x0, 0x1d, 0xdd,
    0xde, 0xed, 0xdd, 0xd1, 0x0, 0x0, 0x7, 0x60,
    0x0, 0x0, 0x3, 0xcc, 0xce, 0xec, 0xcc, 0x30,
    0x4, 0x90, 0x7, 0x60, 0x9, 0x40, 0x4, 0x90,
    0x7, 0x60, 0x9, 0x40, 0x3, 0xcc, 0xdf, 0xfd,
    0xcc, 0x40, 0x0, 0x0, 0xbd, 0xdb, 0x0, 0x0,
    0x0, 0x2c, 0x67, 0x66, 0xc3, 0x0, 0x2a, 0xd3,
    0x7, 0x60, 0x3c, 0xb2, 0x15, 0x0, 0x7, 0x60,
    0x0, 0x51,

    /* U+6761 "条" */
    0x0, 0x0, 0x0, 0x0, 0x0, 0x0, 0x0, 0x1,
    0xd3, 0x0, 0x0, 0x0, 0x0, 0x1c, 0xdc, 0xcc,
    0xf2, 0x0, 0x4, 0xd9, 0xc1, 0x1c, 0x80, 0x0,
    0x9, 0x20, 0x5d, 0xd6, 0x0, 0x0, 0x0, 0x27,
    0xca, 0xac, 0x72, 0x0, 0x4b, 0x95, 0x4, 0x40,
    0x59, 0xb3, 0x2, 0xaa, 0xad, 0xca, 0xaa, 0x20,
    0x0, 0x24, 0x28, 0x82, 0x42, 0x0, 0x0, 0x3c,
    0x7, 0x62, 0xd2, 0x0, 0x5, 0xd2, 0x7, 0x60,
    0x2d, 0x10, 0x4, 0x10, 0x7d, 0x40, 0x4, 0x20,

    /* U+6765 "来" */
    0x0, 0x0, 0x3, 0xa0, 0x0, 0x0, 0x7, 0xdd,
    0xde, 0xfd, 0xdd, 0xd0, 0x0, 0x34, 0x3, 0xa0,
    0x9, 0x0, 0x0, 0x1d, 0x3, 0xa0, 0x5b, 0x0,
    0x0, 0x9, 0x33, 0xa0, 0xa2, 0x0, 0x1d, 0xdd,
    0xde, 0xfd, 0xdd, 0xd7, 0x0, 0x0, 0x5e, 0xeb,
    0x0, 0x0, 0x0, 0x5, 0xc4, 0xa6, 0xb0, 0x0,
    0x0, 0x7d, 0x13, 0xa0, 0x7c, 0x20, 0x1d, 0x90,
    0x3, 0xa0, 0x5, 0xe6, 0x3, 0x0, 0x3, 0xa0,
    0x0, 0x12,

    /* U+676F "杯" */
    0x0, 0x85, 0x1, 0x11, 0x11, 0x11, 0x0, 0x85,
    0x2a, 0xaa, 0xec, 0xa7, 0x4b, 0xdd, 0xb0, 0x2,
    0xe1, 0x0, 0x2, 0xc8, 0x20, 0xc, 0xc5, 0x0,
    0x1, 0xfe, 0x30, 0x8d, 0xbb, 0x70, 0x6, 0xd7,
    0x9b, 0xc3, 0xa0, 0xc5, 0xc, 0x85, 0x89, 0x3,
    0xa0, 0x17, 0x67, 0x85, 0x0, 0x3, 0xa0, 0x0,
    0x30, 0x85, 0x0, 0x3, 0xa0, 0x0, 0x0, 0x85,
    0x0, 0x3, 0xa0, 0x0, 0x0, 0x85, 0x0, 0x3,
    0xa0, 0x0,

    /* U+677E "松" */
    0x0, 0x76, 0x0, 0x44, 0x18, 0x0, 0x0, 0x76,
    0x0, 0xb4, 0xd, 0x10, 0x3b, 0xdd, 0xb1, 0xe0,
    0x8, 0x60, 0x1, 0xb8, 0x19, 0x82, 0x12, 0xe1,
    0x0, 0xfe, 0x3d, 0xb, 0x50, 0x76, 0x4, 0xda,
    0xb0, 0xe, 0x0, 0x0, 0xb, 0x86, 0x70, 0x5a,
    0x2, 0x0, 0x4a, 0x76, 0x0, 0xb3, 0xc, 0x20,
    0x22, 0x76, 0x3, 0xc0, 0x5, 0xa0, 0x0, 0x76,
    0xc, 0xcb, 0xdd, 0xe1, 0x0, 0x76, 0x6, 0x53,
    0x0, 0x52,

    /* U+677F "板" */
    0x0, 0x66, 0x0, 0x12, 0x47, 0xb1, 0x0, 0x66,
    0xa, 0xca, 0x85, 0x10, 0xb, 0xdd, 0xaa, 0x30,
    0x0, 0x0, 0x0, 0xa9, 0xa, 0xcb, 0xbb, 0xb0,
    0x0, 0xfe, 0x4a, 0x79, 0x1, 0xd0, 0x5, 0xb7,
    0x9b, 0x2e, 0x4, 0x90, 0xb, 0x76, 0xd, 0xa,
    0x5b, 0x30, 0x38, 0x66, 0xd, 0x2, 0xeb, 0x0,
    0x1, 0x66, 0x3a, 0x3, 0xf9, 0x0, 0x0, 0x66,
    0x95, 0x5d, 0x4c, 0x90, 0x0, 0x67, 0xb4, 0xb2,
    0x0, 0x98, 0x0, 0x0, 0x0, 0x0, 0x0, 0x0,

    /* U+6790 "析" */
    0x0, 0x75, 0x0, 0x1, 0x5a, 0x70, 0x0, 0x75,
    0x2, 0xdb, 0x84, 0x0, 0x27, 0xba, 0x74, 0xb0,
    0x0, 0x0, 0x15, 0xc9, 0x53, 0xb0, 0x0, 0x0,
    0x0, 0xfc, 0x3, 0xfd, 0xdf, 0xd6, 0x5, 0xeb,
    0x83, 0xa0, 0xe, 0x0, 0xb, 0x86, 0x84, 0x90,
    0xe, 0x0, 0x58, 0x75, 0x5, 0x80, 0xe, 0x0,
    0x40, 0x75, 0x9, 0x50, 0xe, 0x0, 0x0, 0x75,
    0xd, 0x10, 0xe, 0x0, 0x0, 0x75, 0x38, 0x0,
    0xe, 0x0,

    /* U+6795 "枕" */
    0x0, 0x84, 0x0, 0x9, 0x40, 0x0, 0x0, 0x84,
    0x0, 0x9, 0x40, 0x0, 0x2d, 0xee, 0xac, 0xce,
    0xdc, 0xc1, 0x0, 0xc5, 0xc, 0xa, 0x30, 0xa2,
    0x1, 0xfd, 0xc, 0xc, 0x40, 0xa2, 0x5, 0xea,
    0x80, 0x1e, 0xc0, 0x0, 0xb, 0x94, 0x30, 0x5a,
    0xc0, 0x0, 0x3a, 0x84, 0x0, 0xc4, 0xc0, 0x0,
    0x12, 0x84, 0x5, 0xb0, 0xc0, 0x12, 0x0, 0x84,
    0x3d, 0x10, 0xc0, 0x47, 0x0, 0x85, 0xb2, 0x0,
    0xac, 0xd3,

    /* U+6797 "林" */
    0x0, 0xd, 0x0, 0x0, 0xe0, 0x0, 0x0, 0xd,
    0x0, 0x0, 0xe0, 0x0, 0x1b, 0xbf, 0xb7, 0xab,
    0xfb, 0xb3, 0x2, 0x6f, 0x41, 0x25, 0xf7, 0x20,
    0x0, 0xaf, 0xc0, 0x9, 0xfb, 0x0, 0x1, 0xbd,
    0x6a, 0xc, 0xeb, 0x10, 0x8, 0x5d, 0x2, 0x66,
    0xe5, 0x80, 0x3c, 0xd, 0x1, 0xc0, 0xe0, 0xd2,
    0x13, 0xd, 0x8, 0x40, 0xe0, 0x45, 0x0, 0xd,
    0x0, 0x0, 0xe0, 0x0, 0x0, 0xd, 0x0, 0x0,
    0xe0, 0x0,

    /* U+679C "果" */
    0x0, 0xec, 0xcd, 0xec, 0xce, 0x50, 0x0, 0xe0,
    0x4, 0xa0, 0x9, 0x50, 0x0, 0xeb, 0xbc, 0xeb,
    0xbe, 0x50, 0x0, 0xe0, 0x5, 0xa0, 0xa, 0x50,
    0x0, 0xeb, 0xac, 0xea, 0xae, 0x50, 0x0, 0x11,
    0x16, 0xb1, 0x11, 0x0, 0x1d, 0xdd, 0xde, 0xfd,
    0xdd, 0xd5, 0x0, 0x0, 0x9c, 0xdc, 0x20, 0x0,
    0x0, 0x2c, 0x74, 0xa2, 0xd6, 0x0, 0x19, 0xd5,
    0x4, 0xa0, 0x19, 0xd4, 0x6, 0x0, 0x4, 0xa0,
    0x0, 0x22,

    /* U+679D "枝" */
    0x0, 0x85, 0x0, 0x1, 0xc0, 0x0, 0x0, 0x8,
    0x50, 0x33, 0x5d, 0x33, 0x20, 0x2d, 0xee, 0xa7,
    0x89, 0xe8, 0x85, 0x0, 0xb, 0x70, 0x0, 0x1c,
    0x0, 0x0, 0x1, 0xfd, 0x38, 0xcc, 0xfc, 0xc2,
    0x0, 0x6c, 0x6c, 0x3c, 0x10, 0x1d, 0x0, 0xb,
    0x85, 0x10, 0xb4, 0x8, 0x70, 0x5, 0x78, 0x50,
    0x2, 0xd6, 0xc0, 0x0, 0x10, 0x85, 0x0, 0x9,
    0xf4, 0x0, 0x0, 0x8, 0x50, 0x4b, 0xb5, 0xe7,
    0x10, 0x0, 0x85, 0x8b, 0x40, 0x1, 0x8c, 0x0,
    0x0, 0x0, 0x0, 0x0, 0x0, 0x0,

    /* U+67AA "枪" */
    0x0, 0x0, 0x0, 0x0, 0x0, 0x0, 0x0, 0x75,
    0x0, 0xa, 0x70, 0x0, 0x0, 0x75, 0x0, 0x4c,
    0xc2, 0x0, 0x18, 0xcb, 0x52, 0xd2, 0x3c, 0x10,
    0x5, 0xd9, 0x7e, 0x40, 0x5, 0xd2, 0x0, 0xfd,
    0x88, 0xdd, 0xdd, 0x56, 0x5, 0xea, 0x94, 0x80,
    0xc, 0x0, 0xb, 0x96, 0x64, 0x80, 0xd, 0x0,
    0x4a, 0x75, 0x4, 0x87, 0xca, 0x0, 0x11, 0x75,
    0x4, 0x80, 0x0, 0x62, 0x0, 0x75, 0x4, 0x90,
    0x0, 0xa2, 0x0, 0x75, 0x1, 0xdd, 0xdd, 0xc0,

    /* U+67AF "枯" */
    0x0, 0x66, 0x0, 0x2, 0xc0, 0x0, 0x0, 0x66,
    0x0, 0x2, 0xc0, 0x0, 0x2c, 0xee, 0x9a, 0xab,
    0xea, 0xa6, 0x0, 0xb8, 0x3, 0x35, 0xd3, 0x32,
    0x0, 0xfe, 0x10, 0x2, 0xc0, 0x0, 0x6, 0xd9,
    0x90, 0x2, 0xc0, 0x0, 0xc, 0x76, 0x2b, 0xed,
    0xdd, 0xf0, 0x48, 0x66, 0xb, 0x30, 0x0, 0xe0,
    0x0, 0x66, 0xb, 0x30, 0x0, 0xe0, 0x0, 0x66,
    0xb, 0xba, 0xaa, 0xf0, 0x0, 0x66, 0xb, 0x53,
    0x33, 0xe0,

    /* U+67B6 "架" */
    0x0, 0x76, 0x0, 0x1, 0x11, 0x10, 0x4c, 0xed,
    0xca, 0x4d, 0xaa, 0xf0, 0x0, 0xc1, 0x1c, 0x49,
    0x0, 0xe0, 0x4, 0xc0, 0x4a, 0x49, 0x0, 0xe0,
    0x4f, 0x49, 0xd5, 0x3c, 0xcc, 0xb0, 0x13, 0x0,
    0x5, 0x50, 0x0, 0x0, 0x3c, 0xcc, 0xce, 0xec,
    0xcc, 0xc1, 0x0, 0x0, 0xad, 0xe9, 0x0, 0x0,
    0x0, 0x1c, 0x67, 0x77, 0xb1, 0x0, 0x18, 0xd5,
    0x7, 0x70, 0x5d, 0x91, 0x28, 0x0, 0x7, 0x70,
    0x0, 0x71,

    /* U+67C4 "柄" */
    0x0, 0x84, 0x1d, 0xdd, 0xfd, 0xd4, 0x0, 0x95,
    0x0, 0x2, 0xa0, 0x0, 0x1f, 0xff, 0x80, 0x2,
    0xa0, 0x0, 0x1, 0xb6, 0xc, 0xdd, 0xfd, 0xe2,
    0x0, 0xfd, 0xc, 0x2, 0xa0, 0xa2, 0x4, 0xe8,
    0x9c, 0x5, 0xe1, 0xa2, 0xb, 0x94, 0x3c, 0xb,
    0x58, 0xa2, 0x3a, 0x84, 0xc, 0x78, 0xb, 0xb2,
    0x1, 0x84, 0xc, 0x40, 0x1, 0xa2, 0x0, 0x84,
    0xc, 0x0, 0x0, 0xa2, 0x0, 0x84, 0xc, 0x0,
    0xc, 0xd1, 0x0, 0x0, 0x0, 0x0, 0x0, 0x0,

    /* U+67D4 "柔" */
    0x0, 0x0, 0x0, 0x0, 0x0, 0x0, 0x0, 0x9b,
    0xbb, 0xbb, 0xfc, 0x0, 0x0, 0x0, 0x95, 0x3c,
    0xa0, 0x0, 0x0, 0x0, 0x4a, 0xfb, 0x0, 0x0,
    0xa, 0xbb, 0xde, 0xfb, 0xbc, 0xf2, 0x0, 0x7,
    0xb1, 0xe0, 0xb, 0x50, 0x9, 0xc6, 0x47, 0xd0,
    0x3, 0x0, 0x1, 0x0, 0x16, 0xa0, 0x0, 0x0,
    0x1c, 0xcc, 0xdf, 0xfe, 0xcc, 0xc7, 0x0, 0x3,
    0xc7, 0xbb, 0x80, 0x0, 0x3, 0xab, 0x13, 0xa0,
    0x7d, 0x71, 0x1a, 0x30, 0x3, 0xa0, 0x0, 0x75,

    /* U+67E5 "查" */
    0x0, 0x0, 0x4, 0x90, 0x0, 0x0, 0x1c, 0xcc,
    0xcd, 0xec, 0xcc, 0xc6, 0x0, 0x0, 0xb9, 0xbc,
    0x30, 0x0, 0x0, 0x1c, 0x54, 0x91, 0xc5, 0x0,
    0x8, 0xc4, 0x3, 0x80, 0x19, 0xc4, 0x6, 0x2d,
    0xaa, 0xaa, 0xb7, 0x23, 0x0, 0x1c, 0x0, 0x0,
    0x68, 0x0, 0x0, 0x1e, 0x99, 0x99, 0xc8, 0x0,
    0x0, 0x1d, 0x66, 0x66, 0x98, 0x0, 0x0, 0x4,
    0x44, 0x44, 0x42, 0x0, 0xb, 0xcc, 0xcc, 0xcc,
    0xcc, 0xc4,

    /* U+67EC "柬" */
    0x0, 0x0, 0x7, 0x60, 0x0, 0x0, 0x2c, 0xcc,
    0xce, 0xec, 0xcc, 0xc2, 0x0, 0x0, 0x7, 0x60,
    0x0, 0x0, 0x4, 0xeb, 0xbd, 0xdb, 0xbd, 0x60,
    0x4, 0x88, 0x17, 0x62, 0x87, 0x60, 0x4, 0x82,
    0x87, 0x69, 0x17, 0x60, 0x4, 0xeb, 0xbd, 0xdb,
    0xbd, 0x60, 0x0, 0x0, 0xad, 0xd9, 0x0, 0x0,
    0x0, 0x1c, 0x67, 0x66, 0xb1, 0x0, 0x19, 0xd4,
    0x7, 0x60, 0x5d, 0x92, 0x27, 0x0, 0x7, 0x60,
    0x0, 0x72,

    /* U+67F4 "柴" */
    0x2, 0xb, 0x20, 0x67, 0x1, 0x30, 0xb, 0x2b,
    0xca, 0x6a, 0xad, 0x70, 0xb, 0x2b, 0x31, 0x6a,
    0x20, 0x10, 0xb, 0x2b, 0x33, 0x67, 0x0, 0x66,
    0x4e, 0xde, 0xc9, 0x3e, 0xdc, 0xc2, 0x23, 0x10,
    0x7, 0x50, 0x0, 0x0, 0x3d, 0xdd, 0xde, 0xed,
    0xdd, 0xd3, 0x0, 0x1, 0xbd, 0xcb, 0x10, 0x0,
    0x0, 0x3d, 0x58, 0x65, 0xd3, 0x0, 0x2b, 0xc3,
    0x8, 0x60, 0x3c, 0xc3, 0x26, 0x0, 0x8, 0x60,
    0x0, 0x41,

    /* U+6807 "标" */
    0x0, 0x85, 0x0, 0x0, 0x0, 0x0, 0x0, 0x85,
    0x4, 0xdd, 0xdd, 0xd1, 0x25, 0xb9, 0x50, 0x0,
    0x0, 0x0, 0x38, 0xeb, 0x71, 0x11, 0x11, 0x10,
    0x1, 0xfd, 0xa, 0xcc, 0xfc, 0xc8, 0x7, 0xd9,
    0xa0, 0x1, 0xc0, 0x0, 0x1c, 0x85, 0x32, 0xa1,
    0xc3, 0x80, 0x85, 0x85, 0x8, 0x61, 0xc0, 0xd1,
    0x10, 0x85, 0x1d, 0x1, 0xc0, 0x86, 0x0, 0x85,
    0x55, 0x2, 0xc0, 0x37, 0x0, 0x85, 0x0, 0x9e,
    0x80, 0x0,

    /* U+680F "栏" */
    0x0, 0x85, 0x0, 0x80, 0x6, 0x50, 0x0, 0x85,
    0x0, 0xb4, 0xd, 0x10, 0x9, 0xcb, 0x62, 0x57,
    0x7a, 0x20, 0x4, 0xc9, 0x39, 0xbb, 0xbb, 0xb1,
    0x0, 0xee, 0x10, 0x0, 0x0, 0x0, 0x5, 0xe9,
    0xa0, 0x0, 0x0, 0x0, 0xc, 0x95, 0x24, 0xdd,
    0xdd, 0x80, 0x58, 0x85, 0x0, 0x0, 0x0, 0x0,
    0x0, 0x85, 0x0, 0x0, 0x0, 0x0, 0x0, 0x85,
    0x4c, 0xcc, 0xcc, 0xc6, 0x0, 0x85, 0x1, 0x11,
    0x11, 0x10,

    /* U+6811 "树" */
    0x0, 0x0, 0x0, 0x0, 0x0, 0x0, 0x0, 0xc0,
    0x0, 0x0, 0x6, 0x60, 0x0, 0xc0, 0x8b, 0xb0,
    0x6, 0x60, 0x3b, 0xfa, 0x0, 0xc8, 0xac, 0xc3,
    0x3, 0xe1, 0x90, 0xc1, 0x28, 0x70, 0x5, 0xf5,
    0x69, 0x93, 0x26, 0x60, 0x9, 0xdb, 0xd, 0x62,
    0xa6, 0x60, 0xb, 0xc5, 0xa, 0x80, 0xa9, 0x60,
    0x57, 0xc0, 0xd, 0xc0, 0x17, 0x60, 0x31, 0xc0,
    0x67, 0x52, 0x6, 0x60, 0x0, 0xc0, 0xd1, 0x0,
    0x7, 0x60, 0x0, 0xc0, 0x30, 0x0, 0xcd, 0x30,
    0x0, 0x0, 0x0, 0x0, 0x0, 0x0,

    /* U+682A "株" */
    0x0, 0x76, 0x0, 0x50, 0xd0, 0x0, 0x0, 0x76,
    0x1, 0xd0, 0xd0, 0x0, 0x2c, 0xed, 0xb5, 0xfd,
    0xfd, 0xd0, 0x1, 0xb8, 0x1c, 0x30, 0xd0, 0x0,
    0x0, 0xfe, 0x28, 0x0, 0xd0, 0x0, 0x5, 0xd8,
    0xad, 0xdd, 0xfd, 0xd5, 0xb, 0x86, 0x20, 0xd,
    0xf9, 0x0, 0x58, 0x76, 0x0, 0x87, 0xda, 0x20,
    0x11, 0x76, 0x5, 0xc0, 0xd2, 0xc0, 0x0, 0x76,
    0x5c, 0x10, 0xd0, 0x78, 0x0, 0x76, 0x10, 0x0,
    0xd0, 0x1,

    /* U+6837 "样" */
    0x0, 0x0, 0x0, 0x0, 0x0, 0x0, 0x0, 0xd0,
    0xa, 0x20, 0xa, 0x40, 0x0, 0xd0, 0x4, 0xa0,
    0x2d, 0x0, 0x7d, 0xfc, 0x7d, 0xdd, 0xee, 0xc0,
    0x3, 0xe0, 0x0, 0xb, 0x20, 0x0, 0x7, 0xf6,
    0x1, 0x1c, 0x31, 0x0, 0xc, 0xdc, 0x1b, 0xbe,
    0xcb, 0x60, 0x3a, 0xd2, 0x0, 0xb, 0x20, 0x0,
    0xb3, 0xd0, 0xcd, 0xdf, 0xdd, 0xd1, 0x10, 0xd0,
    0x0, 0xb, 0x20, 0x0, 0x0, 0xd0, 0x0, 0xb,
    0x20, 0x0, 0x0, 0xd0, 0x0, 0xb, 0x20, 0x0,

    /* U+6838 "核" */
    0x0, 0x0, 0x0, 0x0, 0x0, 0x0, 0x0, 0x76,
    0x0, 0x3, 0xa0, 0x0, 0x0, 0x76, 0x7, 0x77,
    0xf7, 0x75, 0x1d, 0xee, 0xa4, 0x5e, 0x64, 0x43,
    0x0, 0xa8, 0x0, 0x67, 0x6, 0x20, 0x0, 0xfe,
    0x26, 0xf9, 0xad, 0x0, 0x4, 0xd7, 0x93, 0x36,
    0xe2, 0x62, 0xb, 0x86, 0x0, 0x6c, 0x23, 0xc0,
    0x39, 0x76, 0xb, 0x80, 0x3d, 0x20, 0x1, 0x76,
    0x0, 0x5, 0xed, 0x10, 0x0, 0x76, 0x3, 0xbb,
    0x15, 0xd2, 0x0, 0x76, 0x5c, 0x40, 0x0, 0x47,
    0x0, 0x0, 0x0, 0x0, 0x0, 0x0,

    /* U+6839 "根" */
    0x0, 0x57, 0xa, 0xdc, 0xcc, 0xe0, 0x0, 0x57,
    0xa, 0x20, 0x0, 0xe0, 0x2c, 0xde, 0xba, 0x41,
    0x11, 0xe0, 0x4, 0xaa, 0x4a, 0xba, 0xaa, 0xe0,
    0x0, 0xdd, 0xa, 0x20, 0x0, 0xe0, 0x2, 0xda,
    0x9a, 0xde, 0xdc, 0xb0, 0xa, 0x77, 0x2a, 0x27,
    0x50, 0x74, 0x3b, 0x57, 0xa, 0x21, 0xcc, 0x80,
    0x2, 0x57, 0xa, 0x20, 0x7b, 0x0, 0x0, 0x57,
    0xa, 0x68, 0x3a, 0xa1, 0x0, 0x57, 0xb, 0x94,
    0x0, 0x69, 0x0, 0x0, 0x0, 0x0, 0x0, 0x0,

    /* U+683C "格" */
    0x0, 0x0, 0x0, 0x0, 0x0, 0x0, 0x0, 0x75,
    0x0, 0x2c, 0x0, 0x0, 0x0, 0x75, 0x0, 0xcc,
    0xab, 0xa0, 0x3b, 0xdd, 0xaa, 0xe4, 0xb, 0x50,
    0x1, 0xc7, 0x59, 0x1d, 0x8a, 0x0, 0x1, 0xfe,
    0x20, 0x9, 0xf4, 0x0, 0x5, 0xd8, 0xa4, 0xc8,
    0x2b, 0x93, 0xb, 0x85, 0x9d, 0xda, 0xaa, 0xe8,
    0x58, 0x75, 0x5, 0x91, 0x11, 0xd0, 0x31, 0x75,
    0x5, 0x80, 0x0, 0xd0, 0x0, 0x75, 0x5, 0x91,
    0x11, 0xd0, 0x0, 0x75, 0x5, 0xda, 0xaa, 0xd0,
    0x0, 0x0, 0x0, 0x0, 0x0, 0x0,

    /* U+6843 "桃" */
    0x0, 0xd0, 0x0, 0xd0, 0xd0, 0x0, 0x0, 0xd0,
    0x10, 0xd0, 0xd0, 0x21, 0x6d, 0xfd, 0x75, 0xd0,
    0xd0, 0xd3, 0x2, 0xf1, 0xb, 0xd0, 0xd7, 0x90,
    0x6, 0xfa, 0x3, 0xd0, 0xd3, 0x10, 0xa, 0xe9,
    0x20, 0xd0, 0xd7, 0x0, 0x1a, 0xd0, 0x1b, 0xe0,
    0xd7, 0xb0, 0x85, 0xd0, 0xb6, 0xb0, 0xd0, 0x68,
    0x30, 0xd0, 0x6, 0x70, 0xd0, 0x2, 0x0, 0xd0,
    0x1c, 0x0, 0xd0, 0xb, 0x0, 0xd0, 0xb2, 0x0,
    0x9d, 0xd6, 0x0, 0x0, 0x0, 0x0, 0x0, 0x0,

    /* U+6848 "案" */
    0x0, 0x0, 0x5, 0x60, 0x0, 0x0, 0xc, 0xcc,
    0xcc, 0xcc, 0xcc, 0xe5, 0x9, 0x0, 0x3b, 0x0,
    0x0, 0x63, 0xb, 0xbd, 0xeb, 0xbb, 0xfb, 0xb5,
    0x0, 0x2d, 0x72, 0x1b, 0x60, 0x0, 0x0, 0x26,
    0xbf, 0xcd, 0x95, 0x10, 0x9, 0x87, 0x43, 0x70,
    0x27, 0x90, 0x1c, 0xcc, 0xcd, 0xec, 0xcc, 0xc7,
    0x0, 0x1, 0xab, 0xcb, 0x50, 0x0, 0x3, 0x8c,
    0x34, 0xa0, 0x9b, 0x61, 0x1b, 0x40, 0x4, 0xa0,
    0x2, 0x88,

    /* U+684C "桌" */
    0x0, 0x0, 0x7, 0x70, 0x0, 0x0, 0x0, 0x0,
    0x7, 0xdb, 0xbb, 0xa0, 0x0, 0x67, 0x7b, 0xb7,
    0x77, 0x0, 0x0, 0xd2, 0x22, 0x22, 0x2d, 0x10,
    0x0, 0xda, 0xaa, 0xaa, 0xaf, 0x10, 0x0, 0xd6,
    0x66, 0x66, 0x6e, 0x10, 0x0, 0x33, 0x38, 0xa3,
    0x33, 0x0, 0x1c, 0xcc, 0xcf, 0xfd, 0xcc, 0xc7,
    0x0, 0x3, 0xb8, 0x9b, 0x60, 0x0, 0x3, 0x9b,
    0x15, 0x80, 0x9c, 0x61, 0x1a, 0x30, 0x5, 0x80,
    0x2, 0x95,

    /* U+6863 "档" */
    0x0, 0x83, 0x1, 0x1, 0xb0, 0x20, 0x0, 0x83,
    0xc, 0x11, 0xc0, 0xc0, 0x29, 0xdb, 0x86, 0x91,
    0xc4, 0x60, 0x2, 0xd6, 0x20, 0x51, 0xc5, 0x0,
    0x1, 0xfc, 0x4d, 0xde, 0xfd, 0xd0, 0x5, 0xd9,
    0x70, 0x0, 0x0, 0xd0, 0xb, 0x94, 0x50, 0x0,
    0x0, 0xe0, 0x48, 0x83, 0x1c, 0xcc, 0xcc, 0xf0,
    0x21, 0x83, 0x0, 0x0, 0x0, 0xd0, 0x0, 0x83,
    0x7d, 0xdd, 0xdd, 0xf0, 0x0, 0x83, 0x0, 0x0,
    0x0, 0xc0,

    /* U+6865 "桥" */
    0x0, 0x75, 0x1, 0x35, 0x7a, 0x80, 0x0, 0x75,
    0x5, 0x8d, 0x62, 0x0, 0x2b, 0xdd, 0x80, 0xd,
    0x0, 0x0, 0x1, 0xb7, 0xc, 0xee, 0xde, 0xc6,
    0x0, 0xfe, 0x10, 0xc2, 0xc, 0x10, 0x5, 0xd8,
    0x89, 0x80, 0x3, 0xc1, 0xb, 0x85, 0x38, 0xb1,
    0xd, 0x45, 0x4a, 0x75, 0x0, 0xd0, 0xe, 0x0,
    0x11, 0x75, 0x0, 0xd0, 0xe, 0x0, 0x0, 0x75,
    0x7, 0x80, 0xe, 0x0, 0x0, 0x75, 0x2b, 0x0,
    0xe, 0x0, 0x0, 0x0, 0x0, 0x0, 0x0, 0x0,

    /* U+68A2 "梢" */
    0x0, 0x0, 0x0, 0x0, 0x0, 0x0, 0x0, 0x66,
    0x6, 0x0, 0xd0, 0x52, 0x0, 0x66, 0x6, 0x90,
    0xd1, 0xc0, 0x2c, 0xdd, 0xa0, 0x80, 0xd3, 0x30,
    0x0, 0xa8, 0x9, 0xdd, 0xfd, 0xd0, 0x0, 0xfe,
    0x2a, 0x30, 0x0, 0xd0, 0x5, 0xc8, 0xaa, 0xcb,
    0xbb, 0xf0, 0xc, 0x76, 0xa, 0x30, 0x0, 0xd0,
    0x38, 0x66, 0xa, 0xba, 0xaa, 0xf0, 0x0, 0x66,
    0xa, 0x41, 0x11, 0xd0, 0x0, 0x66, 0xa, 0x30,
    0x0, 0xd0, 0x0, 0x66, 0xa, 0x30, 0x2d, 0xc0,

    /* U+68A6 "梦" */
    0x0, 0xd, 0x0, 0x0, 0xd0, 0x0, 0x1c, 0xcf,
    0xca, 0x9c, 0xfc, 0xc6, 0x0, 0x9f, 0x90, 0x8,
    0xfb, 0x0, 0x8, 0x8d, 0x59, 0x69, 0xd5, 0xb1,
    0x18, 0xd, 0x2, 0x80, 0xd0, 0x56, 0x0, 0x2,
    0x3e, 0x31, 0x40, 0x0, 0x0, 0x18, 0xda, 0xaa,
    0xcd, 0x0, 0x4, 0xd7, 0x60, 0x1, 0xd3, 0x0,
    0x0, 0x0, 0x6c, 0x7c, 0x50, 0x0, 0x0, 0x1,
    0x6c, 0xb1, 0x0, 0x0, 0x7, 0xdc, 0x82, 0x0,
    0x0, 0x0, 0x1, 0x0, 0x0, 0x0, 0x0, 0x0,

    /* U+68C0 "检" */
    0x0, 0x0, 0x0, 0x0, 0x0, 0x0, 0x0, 0xc0,
    0x0, 0xd, 0x30, 0x0, 0x0, 0xc0, 0x0, 0x9b,
    0xc0, 0x0, 0x5a, 0xea, 0x6, 0xc0, 0x5b, 0x0,
    0x25, 0xe3, 0x9d, 0x32, 0x27, 0xd2, 0x7, 0xf8,
    0x93, 0xaa, 0xa7, 0x35, 0xb, 0xdc, 0x12, 0x6,
    0x0, 0x60, 0x49, 0xc1, 0xc, 0xa, 0x14, 0x90,
    0x92, 0xc0, 0xb, 0x27, 0x4a, 0x20, 0x0, 0xc0,
    0x3, 0x10, 0x39, 0x0, 0x0, 0xc0, 0xaa, 0xaa,
    0xdb, 0xa3, 0x0, 0xc0, 0x22, 0x22, 0x22, 0x20,

    /* U+68CD "棍" */
    0x0, 0x75, 0xd, 0xbb, 0xbb, 0xf0, 0x0, 0x75,
    0xc, 0x0, 0x0, 0xe0, 0x29, 0xcb, 0x6d, 0xaa,
    0xaa, 0xf0, 0x13, 0xc8, 0x2c, 0x0, 0x0, 0xe0,
    0x0, 0xfd, 0x1c, 0xbb, 0xbb, 0xd0, 0x4, 0xe8,
    0xa6, 0x0, 0x70, 0x0, 0xb, 0x95, 0x2c, 0x0,
    0xd0, 0x53, 0x49, 0x75, 0xd, 0xc8, 0xdb, 0x71,
    0x11, 0x75, 0xc, 0x0, 0xd0, 0x0, 0x0, 0x75,
    0xd, 0x13, 0xd0, 0xb, 0x0, 0x75, 0x1f, 0xb6,
    0x9c, 0xc6, 0x0, 0x0, 0x0, 0x0, 0x0, 0x0,

    /* U+68D8 "棘" */
    0x0, 0xc, 0x0, 0x0, 0xc0, 0x0, 0x1d, 0xdf,
    0xda, 0xad, 0xfd, 0xd4, 0x0, 0xc, 0x0, 0x0,
    0xc0, 0x0, 0xb, 0xcf, 0xca, 0x7c, 0xfc, 0xc1,
    0xb, 0xc, 0xc, 0x91, 0xc0, 0xa2, 0xb, 0xc,
    0xc, 0x91, 0xd0, 0xa2, 0x9, 0x4d, 0x76, 0x83,
    0xf9, 0x90, 0x0, 0xbf, 0xa0, 0xa, 0xec, 0x0,
    0x7, 0x8c, 0x4b, 0x58, 0xc6, 0xa0, 0x3c, 0xc,
    0x7, 0xb0, 0xc0, 0x96, 0x1, 0xc, 0x2, 0x0,
    0xc0, 0x0,

    /* U+68EE "森" */
    0x0, 0x0, 0x4, 0x90, 0x0, 0x0, 0x6, 0xcc,
    0xcd, 0xec, 0xcc, 0xb0, 0x0, 0x0, 0xab, 0xbc,
    0x20, 0x0, 0x0, 0x4c, 0x64, 0x92, 0xc7, 0x10,
    0xa, 0xb5, 0x4, 0x90, 0x27, 0xd2, 0x0, 0xd,
    0x1, 0x20, 0xd0, 0x0, 0x1c, 0xcf, 0xc8, 0xac,
    0xfc, 0xc6, 0x0, 0xaf, 0x40, 0xa, 0xfb, 0x0,
    0x6, 0x9d, 0xa5, 0x68, 0xd5, 0x90, 0x3c, 0xd,
    0x7, 0xb0, 0xd0, 0x98, 0x0, 0xd, 0x2, 0x0,
    0xd0, 0x2,

    /* U+68F5 "棵" */
    0x0, 0x76, 0xb, 0xcc, 0xfb, 0xf0, 0x0, 0x76,
    0xb, 0x20, 0xc0, 0xd0, 0x2d, 0xee, 0x9b, 0xcc,
    0xfb, 0xf0, 0x0, 0xb7, 0xb, 0x20, 0xc0, 0xd0,
    0x0, 0xfe, 0x1b, 0xcc, 0xfb, 0xf0, 0x5, 0xc8,
    0x90, 0x1, 0xc0, 0x0, 0xb, 0x76, 0x5d, 0xdd,
    0xfd, 0xd8, 0x48, 0x76, 0x0, 0x2d, 0xe9, 0x0,
    0x1, 0x76, 0x1, 0xc4, 0xc7, 0x60, 0x0, 0x76,
    0x4d, 0x41, 0xc0, 0xb7, 0x0, 0x76, 0x21, 0x1,
    0xc0, 0x2,

    /* U+6905 "椅" */
    0x0, 0x0, 0x0, 0x0, 0x0, 0x0, 0x0, 0xd0,
    0x0, 0xb, 0x20, 0x0, 0x0, 0xd0, 0x2a, 0xbf,
    0xaa, 0x60, 0x8d, 0xfd, 0x20, 0x7d, 0xa2, 0x0,
    0x3, 0xe0, 0x3b, 0x90, 0x3c, 0x50, 0x8, 0xf7,
    0x8c, 0xaa, 0xab, 0xc0, 0xb, 0xdb, 0x21, 0x11,
    0x1b, 0x30, 0x38, 0xd1, 0xd, 0xad, 0x3b, 0x20,
    0xa2, 0xd0, 0xc, 0x9, 0x3b, 0x20, 0x20, 0xd0,
    0xe, 0xac, 0x3b, 0x20, 0x0, 0xd0, 0x6, 0x0,
    0xb, 0x20, 0x0, 0xd0, 0x0, 0x5, 0xcd, 0x10,

    /* U+6912 "椒" */
    0x0, 0xc0, 0xc, 0x1, 0x11, 0x10, 0x0, 0xc0,
    0xd, 0x29, 0xda, 0xe1, 0x4d, 0xfc, 0xd, 0x87,
    0x90, 0xb0, 0x3, 0xc0, 0xc, 0x0, 0xb0, 0xc0,
    0x7, 0xf8, 0xcf, 0xca, 0xc2, 0xa0, 0x9, 0xca,
    0xc, 0x0, 0xa8, 0x50, 0x19, 0xc2, 0x8c, 0x62,
    0x6e, 0x10, 0x74, 0xc0, 0x9c, 0x39, 0x4c, 0x0,
    0x20, 0xc6, 0x5c, 0x7, 0xbe, 0x10, 0x0, 0xc2,
    0xc, 0x6, 0x95, 0x80, 0x0, 0xc0, 0x7c, 0x49,
    0x0, 0x93, 0x0, 0x0, 0x0, 0x0, 0x0, 0x0,

    /* U+695A "楚" */
    0x0, 0xd, 0x0, 0x0, 0xd0, 0x0, 0x1c, 0xdf,
    0xc6, 0xbd, 0xfc, 0xc1, 0x1, 0xce, 0xa1, 0xb,
    0xfa, 0x10, 0x2c, 0x4d, 0x35, 0xc4, 0xd2, 0xc1,
    0x13, 0xb, 0x0, 0x30, 0xb0, 0x20, 0x1d, 0xdd,
    0xdd, 0xdd, 0xdd, 0xc0, 0x0, 0x25, 0x7, 0x60,
    0x4, 0x80, 0x0, 0x88, 0x7, 0xdc, 0xc9, 0x0,
    0x0, 0xcd, 0x7, 0x60, 0x0, 0x0, 0x6, 0xa6,
    0xba, 0x60, 0x0, 0x0, 0x4c, 0x10, 0x5c, 0xdd,
    0xdd, 0xd5, 0x0, 0x0, 0x0, 0x0, 0x0, 0x0,

    /* U+697C "楼" */
    0x0, 0xd0, 0x7, 0xc, 0x5, 0x40, 0x0, 0xd0,
    0x9, 0x3c, 0x1c, 0x0, 0x4c, 0xfc, 0x7c, 0xcf,
    0xcc, 0xb0, 0x1, 0xf1, 0x1, 0xbe, 0xc4, 0x0,
    0x5, 0xf9, 0x4c, 0x3c, 0x1b, 0x90, 0xa, 0xe9,
    0x51, 0x29, 0x0, 0x40, 0x2b, 0xd0, 0x8c, 0xed,
    0xcc, 0xc1, 0x75, 0xd0, 0x5, 0x90, 0x68, 0x0,
    0x10, 0xd0, 0xa, 0xb5, 0xd1, 0x0, 0x0, 0xd0,
    0x1, 0xae, 0xd6, 0x0, 0x0, 0xd0, 0x9b, 0x60,
    0x18, 0x90,

    /* U+6982 "概" */
    0x0, 0xd0, 0xcc, 0xe5, 0xce, 0xd4, 0x0, 0xd0,
    0xb0, 0xa0, 0x9, 0x20, 0x14, 0xe4, 0xb0, 0xb0,
    0x79, 0x10, 0x29, 0xe7, 0xca, 0xe3, 0x8b, 0x0,
    0x4, 0xf2, 0xb0, 0xa6, 0x5c, 0x0, 0x8, 0xeb,
    0xcb, 0xd8, 0xce, 0xb5, 0xb, 0xd4, 0xb0, 0x30,
    0x4e, 0x0, 0x48, 0xd0, 0xb0, 0xb0, 0xae, 0x0,
    0x42, 0xd0, 0xda, 0xc5, 0xbb, 0x2, 0x0, 0xd2,
    0xc2, 0xa, 0x3b, 0x8, 0x0, 0xd0, 0x0, 0x66,
    0x9, 0xc5, 0x0, 0x0, 0x0, 0x0, 0x0, 0x0,

    /* U+699C "榜" */
    0x0, 0x0, 0x0, 0x0, 0x0, 0x0, 0x0, 0xc0,
    0x0, 0xa, 0x20, 0x0, 0x0, 0xc0, 0x5c, 0xcc,
    0xcd, 0xa0, 0x6c, 0xfc, 0x2, 0xb0, 0x3a, 0x0,
    0x3, 0xe0, 0x7b, 0xfb, 0xdd, 0xb0, 0x7, 0xf7,
    0xa2, 0x7, 0x0, 0xc0, 0xa, 0xca, 0x57, 0x6c,
    0x96, 0x80, 0x38, 0xc0, 0x24, 0xd6, 0x44, 0x40,
    0x92, 0xc0, 0x0, 0xfa, 0xaa, 0x40, 0x0, 0xc0,
    0x2, 0xb1, 0x1a, 0x60, 0x0, 0xc0, 0xc, 0x30,
    0xc, 0x30, 0x0, 0xc0, 0xa4, 0x4, 0xcc, 0x0,
    0x0, 0x0, 0x0, 0x0, 0x0, 0x0,

    /* U+69A8 "榨" */
    0x0, 0x0, 0x0, 0x0, 0x0, 0x0, 0x0, 0xd0,
    0x0, 0xb, 0x30, 0x0, 0x0, 0xd0, 0xab, 0x99,
    0x99, 0xe0, 0x7d, 0xfd, 0x92, 0x92, 0x85, 0x80,
    0x3, 0xe0, 0x2b, 0x60, 0xb, 0x90, 0x7, 0xf6,
    0x33, 0xa5, 0x0, 0x30, 0xb, 0xdb, 0x15, 0xfd,
    0xcc, 0xc1, 0x39, 0xd4, 0x6c, 0x1d, 0x0, 0x0,
    0xb3, 0xd0, 0x51, 0xf, 0xaa, 0xa0, 0x30, 0xd0,
    0x0, 0xe, 0x11, 0x10, 0x0, 0xd0, 0x0, 0xf,
    0x99, 0x91, 0x0, 0xd0, 0x0, 0xd, 0x0, 0x0,

    /* U+69DB "槛" */
    0x0, 0x0, 0x0, 0x0, 0x10, 0x0, 0x0, 0xd0,
    0xb0, 0xc0, 0xa4, 0x0, 0x0, 0xd0, 0xb0, 0xc0,
    0xe9, 0x94, 0x4d, 0xfc, 0xb0, 0xc5, 0xb5, 0x52,
    0x1, 0xe0, 0xb0, 0xcc, 0x49, 0x10, 0x5, 0xe6,
    0x50, 0xc0, 0x5, 0xb0, 0x8, 0xd9, 0x0, 0x70,
    0x0, 0x0, 0x9, 0xd1, 0x8b, 0xbb, 0xbb, 0xa0,
    0x64, 0xd0, 0xb0, 0xa0, 0xb0, 0xc0, 0x10, 0xd0,
    0xb0, 0xa0, 0xb0, 0xc0, 0x0, 0xd0, 0xb0, 0xa0,
    0xb0, 0xc0, 0x0, 0xd3, 0xfd, 0xed, 0xfc, 0xf6,

    /* U+6A21 "模" */
    0x0, 0xd0, 0x1, 0xd1, 0x3c, 0x10, 0x0, 0xd0,
    0x8a, 0xfa, 0xae, 0xa4, 0x7d, 0xfd, 0x12, 0xc2,
    0x4a, 0x20, 0x2, 0xe0, 0x4c, 0x77, 0x77, 0xc0,
    0x7, 0xf7, 0x4d, 0xaa, 0xaa, 0xc0, 0xb, 0xdb,
    0x6a, 0x33, 0x34, 0xc0, 0x3a, 0xd2, 0x16, 0x6e,
    0x76, 0x50, 0x93, 0xd0, 0xaa, 0xaf, 0xba, 0xa4,
    0x0, 0xd0, 0x11, 0xaa, 0xd3, 0x10, 0x0, 0xd0,
    0x18, 0xd1, 0x3d, 0x50, 0x0, 0xd2, 0xd7, 0x0,
    0x2, 0xa6,

    /* U+6A2A "横" */
    0x0, 0x75, 0x0, 0xd0, 0xd, 0x0, 0x0, 0x75,
    0x9, 0xea, 0x9f, 0x94, 0x2b, 0xdd, 0x93, 0xd4,
    0x3e, 0x32, 0x1, 0xb6, 0x48, 0x8b, 0xc8, 0x86,
    0x0, 0xfa, 0x8, 0x9c, 0xc9, 0x92, 0x4, 0xdc,
    0x5b, 0x17, 0x81, 0x94, 0xa, 0x85, 0x8d, 0xac,
    0xda, 0xd4, 0x39, 0x75, 0xb, 0x6, 0x70, 0x84,
    0x21, 0x75, 0x9, 0xaa, 0xaa, 0xa3, 0x0, 0x75,
    0x3, 0xc1, 0xa, 0x60, 0x0, 0x75, 0x5b, 0x20,
    0x0, 0x88, 0x0, 0x0, 0x0, 0x0, 0x0, 0x0,

    /* U+6A58 "橘" */
    0x0, 0x0, 0x0, 0x0, 0x0, 0x0, 0x0, 0xd0,
    0xa, 0xaa, 0xaf, 0x40, 0x0, 0xd0, 0x0, 0x7a,
    0xa4, 0x0, 0x8b, 0xfb, 0x8b, 0xcf, 0xfb, 0xe1,
    0x5, 0xe1, 0x6, 0xc4, 0xd3, 0x70, 0x8, 0xf8,
    0x96, 0x17, 0xc0, 0x0, 0xa, 0xda, 0x7a, 0xad,
    0xba, 0x90, 0x28, 0xd1, 0x84, 0x53, 0x61, 0xc0,
    0xa2, 0xd0, 0x89, 0xb0, 0x2b, 0xc0, 0x50, 0xd0,
    0x86, 0xc8, 0xa7, 0xc0, 0x0, 0xd0, 0x84, 0xb8,
    0xa5, 0xc0, 0x0, 0xd0, 0x84, 0x50, 0x8, 0xa0,

    /* U+6A90 "檐" */
    0x0, 0x0, 0x0, 0x0, 0x0, 0x0, 0x0, 0xc0,
    0x7, 0xaa, 0xe2, 0x0, 0x0, 0xc0, 0x2b, 0x34,
    0xd3, 0x30, 0x6d, 0xfd, 0xdb, 0x9b, 0xaa, 0x91,
    0x3, 0xe0, 0x65, 0xb5, 0x3a, 0x50, 0x7, 0xf8,
    0x67, 0x44, 0xb2, 0x40, 0xb, 0xc9, 0x98, 0x77,
    0x77, 0x70, 0x49, 0xc0, 0x83, 0x99, 0x99, 0x50,
    0x72, 0xc0, 0x92, 0x99, 0x99, 0x50, 0x0, 0xc0,
    0xb1, 0xa9, 0x99, 0x70, 0x0, 0xc1, 0xa2, 0xa0,
    0x2, 0xa0, 0x0, 0xc5, 0x52, 0xd8, 0x89, 0x90,

    /* U+6B20 "欠" */
    0x0, 0x0, 0x0, 0x0, 0x0, 0x0, 0x0, 0x1e,
    0x0, 0x0, 0x0, 0x0, 0x0, 0x7a, 0x0, 0x0,
    0x0, 0x0, 0x0, 0xde, 0xee, 0xee, 0xee, 0xc0,
    0x6, 0xc0, 0x5, 0x10, 0x8, 0x70, 0x2f, 0x30,
    0xb, 0x30, 0xd, 0x10, 0x15, 0x0, 0xd, 0x50,
    0x36, 0x0, 0x0, 0x0, 0x2f, 0xb0, 0x0, 0x0,
    0x0, 0x0, 0x98, 0xa4, 0x0, 0x0, 0x0, 0x7,
    0xc0, 0x2d, 0x30, 0x0, 0x2, 0xbb, 0x10, 0x3,
    0xe7, 0x10, 0x5c, 0x50, 0x0, 0x0, 0x19, 0xe1,
    0x0, 0x0, 0x0, 0x0, 0x0, 0x0,

    /* U+6B21 "次" */
    0x0, 0x0, 0x0, 0x0, 0x0, 0x0, 0x0, 0x0,
    0x9, 0x50, 0x0, 0x0, 0xd, 0x70, 0xe, 0x20,
    0x0, 0x0, 0x0, 0xa6, 0x3f, 0xee, 0xee, 0xf2,
    0x0, 0x0, 0xa6, 0x7, 0x1, 0xd0, 0x0, 0x3,
    0xd0, 0x1d, 0x7, 0x80, 0x0, 0x3, 0x20, 0x2f,
    0x4, 0x10, 0x0, 0x88, 0x0, 0x7f, 0x40, 0x0,
    0x3, 0xd0, 0x0, 0xd6, 0xb0, 0x0, 0xd, 0x40,
    0x9, 0xb0, 0x96, 0x0, 0x17, 0x0, 0x9c, 0x10,
    0x1c, 0x70, 0x0, 0xb, 0x80, 0x0, 0x0, 0x85,
    0x0, 0x0, 0x0, 0x0, 0x0, 0x0,

    /* U+6B22 "欢" */
    0x0, 0x0, 0x0, 0x47, 0x0, 0x0, 0x17, 0x77,
    0x72, 0x77, 0x0, 0x0, 0x15, 0x55, 0xc3, 0xbc,
    0xcc, 0xe7, 0x9, 0x0, 0xe2, 0xc1, 0x50, 0xa3,
    0x8, 0x73, 0xc7, 0x53, 0xa0, 0x80, 0x0, 0xca,
    0x60, 0x4, 0xb0, 0x0, 0x0, 0x3f, 0x10, 0x7,
    0xf0, 0x0, 0x0, 0x8e, 0x70, 0xc, 0xa5, 0x0,
    0x4, 0xd1, 0xd0, 0x5a, 0x1c, 0x0, 0x3d, 0x20,
    0x14, 0xd2, 0x8, 0x90, 0x1, 0x0, 0x3d, 0x20,
    0x0, 0x79, 0x0, 0x0, 0x0, 0x0, 0x0, 0x0,

    /* U+6B23 "欣" */
    0x0, 0x0, 0x0, 0x3, 0x0, 0x0, 0x2, 0x5a,
    0xc3, 0xe, 0x0, 0x0, 0xc, 0x62, 0x0, 0x3d,
    0x55, 0x63, 0xc, 0x10, 0x0, 0x8a, 0x77, 0xb6,
    0xc, 0xba, 0xa7, 0xe1, 0xb0, 0xa2, 0xc, 0x34,
    0xc5, 0x70, 0xd0, 0xa0, 0xc, 0x12, 0xb0, 0x1,
    0xe0, 0x0, 0xc, 0x2, 0xb0, 0x3, 0xf2, 0x0,
    0xc, 0x2, 0xb0, 0x7, 0xb7, 0x0, 0xc, 0x2,
    0xb0, 0xd, 0xc, 0x0, 0x48, 0x2, 0xb0, 0x97,
    0x6, 0x90, 0x64, 0x2, 0xb6, 0xb0, 0x0, 0xa6,
    0x0, 0x0, 0x1, 0x0, 0x0, 0x1,

    /* U+6B32 "欲" */
    0x0, 0x0, 0x0, 0x0, 0x0, 0x0, 0x3, 0x74,
    0x50, 0x4b, 0x0, 0x0, 0xc, 0x30, 0xc4, 0x87,
    0x0, 0x0, 0x88, 0x34, 0x27, 0xcd, 0xdd, 0xf3,
    0x10, 0xcc, 0x14, 0xc0, 0xb0, 0xc0, 0x5, 0x94,
    0xca, 0x30, 0xc0, 0xc0, 0x4d, 0x0, 0x79, 0x2,
    0xd0, 0x10, 0x8d, 0xdd, 0xe3, 0x6, 0xf1, 0x0,
    0xb, 0x20, 0xd0, 0xa, 0xa6, 0x0, 0xb, 0x20,
    0xd0, 0x3d, 0x1d, 0x0, 0xb, 0xdd, 0xf2, 0xd5,
    0x8, 0xa0, 0xb, 0x20, 0x8, 0x70, 0x0, 0xb1,
    0x0, 0x0, 0x0, 0x0, 0x0, 0x0,

    /* U+6B3E "款" */
    0x0, 0x0, 0x0, 0x0, 0x0, 0x0, 0x0, 0x1b,
    0x0, 0xd, 0x0, 0x0, 0x5c, 0xcf, 0xcc, 0x3c,
    0x0, 0x0, 0x0, 0x1b, 0x0, 0x5f, 0xdd, 0xe3,
    0x2b, 0xbb, 0xba, 0xb4, 0x10, 0xc1, 0x6, 0x66,
    0x66, 0xc0, 0xd1, 0xc0, 0x5, 0x55, 0x54, 0x20,
    0xe0, 0x30, 0x7c, 0xcc, 0xcc, 0x21, 0xf3, 0x0,
    0x6, 0x2b, 0x32, 0x5, 0xd8, 0x0, 0x1c, 0x1b,
    0x2a, 0xc, 0x2c, 0x0, 0x85, 0x1b, 0x6, 0x7a,
    0x6, 0xa0, 0x2, 0xc9, 0x1, 0xb0, 0x0, 0x85,
    0x0, 0x0, 0x0, 0x0, 0x0, 0x0,

    /* U+6B47 "歇" */
    0x0, 0x0, 0x0, 0x3, 0x20, 0x0, 0xc, 0xaa,
    0xad, 0x9, 0x50, 0x0, 0xc, 0x0, 0xc, 0xc,
    0x41, 0x20, 0xc, 0xaa, 0xad, 0x1e, 0xaa, 0xd4,
    0xc, 0x77, 0x7d, 0x77, 0x70, 0xc0, 0x5, 0xb3,
    0x32, 0xa1, 0xc1, 0xb0, 0xa, 0xcb, 0xbd, 0x20,
    0xd3, 0x0, 0x6a, 0x7, 0xa, 0x20, 0xf6, 0x0,
    0x5c, 0x4d, 0x3b, 0x12, 0xea, 0x0, 0xb, 0x60,
    0x5c, 0x8, 0x6c, 0x10, 0x8, 0xaa, 0x7d, 0x3d,
    0x5, 0xa0, 0x0, 0x3, 0xb9, 0xa3, 0x0, 0x92,
    0x0, 0x0, 0x0, 0x0, 0x0, 0x0,

    /* U+6B49 "歉" */
    0x7, 0x20, 0xa, 0x3, 0x70, 0x0, 0x2, 0xb0,
    0x95, 0x7, 0x50, 0x0, 0x3b, 0xec, 0xeb, 0x8b,
    0xdd, 0xf2, 0x7, 0xd8, 0xc7, 0x4b, 0x51, 0xc0,
    0x2, 0xc3, 0xb9, 0x74, 0xa4, 0x80, 0x4b, 0xeb,
    0xed, 0xb0, 0xb3, 0x0, 0x1, 0xb2, 0xa8, 0x30,
    0xd6, 0x0, 0x1a, 0xfa, 0xfa, 0x11, 0xea, 0x0,
    0x9, 0xd1, 0xca, 0x8, 0x6c, 0x10, 0x67, 0xb1,
    0xa6, 0x5d, 0x5, 0xa0, 0x10, 0xb1, 0xa0, 0x92,
    0x0, 0x82, 0x0, 0x0, 0x0, 0x0, 0x0, 0x0,

    /* U+6B4C "歌" */
    0x0, 0x0, 0x0, 0x5, 0x10, 0x0, 0x4c, 0xcc,
    0xcf, 0x7b, 0x20, 0x0, 0x0, 0x0, 0xb, 0xe,
    0x22, 0x20, 0xb, 0xad, 0x2b, 0x1e, 0xaa, 0xe4,
    0xa, 0x9, 0x2b, 0x76, 0x60, 0xc0, 0x7, 0xaa,
    0x1b, 0xc1, 0xc0, 0xc0, 0x48, 0x88, 0x9e, 0x80,
    0xd1, 0x10, 0x13, 0x33, 0x3d, 0x30, 0xf4, 0x0,
    0xc, 0xad, 0x2c, 0x3, 0xd9, 0x0, 0xc, 0x9,
    0x2c, 0xa, 0x4c, 0x10, 0xc, 0x99, 0x1c, 0x4c,
    0x4, 0xb0, 0x1, 0x2, 0xaa, 0xc1, 0x0, 0x76,
    0x0, 0x0, 0x0, 0x0, 0x0, 0x0,

    /* U+6B62 "止" */
    0x0, 0x0, 0x1, 0xd0, 0x0, 0x0, 0x0, 0x0,
    0x1, 0xd0, 0x0, 0x0, 0x0, 0x90, 0x1, 0xd0,
    0x0, 0x0, 0x0, 0xe0, 0x1, 0xd0, 0x0, 0x0,
    0x0, 0xe0, 0x1, 0xfe, 0xee, 0xc0, 0x0, 0xe0,
    0x1, 0xd0, 0x0, 0x0, 0x0, 0xe0, 0x1, 0xd0,
    0x0, 0x0, 0x0, 0xe0, 0x1, 0xd0, 0x0, 0x0,
    0x0, 0xe0, 0x1, 0xd0, 0x0, 0x0, 0x7b, 0xfc,
    0xbc, 0xfb, 0xbb, 0xb2, 0x12, 0x22, 0x22, 0x22,
    0x22, 0x20,

    /* U+6B63 "正" */
    0xa, 0xee, 0xee, 0xfe, 0xee, 0xe1, 0x0, 0x0,
    0x0, 0xd0, 0x0, 0x0, 0x0, 0x31, 0x0, 0xd0,
    0x0, 0x0, 0x0, 0x85, 0x0, 0xd0, 0x0, 0x0,
    0x0, 0x85, 0x0, 0xfd, 0xdd, 0x70, 0x0, 0x85,
    0x0, 0xd0, 0x0, 0x0, 0x0, 0x85, 0x0, 0xd0,
    0x0, 0x0, 0x0, 0x85, 0x0, 0xd0, 0x0, 0x0,
    0x1a, 0xdc, 0xab, 0xfa, 0xaa, 0xa6, 0x3, 0x33,
    0x33, 0x33, 0x33, 0x32,

    /* U+6B64 "此" */
    0x0, 0xa, 0x30, 0x1d, 0x0, 0x0, 0x0, 0xa,
    0x30, 0x1d, 0x0, 0x0, 0x5, 0x1a, 0x30, 0x1d,
    0x0, 0x10, 0xb, 0x2a, 0x52, 0x1d, 0xa, 0x90,
    0xb, 0x2a, 0xca, 0x1f, 0xc5, 0x0, 0xb, 0x2a,
    0x30, 0x1e, 0x10, 0x0, 0xb, 0x2a, 0x30, 0x1d,
    0x0, 0x0, 0xb, 0x2a, 0x30, 0x1d, 0x0, 0x0,
    0xb, 0x2a, 0x30, 0x1d, 0x0, 0x93, 0xb, 0x7d,
    0xcd, 0xe, 0x11, 0xc2, 0x9c, 0x96, 0x30, 0x7,
    0xcc, 0x80,

    /* U+6B65 "步" */
    0x0, 0x0, 0x6, 0x80, 0x0, 0x0, 0x0, 0x94,
    0x6, 0xed, 0xdd, 0x20, 0x0, 0x94, 0x6, 0x80,
    0x0, 0x0, 0x13, 0xb7, 0x38, 0xa3, 0x33, 0x30,
    0x4a, 0xaa, 0xad, 0xda, 0xaa, 0xa0, 0x0, 0xa,
    0x7, 0x70, 0x8, 0x10, 0x0, 0xa7, 0x7, 0x70,
    0x6a, 0x0, 0xb, 0x90, 0x7, 0x76, 0xd1, 0x0,
    0x3, 0x0, 0x6, 0xdb, 0x10, 0x0, 0x0, 0x26,
    0xbd, 0x60, 0x0, 0x0, 0x4e, 0xc8, 0x30, 0x0,
    0x0, 0x0, 0x0, 0x0, 0x0, 0x0, 0x0, 0x0,

    /* U+6B7B "死" */
    0x1e, 0xef, 0xee, 0xef, 0xee, 0xe8, 0x0, 0xe,
    0x0, 0xc, 0x10, 0x0, 0x0, 0x5b, 0x0, 0xc,
    0x10, 0x0, 0x0, 0xcd, 0xbb, 0x4c, 0x11, 0xc1,
    0x6, 0xb2, 0x2b, 0x3c, 0x5d, 0x50, 0x1d, 0x61,
    0x1e, 0xc, 0xc2, 0x0, 0x3, 0x4d, 0x89, 0xc,
    0x10, 0x0, 0x0, 0x6, 0xf1, 0xc, 0x10, 0x0,
    0x0, 0xc, 0x60, 0xc, 0x10, 0x19, 0x3, 0xc7,
    0x0, 0xc, 0x31, 0x59, 0x1c, 0x40, 0x0, 0x5,
    0xbb, 0xb2,

    /* U+6B8A "殊" */
    0x7d, 0xfd, 0xd3, 0xa3, 0xa0, 0x0, 0x3, 0xa0,
    0x5, 0x93, 0xa0, 0x0, 0x7, 0x70, 0xa, 0xff,
    0xff, 0xf0, 0xb, 0xdd, 0xcd, 0x13, 0xa0, 0x0,
    0x2d, 0x4, 0xb4, 0x3, 0xa0, 0x0, 0x9a, 0x58,
    0x8c, 0xce, 0xfd, 0xc6, 0x62, 0xbf, 0x10, 0x3e,
    0xe8, 0x0, 0x0, 0x3a, 0x1, 0xd6, 0xab, 0x20,
    0x0, 0xc3, 0x2d, 0x53, 0xa2, 0xd2, 0xa, 0x80,
    0xc3, 0x3, 0xa0, 0x47, 0x47, 0x0, 0x0, 0x3,
    0xa0, 0x0,

    /* U+6B8B "残" */
    0x7d, 0xfd, 0xd1, 0xd, 0x3b, 0x40, 0x3, 0xb0,
    0x0, 0xd, 0x2, 0x50, 0x6, 0x80, 0x4, 0x7f,
    0xdf, 0xc0, 0xa, 0xdd, 0x99, 0x7e, 0x20, 0x0,
    0x1e, 0x6, 0x60, 0xc, 0x46, 0x93, 0x79, 0x19,
    0x5a, 0xde, 0xb6, 0x40, 0x63, 0xdd, 0x2, 0x7,
    0x61, 0xc1, 0x0, 0x59, 0x0, 0x4, 0xac, 0x30,
    0x0, 0xd2, 0x0, 0x6, 0xf4, 0x0, 0xa, 0x70,
    0x17, 0xd9, 0xa7, 0x46, 0x68, 0x0, 0x68, 0x10,
    0xb, 0xd2, 0x0, 0x0, 0x0, 0x0, 0x0, 0x0,

    /* U+6BB5 "段" */
    0x0, 0x2, 0x40, 0x0, 0x0, 0x0, 0x6, 0xcb,
    0x50, 0xdc, 0xcc, 0x0, 0xc, 0x30, 0x0, 0xd0,
    0xc, 0x0, 0xc, 0x10, 0x0, 0xd0, 0xc, 0x0,
    0xc, 0xdc, 0x94, 0x90, 0xc, 0x0, 0xc, 0x10,
    0xb, 0x10, 0x5, 0x83, 0xc, 0xdc, 0x98, 0xcc,
    0xcc, 0x60, 0xc, 0x10, 0x1, 0xb0, 0xb, 0x40,
    0xc, 0x46, 0x80, 0x77, 0x6d, 0x0, 0xbf, 0xa7,
    0x40, 0xd, 0xe3, 0x0, 0xc, 0x10, 0x0, 0x7e,
    0xd9, 0x10, 0xc, 0x10, 0x4e, 0x91, 0x8, 0xe3,
    0x0, 0x0, 0x0, 0x0, 0x0, 0x0,

    /* U+6BC1 "毁" */
    0x0, 0x20, 0x0, 0x0, 0x0, 0x0, 0xa, 0x65,
    0xbd, 0xf, 0xcf, 0x20, 0xb, 0x0, 0xc, 0xc,
    0xb, 0x20, 0xe, 0xa3, 0xad, 0xb, 0xb, 0x20,
    0xc, 0x52, 0x5d, 0x39, 0xa, 0x30, 0xc, 0x33,
    0x3d, 0xb2, 0x4, 0xa2, 0x5, 0x55, 0x55, 0x8b,
    0xaa, 0x80, 0xc, 0xcc, 0xca, 0x1c, 0x8, 0x70,
    0x0, 0x2a, 0x0, 0x8, 0x7d, 0x0, 0x0, 0x2b,
    0x35, 0x2, 0xf5, 0x0, 0x4d, 0xdb, 0x97, 0x7d,
    0x6c, 0x60, 0x0, 0x0, 0x4, 0x81, 0x0, 0x82,

    /* U+6BCF "每" */
    0x0, 0x0, 0x0, 0x0, 0x0, 0x0, 0x0, 0xd,
    0x20, 0x0, 0x0, 0x0, 0x0, 0x6f, 0xdd, 0xdd,
    0xdd, 0xd4, 0x2, 0xd1, 0x0, 0x0, 0x0, 0x0,
    0x1d, 0x5d, 0xcc, 0xcc, 0xcd, 0x10, 0x3, 0x4a,
    0xa, 0x50, 0xc, 0x10, 0x0, 0x68, 0x0, 0x95,
    0xd, 0x10, 0x3c, 0xed, 0xcd, 0xcc, 0xcf, 0xc9,
    0x0, 0xb3, 0x19, 0x80, 0xe, 0x0, 0x0, 0xea,
    0xaa, 0xdb, 0xaf, 0xa3, 0x0, 0x22, 0x22, 0x22,
    0x5b, 0x20, 0x0, 0x0, 0x0, 0x1b, 0xd5, 0x0,
    0x0, 0x0, 0x0, 0x0, 0x0, 0x0,

    /* U+6BD4 "比" */
    0x0, 0x0, 0x0, 0x0, 0x0, 0x3, 0xb0, 0x0,
    0x2c, 0x0, 0x0, 0x3b, 0x0, 0x2, 0xc0, 0x0,
    0x3, 0xb0, 0x0, 0x2c, 0x0, 0x71, 0x3c, 0x22,
    0x12, 0xc0, 0x9d, 0x23, 0xeb, 0xb8, 0x2d, 0xc9,
    0x0, 0x3b, 0x0, 0x2, 0xe4, 0x0, 0x3, 0xb0,
    0x0, 0x2c, 0x0, 0x0, 0x3b, 0x0, 0x2, 0xc0,
    0x2, 0x43, 0xb0, 0x0, 0x2c, 0x0, 0x49, 0x4c,
    0x7d, 0x92, 0xc0, 0x6, 0x78, 0xd7, 0x20, 0xc,
    0xed, 0xd2, 0x0, 0x0, 0x0, 0x0, 0x0, 0x0,

    /* U+6BD5 "毕" */
    0x0, 0x0, 0x0, 0x0, 0x0, 0x0, 0x1, 0xc0,
    0x0, 0xb3, 0x0, 0x0, 0x1, 0xc2, 0x21, 0xb3,
    0x29, 0xb0, 0x1, 0xea, 0xa7, 0xbc, 0xb5, 0x0,
    0x1, 0xc0, 0x0, 0xb4, 0x0, 0x32, 0x2, 0xd4,
    0x78, 0xb6, 0x11, 0x95, 0x6, 0xc9, 0x54, 0x6a,
    0xbb, 0x80, 0x0, 0x0, 0x7, 0x70, 0x0, 0x0,
    0x2d, 0xdd, 0xde, 0xed, 0xdd, 0xd8, 0x0, 0x0,
    0x7, 0x70, 0x0, 0x0, 0x0, 0x0, 0x7, 0x70,
    0x0, 0x0, 0x0, 0x0, 0x7, 0x70, 0x0, 0x0,

    /* U+6BDB "毛" */
    0x0, 0x0, 0x0, 0x2, 0x78, 0x0, 0x0, 0x25,
    0x8a, 0xdb, 0x72, 0x0, 0xa, 0xa8, 0x6e, 0x0,
    0x0, 0x0, 0x0, 0x0, 0xe, 0x13, 0x58, 0x50,
    0x4, 0x8a, 0xdf, 0xca, 0x75, 0x20, 0x4, 0x53,
    0xe, 0x0, 0x0, 0x0, 0x0, 0x0, 0x1f, 0x57,
    0x9b, 0xd5, 0xb, 0xdd, 0xcf, 0x86, 0x41, 0x0,
    0x2, 0x0, 0xe, 0x0, 0x0, 0x14, 0x0, 0x0,
    0xf, 0x0, 0x0, 0x5a, 0x0, 0x0, 0x9, 0xed,
    0xde, 0xe3,

    /* U+6BEB "毫" */
    0x0, 0x0, 0x0, 0x0, 0x0, 0x0, 0x1, 0x11,
    0x17, 0xa1, 0x11, 0x11, 0x19, 0x99, 0x99, 0x99,
    0x99, 0x95, 0x0, 0x5a, 0x88, 0x88, 0x8c, 0x0,
    0x0, 0x79, 0x33, 0x33, 0x3f, 0x0, 0x0, 0x25,
    0x55, 0x55, 0x55, 0x0, 0xe, 0xaa, 0xaa, 0xaa,
    0xca, 0xc6, 0xb, 0x28, 0x8b, 0xa9, 0x71, 0x55,
    0x1, 0x56, 0x7d, 0xb9, 0x99, 0x30, 0x1, 0x44,
    0x4b, 0x75, 0x67, 0x80, 0x8, 0xa9, 0x8c, 0x95,
    0x43, 0x36, 0x0, 0x0, 0x4, 0xca, 0xaa, 0xb6,

    /* U+6BEF "毯" */
    0x0, 0x0, 0x0, 0x0, 0x0, 0x0, 0x0, 0x2a,
    0x90, 0x23, 0xa0, 0x20, 0x6c, 0xf6, 0x3, 0x95,
    0x86, 0x70, 0x20, 0xc1, 0x5, 0x2a, 0x86, 0x0,
    0x0, 0xc7, 0x80, 0x7c, 0x8c, 0x30, 0x7d, 0xf7,
    0x38, 0x82, 0x33, 0x70, 0x0, 0xc1, 0x0, 0x64,
    0x80, 0x70, 0x2, 0xda, 0xcb, 0x76, 0x69, 0x50,
    0x9a, 0xe4, 0x3, 0xc, 0xc6, 0x0, 0x0, 0xc1,
    0x5, 0xc6, 0x1b, 0x80, 0x0, 0xb3, 0x7, 0x10,
    0x0, 0xc5, 0x0, 0x5d, 0xcc, 0xcc, 0xcd, 0xc0,

    /* U+6C14 "气" */
    0x0, 0x0, 0x0, 0x0, 0x0, 0x0, 0x0, 0x2c,
    0x0, 0x0, 0x0, 0x0, 0x0, 0x9d, 0xaa, 0xaa,
    0xaa, 0xa1, 0x1, 0xd2, 0x11, 0x11, 0x11, 0x10,
    0xc, 0x5b, 0xbb, 0xbb, 0xbb, 0x20, 0x6a, 0x22,
    0x22, 0x22, 0x20, 0x0, 0x1, 0xaa, 0xaa, 0xaa,
    0xd4, 0x0, 0x0, 0x0, 0x0, 0x0, 0x85, 0x0,
    0x0, 0x0, 0x0, 0x0, 0x77, 0x0, 0x0, 0x0,
    0x0, 0x0, 0x4a, 0x1, 0x0, 0x0, 0x0, 0x0,
    0x1e, 0x48, 0x0, 0x0, 0x0, 0x0, 0x6, 0xd3,

    /* U+6C1B "氛" */
    0x0, 0x2b, 0x0, 0x0, 0x0, 0x0, 0x0, 0xbb,
    0xbb, 0xbb, 0xbb, 0xb2, 0xa, 0x88, 0x88, 0x88,
    0x88, 0x20, 0x28, 0x3, 0x33, 0x33, 0x33, 0x10,
    0x3, 0xbb, 0xbb, 0xbb, 0xd7, 0x0, 0x0, 0x2c,
    0x3, 0x90, 0x58, 0x0, 0x3, 0xc3, 0x0, 0x89,
    0x59, 0x0, 0x19, 0xac, 0xcb, 0xd5, 0xaa, 0x0,
    0x0, 0xb, 0x10, 0xd0, 0x1d, 0x2, 0x0, 0x6a,
    0x0, 0xd0, 0xd, 0x38, 0x8, 0x80, 0x5b, 0x90,
    0x4, 0xe4, 0x0, 0x0, 0x0, 0x0, 0x0, 0x0,

    /* U+6C34 "水" */
    0x0, 0x0, 0x3, 0xb0, 0x0, 0x0, 0x0, 0x0,
    0x3, 0xb0, 0x0, 0x0, 0x0, 0x0, 0x3, 0xb0,
    0x4, 0x60, 0xd, 0xee, 0xf4, 0xf1, 0x2d, 0x30,
    0x0, 0x3, 0xc3, 0xf9, 0xd4, 0x0, 0x0, 0xa,
    0x73, 0xbb, 0x60, 0x0, 0x0, 0x1e, 0x13, 0xb2,
    0xd1, 0x0, 0x0, 0xa7, 0x3, 0xb0, 0x6c, 0x10,
    0x8, 0xc0, 0x3, 0xb0, 0x7, 0xe5, 0x19, 0x0,
    0x4, 0xb0, 0x0, 0x46, 0x0, 0x0, 0xce, 0x70,
    0x0, 0x0, 0x0, 0x0, 0x0, 0x0, 0x0, 0x0,

    /* U+6C38 "永" */
    0x0, 0x0, 0x20, 0x0, 0x0, 0x0, 0x0, 0x2,
    0xcd, 0x82, 0x0, 0x0, 0x0, 0x0, 0x1, 0x7d,
    0x30, 0x0, 0x0, 0x7d, 0xdd, 0x90, 0x0, 0x0,
    0x0, 0x0, 0x3, 0xe0, 0x0, 0x81, 0x0, 0x0,
    0x3, 0xf3, 0xa, 0x90, 0x1c, 0xcd, 0xb3, 0xf9,
    0xa8, 0x0, 0x0, 0xa, 0x63, 0xbc, 0x70, 0x0,
    0x0, 0x3d, 0x3, 0xb2, 0xd1, 0x0, 0x2, 0xd4,
    0x3, 0xb0, 0x5c, 0x40, 0x1e, 0x50, 0x3, 0xb0,
    0x2, 0xc7, 0x1, 0x0, 0xde, 0x70, 0x0, 0x0,

    /* U+6C42 "求" */
    0x0, 0x0, 0x7, 0x62, 0xb2, 0x0, 0x0, 0x0,
    0x7, 0x60, 0x3c, 0x10, 0x3d, 0xdd, 0xde, 0xed,
    0xdd, 0xd3, 0x1, 0x20, 0x7, 0xa0, 0x2, 0x30,
    0x3, 0xd2, 0x7, 0xf2, 0x1d, 0x40, 0x0, 0x4d,
    0x7, 0xba, 0xc3, 0x0, 0x0, 0x1, 0x3d, 0x69,
    0x70, 0x0, 0x0, 0x2a, 0xca, 0x61, 0xd4, 0x0,
    0x18, 0xe5, 0x7, 0x60, 0x3e, 0x70, 0x28, 0x0,
    0x8, 0x60, 0x2, 0xb4, 0x0, 0x7, 0xed, 0x30,
    0x0, 0x0, 0x0, 0x0, 0x0, 0x0, 0x0, 0x0,

    /* U+6C50 "汐" */
    0x0, 0x0, 0x0, 0x0, 0x0, 0x0, 0x7, 0x70,
    0x0, 0x5a, 0x0, 0x0, 0x0, 0x8a, 0x0, 0xd4,
    0x0, 0x0, 0x0, 0x0, 0x5, 0xfd, 0xdd, 0xf3,
    0x25, 0x0, 0x1d, 0x30, 0x0, 0xd0, 0x29, 0xd1,
    0xd8, 0x40, 0x6, 0x90, 0x0, 0x16, 0x91, 0xbb,
    0x1d, 0x30, 0x0, 0x12, 0x0, 0x6, 0xea, 0x0,
    0x0, 0x95, 0x0, 0x3, 0xe1, 0x0, 0x3, 0xc0,
    0x0, 0x4e, 0x30, 0x0, 0xc, 0x30, 0x19, 0xd2,
    0x0, 0x0, 0x7, 0x0, 0xb7, 0x0, 0x0, 0x0,

    /* U+6C60 "池" */
    0x6, 0x80, 0x0, 0x2, 0xb0, 0x0, 0x0, 0x7c,
    0xa, 0x2, 0xb0, 0x0, 0x0, 0x0, 0xd, 0x2,
    0xb4, 0xa2, 0x5, 0x0, 0xd, 0x28, 0xfa, 0xc3,
    0x8, 0xd2, 0x7f, 0xc8, 0xb0, 0xa3, 0x0, 0x13,
    0x8d, 0x2, 0xb0, 0xa3, 0x0, 0x5, 0xd, 0x2,
    0xb0, 0xb2, 0x0, 0x4a, 0xd, 0x2, 0xba, 0xa0,
    0x0, 0xd3, 0xd, 0x0, 0x30, 0x15, 0x6, 0xa0,
    0xe, 0x0, 0x0, 0x4a, 0x9, 0x20, 0xa, 0xed,
    0xdd, 0xe4,

    /* U+6C61 "污" */
    0x4, 0x20, 0x0, 0x0, 0x0, 0x0, 0x5, 0xd8,
    0x3d, 0xdd, 0xdd, 0xa0, 0x0, 0x4, 0x0, 0x0,
    0x0, 0x0, 0x0, 0x0, 0x0, 0x0, 0x0, 0x0,
    0x2a, 0x21, 0xcc, 0xcc, 0xcc, 0xc7, 0x5, 0xd1,
    0x6, 0x80, 0x0, 0x0, 0x0, 0x0, 0x9, 0x40,
    0x0, 0x0, 0x0, 0x7, 0xd, 0xdd, 0xdd, 0x70,
    0x0, 0x69, 0x0, 0x0, 0x7, 0x70, 0x0, 0xd1,
    0x0, 0x0, 0x8, 0x50, 0x8, 0x90, 0x0, 0x0,
    0xb, 0x30, 0xb, 0x10, 0x0, 0xad, 0xdb, 0x0,
    0x0, 0x0, 0x0, 0x0, 0x0, 0x0,

    /* U+6C64 "汤" */
    0x2, 0x0, 0x0, 0x0, 0x0, 0x0, 0x7, 0xe5,
    0xcd, 0xdd, 0xfe, 0x0, 0x0, 0x35, 0x0, 0x5,
    0xe3, 0x0, 0x0, 0x0, 0x0, 0x6e, 0x20, 0x0,
    0x14, 0x0, 0x9, 0xc1, 0x0, 0x0, 0x1b, 0xb0,
    0x9d, 0xfd, 0xee, 0xf3, 0x0, 0x40, 0x2, 0xc0,
    0xc2, 0xb2, 0x0, 0x21, 0xb, 0x34, 0xc0, 0xc1,
    0x0, 0xa6, 0xb6, 0xc, 0x30, 0xe0, 0x2, 0xd0,
    0x40, 0x69, 0x0, 0xd0, 0xa, 0x60, 0x6, 0xb0,
    0x4, 0xb0, 0x9, 0x0, 0x6a, 0x0, 0xcd, 0x40,
    0x0, 0x0, 0x0, 0x0, 0x0, 0x0,

    /* U+6C70 "汰" */
    0x6, 0x81, 0x0, 0xe, 0x0, 0x0, 0x0, 0x6c,
    0x0, 0xe, 0x0, 0x0, 0x0, 0x0, 0x0, 0xe,
    0x0, 0x0, 0x28, 0x11, 0xdd, 0xdf, 0xdd, 0xd8,
    0x6, 0xd2, 0x0, 0x3f, 0x90, 0x0, 0x0, 0x0,
    0x0, 0x67, 0xd0, 0x0, 0x0, 0x6, 0x0, 0xc2,
    0x94, 0x0, 0x0, 0x69, 0x3, 0xc0, 0x49, 0x0,
    0x1, 0xd1, 0xd, 0xb1, 0xd, 0x30, 0x9, 0x71,
    0xb6, 0x5d, 0x23, 0xd2, 0x7, 0x6, 0x50, 0x4,
    0x20, 0x47,

    /* U+6C89 "沉" */
    0x5, 0x10, 0x0, 0x0, 0x0, 0x0, 0x4, 0xd5,
    0xdd, 0xdd, 0xdd, 0xf4, 0x0, 0x12, 0xd0, 0x0,
    0x0, 0x84, 0x0, 0x0, 0x60, 0x0, 0x0, 0x31,
    0x5a, 0x10, 0x1, 0x22, 0x22, 0x0, 0x7, 0xd1,
    0x7, 0xda, 0xad, 0x0, 0x0, 0x20, 0x7, 0x70,
    0xd, 0x0, 0x0, 0x3, 0x7, 0x70, 0xd, 0x0,
    0x0, 0x78, 0x8, 0x50, 0xd, 0x0, 0x1, 0xd1,
    0xd, 0x20, 0xd, 0x27, 0x9, 0x70, 0x6a, 0x0,
    0xd, 0x29, 0xc, 0x5, 0xc1, 0x0, 0xc, 0xe5,
    0x0, 0x0, 0x0, 0x0, 0x0, 0x0,

    /* U+6C99 "沙" */
    0x9, 0x80, 0x0, 0xe, 0x0, 0x0, 0x0, 0x79,
    0x0, 0xe, 0x1, 0x0, 0x0, 0x0, 0x1c, 0xe,
    0xa, 0x40, 0x36, 0x0, 0x68, 0xe, 0x2, 0xd0,
    0x19, 0xc0, 0xc3, 0xe, 0x0, 0xa4, 0x0, 0x13,
    0xc0, 0xe, 0x2, 0x71, 0x0, 0x15, 0x20, 0xe,
    0xa, 0x50, 0x0, 0x96, 0x0, 0x3, 0x5c, 0x0,
    0x2, 0xd0, 0x0, 0x6, 0xd1, 0x0, 0xb, 0x40,
    0x15, 0xca, 0x10, 0x0, 0x7, 0x2, 0xe9, 0x30,
    0x0, 0x0, 0x0, 0x0, 0x0, 0x0, 0x0, 0x0,

    /* U+6C9F "沟" */
    0x7, 0x30, 0x8, 0x30, 0x0, 0x0, 0x2, 0xc7,
    0xe, 0x10, 0x0, 0x0, 0x0, 0x2, 0x6e, 0xcc,
    0xcc, 0xf0, 0x12, 0x1, 0xd1, 0x30, 0x0, 0xe0,
    0x2c, 0x88, 0x72, 0xc0, 0x0, 0xe0, 0x0, 0x30,
    0x7, 0x56, 0x20, 0xe0, 0x0, 0x3, 0xc, 0x4,
    0x90, 0xe0, 0x0, 0x77, 0x5e, 0xcc, 0xd1, 0xd0,
    0x1, 0xd0, 0x23, 0x0, 0x43, 0xc0, 0xb, 0x50,
    0x0, 0x0, 0x5, 0xa0, 0x8, 0x0, 0x0, 0x6,
    0xde, 0x40, 0x0, 0x0, 0x0, 0x0, 0x0, 0x0,

    /* U+6CA1 "没" */
    0x1, 0x0, 0x0, 0x0, 0x0, 0x0, 0xc, 0x90,
    0xd, 0xdd, 0xf0, 0x0, 0x0, 0x83, 0xe, 0x0,
    0xd0, 0x0, 0x0, 0x0, 0x1d, 0x0, 0xd0, 0x0,
    0x77, 0x0, 0xb6, 0x0, 0xbc, 0xb0, 0x19, 0xa7,
    0x80, 0x0, 0x3, 0x20, 0x0, 0x1, 0xdd, 0xdd,
    0xdd, 0x0, 0x0, 0x51, 0x59, 0x0, 0x5a, 0x0,
    0x0, 0xd1, 0xb, 0x52, 0xd1, 0x0, 0x7, 0x80,
    0x1, 0xde, 0x20, 0x0, 0x1e, 0x11, 0x5c, 0xba,
    0xd6, 0x10, 0x15, 0xa, 0x83, 0x0, 0x28, 0xb0,

    /* U+6CB3 "河" */
    0x4, 0x20, 0x0, 0x0, 0x0, 0x0, 0x5, 0xe9,
    0xdd, 0xdd, 0xde, 0xfa, 0x0, 0x14, 0x0, 0x0,
    0x0, 0xc0, 0x0, 0x0, 0x0, 0x0, 0x0, 0xc0,
    0x17, 0x0, 0x4d, 0xdd, 0x50, 0xc0, 0x8, 0xd1,
    0x57, 0x6, 0x60, 0xc0, 0x0, 0x20, 0x57, 0x6,
    0x60, 0xc0, 0x0, 0x3, 0x57, 0x6, 0x60, 0xc0,
    0x0, 0x5a, 0x5e, 0xcc, 0x50, 0xc0, 0x0, 0xd2,
    0x22, 0x0, 0x0, 0xc0, 0x8, 0x80, 0x0, 0x0,
    0x1, 0xc0, 0x9, 0x0, 0x0, 0x9, 0xee, 0x70,

    /* U+6CB9 "油" */
    0xa, 0x60, 0x0, 0xd, 0x0, 0x0, 0x7, 0x70,
    0x0, 0xd0, 0x0, 0x0, 0x0, 0xac, 0xcf, 0xcc,
    0x96, 0x70, 0xc, 0x11, 0xe1, 0x3b, 0x1a, 0xc0,
    0xc0, 0xd, 0x2, 0xb0, 0x2, 0xc, 0x0, 0xd0,
    0x2b, 0x0, 0x0, 0xce, 0xdf, 0xde, 0xb0, 0xa,
    0x2c, 0x0, 0xd0, 0x2b, 0x3, 0xb0, 0xc0, 0xd,
    0x2, 0xb0, 0xd3, 0xc, 0xdd, 0xfd, 0xeb, 0x17,
    0x0, 0xc0, 0x0, 0x2, 0xa0,

    /* U+6CBB "治" */
    0x0, 0x0, 0x0, 0x0, 0x0, 0x0, 0x96, 0x0,
    0xd, 0x10, 0x0, 0x1, 0x98, 0x7, 0x80, 0x30,
    0x0, 0x0, 0x1, 0xd1, 0xc, 0x40, 0x43, 0x0,
    0xb5, 0x0, 0x3e, 0x12, 0xb9, 0x6f, 0xed, 0xdb,
    0xba, 0x0, 0x10, 0x10, 0x0, 0x0, 0x20, 0x3,
    0x2a, 0xdd, 0xdd, 0xd1, 0x0, 0xc3, 0xc1, 0x0,
    0xc, 0x10, 0x5b, 0xc, 0x10, 0x0, 0xc1, 0xd,
    0x20, 0xc4, 0x22, 0x2d, 0x12, 0x70, 0xc, 0xaa,
    0xaa, 0xe1,

    /* U+6CBF "沿" */
    0x1, 0x0, 0x0, 0x0, 0x0, 0x0, 0x5, 0xd3,
    0x5, 0xed, 0xdf, 0x0, 0x0, 0x29, 0x6, 0x70,
    0xd, 0x0, 0x0, 0x0, 0x8, 0x60, 0xd, 0x0,
    0x17, 0x0, 0xd, 0x20, 0xd, 0x0, 0x7, 0xd2,
    0x9a, 0x0, 0xb, 0xb7, 0x0, 0x31, 0x80, 0x0,
    0x0, 0x10, 0x0, 0x2, 0xf, 0xdd, 0xdd, 0xc0,
    0x0, 0x3b, 0xd, 0x0, 0x2, 0xc0, 0x0, 0xc2,
    0xd, 0x0, 0x2, 0xc0, 0x9, 0x70, 0xf, 0xcc,
    0xcd, 0xc0, 0x7, 0x0, 0xd, 0x0, 0x2, 0xb0,

    /* U+6CCA "泊" */
    0x0, 0x0, 0x0, 0x0, 0x0, 0x0, 0xb6, 0x0,
    0x6, 0x90, 0x0, 0x1, 0x96, 0x0, 0xa5, 0x0,
    0x0, 0x0, 0xc, 0xde, 0xdd, 0xdc, 0x43, 0x0,
    0xd0, 0x0, 0x0, 0xd3, 0xc8, 0xd, 0x0, 0x0,
    0xd, 0x0, 0x30, 0xd1, 0x11, 0x12, 0xd0, 0x2,
    0xd, 0xcc, 0xcc, 0xcd, 0x0, 0xc3, 0xd0, 0x0,
    0x0, 0xd0, 0x4a, 0xd, 0x0, 0x0, 0xd, 0xd,
    0x20, 0xdc, 0xcc, 0xcc, 0xd1, 0x60, 0xd, 0x21,
    0x11, 0x2c,

    /* U+6CD5 "法" */
    0x8, 0x70, 0x0, 0xd, 0x10, 0x0, 0x0, 0x7a,
    0x0, 0xd, 0x10, 0x0, 0x0, 0x0, 0x5d, 0xdf,
    0xdd, 0xa0, 0x27, 0x0, 0x0, 0xd, 0x10, 0x0,
    0x7, 0xd0, 0x0, 0xd, 0x10, 0x0, 0x0, 0x10,
    0xcd, 0xef, 0xdd, 0xd3, 0x0, 0x5, 0x0, 0x97,
    0x0, 0x0, 0x0, 0x78, 0x1, 0xd0, 0x46, 0x0,
    0x1, 0xe1, 0xa, 0x50, 0xc, 0x20, 0xa, 0x70,
    0x6e, 0xac, 0xcc, 0xb0, 0x8, 0x0, 0x35, 0x30,
    0x0, 0x91,

    /* U+6CE1 "泡" */
    0x0, 0x0, 0x1, 0x20, 0x0, 0x0, 0x6, 0xc3,
    0x7, 0x80, 0x0, 0x0, 0x0, 0x27, 0xd, 0xcb,
    0xbb, 0xb2, 0x0, 0x0, 0x4a, 0x11, 0x11, 0xb2,
    0x17, 0x1, 0xe5, 0x22, 0x20, 0xb2, 0x7, 0xd4,
    0xae, 0xaa, 0xd0, 0xc1, 0x0, 0x10, 0x2b, 0x0,
    0xd0, 0xd0, 0x0, 0x15, 0x2e, 0xaa, 0xc0, 0xe0,
    0x0, 0x86, 0x2b, 0x0, 0x5d, 0x90, 0x0, 0xd0,
    0x2b, 0x0, 0x0, 0x15, 0x8, 0x80, 0x2c, 0x0,
    0x0, 0x4a, 0x9, 0x10, 0xc, 0xdd, 0xdd, 0xe4,

    /* U+6CE2 "波" */
    0x8, 0x50, 0x0, 0xe, 0x0, 0x0, 0x1, 0xb6,
    0x11, 0x1e, 0x11, 0x20, 0x0, 0x0, 0xcb, 0xbf,
    0xbb, 0xf3, 0x23, 0x0, 0xc1, 0xe, 0x1, 0xd0,
    0x2b, 0xa0, 0xc3, 0x2e, 0x23, 0x40, 0x0, 0x30,
    0xdd, 0xca, 0xad, 0x60, 0x0, 0x10, 0xd3, 0xa0,
    0x1e, 0x0, 0x0, 0xb3, 0xd0, 0xb4, 0xa8, 0x0,
    0x3, 0xc3, 0xa0, 0x1d, 0xc0, 0x0, 0xb, 0x48,
    0x61, 0x9c, 0xd7, 0x0, 0x1a, 0xd, 0x5e, 0x70,
    0x8, 0xe4, 0x0, 0x0, 0x0, 0x0, 0x0, 0x0,

    /* U+6CE5 "泥" */
    0x2, 0x20, 0x0, 0x0, 0x0, 0x0, 0x4, 0xe9,
    0x3f, 0xdd, 0xdd, 0xf0, 0x0, 0x16, 0x2a, 0x0,
    0x0, 0xd0, 0x0, 0x0, 0x2a, 0x0, 0x0, 0xd0,
    0x7, 0x0, 0x2f, 0xdd, 0xdd, 0xf0, 0x8, 0xd2,
    0x3a, 0x21, 0x0, 0x0, 0x0, 0x20, 0x49, 0x76,
    0x2, 0x80, 0x0, 0x4, 0x58, 0x77, 0x8c, 0x30,
    0x0, 0x69, 0x67, 0x7c, 0x40, 0x0, 0x0, 0xd1,
    0xa4, 0x76, 0x0, 0x14, 0x8, 0x91, 0xe0, 0x76,
    0x0, 0x48, 0x9, 0x17, 0x60, 0x3e, 0xdc, 0xe3,
    0x0, 0x0, 0x0, 0x0, 0x0, 0x0,

    /* U+6CE8 "注" */
    0x0, 0x0, 0x0, 0x0, 0x0, 0x0, 0x6, 0xa2,
    0x0, 0xd, 0x10, 0x0, 0x0, 0x4c, 0x0, 0x7,
    0x70, 0x0, 0x0, 0x0, 0xad, 0xdd, 0xdd, 0xd6,
    0x7, 0x0, 0x0, 0x9, 0x50, 0x0, 0x8, 0xd2,
    0x0, 0x9, 0x50, 0x0, 0x0, 0x30, 0x0, 0x9,
    0x50, 0x0, 0x0, 0x2, 0x4d, 0xdf, 0xed, 0xd0,
    0x0, 0x2c, 0x0, 0x9, 0x50, 0x0, 0x0, 0xa5,
    0x0, 0x9, 0x50, 0x0, 0x4, 0xc0, 0x0, 0x9,
    0x50, 0x0, 0xb, 0x32, 0xdd, 0xdf, 0xed, 0xda,
    0x0, 0x0, 0x0, 0x0, 0x0, 0x0,

    /* U+6CEA "泪" */
    0x2, 0x30, 0x0, 0x0, 0x0, 0x0, 0x3, 0xca,
    0x3f, 0xdd, 0xdd, 0xf1, 0x0, 0x5, 0x2b, 0x0,
    0x0, 0xd1, 0x0, 0x0, 0x2b, 0x0, 0x0, 0xd1,
    0xc, 0x60, 0x2f, 0xcc, 0xcc, 0xf1, 0x1, 0x95,
    0x2b, 0x0, 0x0, 0xe1, 0x0, 0x0, 0x2b, 0x0,
    0x0, 0xd1, 0x0, 0x9, 0x2f, 0xdd, 0xdd, 0xf1,
    0x0, 0x5a, 0x2b, 0x0, 0x0, 0xe1, 0x0, 0xd2,
    0x2b, 0x0, 0x0, 0xd1, 0x7, 0x90, 0x2f, 0xdd,
    0xdd, 0xf1, 0x6, 0x10, 0x2c, 0x0, 0x0, 0xc1,

    /* U+6D17 "洗" */
    0x6, 0x60, 0x8, 0x29, 0x40, 0x0, 0x0, 0x99,
    0xe, 0x19, 0x40, 0x0, 0x0, 0x0, 0x3e, 0xde,
    0xed, 0xd3, 0x17, 0x0, 0xb4, 0x9, 0x40, 0x0,
    0x7, 0xd1, 0x60, 0x9, 0x40, 0x0, 0x0, 0x21,
    0xdd, 0xfd, 0xee, 0xda, 0x0, 0x12, 0x1, 0xd0,
    0x85, 0x0, 0x0, 0x86, 0x3, 0xb0, 0x85, 0x0,
    0x0, 0xd0, 0x8, 0x60, 0x85, 0x6, 0x7, 0x80,
    0x4d, 0x10, 0x85, 0xc, 0xa, 0x15, 0xc2, 0x0,
    0x5d, 0xd8, 0x0, 0x0, 0x0, 0x0, 0x0, 0x0,

    /* U+6D3B "活" */
    0x0, 0x0, 0x0, 0x0, 0x0, 0x10, 0x8, 0xb2,
    0x15, 0x79, 0xcc, 0x70, 0x0, 0x48, 0x37, 0x5b,
    0x40, 0x0, 0x0, 0x0, 0x0, 0x9, 0x30, 0x0,
    0x2a, 0x20, 0xcc, 0xce, 0xdc, 0xc7, 0x5, 0xd1,
    0x11, 0x1a, 0x41, 0x10, 0x0, 0x0, 0x0, 0x9,
    0x30, 0x0, 0x0, 0x16, 0x2d, 0xde, 0xdd, 0xa0,
    0x0, 0x87, 0x39, 0x0, 0x1, 0xc0, 0x1, 0xd0,
    0x39, 0x0, 0x1, 0xc0, 0xa, 0x60, 0x3b, 0x22,
    0x24, 0xc0, 0x9, 0x0, 0x3d, 0xaa, 0xaa, 0xb0,

    /* U+6D3E "派" */
    0x0, 0x0, 0x0, 0x0, 0x0, 0x0, 0xa, 0x40,
    0x0, 0x36, 0xad, 0x40, 0x1, 0xb4, 0xac, 0x97,
    0x30, 0x0, 0x0, 0x0, 0xb1, 0x2, 0x6b, 0x20,
    0x44, 0x0, 0xb1, 0xcb, 0xc2, 0x0, 0x2a, 0x80,
    0xc1, 0xc0, 0xc0, 0x10, 0x0, 0x0, 0xd0, 0xc0,
    0xc4, 0xd1, 0x0, 0x50, 0xc0, 0xc0, 0x8b, 0x10,
    0x1, 0xd0, 0xc0, 0xc0, 0x4a, 0x0, 0x8, 0x63,
    0x90, 0xc0, 0x1d, 0x20, 0x1d, 0x9, 0x40, 0xeb,
    0xa5, 0xd1, 0x15, 0xb, 0x1, 0x92, 0x0, 0x61,
    0x0, 0x0, 0x0, 0x0, 0x0, 0x0,

    /* U+6D41 "流" */
    0x0, 0x0, 0x0, 0x2, 0x0, 0x0, 0x9, 0x90,
    0x0, 0xd, 0x0, 0x0, 0x0, 0x78, 0xbb, 0xbe,
    0xcb, 0xb5, 0x0, 0x0, 0x12, 0xd2, 0x27, 0x10,
    0x28, 0x0, 0xb, 0x40, 0xb, 0x50, 0x8, 0xe1,
    0xbf, 0xdc, 0xcb, 0xd1, 0x0, 0x30, 0x22, 0x1,
    0x1, 0x52, 0x0, 0x2, 0x1b, 0xc, 0xd, 0x0,
    0x0, 0x5a, 0x2a, 0xc, 0xd, 0x0, 0x0, 0xd2,
    0x48, 0xc, 0xd, 0x1, 0x8, 0x80, 0xb4, 0xc,
    0xd, 0xa, 0xb, 0x7, 0x90, 0x8, 0xa, 0xc6,
    0x0, 0x0, 0x0, 0x0, 0x0, 0x0,

    /* U+6D47 "浇" */
    0x7, 0x30, 0x0, 0xd0, 0x0, 0x0, 0x2, 0xc5,
    0x56, 0xea, 0xbb, 0xa0, 0x0, 0x0, 0x65, 0x97,
    0x8, 0x40, 0x25, 0x0, 0x0, 0x1d, 0xc8, 0x0,
    0x19, 0xb0, 0x49, 0xca, 0xc3, 0x83, 0x0, 0x20,
    0x63, 0x0, 0x39, 0x90, 0x0, 0x44, 0xcc, 0xcc,
    0xcc, 0xc2, 0x0, 0xd2, 0x2, 0xb0, 0xc1, 0x0,
    0x5, 0xb0, 0x6, 0x80, 0xc1, 0x0, 0xd, 0x30,
    0x2d, 0x20, 0xc1, 0x55, 0x19, 0x3, 0xd4, 0x0,
    0x8c, 0xc2, 0x0, 0x0, 0x0, 0x0, 0x0, 0x0,

    /* U+6D4B "测" */
    0x0, 0x0, 0x0, 0x0, 0x0, 0x0, 0x6, 0xb4,
    0xeb, 0xbe, 0x0, 0x92, 0x0, 0x22, 0xa2, 0x1b,
    0x18, 0x92, 0x0, 0x0, 0xa6, 0x4b, 0x18, 0x92,
    0x1d, 0x50, 0xa6, 0x4b, 0x18, 0x92, 0x2, 0xb1,
    0xa6, 0x4b, 0x18, 0x92, 0x0, 0x0, 0xa6, 0x4b,
    0x18, 0x92, 0x0, 0x41, 0xa7, 0x3b, 0x18, 0x92,
    0x0, 0xd1, 0xa8, 0x2b, 0x18, 0x92, 0x4, 0xa0,
    0x1b, 0x31, 0x1, 0x92, 0xb, 0x40, 0x86, 0x76,
    0x0, 0x92, 0xa, 0x6, 0x70, 0x9, 0x1b, 0xc0,
    0x0, 0x0, 0x0, 0x0, 0x0, 0x0,

    /* U+6D6A "浪" */
    0x0, 0x0, 0x0, 0x0, 0x0, 0x0, 0x8, 0x30,
    0x0, 0x67, 0x0, 0x0, 0x2, 0xd3, 0xbc, 0xdf,
    0xcc, 0x10, 0x0, 0x10, 0xe0, 0x0, 0xc, 0x10,
    0x36, 0x0, 0xec, 0xcc, 0xcf, 0x10, 0x8, 0xb0,
    0xe0, 0x0, 0xc, 0x10, 0x0, 0x0, 0xeb, 0xbb,
    0xbf, 0x10, 0x0, 0x71, 0xe0, 0x2b, 0x4, 0x30,
    0x1, 0xd0, 0xe0, 0xb, 0x9b, 0x10, 0x9, 0x60,
    0xe0, 0x2, 0xe2, 0x0, 0x2e, 0x0, 0xfa, 0xd2,
    0x3d, 0x70, 0x2, 0x1, 0x93, 0x0, 0x1, 0x70,

    /* U+6D77 "海" */
    0x0, 0x0, 0x1, 0x0, 0x0, 0x0, 0xb, 0x70,
    0x3c, 0x0, 0x0, 0x0, 0x0, 0x84, 0x9e, 0xdd,
    0xdd, 0xd0, 0x0, 0x3, 0xc0, 0x0, 0x0, 0x0,
    0x21, 0xa, 0x7c, 0xcc, 0xcc, 0x60, 0x4d, 0x50,
    0x66, 0x47, 0x5, 0x70, 0x1, 0x40, 0x85, 0x8,
    0x27, 0x70, 0x0, 0x29, 0xec, 0xdc, 0xce, 0xd4,
    0x1, 0xc0, 0xd0, 0x48, 0x9, 0x40, 0x7, 0x60,
    0xfc, 0xcd, 0xce, 0xd0, 0xd, 0x10, 0x0, 0x0,
    0xd, 0x0, 0x28, 0x0, 0x0, 0x9, 0xc8, 0x0,
    0x0, 0x0, 0x0, 0x0, 0x0, 0x0,

    /* U+6D88 "消" */
    0xa, 0x30, 0x60, 0xe, 0x0, 0x80, 0x2, 0xb2,
    0x78, 0xe, 0x8, 0x80, 0x0, 0x0, 0x8, 0xe,
    0x8, 0x0, 0x78, 0x0, 0x9d, 0xdf, 0xdd, 0x80,
    0x7, 0xa0, 0xa3, 0x0, 0x4, 0x90, 0x0, 0x0,
    0xac, 0xbb, 0xbd, 0x90, 0x0, 0x61, 0xa3, 0x0,
    0x4, 0x90, 0x0, 0xd0, 0xab, 0xaa, 0xab, 0x90,
    0x7, 0x80, 0xa4, 0x11, 0x15, 0x90, 0xe, 0x10,
    0xa3, 0x0, 0x4, 0x90, 0x27, 0x0, 0xa3, 0x0,
    0xcd, 0x50,

    /* U+6DC0 "淀" */
    0x0, 0x0, 0x0, 0x2, 0x0, 0x0, 0x9, 0xa0,
    0x0, 0x1c, 0x0, 0x0, 0x0, 0x65, 0xcc, 0xcf,
    0xcc, 0xc0, 0x0, 0x0, 0xd0, 0x0, 0x0, 0xd0,
    0x4a, 0x10, 0x30, 0x0, 0x0, 0x30, 0x6, 0xc0,
    0x7c, 0xcf, 0xcc, 0x80, 0x0, 0x10, 0x15, 0xd,
    0x0, 0x0, 0x0, 0x44, 0x49, 0xd, 0xaa, 0x50,
    0x0, 0xb2, 0x79, 0xd, 0x22, 0x10, 0x3, 0xc0,
    0xbc, 0xd, 0x0, 0x0, 0xb, 0x42, 0xc3, 0xbe,
    0x0, 0x0, 0xb, 0xb, 0x40, 0x3b, 0xdd, 0xd3,
    0x0, 0x1, 0x0, 0x0, 0x0, 0x0,

    /* U+6DC7 "淇" */
    0x7, 0x81, 0xa, 0x30, 0x9, 0x40, 0x0, 0x57,
    0xbe, 0xdc, 0xce, 0xd6, 0x0, 0x0, 0xa, 0x40,
    0xa, 0x50, 0x2a, 0x20, 0xa, 0xcb, 0xbe, 0x40,
    0x5, 0xd1, 0xa, 0x30, 0x9, 0x40, 0x0, 0x0,
    0xa, 0xdc, 0xce, 0x40, 0x0, 0x13, 0xa, 0x30,
    0x9, 0x40, 0x0, 0x98, 0xdf, 0xdd, 0xde, 0xe9,
    0x1, 0xd0, 0x4, 0x80, 0x38, 0x0, 0x9, 0x60,
    0x6c, 0x10, 0x8, 0xb0, 0x7, 0x5, 0x90, 0x0,
    0x0, 0x77,

    /* U+6DCB "淋" */
    0x7, 0x20, 0x2a, 0x0, 0x1c, 0x0, 0x2, 0xc0,
    0x2a, 0x0, 0x1c, 0x0, 0x0, 0x9, 0xbe, 0xa8,
    0xbe, 0xa6, 0x36, 0x2, 0x8c, 0x22, 0x8f, 0x31,
    0xa, 0x60, 0xbf, 0x60, 0xbf, 0x30, 0x0, 0x10,
    0xda, 0xc3, 0xde, 0x80, 0x1, 0x45, 0x9a, 0x17,
    0x7c, 0xb0, 0x5, 0x8c, 0x3a, 0x2c, 0x2c, 0x75,
    0xa, 0x77, 0x2a, 0x83, 0x1c, 0x18, 0xd, 0x0,
    0x2a, 0x0, 0x1c, 0x0, 0x16, 0x0, 0x2a, 0x0,
    0x1c, 0x0,

    /* U+6DD8 "淘" */
    0x4, 0x60, 0xb, 0x0, 0x0, 0x0, 0x1, 0x98,
    0x6a, 0x0, 0x0, 0x0, 0x0, 0x1, 0xdc, 0xbb,
    0xbb, 0xe4, 0x4, 0xb, 0x5a, 0x20, 0x0, 0x94,
    0x1a, 0xb4, 0x3d, 0xdc, 0xb2, 0x94, 0x0, 0x10,
    0x72, 0x94, 0x0, 0x94, 0x0, 0x23, 0xcb, 0xdc,
    0xc9, 0xa3, 0x0, 0xb2, 0x83, 0x83, 0x84, 0xa2,
    0x2, 0xb0, 0x8c, 0xdc, 0xd4, 0xc1, 0xa, 0x50,
    0x0, 0x0, 0x0, 0xe0, 0x7, 0x0, 0x0, 0x1,
    0xdd, 0x90, 0x0, 0x0, 0x0, 0x0, 0x0, 0x0,

    /* U+6DE1 "淡" */
    0x8, 0x50, 0x1, 0xe, 0x0, 0x10, 0x1, 0xb7,
    0x3a, 0xe, 0x7, 0x90, 0x0, 0x0, 0xb3, 0x2d,
    0x1c, 0x0, 0x24, 0x0, 0x0, 0xab, 0xc5, 0x0,
    0x2b, 0xb0, 0x5b, 0x90, 0x2b, 0xa0, 0x0, 0x30,
    0x83, 0xe, 0x0, 0x60, 0x0, 0x31, 0x39, 0xe,
    0x3, 0xc0, 0x0, 0xc3, 0xa4, 0x3f, 0x2c, 0x30,
    0x4, 0xc0, 0x70, 0xaa, 0xb4, 0x0, 0xd, 0x30,
    0x1a, 0xb0, 0x8a, 0x10, 0x7, 0x7, 0xc6, 0x0,
    0x4, 0xb5, 0x0, 0x0, 0x0, 0x0, 0x0, 0x0,

    /* U+6DF1 "深" */
    0x4, 0x0, 0x0, 0x0, 0x0, 0x0, 0x6, 0xd4,
    0xfc, 0xcc, 0xcc, 0xf0, 0x0, 0x21, 0xb0, 0x40,
    0x40, 0xc0, 0x0, 0x0, 0x18, 0x70, 0xb6, 0x10,
    0x59, 0x0, 0x3d, 0x0, 0xd, 0x20, 0x8, 0xc0,
    0xd2, 0x6, 0x3, 0xa0, 0x0, 0x20, 0x10, 0x1d,
    0x0, 0x10, 0x0, 0x21, 0xbb, 0xef, 0xeb, 0xb0,
    0x0, 0xc1, 0x3, 0xce, 0xc1, 0x0, 0x4, 0x90,
    0x2c, 0x2d, 0x3c, 0x10, 0xc, 0x16, 0xd3, 0xd,
    0x5, 0xd2, 0x17, 0x2, 0x0, 0xd, 0x0, 0x20,

    /* U+6DF7 "混" */
    0x2, 0x0, 0x0, 0x0, 0x0, 0x0, 0xb, 0xb2,
    0xdb, 0xbb, 0xbd, 0x90, 0x0, 0x77, 0xd0, 0x0,
    0x4, 0x90, 0x0, 0x0, 0xdb, 0xbb, 0xbc, 0x90,
    0x24, 0x0, 0xd0, 0x0, 0x4, 0x90, 0x2c, 0xb0,
    0xbc, 0xcc, 0xcc, 0x80, 0x0, 0x40, 0x50, 0x0,
    0x40, 0x0, 0x0, 0x1, 0xc1, 0x1, 0xb0, 0x62,
    0x0, 0x87, 0xcd, 0xc4, 0xec, 0x70, 0x1, 0xd0,
    0xc1, 0x1, 0xc0, 0x0, 0xb, 0x60, 0xc2, 0x43,
    0xb0, 0x2a, 0x1b, 0x1, 0xfc, 0x82, 0xcd, 0xd5,
    0x0, 0x0, 0x10, 0x0, 0x0, 0x0,

    /* U+6DF9 "淹" */
    0x0, 0x0, 0x0, 0x11, 0x0, 0x0, 0x7, 0x90,
    0x0, 0x95, 0x0, 0x0, 0x0, 0x7a, 0xcc, 0xfd,
    0xcc, 0xc8, 0x0, 0x0, 0x8, 0x70, 0x59, 0x0,
    0x5, 0x0, 0x3d, 0x7, 0xb, 0x50, 0x8, 0xc5,
    0xfd, 0xbf, 0xbd, 0xf6, 0x0, 0x15, 0x97, 0xd,
    0x4, 0xa5, 0x0, 0x13, 0x5d, 0xaf, 0xac, 0x80,
    0x0, 0x96, 0x57, 0xd, 0x4, 0x80, 0x1, 0xd0,
    0x5d, 0xbf, 0xbb, 0x61, 0x9, 0x70, 0x0, 0xd,
    0x0, 0x1b, 0x8, 0x0, 0x0, 0xa, 0xcc, 0xc5,

    /* U+6E05 "清" */
    0x9, 0x20, 0x11, 0x69, 0x11, 0x10, 0x3, 0xc4,
    0x99, 0xbd, 0x99, 0x60, 0x0, 0x1, 0xaa, 0xcd,
    0xaa, 0x40, 0x54, 0x2, 0x22, 0x7a, 0x22, 0x20,
    0x2c, 0x76, 0x77, 0x77, 0x77, 0x71, 0x0, 0x10,
    0xba, 0xaa, 0xac, 0x10, 0x0, 0x50, 0xd3, 0x33,
    0x3c, 0x20, 0x1, 0xd0, 0xd6, 0x66, 0x6d, 0x20,
    0x8, 0x60, 0xea, 0xaa, 0xae, 0x20, 0x1e, 0x0,
    0xd0, 0x0, 0xb, 0x20, 0x26, 0x0, 0xd0, 0x1,
    0xcc, 0x0,

    /* U+6E0A "渊" */
    0x0, 0x0, 0x0, 0x0, 0x0, 0x0, 0x8, 0xb3,
    0xd0, 0xc, 0x0, 0xd0, 0x0, 0x33, 0xd7, 0x3c,
    0x29, 0xd0, 0x0, 0x0, 0xd2, 0x8c, 0x54, 0xd0,
    0x2c, 0x40, 0xd0, 0x7c, 0x60, 0xd0, 0x2, 0xb0,
    0xd8, 0xae, 0xa8, 0xd0, 0x0, 0x0, 0xd1, 0x6f,
    0x61, 0xd0, 0x0, 0x43, 0xc0, 0xad, 0xa0, 0xd0,
    0x0, 0xd4, 0xb3, 0x9c, 0x57, 0xd0, 0x4, 0xb4,
    0x9d, 0x2c, 0x8, 0xd0, 0xc, 0x49, 0x45, 0xc,
    0x0, 0xd0, 0x1b, 0xc, 0x0, 0xc, 0x0, 0xd0,

    /* U+6E29 "温" */
    0x2, 0x0, 0x0, 0x0, 0x0, 0x0, 0x7, 0xe5,
    0x7d, 0xcc, 0xce, 0x50, 0x0, 0x26, 0x75, 0x0,
    0x8, 0x50, 0x0, 0x0, 0x7d, 0xbb, 0xbd, 0x50,
    0x37, 0x0, 0x75, 0x0, 0x8, 0x50, 0x7, 0xd0,
    0x7d, 0xcc, 0xce, 0x50, 0x0, 0x10, 0x0, 0x0,
    0x0, 0x0, 0x0, 0x23, 0xdc, 0xec, 0xed, 0xb0,
    0x0, 0xa5, 0xd0, 0xb0, 0xa1, 0xb0, 0x2, 0xd0,
    0xd0, 0xb0, 0xa1, 0xb0, 0xa, 0x50, 0xd0, 0xb0,
    0xa1, 0xb0, 0x1c, 0xb, 0xfc, 0xfc, 0xed, 0xf6,
    0x0, 0x0, 0x0, 0x0, 0x0, 0x0,

    /* U+6E2F "港" */
    0xa, 0x60, 0xc, 0x10, 0x94, 0x0, 0x0, 0x98,
    0xcf, 0xdc, 0xed, 0xc1, 0x0, 0x0, 0xc, 0x10,
    0x94, 0x0, 0x69, 0x19, 0xae, 0xaa, 0xdc, 0xa4,
    0x5, 0x82, 0x4d, 0x32, 0x7a, 0x21, 0x0, 0x0,
    0xbd, 0x99, 0x9f, 0x40, 0x0, 0x7b, 0x9c, 0x11,
    0x78, 0xc5, 0x0, 0xd3, 0xe, 0x99, 0xc6, 0x10,
    0x7, 0x80, 0xc, 0x11, 0x10, 0x20, 0xe, 0x10,
    0xc, 0x0, 0x1, 0xb0, 0x28, 0x0, 0xc, 0xdc,
    0xce, 0x50,

    /* U+6E34 "渴" */
    0x2, 0x0, 0x0, 0x0, 0x0, 0x0, 0xd9, 0x9,
    0xca, 0xaa, 0xf0, 0x0, 0xb3, 0x94, 0x0, 0xd,
    0x0, 0x0, 0x9, 0xca, 0xaa, 0xf0, 0x54, 0x0,
    0x98, 0x44, 0x4e, 0x2, 0xb8, 0x4, 0xd6, 0x66,
    0x60, 0x0, 0x10, 0x7e, 0xbb, 0xbb, 0x70, 0x6,
    0x5b, 0x0, 0x80, 0x4a, 0x2, 0xd4, 0xb1, 0x8b,
    0x44, 0x90, 0x97, 0xb, 0x45, 0x6, 0x68, 0x2e,
    0x0, 0x7a, 0xaa, 0xaa, 0x62, 0x50, 0x0, 0x0,
    0x6, 0xc2, 0x0, 0x0, 0x0, 0x0, 0x0, 0x0,

    /* U+6E38 "游" */
    0x9, 0x20, 0x94, 0x0, 0xc0, 0x0, 0x3, 0xd1,
    0x2b, 0x3, 0xd5, 0x52, 0x0, 0xc, 0xfd, 0xde,
    0xa8, 0x84, 0x37, 0x10, 0xd0, 0xc, 0x65, 0x61,
    0x6, 0x90, 0xec, 0xb0, 0x48, 0xc0, 0x0, 0x0,
    0xd0, 0xd0, 0xd, 0x0, 0x0, 0x71, 0xa0, 0xd9,
    0xbf, 0xb6, 0x4, 0xa3, 0x80, 0xd1, 0x1d, 0x11,
    0x9, 0x58, 0x50, 0xc0, 0xd, 0x0, 0xe, 0x1d,
    0x2, 0xb0, 0xd, 0x0, 0x27, 0x55, 0x7c, 0x45,
    0xda, 0x0,

    /* U+6E56 "湖" */
    0x0, 0x0, 0x0, 0x0, 0x0, 0x0, 0xb9, 0x1,
    0xb0, 0x3d, 0xcd, 0x0, 0x82, 0x1b, 0x3, 0x80,
    0xc0, 0x0, 0xab, 0xea, 0x68, 0xc, 0x37, 0x3,
    0x5c, 0x34, 0xec, 0xf0, 0x7a, 0x1, 0xb0, 0x38,
    0xc, 0x0, 0x4, 0xad, 0x93, 0x80, 0xc0, 0x3,
    0x87, 0x3d, 0x5e, 0xcf, 0x0, 0xd8, 0x40, 0xc6,
    0x60, 0xc0, 0x68, 0x7c, 0xae, 0x92, 0xc, 0xd,
    0x27, 0x61, 0x3c, 0x0, 0xd1, 0x90, 0x21, 0x7,
    0x50, 0xcb, 0x0, 0x0, 0x0, 0x0, 0x0, 0x0,

    /* U+6E7E "湾" */
    0x0, 0x0, 0x0, 0x1, 0x0, 0x0, 0x8, 0x20,
    0x0, 0xd, 0x0, 0x0, 0x3, 0xd1, 0xbc, 0xec,
    0xfb, 0xb7, 0x0, 0x30, 0x64, 0xc0, 0xd4, 0x60,
    0x14, 0x4, 0xb0, 0xc0, 0xd0, 0xb4, 0xc, 0x22,
    0x0, 0x80, 0x80, 0x11, 0x3, 0x40, 0xbb, 0xbb,
    0xbc, 0xa0, 0x0, 0x60, 0x25, 0x55, 0x57, 0xa0,
    0x2, 0xb0, 0xa7, 0x55, 0x55, 0x30, 0x7, 0x60,
    0xcb, 0xbb, 0xbb, 0xd1, 0xd, 0x10, 0x0, 0x0,
    0x1, 0xd0, 0x6, 0x0, 0x0, 0x2, 0xbc, 0x60,

    /* U+6E7F "湿" */
    0x2, 0x0, 0x0, 0x0, 0x0, 0x0, 0x8, 0xd3,
    0xbc, 0xbb, 0xbc, 0xa0, 0x0, 0x44, 0xb2, 0x0,
    0x3, 0xa0, 0x0, 0x0, 0xbc, 0xbb, 0xbc, 0xa0,
    0x59, 0x10, 0xb2, 0x0, 0x3, 0xa0, 0x7, 0xc0,
    0xbc, 0xbb, 0xbc, 0xa0, 0x0, 0x0, 0x0, 0x10,
    0x10, 0x0, 0x0, 0x10, 0x30, 0xd0, 0xd0, 0x40,
    0x0, 0xc1, 0xd0, 0xd0, 0xd0, 0xd0, 0x3, 0xb0,
    0x75, 0xd0, 0xd6, 0x60, 0xb, 0x40, 0x24, 0xd0,
    0xd5, 0x0, 0x1c, 0xb, 0xcc, 0xfc, 0xfc, 0xc6,
    0x0, 0x0, 0x0, 0x0, 0x0, 0x0,

    /* U+6E83 "溃" */
    0x5, 0x80, 0x3, 0x3b, 0x63, 0x30, 0x0, 0x6b,
    0x4b, 0x6c, 0x86, 0xd0, 0x0, 0x0, 0x3d, 0xae,
    0xba, 0xd0, 0x8, 0x10, 0x33, 0x3b, 0x63, 0x32,
    0x6, 0xd3, 0x77, 0x77, 0x77, 0x75, 0x0, 0x10,
    0x2c, 0xbb, 0xbb, 0xa0, 0x0, 0x1, 0x2a, 0x4,
    0x12, 0xc0, 0x0, 0x59, 0x2a, 0x9, 0x32, 0xc0,
    0x0, 0xd1, 0x29, 0xc, 0x12, 0xa0, 0x7, 0x80,
    0x3, 0xb6, 0x8a, 0x30, 0x6, 0x10, 0x9a, 0x30,
    0x2, 0xb2,

    /* U+6E90 "源" */
    0x3, 0x0, 0x0, 0x0, 0x0, 0x0, 0x7, 0xd3,
    0xec, 0xcc, 0xcc, 0xc5, 0x0, 0x32, 0xd0, 0x2,
    0xc0, 0x0, 0x0, 0x0, 0xd2, 0x9b, 0xd9, 0x90,
    0x4a, 0x10, 0xd4, 0xa2, 0x22, 0xd0, 0x5, 0xb0,
    0xd4, 0xda, 0xaa, 0xe0, 0x0, 0x0, 0xc4, 0x80,
    0x0, 0xd0, 0x0, 0x42, 0xb4, 0xcb, 0xcb, 0xd0,
    0x0, 0xd5, 0x90, 0x50, 0xd2, 0x30, 0x5, 0x88,
    0x57, 0x90, 0xd2, 0xd0, 0xd, 0x2d, 0x3d, 0x10,
    0xd0, 0x86, 0x18, 0x37, 0x1, 0x4c, 0xa0, 0x0,

    /* U+6EAA "溪" */
    0x6, 0x10, 0x1, 0x24, 0x7a, 0x30, 0x7, 0xe4,
    0xba, 0xb9, 0x57, 0x10, 0x0, 0x30, 0xb1, 0x58,
    0xc, 0x0, 0x0, 0x0, 0x55, 0x57, 0x27, 0x0,
    0x8b, 0x20, 0x9, 0x62, 0x80, 0x0, 0x5, 0x80,
    0xbd, 0x9b, 0x43, 0x0, 0x0, 0x0, 0x3b, 0x91,
    0x3d, 0x10, 0x0, 0x61, 0xef, 0xed, 0xa9, 0xa0,
    0x2, 0xc0, 0x20, 0x68, 0x0, 0x10, 0x9, 0x58,
    0xbc, 0xff, 0xcb, 0xb2, 0x1e, 0x0, 0x9, 0xa2,
    0xc2, 0x0, 0x36, 0x9, 0xc7, 0x0, 0x2a, 0xc1,
    0x0, 0x1, 0x0, 0x0, 0x0, 0x0,

    /* U+6ECB "滋" */
    0x0, 0x0, 0x0, 0x0, 0x0, 0x0, 0xb, 0x50,
    0x2b, 0x0, 0x2c, 0x0, 0x1, 0xb2, 0xa, 0x40,
    0x95, 0x0, 0x0, 0xb, 0xdd, 0xdc, 0xed, 0xc3,
    0x43, 0x0, 0xa2, 0x0, 0xc1, 0x0, 0x2c, 0x61,
    0xb1, 0x62, 0x91, 0x60, 0x0, 0x9, 0x58, 0x6b,
    0x48, 0x60, 0x0, 0x6b, 0xad, 0x1b, 0xad, 0x0,
    0x4, 0x90, 0x95, 0x0, 0x86, 0x10, 0xb, 0x33,
    0x95, 0x62, 0xa3, 0x90, 0x3c, 0x1e, 0xab, 0xbd,
    0xbb, 0xe0, 0x23, 0x4, 0x20, 0x84, 0x10, 0x52,

    /* U+6ED1 "滑" */
    0x1, 0x0, 0x0, 0x0, 0x0, 0x0, 0xd, 0x70,
    0x6d, 0xbb, 0xbe, 0x0, 0x1, 0xc6, 0x65, 0x0,
    0xd, 0x0, 0x0, 0x0, 0x6c, 0x9c, 0xd, 0x0,
    0x32, 0x3, 0xa9, 0x5d, 0x5e, 0x51, 0x3c, 0x7b,
    0x75, 0x55, 0x55, 0xc3, 0x0, 0x17, 0x8c, 0xbb,
    0xbd, 0x62, 0x0, 0x30, 0x87, 0x33, 0x3e, 0x0,
    0x0, 0xd1, 0x89, 0x66, 0x6e, 0x0, 0x6, 0x90,
    0x8c, 0xaa, 0xaf, 0x0, 0xd, 0x10, 0x84, 0x0,
    0xd, 0x0, 0x17, 0x0, 0x84, 0x3, 0xbc, 0x0,
    0x0, 0x0, 0x0, 0x0, 0x0, 0x0,

    /* U+6EDA "滚" */
    0x0, 0x0, 0x0, 0x0, 0x0, 0x0, 0x9, 0x10,
    0x0, 0x5b, 0x0, 0x0, 0x3, 0xd7, 0xcc, 0xcd,
    0xdc, 0xc0, 0x0, 0x10, 0x2c, 0x10, 0x88, 0x0,
    0x43, 0x6, 0xc2, 0xc3, 0x8, 0xa0, 0x2c, 0x55,
    0x1b, 0x50, 0xb1, 0x50, 0x0, 0x21, 0xdd, 0xbc,
    0xbb, 0x0, 0x0, 0x40, 0x47, 0xcc, 0x23, 0x30,
    0x1, 0xc1, 0x8d, 0x14, 0xaa, 0x70, 0x8, 0x8d,
    0x8b, 0x0, 0xb8, 0x0, 0x1d, 0x0, 0x3c, 0x69,
    0x1d, 0x80, 0x25, 0x0, 0x6a, 0x62, 0x0, 0x81,

    /* U+6EE1 "满" */
    0x8, 0x10, 0xa, 0x30, 0xc1, 0x0, 0x4, 0xd8,
    0xbe, 0xcb, 0xfb, 0xb1, 0x0, 0x0, 0x6, 0x20,
    0x80, 0x0, 0x21, 0x8, 0xcc, 0xec, 0xec, 0xc2,
    0x4d, 0x40, 0x2, 0x90, 0xb0, 0x0, 0x1, 0x26,
    0xed, 0xed, 0xec, 0xd0, 0x0, 0x26, 0x75, 0x73,
    0x90, 0xd0, 0x1, 0xd6, 0x79, 0xc7, 0xe2, 0xd0,
    0x8, 0x76, 0xaa, 0x2c, 0x38, 0xd0, 0x1d, 0x6,
    0x81, 0x14, 0x0, 0xd0, 0x25, 0x6, 0x70, 0x0,
    0x39, 0xa0,

    /* U+6EE4 "滤" */
    0x5, 0x30, 0x0, 0x4c, 0x33, 0x30, 0x1, 0xb5,
    0x0, 0x4d, 0x77, 0x70, 0x0, 0x0, 0xcb, 0xdd,
    0xbb, 0xb4, 0x19, 0x10, 0xd0, 0x95, 0x34, 0x60,
    0x4, 0xc0, 0xd7, 0xd9, 0x64, 0x20, 0x0, 0x0,
    0xc0, 0x6c, 0x99, 0x90, 0x0, 0x52, 0xb0, 0x1,
    0x11, 0x0, 0x0, 0xd3, 0xa0, 0x14, 0x90, 0x30,
    0x4, 0xa5, 0x89, 0xb0, 0xa3, 0x91, 0xb, 0x39,
    0x59, 0xb0, 0x0, 0xb6, 0x9, 0xc, 0x32, 0x8a,
    0xab, 0x63, 0x0, 0x0, 0x0, 0x0, 0x0, 0x0,

    /* U+6EF4 "滴" */
    0x0, 0x0, 0x0, 0x0, 0x0, 0x0, 0x8, 0x20,
    0x0, 0x58, 0x0, 0x0, 0x3, 0xc7, 0xce, 0xbb,
    0xec, 0xb0, 0x0, 0x0, 0xd, 0x10, 0xc2, 0x0,
    0x44, 0x3, 0xcd, 0xcc, 0xec, 0x80, 0x1a, 0x74,
    0x80, 0x38, 0x3, 0xa0, 0x0, 0x14, 0x8a, 0xbd,
    0xa5, 0xa0, 0x0, 0x34, 0x80, 0x38, 0x3, 0xa0,
    0x0, 0xd5, 0x88, 0xa9, 0xc3, 0xa0, 0x6, 0x84,
    0x88, 0xa9, 0xc3, 0xa0, 0xd, 0x14, 0x88, 0x20,
    0x3, 0xa0, 0x16, 0x4, 0x80, 0x0, 0x5c, 0x60,

    /* U+6F02 "漂" */
    0x1, 0x0, 0x0, 0x0, 0x0, 0x0, 0x7, 0xc3,
    0xbb, 0xec, 0xec, 0xb6, 0x0, 0x67, 0x0, 0xa1,
    0xa1, 0x0, 0x0, 0x0, 0x9b, 0xeb, 0xeb, 0xd3,
    0x17, 0x0, 0xa2, 0xa1, 0xa1, 0xa3, 0x7, 0xc0,
    0x9b, 0xdb, 0xdb, 0xd2, 0x0, 0x10, 0x15, 0x55,
    0x55, 0x50, 0x0, 0x22, 0x15, 0x55, 0x55, 0x50,
    0x0, 0xa4, 0xcc, 0xcd, 0xcc, 0xc8, 0x2, 0xb0,
    0x8, 0xa, 0x26, 0x10, 0xa, 0x40, 0xa6, 0xa,
    0x23, 0xc2, 0x7, 0x3, 0x60, 0xbd, 0x10, 0x35,

    /* U+6F0F "漏" */
    0x1, 0x0, 0x0, 0x0, 0x0, 0x0, 0x8, 0xc2,
    0xeb, 0xbb, 0xbb, 0xf0, 0x0, 0x65, 0xd0, 0x0,
    0x0, 0xd0, 0x0, 0x0, 0xeb, 0xbb, 0xbb, 0xf0,
    0x19, 0x20, 0xd3, 0x33, 0x33, 0x31, 0x4, 0xc1,
    0xe7, 0x77, 0xd7, 0x74, 0x0, 0x0, 0xca, 0xab,
    0xea, 0xa3, 0x0, 0x62, 0xbc, 0x30, 0xc3, 0x94,
    0x0, 0xd4, 0x9c, 0x47, 0xb8, 0x94, 0x6, 0x97,
    0x6c, 0x60, 0xc6, 0x94, 0xd, 0x3d, 0x1c, 0x36,
    0xb6, 0x94, 0x9, 0x18, 0xc, 0x0, 0xa4, 0xc2,

    /* U+6F14 "演" */
    0x0, 0x0, 0x0, 0x0, 0x0, 0x0, 0x5, 0x91,
    0x0, 0x2d, 0x0, 0x0, 0x0, 0x68, 0xec, 0xcd,
    0xcc, 0xd5, 0x0, 0x1, 0xc1, 0x11, 0x11, 0x85,
    0x18, 0x20, 0x28, 0x8f, 0x88, 0x30, 0x4, 0x90,
    0x7a, 0xaf, 0xaa, 0x90, 0x0, 0x0, 0xa2, 0xe,
    0x0, 0xd0, 0x0, 0x33, 0xab, 0xaf, 0xaa, 0xe0,
    0x0, 0xb3, 0xa2, 0xd, 0x0, 0xd0, 0x2, 0xd0,
    0x7b, 0xbb, 0xcb, 0xa0, 0xa, 0x50, 0x3b, 0x60,
    0x4c, 0x40, 0x7, 0x4, 0xb3, 0x0, 0x1, 0xa3,

    /* U+6F2B "漫" */
    0x0, 0x0, 0x0, 0x0, 0x0, 0x0, 0x9, 0x90,
    0x4d, 0x99, 0x9b, 0x60, 0x0, 0x89, 0x4d, 0x88,
    0x8b, 0x60, 0x0, 0x0, 0x4a, 0x33, 0x38, 0x60,
    0x25, 0x0, 0x15, 0x55, 0x55, 0x20, 0x1b, 0xa0,
    0xd9, 0xe9, 0xe9, 0xe0, 0x0, 0x50, 0xd3, 0xc3,
    0xc3, 0xd0, 0x0, 0x21, 0x56, 0x66, 0x66, 0x60,
    0x0, 0xa7, 0xcf, 0xcb, 0xbf, 0x60, 0x3, 0xc0,
    0x7, 0xa1, 0x9a, 0x0, 0xc, 0x40, 0x4, 0xcf,
    0xd3, 0x0, 0x7, 0x7, 0xc8, 0x40, 0x49, 0xd2,
    0x0, 0x0, 0x0, 0x0, 0x0, 0x0,

    /* U+6F66 "潦" */
    0x0, 0x0, 0x0, 0x0, 0x0, 0x0, 0x6, 0x30,
    0x0, 0x3a, 0x0, 0x0, 0x2, 0xd4, 0xcc, 0xee,
    0xdc, 0xc6, 0x0, 0x21, 0x83, 0xc0, 0x94, 0x62,
    0x14, 0x0, 0x6f, 0x30, 0x1d, 0xa0, 0x1b, 0x83,
    0xee, 0xaa, 0xad, 0xe4, 0x0, 0x53, 0x5d, 0x77,
    0x7b, 0x73, 0x0, 0x32, 0x1c, 0x22, 0x29, 0x40,
    0x0, 0xc3, 0xa, 0xae, 0xaa, 0x30, 0x4, 0xb0,
    0x1a, 0xc, 0x19, 0x20, 0xc, 0x31, 0xc4, 0xc,
    0x2, 0xd2, 0x7, 0x3, 0x30, 0xcd, 0x0, 0x33,

    /* U+6F6E "潮" */
    0xb, 0x30, 0xc, 0x0, 0xfc, 0xf0, 0x2b, 0x8c,
    0xfc, 0x6b, 0xc, 0x0, 0x0, 0xc, 0x0, 0xb0,
    0xc3, 0x50, 0x6b, 0xbd, 0x3f, 0xcf, 0x1a, 0x77,
    0x85, 0xb3, 0xb0, 0xc0, 0x0, 0x78, 0x4b, 0x4b,
    0xc, 0x0, 0x56, 0xbb, 0xd4, 0xfc, 0xf0, 0x2b,
    0x0, 0xc0, 0x39, 0xc, 0x8, 0x5b, 0xdf, 0xcc,
    0x60, 0xc0, 0xd0, 0x0, 0xc0, 0xa2, 0xc, 0x28,
    0x0, 0xc, 0x9, 0xd, 0xb0, 0x0, 0x0, 0x0,
    0x0, 0x0,

    /* U+6F84 "澄" */
    0x1, 0x0, 0x0, 0x3, 0x11, 0x0, 0xb, 0x93,
    0xcc, 0xd7, 0x9c, 0x10, 0x0, 0x94, 0x45, 0x81,
    0xf2, 0x81, 0x0, 0x1, 0xdd, 0x10, 0xac, 0x90,
    0x44, 0x0, 0x9d, 0xcc, 0xde, 0x30, 0x2b, 0x6a,
    0xa0, 0x0, 0x3, 0xe4, 0x0, 0x12, 0xac, 0xbb,
    0xbf, 0x20, 0x0, 0x41, 0x92, 0x0, 0xd, 0x0,
    0x0, 0xc1, 0x8c, 0xbb, 0xcc, 0x0, 0x5, 0x90,
    0xd, 0x0, 0xa4, 0x0, 0xd, 0x20, 0xa, 0x40,
    0xd0, 0x0, 0x1a, 0x9, 0xcd, 0xcd, 0xec, 0xc2,
    0x0, 0x0, 0x0, 0x0, 0x0, 0x0,

    /* U+6F88 "澈" */
    0x0, 0x0, 0x0, 0x0, 0x10, 0x0, 0xa, 0x10,
    0x1a, 0x0, 0x84, 0x0, 0x4, 0xbb, 0xce, 0xb8,
    0xb1, 0x0, 0x0, 0x0, 0xc1, 0x60, 0xdc, 0xf5,
    0x32, 0x7, 0xc9, 0xe4, 0xd0, 0xc0, 0x3d, 0x45,
    0x53, 0x4b, 0xf1, 0xa0, 0x1, 0x26, 0xca, 0xe5,
    0x96, 0x80, 0x0, 0x46, 0xa6, 0xd0, 0x4d, 0x40,
    0x3, 0xa6, 0x72, 0xc0, 0xf, 0x0, 0x8, 0x56,
    0xca, 0xe0, 0x5f, 0x20, 0xd, 0x6, 0x50, 0xc1,
    0xb2, 0xb0, 0x28, 0x6, 0x57, 0xb9, 0x30, 0x64,
    0x0, 0x0, 0x0, 0x0, 0x0, 0x0,

    /* U+6FA1 "澡" */
    0x0, 0x0, 0x0, 0x0, 0x0, 0x0, 0xc, 0x80,
    0x3e, 0xbb, 0xca, 0x0, 0x0, 0x82, 0x39, 0x0,
    0x3a, 0x0, 0x0, 0x0, 0x2a, 0xaa, 0xa7, 0x0,
    0x88, 0x4, 0xaa, 0x84, 0xaa, 0x90, 0x8, 0x96,
    0x50, 0xc6, 0x50, 0xc0, 0x0, 0x6, 0xca, 0xc6,
    0xca, 0xd0, 0x0, 0x60, 0x0, 0x37, 0x0, 0x0,
    0x4, 0x99, 0xcc, 0xef, 0xdc, 0xc1, 0xb, 0x30,
    0xa, 0xab, 0xb1, 0x0, 0x2d, 0x4, 0xc6, 0x49,
    0x2c, 0x60, 0x35, 0x9, 0x20, 0x49, 0x0, 0x81,

    /* U+6FC0 "激" */
    0x0, 0x0, 0x0, 0x0, 0x0, 0x0, 0xb, 0x20,
    0x4a, 0x0, 0xb1, 0x0, 0x2, 0xb8, 0xbb, 0xd0,
    0xd0, 0x0, 0x0, 0x9, 0x64, 0xc2, 0xfd, 0xd7,
    0x35, 0x9, 0x75, 0xd8, 0xa0, 0xc0, 0x9, 0x69,
    0xba, 0xed, 0xb0, 0xb0, 0x0, 0x2, 0x67, 0x24,
    0x93, 0x90, 0x0, 0x58, 0xe8, 0x83, 0x5c, 0x50,
    0x2, 0xa0, 0xeb, 0xb0, 0x1f, 0x0, 0x8, 0x42,
    0xa0, 0xc0, 0x4f, 0x30, 0xd, 0x8, 0x50, 0xc1,
    0xb3, 0xc0, 0x28, 0x49, 0x2b, 0x9a, 0x30, 0x58,
    0x0, 0x0, 0x0, 0x0, 0x0, 0x0,

    /* U+7011 "瀑" */
    0x2, 0x0, 0x0, 0x0, 0x0, 0x0, 0xa, 0xc2,
    0xe9, 0x99, 0x9c, 0x50, 0x0, 0x53, 0xe9, 0x99,
    0x9c, 0x50, 0x0, 0x0, 0xd1, 0x11, 0x19, 0x50,
    0x56, 0x0, 0xae, 0xba, 0xeb, 0x30, 0x18, 0xa5,
    0xbe, 0xbb, 0xfb, 0x80, 0x0, 0x0, 0xb, 0x10,
    0xd0, 0x0, 0x0, 0x3a, 0xcf, 0xbc, 0xdd, 0xb2,
    0x3, 0xa4, 0xc6, 0x47, 0x3c, 0x60, 0x9, 0x67,
    0x9, 0x8b, 0xb1, 0x62, 0x1d, 0x2, 0x8b, 0xac,
    0xb7, 0x10, 0x25, 0x5, 0x45, 0xb5, 0x4, 0x50,

    /* U+706B "火" */
    0x0, 0x0, 0x4, 0xa0, 0x0, 0x0, 0x0, 0x0,
    0x4, 0x90, 0x0, 0x0, 0x0, 0x34, 0x5, 0x80,
    0x0, 0x80, 0x0, 0xa5, 0x6, 0x80, 0x4, 0xc0,
    0x1, 0xe0, 0x9, 0x80, 0xc, 0x30, 0x8, 0x60,
    0xc, 0xd0, 0x3a, 0x0, 0x0, 0x0, 0x1e, 0xb3,
    0x0, 0x0, 0x0, 0x0, 0x98, 0x3d, 0x0, 0x0,
    0x0, 0x7, 0xd0, 0x7, 0xb1, 0x0, 0x2, 0xac,
    0x10, 0x0, 0x7d, 0x71, 0xb, 0x60, 0x0, 0x0,
    0x2, 0x96,

    /* U+706D "灭" */
    0xe, 0xee, 0xef, 0xfe, 0xee, 0xe0, 0x0, 0x0,
    0x7, 0x80, 0x0, 0x0, 0x0, 0x1, 0x8, 0x70,
    0x1, 0x0, 0x0, 0x68, 0x9, 0x80, 0xd, 0x30,
    0x0, 0xc2, 0xc, 0xc0, 0x5a, 0x0, 0x5, 0x90,
    0xf, 0xd1, 0xb2, 0x0, 0x0, 0x0, 0x5b, 0x69,
    0x0, 0x0, 0x0, 0x1, 0xd3, 0xd, 0x30, 0x0,
    0x0, 0x3d, 0x60, 0x3, 0xe5, 0x0, 0x3b, 0xd4,
    0x0, 0x0, 0x2c, 0xd4, 0x14, 0x0, 0x0, 0x0,
    0x0, 0x21,

    /* U+706F "灯" */
    0x0, 0x66, 0x0, 0x0, 0x0, 0x0, 0x0, 0x66,
    0xc, 0xdd, 0xfe, 0xd4, 0x5, 0x66, 0x70, 0x0,
    0xb3, 0x0, 0xb, 0x67, 0xb0, 0x0, 0xb3, 0x0,
    0x1a, 0x7a, 0x40, 0x0, 0xb3, 0x0, 0x24, 0x74,
    0x0, 0x0, 0xb3, 0x0, 0x0, 0xa3, 0x0, 0x0,
    0xb3, 0x0, 0x0, 0xdc, 0x10, 0x0, 0xb3, 0x0,
    0x3, 0xb4, 0xb0, 0x0, 0xb3, 0x0, 0xc, 0x40,
    0x30, 0x0, 0xc3, 0x0, 0x49, 0x0, 0x0, 0xde,
    0xc0, 0x0, 0x0, 0x0, 0x0, 0x0, 0x0, 0x0,

    /* U+7070 "灰" */
    0x0, 0x2, 0x10, 0x0, 0x0, 0x0, 0x0, 0x8,
    0x60, 0x0, 0x0, 0x0, 0x2c, 0xce, 0xec, 0xcc,
    0xcc, 0xc0, 0x0, 0xd, 0x20, 0x15, 0x0, 0x0,
    0x0, 0x1f, 0x0, 0x1c, 0x0, 0x0, 0x0, 0x4c,
    0x18, 0x2b, 0x9, 0x30, 0x0, 0x87, 0x67, 0x5a,
    0x2c, 0x0, 0x0, 0xe2, 0x81, 0x9f, 0x43, 0x0,
    0x7, 0xa0, 0x1, 0xe7, 0xa0, 0x0, 0x3e, 0x10,
    0xa, 0x80, 0xa5, 0x0, 0x3, 0x2, 0xba, 0x0,
    0x1b, 0x80, 0x0, 0x6, 0x50, 0x0, 0x0, 0x60,

    /* U+7075 "灵" */
    0x5, 0xdd, 0xdd, 0xdd, 0xdf, 0x0, 0x0, 0x0,
    0x0, 0x0, 0xd, 0x0, 0x0, 0x9a, 0xaa, 0xaa,
    0xaf, 0x0, 0x0, 0x0, 0x0, 0x0, 0xd, 0x0,
    0x5, 0xdd, 0xdd, 0xdd, 0xdd, 0x0, 0x0, 0x10,
    0x8, 0x60, 0x1, 0x0, 0x0, 0xc0, 0xb, 0x40,
    0xd, 0x10, 0x8, 0x60, 0x1f, 0xa0, 0x77, 0x0,
    0x1, 0x0, 0xa7, 0x97, 0x10, 0x0, 0x0, 0x4c,
    0x90, 0x9, 0xc5, 0x10, 0x4d, 0xa3, 0x0, 0x0,
    0x39, 0xd3, 0x0, 0x0, 0x0, 0x0, 0x0, 0x0,

    /* U+7076 "灶" */
    0x0, 0x86, 0x0, 0x1, 0xc0, 0x0, 0x0, 0x86,
    0x0, 0x1, 0xd0, 0x0, 0x4, 0x86, 0x62, 0x1,
    0xd0, 0x0, 0x1a, 0x86, 0xc1, 0x12, 0xd1, 0x10,
    0x48, 0x98, 0x87, 0xcc, 0xfc, 0xc4, 0x33, 0xa5,
    0x0, 0x1, 0xd0, 0x0, 0x0, 0xc5, 0x0, 0x1,
    0xd0, 0x0, 0x0, 0xed, 0x20, 0x1, 0xd0, 0x0,
    0x5, 0xb4, 0xd0, 0x1, 0xd0, 0x0, 0x1e, 0x30,
    0x4a, 0xab, 0xfa, 0xa8, 0x25, 0x0, 0x3, 0x33,
    0x33, 0x32,

    /* U+707E "灾" */
    0x0, 0x0, 0x7, 0x70, 0x0, 0x0, 0x1, 0x11,
    0x12, 0xd3, 0x11, 0x10, 0xf, 0xcc, 0xcc, 0xcc,
    0xcc, 0xe6, 0xd, 0x0, 0x1, 0x60, 0x0, 0x86,
    0x2, 0x2, 0x4, 0xb0, 0x1, 0x31, 0x0, 0x69,
    0x6, 0xc0, 0xb, 0x60, 0x2, 0xd1, 0xa, 0xf1,
    0x5b, 0x0, 0x3, 0x30, 0x1e, 0x78, 0x31, 0x0,
    0x0, 0x0, 0xb7, 0xd, 0x40, 0x0, 0x0, 0x3c,
    0x90, 0x2, 0xe7, 0x10, 0x1d, 0xb4, 0x0, 0x0,
    0x8, 0xd8, 0x1, 0x0, 0x0, 0x0, 0x0, 0x0,

    /* U+7089 "炉" */
    0x0, 0x0, 0x0, 0x0, 0x0, 0x0, 0xa, 0x10,
    0x0, 0xc2, 0x0, 0x0, 0xa1, 0x0, 0x4, 0x90,
    0x0, 0x6a, 0x1a, 0xbd, 0xcc, 0xcf, 0xa, 0xa5,
    0x7b, 0x30, 0x0, 0xd3, 0x8b, 0x61, 0xb3, 0x0,
    0xd, 0x22, 0xd0, 0xb, 0xdc, 0xcc, 0xf0, 0xe,
    0x0, 0xc2, 0x0, 0xa, 0x1, 0xeb, 0xd, 0x0,
    0x0, 0x0, 0x67, 0x78, 0xd0, 0x0, 0x0, 0x1d,
    0x10, 0x88, 0x0, 0x0, 0x5, 0x60, 0xb, 0x10,
    0x0, 0x0, 0x0, 0x0, 0x0, 0x0, 0x0, 0x0,

    /* U+708A "炊" */
    0x0, 0x0, 0x0, 0x0, 0x0, 0x0, 0x0, 0xa2,
    0x0, 0xb2, 0x0, 0x0, 0x0, 0xa2, 0x0, 0xe0,
    0x0, 0x0, 0x4, 0xa2, 0x72, 0xec, 0xcc, 0xf0,
    0x1a, 0xa5, 0x89, 0x55, 0x11, 0xc0, 0x38, 0xa9,
    0x2c, 0xa, 0x32, 0x50, 0x43, 0xc1, 0x0, 0xb,
    0x40, 0x0, 0x0, 0xd1, 0x0, 0xe, 0x80, 0x0,
    0x0, 0xea, 0x0, 0x2b, 0xc0, 0x0, 0x4, 0x98,
    0x60, 0xb4, 0x76, 0x0, 0xb, 0x40, 0x48, 0xa0,
    0xd, 0x40, 0x4a, 0x0, 0x7b, 0x0, 0x1, 0xc3,
    0x0, 0x0, 0x0, 0x0, 0x0, 0x0,

    /* U+7092 "炒" */
    0x0, 0x84, 0x0, 0x2, 0xb0, 0x0, 0x0, 0x94,
    0x0, 0x2, 0xb0, 0x0, 0x5, 0x94, 0x90, 0xc2,
    0xb3, 0xa0, 0x19, 0x96, 0xb2, 0xb2, 0xb0, 0xc2,
    0x47, 0xa8, 0x37, 0x72, 0xb0, 0x67, 0x32, 0xb3,
    0xa, 0x12, 0xb0, 0x12, 0x0, 0xc3, 0x0, 0x2,
    0xb1, 0xd0, 0x0, 0xec, 0x10, 0x0, 0x4a, 0x70,
    0x4, 0xa4, 0xc0, 0x0, 0x9a, 0x0, 0xc, 0x40,
    0x11, 0x6d, 0x80, 0x0, 0x49, 0x0, 0x4d, 0x81,
    0x0, 0x0, 0x0, 0x0, 0x0, 0x0, 0x0, 0x0,

    /* U+70AB "炫" */
    0x0, 0x0, 0x0, 0x0, 0x0, 0x0, 0x0, 0xc0,
    0x0, 0xa, 0x30, 0x0, 0x0, 0xc0, 0x0, 0x3,
    0xa0, 0x0, 0x4, 0xc1, 0x7d, 0xdf, 0xed, 0xd6,
    0x19, 0xc6, 0x50, 0x1c, 0x0, 0x0, 0x46, 0xd7,
    0x0, 0x94, 0x8, 0x70, 0x32, 0xd0, 0x6, 0xc4,
    0x6c, 0x0, 0x0, 0xe0, 0x7, 0x98, 0xe2, 0x0,
    0x1, 0xf6, 0x0, 0xa, 0x57, 0x0, 0x6, 0x7b,
    0x50, 0x86, 0x6, 0x80, 0xd, 0x21, 0x38, 0xd7,
    0x8a, 0xf1, 0x47, 0x0, 0x7, 0x65, 0x31, 0x64,
    0x0, 0x0, 0x0, 0x0, 0x0, 0x0,

    /* U+70B8 "炸" */
    0x0, 0x0, 0x0, 0x0, 0x0, 0x0, 0x0, 0x93,
    0x0, 0xd1, 0x0, 0x0, 0x0, 0x93, 0x2, 0xd0,
    0x0, 0x0, 0x4, 0x94, 0x98, 0xef, 0xdd, 0xd7,
    0x19, 0x98, 0x8e, 0x1e, 0x0, 0x0, 0x56, 0xa6,
    0x36, 0xe, 0xdd, 0xd4, 0x11, 0xc2, 0x0, 0xe,
    0x0, 0x0, 0x0, 0xd1, 0x0, 0xe, 0x0, 0x0,
    0x0, 0xea, 0x0, 0xe, 0xcc, 0xc5, 0x5, 0x98,
    0x70, 0xe, 0x0, 0x0, 0xd, 0x30, 0x40, 0xe,
    0x0, 0x0, 0x48, 0x0, 0x0, 0xe, 0x0, 0x0,
    0x0, 0x0, 0x0, 0x0, 0x0, 0x0,

    /* U+70B9 "点" */
    0x0, 0x0, 0x8, 0x50, 0x0, 0x0, 0x0, 0x0,
    0x8, 0xed, 0xdd, 0xc0, 0x0, 0x0, 0x8, 0x50,
    0x0, 0x0, 0x0, 0xaa, 0xad, 0xca, 0xaa, 0x0,
    0x0, 0xe3, 0x33, 0x33, 0x3e, 0x0, 0x0, 0xd0,
    0x0, 0x0, 0xe, 0x0, 0x0, 0xfa, 0xaa, 0xaa,
    0xaf, 0x0, 0x0, 0x32, 0x22, 0x22, 0x23, 0x0,
    0x2, 0xb0, 0xa0, 0x38, 0xb, 0x40, 0xc, 0x40,
    0xc2, 0xd, 0x2, 0xd0, 0x26, 0x0, 0x61, 0x5,
    0x10, 0x52,

    /* U+70C2 "烂" */
    0x0, 0xb1, 0x0, 0xa0, 0x5, 0x80, 0x0, 0xb1,
    0x0, 0x77, 0xc, 0x20, 0x4, 0xb2, 0x91, 0x38,
    0x5c, 0x20, 0xa, 0xb6, 0x87, 0xbb, 0xbb, 0xb2,
    0x37, 0xb8, 0x20, 0x0, 0x0, 0x0, 0x32, 0xd0,
    0x0, 0x0, 0x0, 0x0, 0x0, 0xe1, 0x1, 0xdd,
    0xdd, 0x90, 0x1, 0xec, 0x0, 0x0, 0x0, 0x0,
    0x7, 0x76, 0x90, 0x0, 0x0, 0x0, 0x2d, 0x10,
    0x3c, 0xcc, 0xcc, 0xc8, 0x23, 0x0, 0x1, 0x11,
    0x11, 0x10,

    /* U+70C8 "烈" */
    0x1c, 0xcf, 0xdc, 0x90, 0x0, 0xe0, 0x0, 0x3c,
    0x0, 0x5, 0x60, 0xe0, 0x0, 0xcd, 0xce, 0x66,
    0x80, 0xe0, 0x8, 0xa0, 0xc, 0x26, 0x80, 0xe0,
    0x3c, 0x5b, 0x3c, 0x6, 0x80, 0xe0, 0x0, 0x6,
    0xf2, 0x6, 0x70, 0xe0, 0x0, 0x3c, 0x50, 0x0,
    0x0, 0xe0, 0xc, 0xa2, 0x0, 0x0, 0xbd, 0xa0,
    0x1, 0x80, 0x40, 0x14, 0x5, 0x40, 0x8, 0x70,
    0xb2, 0xd, 0x2, 0xd1, 0x2b, 0x0, 0x83, 0x9,
    0x20, 0x77, 0x0, 0x0, 0x0, 0x0, 0x0, 0x0,

    /* U+70CA "烊" */
    0x0, 0x0, 0x0, 0x0, 0x0, 0x0, 0x0, 0x84,
    0x0, 0xc0, 0x6, 0x80, 0x0, 0x84, 0x10, 0x76,
    0xd, 0x10, 0x8, 0x84, 0xc9, 0xdd, 0xdf, 0xd3,
    0xa, 0x87, 0x80, 0x2, 0xb0, 0x0, 0x28, 0x89,
    0x20, 0x2, 0xb0, 0x0, 0x33, 0x92, 0x6, 0xcd,
    0xfc, 0xc0, 0x0, 0xb2, 0x0, 0x2, 0xb0, 0x0,
    0x0, 0xdb, 0xd, 0xdd, 0xfd, 0xd6, 0x4, 0x87,
    0x80, 0x2, 0xb0, 0x0, 0x1c, 0x20, 0x20, 0x2,
    0xb0, 0x0, 0x55, 0x0, 0x0, 0x2, 0xb0, 0x0,

    /* U+70DB "烛" */
    0x0, 0xc0, 0x0, 0xc, 0x10, 0x0, 0x0, 0xc0,
    0x0, 0xc, 0x10, 0x0, 0x7, 0xc4, 0x8c, 0xcf,
    0xdc, 0xa0, 0x19, 0xc7, 0x4c, 0xb, 0x10, 0xd0,
    0x46, 0xd6, 0xc, 0xb, 0x10, 0xd0, 0x31, 0xe0,
    0xc, 0xb, 0x10, 0xd0, 0x0, 0xe0, 0xc, 0xcf,
    0xdc, 0xa0, 0x2, 0xf6, 0x0, 0xc, 0x14, 0x40,
    0x7, 0x7c, 0x30, 0xc, 0x12, 0xc0, 0x1d, 0x12,
    0x45, 0x7e, 0xbc, 0xf4, 0x46, 0x0, 0x58, 0x65,
    0x31, 0x47,

    /* U+70DF "烟" */
    0x0, 0xa3, 0xf, 0xdd, 0xdd, 0xf0, 0xa, 0x30,
    0xc0, 0x0, 0xd, 0x4, 0xa3, 0x8c, 0x1, 0x90,
    0xd1, 0x9a, 0x79, 0xc0, 0x29, 0xd, 0x47, 0xba,
    0x2c, 0x9c, 0xda, 0xd3, 0x2c, 0x20, 0xc0, 0x6a,
    0xd, 0x0, 0xe3, 0xc, 0xa, 0xa2, 0xd0, 0x1e,
    0xd1, 0xc4, 0xa1, 0x9d, 0x6, 0x86, 0xad, 0x90,
    0x6, 0xd1, 0xe2, 0x2, 0xfc, 0xcc, 0xcf, 0x37,
    0x0, 0xd, 0x0, 0x0, 0xc0, 0x0, 0x0, 0x0,
    0x0, 0x0,

    /* U+70E4 "烤" */
    0x0, 0x0, 0x0, 0x0, 0x0, 0x0, 0x0, 0x93,
    0x0, 0xd, 0x0, 0x51, 0x0, 0x93, 0x8, 0xcf,
    0xca, 0xc0, 0x7, 0x94, 0xc0, 0xd, 0xc, 0x20,
    0x19, 0x97, 0x99, 0x9f, 0xbd, 0x97, 0x46, 0xa8,
    0x23, 0x4d, 0x83, 0x32, 0x21, 0xc2, 0x3, 0xdf,
    0xcb, 0xb2, 0x0, 0xd2, 0xab, 0xb4, 0x0, 0x0,
    0x0, 0xdc, 0x20, 0xdc, 0xcc, 0x90, 0x5, 0x85,
    0xb0, 0x0, 0x2, 0xb0, 0xc, 0x20, 0x30, 0x0,
    0x5, 0x80, 0x47, 0x0, 0x0, 0xa, 0xbc, 0x30,
    0x0, 0x0, 0x0, 0x0, 0x0, 0x0,

    /* U+70E6 "烦" */
    0x0, 0x93, 0x1c, 0xcd, 0xec, 0xc2, 0x0, 0x93,
    0x20, 0x8, 0x50, 0x0, 0x9, 0x94, 0xc5, 0x9d,
    0xa9, 0x70, 0xb, 0x98, 0x78, 0x63, 0x43, 0xb0,
    0x38, 0xa6, 0x18, 0x35, 0x81, 0xb0, 0x1, 0xb2,
    0x8, 0x35, 0x81, 0xb0, 0x0, 0xd2, 0x8, 0x35,
    0x81, 0xb0, 0x1, 0xdc, 0x8, 0x38, 0x61, 0xb0,
    0x7, 0x75, 0x90, 0x2d, 0x86, 0x0, 0x2d, 0x10,
    0x16, 0xd3, 0x9, 0xb0, 0x23, 0x0, 0x38, 0x10,
    0x0, 0x61,

    /* U+70E7 "烧" */
    0x0, 0x0, 0x0, 0x0, 0x0, 0x0, 0x0, 0xb0,
    0x0, 0xd0, 0x0, 0x0, 0x0, 0xb0, 0x26, 0xda,
    0xbc, 0xa0, 0x7, 0xb5, 0x65, 0x89, 0x6, 0x50,
    0xb, 0xb9, 0x0, 0xd, 0xa9, 0x0, 0x29, 0xb4,
    0x17, 0xcb, 0xd2, 0xa1, 0x12, 0xc0, 0x15, 0x0,
    0x3a, 0x80, 0x0, 0xc0, 0x9c, 0xcc, 0xcc, 0xc0,
    0x1, 0xe5, 0x0, 0xe0, 0xd0, 0x0, 0x6, 0x6b,
    0x23, 0xb0, 0xd0, 0x0, 0xc, 0x13, 0x1c, 0x50,
    0xd0, 0x74, 0x56, 0x0, 0xd7, 0x0, 0x9c, 0xc1,
    0x0, 0x0, 0x0, 0x0, 0x0, 0x0,

    /* U+70EB "烫" */
    0x1, 0x0, 0x0, 0x0, 0x0, 0x0, 0x4, 0xc5,
    0x9a, 0xac, 0xf7, 0x0, 0x0, 0x2, 0x0, 0x7b,
    0x30, 0x0, 0x1c, 0x80, 0x7f, 0xea, 0xaa, 0xa0,
    0x0, 0x42, 0x14, 0xa1, 0xc1, 0xd0, 0x0, 0x86,
    0x1c, 0x16, 0x60, 0xd0, 0x6, 0xa0, 0xb2, 0x4b,
    0x3, 0xa0, 0x8, 0x0, 0x2, 0x81, 0x6a, 0x20,
    0x0, 0x3a, 0x9, 0x80, 0x2b, 0x0, 0x1, 0xb0,
    0x2d, 0xc2, 0xa2, 0x0, 0x0, 0x17, 0xc2, 0x3d,
    0x61, 0x0, 0x2c, 0xb6, 0x0, 0x1, 0x7b, 0xd4,

    /* U+70ED "热" */
    0x0, 0x0, 0x0, 0x0, 0x0, 0x0, 0x0, 0x58,
    0x0, 0x2b, 0x0, 0x0, 0x2, 0x79, 0x21, 0x4b,
    0x22, 0x0, 0x1a, 0xcd, 0x98, 0xbd, 0xae, 0x20,
    0x0, 0x58, 0x0, 0x48, 0xb, 0x10, 0x4, 0xae,
    0xb8, 0xb6, 0xb, 0x10, 0x39, 0x88, 0x0, 0xdc,
    0x2a, 0x20, 0x0, 0x58, 0x6, 0xa2, 0x89, 0x49,
    0x7, 0xd5, 0x3b, 0x0, 0x3, 0xd7, 0x0, 0x80,
    0x40, 0x14, 0x7, 0x20, 0x8, 0x70, 0xa2, 0xd,
    0x3, 0xd0, 0x2b, 0x0, 0x83, 0x9, 0x20, 0x85,
    0x0, 0x0, 0x0, 0x0, 0x0, 0x0,

    /* U+7126 "焦" */
    0x0, 0x2, 0x0, 0x10, 0x0, 0x0, 0x0, 0x2d,
    0x1, 0xd0, 0x0, 0x0, 0x0, 0xbc, 0x88, 0xea,
    0x88, 0x80, 0x8, 0xf3, 0x33, 0xe3, 0x33, 0x30,
    0x7c, 0xeb, 0xbb, 0xfb, 0xbb, 0x20, 0x21, 0xe0,
    0x0, 0xe0, 0x0, 0x0, 0x0, 0xeb, 0xbb, 0xfb,
    0xbb, 0x20, 0x0, 0xe0, 0x0, 0xe0, 0x0, 0x0,
    0x0, 0xec, 0xcc, 0xcc, 0xcc, 0x90, 0x2, 0x90,
    0x50, 0x32, 0x8, 0x0, 0xa, 0x40, 0xd0, 0x59,
    0x6, 0x90, 0x3a, 0x0, 0xa0, 0xb, 0x0, 0xb2,

    /* U+7136 "然" */
    0x0, 0x1, 0x0, 0x0, 0x0, 0x0, 0x0, 0x4c,
    0x21, 0x0, 0xd7, 0x40, 0x0, 0xb9, 0x8f, 0x10,
    0xd0, 0xb0, 0x6, 0xa8, 0x3b, 0xbb, 0xfb, 0xc4,
    0x4c, 0x13, 0xe5, 0x14, 0xf2, 0x10, 0x12, 0xb7,
    0xc0, 0x7, 0xe7, 0x0, 0x0, 0x3e, 0x20, 0x2d,
    0x1d, 0x10, 0x7, 0xd3, 0x4, 0xd4, 0x6, 0xd1,
    0x7, 0x0, 0xa, 0x20, 0x0, 0x63, 0x3, 0x90,
    0x80, 0x26, 0x9, 0x40, 0xc, 0x30, 0xb2, 0xd,
    0x1, 0xd1, 0x36, 0x0, 0x61, 0x6, 0x10, 0x63,

    /* U+714E "煎" */
    0x0, 0x1, 0x0, 0x0, 0x10, 0x0, 0x0, 0xa,
    0x60, 0x0, 0xd2, 0x0, 0x1c, 0xcd, 0xec, 0xcd,
    0xec, 0xc7, 0x1, 0x66, 0x66, 0x1, 0x2, 0x50,
    0x4, 0xb5, 0x5e, 0xa, 0x34, 0x90, 0x4, 0xd9,
    0x9e, 0xa, 0x34, 0x90, 0x4, 0xa4, 0x4e, 0xa,
    0x34, 0x90, 0x4, 0xa4, 0x4e, 0x6, 0x24, 0x90,
    0x4, 0x71, 0xab, 0x0, 0xad, 0x70, 0x0, 0x90,
    0x51, 0x7, 0x5, 0x50, 0x6, 0xa0, 0x94, 0xd,
    0x11, 0xd1, 0xa, 0x10, 0x53, 0x5, 0x20, 0x54,

    /* U+7167 "照" */
    0x0, 0x0, 0x0, 0x0, 0x0, 0x0, 0xe, 0xcc,
    0xd8, 0xcf, 0xdc, 0xe3, 0xd, 0x0, 0xd0, 0xd,
    0x0, 0xc1, 0xd, 0x0, 0xd0, 0x98, 0x13, 0xe0,
    0xe, 0xdd, 0xdb, 0x80, 0x39, 0x50, 0xd, 0x0,
    0xd3, 0xbb, 0xbb, 0xa0, 0xd, 0x0, 0xd4, 0x80,
    0x0, 0xd0, 0xd, 0x77, 0xd4, 0x80, 0x0, 0xd0,
    0x6, 0x86, 0x43, 0xcc, 0xce, 0xb0, 0x4, 0xc0,
    0x93, 0xd, 0x6, 0xa0, 0x1d, 0x30, 0x85, 0xa,
    0x30, 0xc4, 0x24, 0x0, 0x32, 0x3, 0x20, 0x32,

    /* U+716E "煮" */
    0x0, 0x0, 0xe, 0x0, 0x2, 0x40, 0x0, 0xbb,
    0xbf, 0xbb, 0xbc, 0x30, 0x2, 0x22, 0x2e, 0x29,
    0xd4, 0x21, 0x8, 0x88, 0xcf, 0xd8, 0x88, 0x84,
    0x4, 0x9e, 0xfe, 0xaa, 0xaa, 0x0, 0x3a, 0x5e,
    0x11, 0x11, 0x1d, 0x10, 0x0, 0xe, 0x77, 0x77,
    0x7e, 0x10, 0x0, 0xf, 0x99, 0x99, 0x9e, 0x10,
    0x0, 0x91, 0x52, 0x16, 0x6, 0x40, 0x7, 0x90,
    0x94, 0xd, 0x11, 0xd1, 0x8, 0x0, 0x53, 0x5,
    0x20, 0x44,

    /* U+7184 "熄" */
    0x0, 0x0, 0x0, 0x1, 0x0, 0x0, 0x0, 0xa1,
    0x0, 0xd, 0x20, 0x0, 0x0, 0xa1, 0xc, 0xab,
    0xab, 0x90, 0x6, 0xa3, 0x9d, 0x55, 0x57, 0xa0,
    0xa, 0xa8, 0x5d, 0x44, 0x47, 0xa0, 0x38, 0xb7,
    0xd, 0xaa, 0xab, 0xa0, 0x42, 0xc0, 0xd, 0x0,
    0x3, 0xa0, 0x0, 0xd0, 0x8, 0xac, 0xaa, 0x70,
    0x0, 0xe9, 0x1, 0x4b, 0x50, 0x10, 0x5, 0x89,
    0xa7, 0x90, 0x51, 0xb0, 0xd, 0x20, 0xb5, 0x90,
    0x9, 0x84, 0x57, 0x0, 0x51, 0xdc, 0xca, 0x14,
    0x0, 0x0, 0x0, 0x0, 0x0, 0x0,

    /* U+719F "熟" */
    0x0, 0x0, 0x0, 0x0, 0x0, 0x0, 0x1, 0x3c,
    0x11, 0x8, 0x40, 0x0, 0x38, 0x88, 0x88, 0x3a,
    0x63, 0x0, 0xb, 0x98, 0xa8, 0x7c, 0xac, 0x40,
    0xa, 0x88, 0xa7, 0x39, 0x29, 0x40, 0x9, 0x99,
    0x94, 0x9f, 0x18, 0x40, 0x0, 0xc, 0x72, 0x2d,
    0xb8, 0x40, 0x49, 0x9e, 0x76, 0xb4, 0x26, 0x77,
    0x2, 0xab, 0xa, 0x50, 0x1, 0xd4, 0x2, 0x60,
    0x50, 0x33, 0x8, 0x0, 0xa, 0x40, 0xd0, 0x3b,
    0x6, 0x90, 0x17, 0x0, 0x71, 0x7, 0x0, 0x80,

    /* U+71AC "熬" */
    0x0, 0x0, 0x0, 0x0, 0x0, 0x0, 0x3, 0x4d,
    0x33, 0xa, 0x40, 0x0, 0x6, 0x7e, 0x66, 0x1f,
    0x55, 0x52, 0xa, 0xbf, 0xb7, 0x9b, 0x69, 0xc2,
    0x13, 0x4d, 0x35, 0xdb, 0xa, 0x50, 0x37, 0xd9,
    0x77, 0x18, 0x4e, 0x0, 0x0, 0xeb, 0xb7, 0x1,
    0xf6, 0x0, 0x4, 0xa0, 0x57, 0x2c, 0xbc, 0x10,
    0x3c, 0x19, 0xc4, 0xd4, 0x5, 0xe3, 0x1, 0x40,
    0x20, 0x21, 0x5, 0x10, 0x9, 0x50, 0xe0, 0x4a,
    0x7, 0xa0, 0x2b, 0x0, 0xa1, 0xb, 0x0, 0xb2,
    0x0, 0x0, 0x0, 0x0, 0x0, 0x0,

    /* U+71C3 "燃" */
    0x0, 0x0, 0x0, 0x0, 0x0, 0x0, 0x0, 0xb0,
    0xa, 0x10, 0xc, 0x70, 0x0, 0xc3, 0x2d, 0xab,
    0xc, 0x73, 0x8, 0xca, 0x68, 0x4d, 0xbf, 0xb6,
    0x27, 0xc9, 0xc3, 0xc5, 0x3f, 0x10, 0x64, 0xc3,
    0x6a, 0xc0, 0x6e, 0x40, 0x0, 0xd0, 0x7, 0x70,
    0xc3, 0xa0, 0x1, 0xe1, 0x5c, 0xa, 0x60, 0xa4,
    0x3, 0xbb, 0x71, 0x26, 0x0, 0x15, 0x9, 0x46,
    0x75, 0x90, 0xa1, 0xc0, 0x2c, 0x1, 0xc0, 0xa1,
    0xa2, 0x85, 0x33, 0x3, 0x40, 0x51, 0x33, 0x16,

    /* U+722A "爪" */
    0x0, 0x0, 0x0, 0x0, 0x25, 0x0, 0x0, 0x35,
    0x79, 0xbc, 0xcc, 0x10, 0x0, 0xd6, 0x4c, 0x20,
    0x2a, 0x0, 0x0, 0xd0, 0xb, 0x20, 0x1b, 0x0,
    0x0, 0xd0, 0xb, 0x20, 0xc, 0x0, 0x0, 0xd0,
    0xb, 0x20, 0xd, 0x0, 0x0, 0xc0, 0xb, 0x20,
    0xc, 0x10, 0x2, 0xb0, 0xb, 0x20, 0x9, 0x40,
    0x6, 0x70, 0xb, 0x20, 0x4, 0x90, 0xc, 0x20,
    0xb, 0x20, 0x0, 0xe1, 0x4a, 0x0, 0xb, 0x20,
    0x0, 0x68, 0x0, 0x0, 0x0, 0x0, 0x0, 0x0,

    /* U+722C "爬" */
    0x0, 0x15, 0xab, 0x0, 0x0, 0x0, 0xa, 0xbe,
    0x77, 0xac, 0xeb, 0xe0, 0xb, 0xc, 0x46, 0xa1,
    0x90, 0xc0, 0xb, 0xc, 0x46, 0xa1, 0x90, 0xc0,
    0xb, 0xc, 0x46, 0xac, 0xeb, 0xe0, 0xb, 0xc,
    0x38, 0xa1, 0x0, 0x0, 0xc, 0xc, 0x1a, 0xa2,
    0x0, 0x74, 0xc, 0xc, 0xc, 0x7d, 0xcc, 0xc1,
    0xc, 0xc, 0x6, 0xa0, 0x0, 0x0, 0x39, 0xc,
    0x0, 0x9c, 0x50, 0x0, 0x83, 0xc, 0x0, 0x4,
    0x9d, 0xe5, 0x0, 0x0, 0x0, 0x0, 0x0, 0x0,

    /* U+7231 "爱" */
    0x0, 0x0, 0x0, 0x13, 0x46, 0x0, 0x6, 0xbb,
    0xbb, 0xa9, 0x97, 0x10, 0x0, 0x37, 0x8, 0x30,
    0x84, 0x0, 0x0, 0xb, 0x5, 0x70, 0xc0, 0x0,
    0xf, 0xcc, 0xcc, 0xcc, 0xcc, 0xf0, 0xc, 0x0,
    0xa1, 0x0, 0x0, 0xc0, 0x1, 0xcc, 0xfc, 0xcc,
    0xcc, 0x10, 0x0, 0x6, 0x90, 0x0, 0x0, 0x0,
    0x0, 0xe, 0xfc, 0xbb, 0xe6, 0x0, 0x0, 0x7a,
    0x4b, 0x28, 0xb0, 0x0, 0x8, 0xd0, 0x29, 0xfe,
    0x62, 0x0, 0x4b, 0x1a, 0xa5, 0x2, 0x6b, 0xc0,
    0x0, 0x0, 0x0, 0x0, 0x0, 0x0,

    /* U+7247 "片" */
    0x0, 0xe0, 0x0, 0xc2, 0x0, 0x0, 0xe, 0x0,
    0xc, 0x20, 0x0, 0x0, 0xe0, 0x0, 0xc2, 0x0,
    0x0, 0xe, 0xee, 0xef, 0xee, 0xeb, 0x0, 0xf0,
    0x0, 0x0, 0x0, 0x0, 0xf, 0x0, 0x0, 0x0,
    0x0, 0x2, 0xfe, 0xee, 0xef, 0xc0, 0x0, 0x4b,
    0x0, 0x0, 0x3c, 0x0, 0x9, 0x70, 0x0, 0x3,
    0xc0, 0x2, 0xe1, 0x0, 0x0, 0x3c, 0x0, 0x56,
    0x0, 0x0, 0x3, 0xc0, 0x0, 0x0, 0x0, 0x0,
    0x0, 0x0,

    /* U+7248 "版" */
    0xb, 0x1d, 0x0, 0x78, 0xab, 0xb3, 0xb, 0x1d,
    0x0, 0xe3, 0x10, 0x0, 0xb, 0x1d, 0x0, 0xd0,
    0x0, 0x0, 0xb, 0xdd, 0xc3, 0xfc, 0xcc, 0xc3,
    0xb, 0x10, 0x0, 0xdb, 0x0, 0xb2, 0xc, 0x10,
    0x0, 0xd8, 0x30, 0xd0, 0xd, 0xde, 0x61, 0xc4,
    0x83, 0xa0, 0xd, 0x7, 0x62, 0xb0, 0xcb, 0x30,
    0x1d, 0x7, 0x66, 0x80, 0x8d, 0x0, 0x59, 0x7,
    0x6c, 0x45, 0xca, 0x80, 0x73, 0x7, 0x8c, 0x59,
    0x0, 0x77, 0x0, 0x0, 0x0, 0x0, 0x0, 0x0,

    /* U+724C "牌" */
    0x0, 0x0, 0x0, 0x0, 0x0, 0x0, 0xc, 0xc,
    0x0, 0xa, 0x50, 0x0, 0xc, 0xc, 0xb, 0xbd,
    0xdb, 0xe0, 0xc, 0xc, 0xc, 0x3, 0x90, 0xd0,
    0xc, 0xcf, 0xbc, 0xac, 0xda, 0xf0, 0xc, 0x0,
    0xc, 0x5, 0x70, 0xd0, 0xc, 0x0, 0xb, 0xce,
    0xdc, 0xe0, 0xd, 0xce, 0x50, 0x88, 0x47, 0x0,
    0xc, 0x7, 0x59, 0x71, 0x59, 0x10, 0x1c, 0x7,
    0x8a, 0xaa, 0xcd, 0xa3, 0x49, 0x7, 0x50, 0x0,
    0x48, 0x0, 0x65, 0x7, 0x50, 0x0, 0x48, 0x0,
    0x0, 0x0, 0x0, 0x0, 0x0, 0x0,

    /* U+7259 "牙" */
    0x4, 0xdd, 0xdd, 0xde, 0xfd, 0xc0, 0x0, 0x13,
    0x0, 0x2, 0xc0, 0x0, 0x0, 0x67, 0x0, 0x2,
    0xc0, 0x0, 0x0, 0x94, 0x0, 0x2, 0xc0, 0x0,
    0x0, 0xd2, 0x11, 0x13, 0xc1, 0x10, 0x0, 0xcc,
    0xcc, 0xdf, 0xfc, 0xc6, 0x0, 0x0, 0x2, 0xd6,
    0xc0, 0x0, 0x0, 0x0, 0x5d, 0x32, 0xc0, 0x0,
    0x0, 0x4b, 0xb1, 0x2, 0xc0, 0x0, 0xc, 0xd5,
    0x0, 0x2, 0xc0, 0x0, 0x2, 0x0, 0x0, 0xde,
    0x80, 0x0, 0x0, 0x0, 0x0, 0x0, 0x0, 0x0,

    /* U+725B "牛" */
    0x0, 0x18, 0x1, 0xd0, 0x0, 0x0, 0x0, 0x79,
    0x1, 0xd0, 0x0, 0x0, 0x0, 0xde, 0xde, 0xfd,
    0xdd, 0xd0, 0x7, 0xa0, 0x1, 0xd0, 0x0, 0x0,
    0xd, 0x10, 0x1, 0xd0, 0x0, 0x0, 0x0, 0x0,
    0x1, 0xd0, 0x0, 0x0, 0x2e, 0xee, 0xee, 0xfe,
    0xee, 0xe8, 0x0, 0x0, 0x1, 0xd0, 0x0, 0x0,
    0x0, 0x0, 0x1, 0xd0, 0x0, 0x0, 0x0, 0x0,
    0x1, 0xd0, 0x0, 0x0, 0x0, 0x0, 0x1, 0xd0,
    0x0, 0x0,

    /* U+7262 "牢" */
    0x0, 0x0, 0x0, 0x0, 0x0, 0x0, 0x0, 0x0,
    0xd, 0x20, 0x0, 0x0, 0x4d, 0xdd, 0xde, 0xed,
    0xdd, 0xc0, 0x49, 0x2, 0x2, 0x20, 0x0, 0xe0,
    0x13, 0x4b, 0x8, 0x60, 0x0, 0x40, 0x0, 0xce,
    0xde, 0xed, 0xdd, 0x0, 0x9, 0x80, 0x8, 0x60,
    0x0, 0x0, 0x4, 0x0, 0x8, 0x60, 0x0, 0x0,
    0x6d, 0xdd, 0xde, 0xed, 0xdd, 0xd1, 0x0, 0x0,
    0x8, 0x60, 0x0, 0x0, 0x0, 0x0, 0x8, 0x60,
    0x0, 0x0, 0x0, 0x0, 0x8, 0x60, 0x0, 0x0,

    /* U+7269 "物" */
    0x0, 0x0, 0x0, 0x0, 0x0, 0x0, 0x3, 0x2b,
    0x0, 0x75, 0x0, 0x0, 0xb, 0x2b, 0x0, 0xd5,
    0x33, 0x32, 0xe, 0xdf, 0xd3, 0xcb, 0xbc, 0xbb,
    0x2a, 0x2b, 0x1c, 0x1a, 0x2b, 0x3b, 0x35, 0x1b,
    0x37, 0x1c, 0xc, 0x3a, 0x0, 0x2d, 0x92, 0x86,
    0x58, 0x49, 0x2b, 0xed, 0x43, 0xc0, 0xb2, 0x58,
    0x13, 0x2b, 0x1d, 0x33, 0xb0, 0x76, 0x0, 0x1b,
    0x1, 0xc, 0x30, 0x94, 0x0, 0x1b, 0x0, 0x98,
    0x0, 0xd1, 0x0, 0x1b, 0x3, 0x90, 0x8e, 0x80,
    0x0, 0x0, 0x0, 0x0, 0x0, 0x0,

    /* U+7272 "牲" */
    0x0, 0xd, 0x0, 0x32, 0xa0, 0x0, 0x9, 0x4d,
    0x2, 0xc2, 0xb0, 0x0, 0xb, 0x7e, 0x65, 0xa4,
    0xc2, 0x21, 0xd, 0x7e, 0x7a, 0xbb, 0xea, 0xa5,
    0x49, 0xd, 0x1d, 0x2, 0xb0, 0x0, 0x1, 0xd,
    0x32, 0x2, 0xb0, 0x0, 0x28, 0xbf, 0xa8, 0xdd,
    0xfd, 0xd1, 0x28, 0x3d, 0x0, 0x2, 0xb0, 0x0,
    0x0, 0xd, 0x0, 0x2, 0xb0, 0x0, 0x0, 0xd,
    0x0, 0x2, 0xb0, 0x0, 0x0, 0xd, 0x2d, 0xdd,
    0xfd, 0xd9,

    /* U+7279 "特" */
    0x1, 0xa2, 0x0, 0xb, 0x20, 0x0, 0x2a, 0xa2,
    0xd, 0xdf, 0xdd, 0x70, 0x4d, 0xec, 0x10, 0xb,
    0x20, 0x0, 0x65, 0xb3, 0x8a, 0xae, 0xba, 0xa0,
    0xa1, 0xa2, 0x23, 0x33, 0x6b, 0x30, 0x10, 0xa4,
    0x0, 0x0, 0x39, 0x0, 0x16, 0xdd, 0x9d, 0xdd,
    0xef, 0xd0, 0x68, 0xc2, 0x8, 0x10, 0x39, 0x0,
    0x0, 0xa2, 0x2, 0xc0, 0x39, 0x0, 0x0, 0xa2,
    0x0, 0x30, 0x49, 0x0, 0x0, 0xa2, 0x0, 0xc,
    0xe6, 0x0,

    /* U+727A "牺" */
    0x6, 0xc0, 0xad, 0xfd, 0xfd, 0xd1, 0x29, 0xc0,
    0x0, 0xb1, 0xc0, 0x0, 0x4d, 0xea, 0x0, 0xb1,
    0xc0, 0x0, 0x79, 0xd6, 0x8d, 0xed, 0xec, 0xe0,
    0xb1, 0xc0, 0x84, 0x91, 0xa0, 0xd0, 0x10, 0xc1,
    0x84, 0xa0, 0xa0, 0xd0, 0x59, 0xfc, 0x98, 0x90,
    0xbb, 0xd0, 0x54, 0xc0, 0x88, 0x0, 0x0, 0xd0,
    0x0, 0xc0, 0x84, 0x0, 0x0, 0xd0, 0x0, 0xc0,
    0x8d, 0xcc, 0xcc, 0xe0, 0x0, 0xc0, 0x84, 0x0,
    0x0, 0xc0, 0x0, 0x0, 0x0, 0x0, 0x0, 0x0,

    /* U+72AF "犯" */
    0x19, 0x5, 0x60, 0x0, 0x0, 0x0, 0x8, 0xbd,
    0x1b, 0xed, 0xdd, 0xe0, 0x4, 0xf7, 0xb, 0x30,
    0x0, 0xe0, 0x4b, 0x3c, 0xb, 0x30, 0x0, 0xe0,
    0x0, 0x1e, 0x1b, 0x30, 0x0, 0xe0, 0x0, 0xbe,
    0x2b, 0x33, 0xcd, 0xb0, 0xa, 0x8a, 0x3b, 0x30,
    0x0, 0x0, 0x78, 0xb, 0x2b, 0x30, 0x0, 0x0,
    0x0, 0xc, 0x1b, 0x30, 0x0, 0x39, 0x0, 0x1e,
    0xb, 0x40, 0x0, 0x68, 0x1d, 0xd6, 0x5, 0xde,
    0xde, 0xc2, 0x0, 0x0, 0x0, 0x0, 0x0, 0x0,

    /* U+72B6 "状" */
    0x0, 0x0, 0x0, 0x0, 0x0, 0x0, 0x0, 0xe,
    0x0, 0xe, 0x7, 0x0, 0x14, 0xe, 0x0, 0xe,
    0x7, 0x80, 0xc, 0x3e, 0x0, 0xe, 0x0, 0x70,
    0x2, 0x8e, 0x8c, 0xcf, 0xcc, 0xc5, 0x0, 0xe,
    0x11, 0x2f, 0x51, 0x10, 0x0, 0x4e, 0x0, 0x3f,
    0x80, 0x0, 0x5, 0xce, 0x0, 0x77, 0xc0, 0x0,
    0x5c, 0x1e, 0x0, 0xd1, 0x84, 0x0, 0x10, 0xe,
    0x6, 0xa0, 0x2d, 0x0, 0x0, 0xe, 0x3e, 0x10,
    0x7, 0xb1, 0x0, 0xe, 0xb3, 0x0, 0x0, 0x86,

    /* U+72C2 "狂" */
    0x7, 0x3, 0x40, 0x0, 0x0, 0x0, 0x6, 0xcc,
    0x3d, 0xde, 0xfd, 0xd6, 0x1, 0xe8, 0x0, 0x3,
    0xb0, 0x0, 0x2d, 0x6c, 0x0, 0x3, 0xb0, 0x0,
    0x3, 0xe, 0x10, 0x3, 0xb0, 0x0, 0x0, 0x8f,
    0x2b, 0xde, 0xfd, 0xd4, 0x7, 0xaa, 0x30, 0x3,
    0xb0, 0x0, 0x3b, 0xb, 0x20, 0x3, 0xb0, 0x0,
    0x0, 0xc, 0x20, 0x3, 0xb0, 0x0, 0x0, 0xe,
    0x22, 0x25, 0xc2, 0x21, 0xa, 0xe7, 0x6a, 0xaa,
    0xaa, 0xa6, 0x0, 0x0, 0x0, 0x0, 0x0, 0x0,

    /* U+72D7 "狗" */
    0x17, 0x8, 0x12, 0x90, 0x0, 0x0, 0xa, 0xab,
    0x8, 0x71, 0x11, 0x10, 0x4, 0xf3, 0x1d, 0xbb,
    0xbb, 0xe2, 0x4c, 0x87, 0xa5, 0x0, 0x0, 0xc1,
    0x0, 0x3b, 0x7d, 0xcc, 0xd0, 0xc1, 0x0, 0xcc,
    0xd, 0x0, 0xd0, 0xd0, 0x9, 0x8d, 0xd, 0x0,
    0xd0, 0xe0, 0x4a, 0xd, 0xd, 0xcc, 0xd0, 0xe0,
    0x0, 0x1c, 0xc, 0x0, 0x1, 0xd0, 0x0, 0x4a,
    0x0, 0x0, 0x4, 0xb0, 0x1d, 0xd3, 0x0, 0x4,
    0xde, 0x40, 0x0, 0x0, 0x0, 0x0, 0x0, 0x0,

    /* U+72EC "独" */
    0x18, 0x9, 0x10, 0xe, 0x0, 0x0, 0x8, 0xc9,
    0x0, 0xe, 0x0, 0x0, 0x6, 0xf2, 0x4c, 0xcf,
    0xcc, 0xb0, 0x4b, 0x76, 0x57, 0xe, 0x0, 0xe0,
    0x0, 0x3a, 0x57, 0xe, 0x0, 0xe0, 0x0, 0xbb,
    0x57, 0xe, 0x0, 0xe0, 0x8, 0xac, 0x4c, 0xcf,
    0xcc, 0xb0, 0x5b, 0x2b, 0x0, 0xe, 0x6, 0x30,
    0x0, 0x2a, 0x0, 0xe, 0x4, 0xb0, 0x0, 0x58,
    0x56, 0x8f, 0xbd, 0xf2, 0xd, 0xd2, 0x88, 0x64,
    0x20, 0x66, 0x0, 0x0, 0x0, 0x0, 0x0, 0x0,

    /* U+731C "猜" */
    0x29, 0xa, 0x33, 0x3b, 0x63, 0x30, 0x7, 0xd9,
    0x27, 0x7c, 0x97, 0x70, 0x7, 0xf2, 0xa, 0xae,
    0xba, 0x80, 0x5a, 0x67, 0x45, 0x5c, 0x85, 0x52,
    0x0, 0x3c, 0x45, 0x55, 0x55, 0x52, 0x0, 0xcd,
    0xb, 0xba, 0xac, 0x90, 0xa, 0x7d, 0xb, 0x86,
    0x69, 0x90, 0x68, 0xd, 0xb, 0x53, 0x36, 0x90,
    0x0, 0xc, 0xb, 0xba, 0xab, 0x90, 0x0, 0x4a,
    0xb, 0x10, 0x4, 0x90, 0xc, 0xd3, 0xb, 0x10,
    0x6c, 0x70, 0x0, 0x0, 0x0, 0x0, 0x0, 0x0,

    /* U+732B "猫" */
    0x7, 0x6, 0x0, 0xd0, 0xd, 0x0, 0xa, 0xab,
    0x12, 0xe2, 0x2e, 0x21, 0x4, 0xf3, 0x8a, 0xfa,
    0xaf, 0xa5, 0x4c, 0x86, 0x0, 0xd0, 0xd, 0x0,
    0x0, 0x4b, 0x2a, 0xba, 0xab, 0xa0, 0x0, 0xcc,
    0x3a, 0x29, 0x62, 0xd0, 0xb, 0x5d, 0x39, 0x8,
    0x50, 0xc0, 0x48, 0xd, 0x3e, 0xce, 0xdc, 0xf0,
    0x0, 0x1c, 0x39, 0x8, 0x50, 0xc0, 0x0, 0x59,
    0x3e, 0xbd, 0xcb, 0xf0, 0xb, 0xc2, 0x3a, 0x11,
    0x11, 0xc0,

    /* U+732E "献" */
    0x0, 0xa, 0x30, 0x0, 0x2a, 0x40, 0x2c, 0xce,
    0xdc, 0x90, 0x2a, 0xa3, 0x0, 0xa, 0x30, 0x0,
    0x2a, 0x26, 0xc, 0xbd, 0xcc, 0x8d, 0xdf, 0xdb,
    0xc, 0x61, 0x84, 0x80, 0x4d, 0x0, 0xc, 0x16,
    0x93, 0x80, 0x6f, 0x0, 0xc, 0x8d, 0xb8, 0x80,
    0x8f, 0x30, 0xc, 0x19, 0x34, 0x80, 0xc7, 0x70,
    0xc, 0x9d, 0xa9, 0x82, 0xd1, 0xd0, 0xc, 0x8,
    0x23, 0x9b, 0x50, 0xa5, 0xc, 0x3, 0x2c, 0x7b,
    0x0, 0x19, 0x0, 0x0, 0x0, 0x0, 0x0, 0x0,

    /* U+7387 "率" */
    0x0, 0x0, 0x0, 0x0, 0x0, 0x0, 0x0, 0x0,
    0x4, 0xb0, 0x0, 0x0, 0xc, 0xdd, 0xde, 0xed,
    0xdd, 0xd6, 0x5, 0x50, 0x2a, 0x9, 0x14, 0x80,
    0x0, 0xa6, 0xdd, 0xf7, 0x3c, 0x10, 0x0, 0x4,
    0x9, 0x87, 0x22, 0x0, 0x5, 0xc9, 0xac, 0x8e,
    0x8c, 0x60, 0x7, 0x10, 0x87, 0x82, 0x70, 0x81,
    0x1a, 0xaa, 0xab, 0xea, 0xaa, 0xa6, 0x3, 0x33,
    0x36, 0xc3, 0x33, 0x32, 0x0, 0x0, 0x4, 0xb0,
    0x0, 0x0, 0x0, 0x0, 0x4, 0xb0, 0x0, 0x0,

    /* U+738B "王" */
    0x7, 0xee, 0xee, 0xfe, 0xee, 0xe0, 0x0, 0x0,
    0x4, 0xa0, 0x0, 0x0, 0x0, 0x0, 0x4, 0xa0,
    0x0, 0x0, 0x0, 0x0, 0x4, 0xa0, 0x0, 0x0,
    0x0, 0x0, 0x4, 0xa0, 0x0, 0x0, 0x0, 0xee,
    0xee, 0xfe, 0xee, 0x80, 0x0, 0x0, 0x4, 0xa0,
    0x0, 0x0, 0x0, 0x0, 0x4, 0xa0, 0x0, 0x0,
    0x0, 0x0, 0x4, 0xa0, 0x0, 0x0, 0x1a, 0xaa,
    0xac, 0xea, 0xaa, 0xa6, 0x3, 0x33, 0x33, 0x33,
    0x33, 0x31,

    /* U+73A9 "玩" */
    0x0, 0x0, 0x0, 0x0, 0x0, 0x0, 0x2d, 0xed,
    0xa8, 0xdd, 0xdd, 0xd1, 0x0, 0xa3, 0x0, 0x0,
    0x0, 0x0, 0x0, 0xa3, 0x0, 0x0, 0x0, 0x0,
    0xd, 0xfe, 0xad, 0xee, 0xef, 0xda, 0x0, 0xa3,
    0x0, 0x94, 0xd, 0x0, 0x0, 0xa3, 0x0, 0xb2,
    0xd, 0x0, 0x0, 0xa5, 0x50, 0xd0, 0xd, 0x0,
    0x29, 0xec, 0x74, 0xb0, 0xd, 0x5, 0x26, 0x10,
    0x2d, 0x20, 0xd, 0xc, 0x0, 0x2, 0xd3, 0x0,
    0xc, 0xe9, 0x0, 0x0, 0x0, 0x0, 0x0, 0x0,

    /* U+73AB "玫" */
    0x0, 0x0, 0x0, 0x0, 0x0, 0x0, 0x0, 0x0,
    0x0, 0x86, 0x0, 0x0, 0x2d, 0xed, 0xb0, 0xd2,
    0x0, 0x0, 0x0, 0xa3, 0x2, 0xfe, 0xdd, 0xd7,
    0x0, 0xa3, 0xa, 0xc0, 0x9, 0x50, 0xb, 0xec,
    0x9d, 0xc0, 0xd, 0x0, 0x1, 0xa5, 0x13, 0x76,
    0x4b, 0x0, 0x0, 0xa3, 0x0, 0x1d, 0xc3, 0x0,
    0x0, 0xa7, 0x70, 0xb, 0xb0, 0x0, 0x3c, 0xd9,
    0x50, 0x8c, 0xd6, 0x0, 0x12, 0x0, 0x5d, 0xa0,
    0x1d, 0xa2, 0x0, 0x0, 0x84, 0x0, 0x0, 0x74,

    /* U+73AF "环" */
    0x0, 0x0, 0x1, 0x11, 0x11, 0x10, 0x6d, 0xfc,
    0x5c, 0xcd, 0xec, 0xc2, 0x1, 0xc0, 0x0, 0xb,
    0x40, 0x0, 0x1, 0xc0, 0x0, 0x3f, 0x20, 0x0,
    0x4d, 0xfb, 0x0, 0xcf, 0xa7, 0x0, 0x1, 0xc0,
    0xa, 0x8e, 0xc, 0x40, 0x1, 0xc0, 0x7c, 0xe,
    0x2, 0xd0, 0x1, 0xc3, 0x21, 0xe, 0x0, 0x10,
    0x29, 0xfa, 0x0, 0xe, 0x0, 0x0, 0x45, 0x0,
    0x0, 0xe, 0x0, 0x0, 0x0, 0x0, 0x0, 0xe,
    0x0, 0x0,

    /* U+73B0 "现" */
    0x0, 0x0, 0x8, 0xdc, 0xcc, 0xe0, 0x1c, 0xed,
    0xa8, 0x50, 0x0, 0xe0, 0x0, 0x85, 0x8, 0x51,
    0x50, 0xe0, 0x0, 0x85, 0x8, 0x52, 0xa0, 0xe0,
    0xc, 0xee, 0x88, 0x52, 0xa0, 0xe0, 0x0, 0x85,
    0x8, 0x53, 0x90, 0xe0, 0x0, 0x85, 0x3, 0x25,
    0x70, 0x50, 0x0, 0x87, 0x80, 0x9, 0xa2, 0x1,
    0x6, 0xde, 0x90, 0x38, 0xa2, 0xb, 0x2b, 0x50,
    0x3, 0xb0, 0xa2, 0x1a, 0x0, 0x0, 0x6c, 0x10,
    0x6b, 0xb5, 0x0, 0x0, 0x10, 0x0, 0x0, 0x0,

    /* U+73CD "珍" */
    0x0, 0x0, 0x0, 0x6, 0x70, 0x0, 0x2c, 0xfd,
    0x80, 0x2e, 0xd3, 0x0, 0x0, 0xb2, 0x3, 0xd3,
    0x1c, 0x50, 0x0, 0xb2, 0x6d, 0x32, 0x61, 0xaa,
    0x1d, 0xfd, 0x70, 0x5c, 0x10, 0x1, 0x0, 0xb2,
    0x6, 0x80, 0x5a, 0x0, 0x0, 0xb2, 0x0, 0x6,
    0xb0, 0x20, 0x0, 0xb3, 0x33, 0xc8, 0x2, 0xd1,
    0x17, 0xed, 0x71, 0x20, 0x4d, 0x30, 0x17, 0x20,
    0x0, 0x5c, 0xa1, 0x0, 0x0, 0x0, 0xa, 0x93,
    0x0, 0x0,

    /* U+73ED "班" */
    0x0, 0x0, 0x0, 0xc0, 0x0, 0x0, 0x6d, 0xec,
    0x0, 0xc8, 0xcf, 0xc5, 0x2, 0xa0, 0x31, 0xc0,
    0xd, 0x0, 0x2, 0xa0, 0x82, 0xc0, 0xd, 0x0,
    0x16, 0xc4, 0x91, 0xc0, 0xd, 0x0, 0x28, 0xd6,
    0xc0, 0xc6, 0xcf, 0xc3, 0x2, 0xa0, 0x70, 0xd0,
    0xd, 0x0, 0x2, 0xa0, 0x0, 0xc0, 0xd, 0x0,
    0x2, 0xc7, 0x5, 0x80, 0xd, 0x0, 0x7e, 0xa6,
    0x2d, 0x21, 0x1d, 0x10, 0x10, 0x0, 0xc4, 0x6b,
    0xbb, 0xb7, 0x0, 0x0, 0x0, 0x0, 0x0, 0x0,

    /* U+7403 "球" */
    0x23, 0x33, 0x0, 0xd, 0x29, 0x0, 0x5a, 0xe9,
    0x0, 0xd, 0x5, 0x40, 0x1, 0xc0, 0x8d, 0xdf,
    0xdd, 0xd2, 0x1, 0xc0, 0x11, 0xd, 0x10, 0x40,
    0x6d, 0xfd, 0x3b, 0xd, 0x48, 0x80, 0x1, 0xc0,
    0x9, 0x3e, 0xbb, 0x0, 0x1, 0xc0, 0x0, 0x6f,
    0xe1, 0x0, 0x1, 0xc1, 0x6, 0x9e, 0x77, 0x0,
    0x28, 0xfb, 0x9a, 0xd, 0xc, 0x50, 0x66, 0x10,
    0x70, 0xe, 0x1, 0xc2, 0x0, 0x0, 0x5, 0xdb,
    0x0, 0x0, 0x0, 0x0, 0x0, 0x0, 0x0, 0x0,

    /* U+7406 "理" */
    0x0, 0x0, 0x5e, 0xcf, 0xcc, 0xd0, 0x8d, 0xfc,
    0x67, 0xc, 0x0, 0xd0, 0x1, 0xd0, 0x57, 0xc,
    0x0, 0xd0, 0x1, 0xd0, 0x5d, 0xbf, 0xbb, 0xd0,
    0x5b, 0xfa, 0x67, 0xc, 0x0, 0xd0, 0x2, 0xd0,
    0x4c, 0xcf, 0xcc, 0xb0, 0x1, 0xd0, 0x0, 0xd,
    0x10, 0x0, 0x1, 0xd4, 0x7c, 0xcf, 0xdc, 0xc0,
    0x39, 0xfb, 0x10, 0xd, 0x10, 0x0, 0x87, 0x10,
    0x0, 0xd, 0x20, 0x0, 0x0, 0x2, 0xcc, 0xcc,
    0xcc, 0xc5,

    /* U+7470 "瑰" */
    0x0, 0x0, 0x0, 0x0, 0x0, 0x0, 0x24, 0x44,
    0x0, 0xe, 0x10, 0x0, 0x49, 0xe9, 0x5d, 0xcf,
    0xcb, 0xc0, 0x1, 0xb0, 0x48, 0xc, 0x0, 0xe0,
    0x1, 0xb0, 0x4d, 0xbf, 0xbb, 0xe0, 0x4c, 0xfc,
    0x58, 0xd, 0x0, 0xe0, 0x1, 0xb0, 0x4e, 0xcf,
    0xcc, 0xe0, 0x1, 0xb0, 0x0, 0x7a, 0x4, 0x0,
    0x1, 0xb0, 0x0, 0xde, 0x2b, 0x50, 0x4, 0xec,
    0x34, 0xab, 0x9a, 0xc0, 0x7a, 0x51, 0x2d, 0x2b,
    0x42, 0x35, 0x0, 0x1, 0xc2, 0x7, 0xcb, 0xc5,
    0x0, 0x0, 0x0, 0x0, 0x0, 0x0,

    /* U+74DC "瓜" */
    0x0, 0x0, 0x24, 0x69, 0xc8, 0x0, 0x0, 0xdb,
    0xaf, 0x63, 0xd0, 0x0, 0x0, 0xe0, 0xd, 0x0,
    0xc1, 0x0, 0x0, 0xe0, 0xd, 0x0, 0xb2, 0x0,
    0x0, 0xf0, 0xe, 0x0, 0x94, 0x0, 0x0, 0xe0,
    0xe, 0x0, 0x66, 0x0, 0x2, 0xc0, 0xd, 0x0,
    0x49, 0x0, 0x5, 0x90, 0x49, 0x47, 0xd, 0x0,
    0x9, 0x50, 0xa4, 0x1d, 0xb, 0x30, 0x1d, 0x2,
    0xfc, 0xbc, 0x45, 0xc0, 0x46, 0x0, 0x30, 0x3,
    0x50, 0x91,

    /* U+74E3 "瓣" */
    0x0, 0x0, 0x0, 0x1, 0x1, 0x0, 0x6, 0x70,
    0x49, 0xca, 0xc, 0x0, 0x4b, 0xeb, 0x9a, 0x47,
    0xbd, 0xc5, 0x6, 0x17, 0x99, 0x37, 0x70, 0x62,
    0xa, 0x37, 0x99, 0x37, 0x82, 0xb0, 0x8, 0x74,
    0x9a, 0x28, 0x54, 0xb0, 0x5b, 0xea, 0x9a, 0x1a,
    0xae, 0xb7, 0x3, 0xc1, 0x99, 0xa, 0xa, 0x20,
    0x3a, 0xd8, 0x88, 0x3b, 0xae, 0xc6, 0x4, 0x81,
    0x67, 0xaa, 0xa, 0x20, 0xa, 0x45, 0x8b, 0xd9,
    0x4a, 0x20, 0x2a, 0x6, 0x35, 0x45, 0x6a, 0x20,
    0x0, 0x0, 0x0, 0x0, 0x0, 0x0,

    /* U+7518 "甘" */
    0x0, 0xe, 0x0, 0x0, 0x87, 0x0, 0x0, 0xe,
    0x0, 0x0, 0x87, 0x0, 0x2d, 0xdf, 0xdd, 0xdd,
    0xfe, 0xd8, 0x0, 0xe, 0x0, 0x0, 0x87, 0x0,
    0x0, 0xe, 0x0, 0x0, 0x87, 0x0, 0x0, 0xf,
    0x0, 0x0, 0x87, 0x0, 0x0, 0xf, 0xcc, 0xcc,
    0xe7, 0x0, 0x0, 0xe, 0x0, 0x0, 0x87, 0x0,
    0x0, 0xe, 0x0, 0x0, 0x87, 0x0, 0x0, 0xf,
    0xee, 0xee, 0xf7, 0x0, 0x0, 0xe, 0x0, 0x0,
    0x76, 0x0,

    /* U+751C "甜" */
    0x25, 0x8c, 0x80, 0xe0, 0xa, 0x30, 0x45, 0xc3,
    0x0, 0xe0, 0xa, 0x30, 0x0, 0xa3, 0xc, 0xfc,
    0xce, 0xd0, 0xad, 0xfe, 0xd2, 0xe0, 0xa, 0x30,
    0x0, 0xa3, 0x0, 0xe0, 0xa, 0x30, 0x0, 0xa3,
    0x0, 0xe4, 0x4c, 0x30, 0x3c, 0xfd, 0xb0, 0xf9,
    0x9d, 0x30, 0x48, 0x0, 0xd0, 0xe0, 0xa, 0x30,
    0x48, 0x0, 0xd0, 0xe0, 0xa, 0x30, 0x4e, 0xcc,
    0xd0, 0xfc, 0xce, 0x30, 0x48, 0x0, 0x70, 0xe0,
    0xb, 0x30, 0x0, 0x0, 0x0, 0x20, 0x1, 0x0,

    /* U+751F "生" */
    0x0, 0x1a, 0x3, 0xb0, 0x0, 0x0, 0x0, 0x69,
    0x3, 0xb0, 0x0, 0x0, 0x0, 0xce, 0xde, 0xfd,
    0xdd, 0xd0, 0x6, 0xa0, 0x3, 0xb0, 0x0, 0x0,
    0xd, 0x10, 0x3, 0xb0, 0x0, 0x0, 0x0, 0x0,
    0x3, 0xb0, 0x0, 0x0, 0x0, 0xad, 0xde, 0xfd,
    0xdd, 0x80, 0x0, 0x0, 0x3, 0xb0, 0x0, 0x0,
    0x0, 0x0, 0x3, 0xb0, 0x0, 0x0, 0x1, 0x11,
    0x14, 0xb1, 0x11, 0x10, 0x1c, 0xcc, 0xcc, 0xcc,
    0xcc, 0xc7,

    /* U+7528 "用" */
    0x0, 0x0, 0x0, 0x0, 0x0, 0x0, 0xf, 0xdd,
    0xdf, 0xdd, 0xde, 0x0, 0xd0, 0x0, 0xd0, 0x0,
    0xe0, 0xf, 0xaa, 0xaf, 0xaa, 0xae, 0x0, 0xe2,
    0x23, 0xe2, 0x22, 0xe0, 0xd, 0x0, 0xd, 0x0,
    0xe, 0x1, 0xfc, 0xcc, 0xfc, 0xcc, 0xe0, 0x3a,
    0x0, 0x1e, 0x0, 0xe, 0x6, 0x60, 0x0, 0xd0,
    0x0, 0xe0, 0xc2, 0x0, 0xd, 0x0, 0xe, 0x49,
    0x0, 0x0, 0xd0, 0xcd, 0xa0, 0x0, 0x0, 0x0,
    0x0, 0x0,

    /* U+7531 "由" */
    0x0, 0x0, 0xe0, 0x0, 0x0, 0x0, 0xe, 0x0,
    0x0, 0xce, 0xee, 0xfe, 0xee, 0xdd, 0x0, 0xe,
    0x0, 0xe, 0xd0, 0x0, 0xe0, 0x0, 0xed, 0x0,
    0xe, 0x0, 0xf, 0xde, 0xdd, 0xfd, 0xdd, 0xfd,
    0x0, 0xe, 0x0, 0xe, 0xd0, 0x0, 0xe0, 0x0,
    0xed, 0xee, 0xef, 0xee, 0xef, 0xd0, 0x0, 0x0,
    0x0, 0xe0,

    /* U+7533 "申" */
    0x0, 0x0, 0xd1, 0x0, 0x0, 0xab, 0xbb, 0xfb,
    0xbb, 0xb8, 0xd2, 0x22, 0xe3, 0x22, 0x5b, 0xd0,
    0x0, 0xd1, 0x0, 0x3b, 0xdd, 0xdd, 0xfd, 0xdd,
    0xdb, 0xd0, 0x0, 0xd1, 0x0, 0x3b, 0xd0, 0x0,
    0xd1, 0x0, 0x3b, 0xdd, 0xdd, 0xfd, 0xdd, 0xeb,
    0x10, 0x0, 0xd1, 0x0, 0x0, 0x0, 0x0, 0xd1,
    0x0, 0x0, 0x0, 0x0, 0xd1, 0x0, 0x0,

    /* U+7535 "电" */
    0x0, 0x0, 0xd1, 0x0, 0x0, 0x1, 0x11, 0x1e,
    0x31, 0x11, 0x0, 0xbd, 0xcc, 0xfc, 0xcc, 0xf0,
    0xb, 0x30, 0xd, 0x10, 0xe, 0x0, 0xbe, 0xdd,
    0xfd, 0xdd, 0xf0, 0xb, 0x30, 0xd, 0x10, 0xe,
    0x0, 0xb3, 0x0, 0xd1, 0x0, 0xe0, 0xb, 0xed,
    0xdf, 0xed, 0xdd, 0x0, 0x72, 0x0, 0xd1, 0x0,
    0x9, 0x10, 0x0, 0xd, 0x20, 0x0, 0xe0, 0x0,
    0x0, 0x8f, 0xee, 0xe9, 0x0,

    /* U+753B "画" */
    0xcd, 0xdd, 0xdd, 0xdd, 0xdc, 0x0, 0x0, 0x0,
    0x0, 0x0, 0x0, 0x0, 0x0, 0x0, 0x0, 0x30,
    0xec, 0xec, 0xcd, 0x4, 0xe0, 0xc0, 0xa2, 0xc,
    0xe, 0xe0, 0xeb, 0xec, 0xbd, 0xe, 0xe0, 0xc0,
    0xa2, 0xc, 0xe, 0xe0, 0xea, 0xeb, 0xad, 0xe,
    0xe0, 0x11, 0x11, 0x11, 0xe, 0xeb, 0xbb, 0xbb,
    0xbb, 0xbe, 0x11, 0x11, 0x11, 0x11, 0x1e,

    /* U+7545 "畅" */
    0x0, 0x65, 0x8, 0xdd, 0xdf, 0x70, 0xa, 0xdc,
    0xa0, 0x0, 0xab, 0x0, 0xb, 0x75, 0xc0, 0x9,
    0xa0, 0x0, 0xa, 0x64, 0xb1, 0xbb, 0x22, 0x20,
    0xe, 0xdc, 0xe7, 0xbf, 0xbf, 0xd5, 0xa, 0x64,
    0xb0, 0x58, 0x49, 0x94, 0xe, 0xed, 0xf2, 0xd1,
    0xb3, 0xa3, 0x5, 0x65, 0xc, 0x32, 0xc0, 0xc1,
    0x0, 0x65, 0x0, 0xb, 0x30, 0xe0, 0x0, 0x65,
    0x0, 0x97, 0x2, 0xd0, 0x0, 0x65, 0x7, 0x70,
    0x9d, 0x50,

    /* U+754C "界" */
    0x0, 0xfc, 0xcc, 0xfc, 0xcf, 0x0, 0x0, 0xd0,
    0x2, 0xc0, 0xe, 0x0, 0x0, 0xfb, 0xbb, 0xeb,
    0xbf, 0x0, 0x0, 0xd0, 0x2, 0xc0, 0xe, 0x0,
    0x0, 0xfb, 0xbc, 0xfb, 0xbf, 0x0, 0x0, 0x3,
    0xd3, 0x9, 0x70, 0x0, 0x1, 0x7d, 0x50, 0x1,
    0xda, 0x20, 0x1d, 0x72, 0xe0, 0x4, 0x75, 0xd2,
    0x0, 0x4, 0xc0, 0x4, 0x70, 0x0, 0x0, 0x2d,
    0x50, 0x4, 0x70, 0x0, 0x2, 0xd5, 0x0, 0x4,
    0x70, 0x0, 0x0, 0x0, 0x0, 0x0, 0x0, 0x0,

    /* U+7559 "留" */
    0x0, 0x4, 0x60, 0x0, 0x0, 0x0, 0x9c, 0x83,
    0xc, 0xfc, 0xdc, 0xd, 0x2, 0x10, 0x1d, 0x2,
    0xb0, 0xd0, 0x59, 0x5, 0x90, 0x2a, 0xe, 0x49,
    0xf2, 0xb5, 0x4, 0x91, 0xfb, 0x68, 0xeb, 0xa,
    0xd5, 0x1, 0x0, 0x6, 0x0, 0x32, 0x0, 0x3e,
    0xbb, 0xfb, 0xbb, 0xe0, 0x3, 0xa0, 0xd, 0x0,
    0xe, 0x0, 0x3e, 0xbb, 0xfb, 0xbb, 0xe0, 0x3,
    0xa0, 0xd, 0x0, 0xe, 0x0, 0x3e, 0xbb, 0xbb,
    0xbb, 0xd0,

    /* U+7565 "略" */
    0x0, 0x0, 0x0, 0x81, 0x0, 0xf, 0xdd, 0xe0,
    0x2e, 0x0, 0x0, 0xb5, 0x4b, 0xb, 0xec, 0xcb,
    0xb, 0x54, 0xb7, 0xf6, 0x7, 0x50, 0xb5, 0x4b,
    0xb2, 0xc6, 0xb0, 0xe, 0xdd, 0xe0, 0x6, 0xf5,
    0x0, 0xb5, 0x4b, 0x7, 0xc5, 0xd7, 0xb, 0x54,
    0xbd, 0xd5, 0x45, 0xea, 0xc6, 0x5c, 0x3e, 0x88,
    0x8e, 0xd, 0xaa, 0xa1, 0xb0, 0x0, 0xd0, 0x0,
    0x0, 0x1b, 0x11, 0x1e, 0x0, 0x0, 0x1, 0xea,
    0xaa, 0xe0,

    /* U+756A "番" */
    0x0, 0x1, 0x23, 0x46, 0x8a, 0x10, 0x3, 0xcd,
    0x9a, 0xc5, 0x66, 0x0, 0x0, 0x1d, 0x14, 0x90,
    0xb4, 0x0, 0xc, 0xce, 0xdd, 0xec, 0xfc, 0xc5,
    0x0, 0x2, 0xca, 0xbc, 0x60, 0x0, 0x1, 0x8c,
    0x34, 0x90, 0x9b, 0x50, 0x2d, 0xcb, 0xbb, 0xcb,
    0xbe, 0xb7, 0x0, 0x85, 0x3, 0x90, 0xc, 0x10,
    0x0, 0x8c, 0xab, 0xda, 0xae, 0x10, 0x0, 0x85,
    0x3, 0x90, 0xc, 0x10, 0x0, 0x8c, 0xbb, 0xbb,
    0xbe, 0x10,

    /* U+758F "疏" */
    0x0, 0x0, 0x0, 0x5, 0x40, 0x0, 0x6d, 0xdd,
    0xe0, 0x5, 0xa0, 0x0, 0x0, 0x9, 0x7b, 0xcc,
    0xfc, 0xc2, 0x0, 0x3c, 0x0, 0x2c, 0x15, 0x0,
    0x4, 0x57, 0x0, 0xc3, 0xc, 0x30, 0xb, 0x58,
    0x1b, 0xfd, 0xdd, 0xc0, 0xb, 0x5e, 0xb2, 0x32,
    0x3, 0x40, 0xb, 0x57, 0x3, 0x88, 0x3c, 0x0,
    0xb, 0x57, 0x4, 0x78, 0x3c, 0x0, 0xc, 0x8d,
    0xb6, 0x58, 0x3c, 0x0, 0xac, 0x72, 0xb, 0x28,
    0x3c, 0x45, 0x0, 0x0, 0x68, 0x6, 0x2a, 0xc2,
    0x0, 0x0, 0x0, 0x0, 0x0, 0x0,

    /* U+7591 "疑" */
    0x0, 0x0, 0x0, 0x0, 0x0, 0x0, 0xa, 0x36,
    0xb1, 0xbb, 0xbc, 0xf1, 0xa, 0xc7, 0x10, 0x4,
    0xb, 0x60, 0xa, 0x30, 0xb, 0x1a, 0xe7, 0x0,
    0x5, 0xcb, 0xc5, 0x0, 0x4c, 0x0, 0x5, 0x80,
    0x1, 0xcc, 0xdd, 0xd6, 0xb, 0xcf, 0xb5, 0x10,
    0xc0, 0xa2, 0x19, 0xd, 0x0, 0x93, 0xc0, 0x40,
    0x2c, 0xcf, 0xc9, 0xb1, 0xcc, 0xc2, 0x0, 0x5f,
    0x30, 0xd5, 0xc0, 0x0, 0x1, 0xc3, 0xd7, 0x9b,
    0xe0, 0x0, 0xc, 0x40, 0x2b, 0x21, 0xac, 0xc6,
    0x0, 0x0, 0x0, 0x0, 0x0, 0x0,

    /* U+759A "疚" */
    0x0, 0x0, 0x0, 0x20, 0x0, 0x0, 0x0, 0x0,
    0x0, 0xd1, 0x0, 0x0, 0x0, 0xbd, 0xdd, 0xfe,
    0xdd, 0xd2, 0x62, 0xd1, 0x2, 0x50, 0x0, 0x0,
    0x3a, 0xd1, 0x9, 0x70, 0x0, 0x0, 0x9, 0xd1,
    0x1e, 0xcc, 0xf2, 0x0, 0x0, 0xd0, 0xb6, 0x2,
    0xd0, 0x0, 0x1a, 0xe4, 0xb0, 0x9, 0x90, 0x0,
    0x96, 0xd0, 0x0, 0x4d, 0xd0, 0x0, 0x4, 0xa0,
    0x2, 0xd2, 0x86, 0x0, 0xb, 0x50, 0x5e, 0x30,
    0xd, 0x40, 0x3d, 0x9, 0xb1, 0x0, 0x1, 0xc2,
    0x0, 0x0, 0x0, 0x0, 0x0, 0x0,

    /* U+75AF "疯" */
    0x0, 0x0, 0x0, 0x0, 0x0, 0x0, 0x0, 0x0,
    0x1, 0xd0, 0x0, 0x0, 0x0, 0xcc, 0xcc, 0xdc,
    0xcc, 0xb0, 0x72, 0xd0, 0x0, 0x0, 0x0, 0x0,
    0x57, 0xd0, 0xec, 0xcc, 0xcd, 0x0, 0x8, 0xd0,
    0xc1, 0x2, 0x2c, 0x0, 0x0, 0xd0, 0xca, 0x39,
    0x1c, 0x0, 0x3b, 0xd0, 0xc0, 0xba, 0xc, 0x0,
    0x63, 0xc1, 0xa0, 0x9a, 0xc, 0x0, 0x4, 0x94,
    0x84, 0xa8, 0x5b, 0x0, 0xb, 0x4a, 0x7c, 0x10,
    0xba, 0x90, 0x2c, 0x1c, 0x1, 0x0, 0x4, 0xb0,
    0x1, 0x0, 0x0, 0x0, 0x0, 0x0,

    /* U+75B2 "疲" */
    0x0, 0x0, 0x0, 0x0, 0x0, 0x0, 0x0, 0x0,
    0x0, 0xb3, 0x0, 0x0, 0x0, 0xdc, 0xcc, 0xcd,
    0xcc, 0xc4, 0x32, 0xd0, 0x0, 0x8, 0x0, 0x0,
    0x2a, 0xd0, 0xbc, 0xcf, 0xcc, 0xc0, 0x8, 0xd0,
    0xd0, 0xc, 0x2, 0xb0, 0x0, 0xc0, 0xd1, 0x1d,
    0x14, 0x30, 0x19, 0xd0, 0xed, 0xb9, 0x9f, 0x20,
    0x66, 0xc1, 0xc2, 0xb0, 0x5b, 0x0, 0x4, 0x94,
    0x90, 0x6a, 0xd1, 0x0, 0xb, 0x3a, 0x41, 0x7e,
    0xc2, 0x0, 0x2b, 0x2c, 0x6d, 0x70, 0x3b, 0xc2,
    0x0, 0x0, 0x0, 0x0, 0x0, 0x0,

    /* U+75BC "疼" */
    0x0, 0x0, 0x0, 0x20, 0x0, 0x0, 0x0, 0x0,
    0x0, 0xe1, 0x0, 0x0, 0x0, 0xbd, 0xdd, 0xfe,
    0xdd, 0xd3, 0x72, 0xd0, 0x4, 0x80, 0x0, 0x0,
    0x4a, 0xd0, 0x1e, 0xcb, 0xcb, 0x0, 0x7, 0xd3,
    0xdc, 0x50, 0xc4, 0x0, 0x0, 0xd4, 0x20, 0xcd,
    0x50, 0x0, 0x4c, 0xd0, 0x3a, 0xb8, 0xc5, 0x0,
    0x63, 0xca, 0x94, 0x94, 0x18, 0xc2, 0x5, 0x80,
    0x0, 0x18, 0x70, 0x0, 0xd, 0x30, 0x4c, 0xb7,
    0x10, 0x0, 0x28, 0x0, 0x0, 0x16, 0xc2, 0x0,

    /* U+75C5 "病" */
    0x0, 0x0, 0x0, 0x10, 0x0, 0x0, 0x0, 0x0,
    0x0, 0x96, 0x0, 0x0, 0x0, 0xad, 0xdd, 0xef,
    0xdd, 0xd4, 0x53, 0xc0, 0x0, 0x0, 0x0, 0x0,
    0x3a, 0xc5, 0xcc, 0xcd, 0xcc, 0xc2, 0x9, 0xc0,
    0x0, 0xd, 0x0, 0x0, 0x0, 0xc0, 0xdc, 0xcf,
    0xcc, 0xb0, 0x3a, 0xe0, 0xd0, 0x3d, 0x0, 0xd0,
    0x74, 0xc0, 0xd0, 0x9b, 0x90, 0xd0, 0x5, 0x80,
    0xd8, 0xa0, 0x76, 0xd0, 0xd, 0x20, 0xd2, 0x0,
    0x1, 0xd0, 0x38, 0x0, 0xd0, 0x0, 0x4c, 0xa0,

    /* U+75D5 "痕" */
    0x0, 0x0, 0x0, 0x0, 0x0, 0x0, 0x0, 0x0,
    0x0, 0xd3, 0x0, 0x0, 0x0, 0xad, 0xdd, 0xfe,
    0xdd, 0xd3, 0x62, 0xd1, 0x33, 0x33, 0x33, 0x0,
    0x3a, 0xd1, 0xe7, 0x77, 0x7e, 0x0, 0x5, 0xd1,
    0xf9, 0x99, 0x9f, 0x0, 0x0, 0xd0, 0xe0, 0x0,
    0xd, 0x0, 0x5d, 0xe0, 0xfb, 0xbb, 0xbf, 0x0,
    0x54, 0xc0, 0xe0, 0x49, 0x6, 0x90, 0x7, 0x80,
    0xe0, 0xb, 0xb6, 0x0, 0x1e, 0x20, 0xe6, 0xa3,
    0xb8, 0x10, 0x46, 0x3, 0xb6, 0x10, 0x6, 0xc2,

    /* U+75DB "痛" */
    0x0, 0x0, 0x0, 0x30, 0x0, 0x0, 0x0, 0x11,
    0x12, 0xc5, 0x11, 0x10, 0x0, 0xda, 0xaa, 0xaa,
    0xaa, 0xa3, 0x75, 0xd0, 0x9a, 0xaa, 0xaa, 0x30,
    0x1b, 0xd0, 0x6, 0x63, 0xa6, 0x0, 0x4, 0xd0,
    0x45, 0xaf, 0xa5, 0x40, 0x1, 0xd1, 0xd6, 0x6e,
    0x66, 0xd0, 0x7c, 0xd1, 0xe9, 0x9f, 0x99, 0xd0,
    0x33, 0xb1, 0xc0, 0xd, 0x0, 0xd0, 0x7, 0x71,
    0xea, 0xaf, 0xaa, 0xd0, 0xe, 0x21, 0xb0, 0xd,
    0x0, 0xd0, 0x37, 0x1, 0xb0, 0xc, 0x2a, 0xa0,

    /* U+767D "白" */
    0x0, 0x0, 0x78, 0x0, 0x0, 0x0, 0x0, 0xd3,
    0x0, 0x0, 0xf, 0xee, 0xee, 0xee, 0xeb, 0xd,
    0x0, 0x0, 0x0, 0x3b, 0xd, 0x0, 0x0, 0x0,
    0x3b, 0xf, 0xbb, 0xbb, 0xbb, 0xcb, 0xd, 0x22,
    0x22, 0x22, 0x5b, 0xd, 0x0, 0x0, 0x0, 0x3b,
    0xd, 0x0, 0x0, 0x0, 0x3b, 0xf, 0xee, 0xee,
    0xee, 0xeb, 0xd, 0x0, 0x0, 0x0, 0x3b,

    /* U+7684 "的" */
    0x5, 0x70, 0x2, 0xc0, 0x0, 0x0, 0x84, 0x0,
    0x79, 0x0, 0x0, 0xec, 0xcf, 0xd, 0xcc, 0xcf,
    0x2d, 0x0, 0xd6, 0xa0, 0x0, 0xc1, 0xd0, 0xd,
    0x73, 0x20, 0xc, 0xe, 0xcc, 0xf0, 0x2d, 0x0,
    0xd0, 0xd0, 0xd, 0x0, 0x6a, 0xd, 0xd, 0x0,
    0xd0, 0x0, 0x80, 0xd0, 0xd0, 0xd, 0x0, 0x0,
    0x1c, 0xe, 0xcc, 0xc0, 0x0, 0x4, 0xa0, 0xd0,
    0x0, 0x0, 0x9b, 0xe4, 0x0, 0x0, 0x0, 0x0,
    0x10, 0x0,

    /* U+76AE "皮" */
    0x0, 0x0, 0x0, 0xe0, 0x0, 0x0, 0x0, 0xaa,
    0xaa, 0xfa, 0xaa, 0xa2, 0x0, 0xe3, 0x33, 0xf3,
    0x34, 0xe0, 0x0, 0xe0, 0x0, 0xe0, 0x6, 0x90,
    0x0, 0xe2, 0x22, 0xe2, 0x24, 0x10, 0x1, 0xfb,
    0xfb, 0xaa, 0xaf, 0x40, 0x2, 0xc0, 0xa5, 0x0,
    0x3c, 0x0, 0x4, 0xa0, 0x1d, 0x21, 0xd3, 0x0,
    0x8, 0x70, 0x3, 0xdd, 0x40, 0x0, 0xd, 0x20,
    0x4b, 0xcc, 0xa3, 0x0, 0x3a, 0x4e, 0xb4, 0x0,
    0x5b, 0xe6, 0x0, 0x0, 0x0, 0x0, 0x0, 0x0,

    /* U+76C6 "盆" */
    0x0, 0x0, 0x20, 0x0, 0x10, 0x0, 0x0, 0x6,
    0xb0, 0x2, 0xc1, 0x0, 0x0, 0x6d, 0x10, 0x0,
    0x3c, 0x30, 0x1c, 0xac, 0xcc, 0xcc, 0xc9, 0xd7,
    0x2, 0x0, 0x4a, 0x0, 0x85, 0x2, 0x0, 0x0,
    0xc4, 0x0, 0xa4, 0x0, 0x1, 0x7d, 0x60, 0x78,
    0xe0, 0x0, 0x1, 0x93, 0x11, 0x46, 0x31, 0x0,
    0x0, 0xea, 0xdd, 0xaf, 0xad, 0x60, 0x0, 0xd0,
    0x66, 0xd, 0x6, 0x60, 0x0, 0xd0, 0x66, 0xd,
    0x6, 0x60, 0x3d, 0xfd, 0xee, 0xdf, 0xde, 0xe9,

    /* U+76CF "盏" */
    0x0, 0x0, 0x0, 0x0, 0x0, 0x0, 0x0, 0x0,
    0x58, 0xa, 0x40, 0x0, 0x2, 0x46, 0x9d, 0xab,
    0xcb, 0xa0, 0x6, 0x75, 0x4d, 0x20, 0x12, 0x41,
    0x6, 0x89, 0xbe, 0xeb, 0xaa, 0x91, 0x4, 0x31,
    0x0, 0xc5, 0x8c, 0x40, 0x0, 0x14, 0x7a, 0xce,
    0xa1, 0x75, 0x7, 0xb9, 0x62, 0x0, 0x7b, 0xa1,
    0x0, 0x9b, 0xbb, 0xbb, 0xbb, 0x20, 0x0, 0xc1,
    0x56, 0xc, 0xa, 0x30, 0x0, 0xc1, 0x56, 0xc,
    0xa, 0x30, 0x2c, 0xfd, 0xde, 0xcf, 0xce, 0xd7,

    /* U+76D0 "盐" */
    0x0, 0x0, 0x0, 0x0, 0x0, 0x0, 0x0, 0xe,
    0x0, 0xd, 0x0, 0x0, 0x0, 0xe, 0x10, 0xd,
    0x0, 0x0, 0x3b, 0xbf, 0xcb, 0x1d, 0xc4, 0x0,
    0x0, 0xe, 0x0, 0xd, 0x2b, 0x90, 0x0, 0x1e,
    0x67, 0x3d, 0x0, 0x60, 0x6c, 0xa8, 0x64, 0x1d,
    0x0, 0x0, 0x6, 0xbb, 0xbb, 0xbc, 0xbb, 0x20,
    0x8, 0x61, 0xd2, 0x3b, 0x1a, 0x40, 0x8, 0x50,
    0xc0, 0x1a, 0x9, 0x40, 0x8, 0x50, 0xc0, 0x1a,
    0x9, 0x40, 0x7e, 0xdc, 0xfc, 0xde, 0xce, 0xd1,

    /* U+76D2 "盒" */
    0x0, 0x0, 0x0, 0x0, 0x0, 0x0, 0x0, 0x0,
    0x5, 0xc0, 0x0, 0x0, 0x0, 0x0, 0x8b, 0x6c,
    0x30, 0x0, 0x0, 0x6d, 0xd6, 0x68, 0xfb, 0x50,
    0x1d, 0x82, 0x44, 0x44, 0x33, 0xa9, 0x0, 0x3d,
    0xaa, 0xaa, 0xbb, 0x0, 0x0, 0x3b, 0x44, 0x44,
    0x6b, 0x0, 0x0, 0x15, 0x55, 0x55, 0x53, 0x0,
    0x0, 0xdb, 0xdd, 0xbe, 0xbd, 0x60, 0x0, 0xd0,
    0x66, 0xd, 0x7, 0x60, 0x0, 0xd0, 0x66, 0xd,
    0x7, 0x60, 0x1d, 0xfd, 0xee, 0xdf, 0xde, 0xe7,

    /* U+76D6 "盖" */
    0x0, 0x1, 0x0, 0x0, 0x20, 0x0, 0x0, 0x7,
    0x80, 0x1, 0xd0, 0x0, 0x5, 0xbc, 0xeb, 0xbd,
    0xeb, 0xa0, 0x0, 0x0, 0x3, 0xa0, 0x0, 0x0,
    0x0, 0xab, 0xbc, 0xeb, 0xbb, 0x40, 0x0, 0x0,
    0x3, 0xa0, 0x0, 0x0, 0xb, 0xbb, 0xbc, 0xcb,
    0xbb, 0xb4, 0x0, 0x0, 0x0, 0x0, 0x0, 0x0,
    0x0, 0xeb, 0xdd, 0xbf, 0xbd, 0x60, 0x0, 0xd0,
    0x76, 0xd, 0x6, 0x60, 0x0, 0xd0, 0x76, 0xd,
    0x6, 0x60, 0x3c, 0xfc, 0xee, 0xcf, 0xce, 0xe8,

    /* U+76D8 "盘" */
    0x0, 0x0, 0x0, 0x0, 0x0, 0x0, 0x0, 0x0,
    0x6, 0x80, 0x0, 0x0, 0x0, 0x3e, 0xbc, 0xbb,
    0xbf, 0x0, 0x0, 0x3a, 0x7, 0x90, 0xe, 0x0,
    0x2c, 0xde, 0xcc, 0xdc, 0xcf, 0xc8, 0x0, 0x95,
    0x9, 0x10, 0xe, 0x0, 0x2, 0xe0, 0x3, 0xc2,
    0x3e, 0x0, 0x9, 0x30, 0x0, 0x2, 0xa6, 0x0,
    0x0, 0xeb, 0xdd, 0xbf, 0xbd, 0x50, 0x0, 0xd0,
    0x66, 0xd, 0x8, 0x50, 0x0, 0xd0, 0x66, 0xd,
    0x8, 0x50, 0x3c, 0xfc, 0xee, 0xcf, 0xce, 0xd8,

    /* U+76DB "盛" */
    0x0, 0x0, 0x0, 0x0, 0x0, 0x0, 0x0, 0x0,
    0x0, 0xe0, 0xa3, 0x0, 0x6, 0xcc, 0xcc, 0xfc,
    0xde, 0xc2, 0x8, 0x50, 0x0, 0x86, 0x7, 0x10,
    0xa, 0xdb, 0xd6, 0x2c, 0x5a, 0x0, 0xc, 0x20,
    0x86, 0xc, 0xc0, 0x20, 0x1e, 0x18, 0xd5, 0xba,
    0xd5, 0x91, 0x76, 0x2, 0x12, 0x40, 0x29, 0x70,
    0x1, 0xfb, 0xec, 0xce, 0xbf, 0x0, 0x1, 0xc0,
    0xa3, 0x39, 0xd, 0x0, 0x1, 0xc0, 0xa3, 0x39,
    0xd, 0x0, 0x8d, 0xfd, 0xfd, 0xde, 0xdf, 0xd2,

    /* U+76EE "目" */
    0xfe, 0xee, 0xee, 0xef, 0x1e, 0x0, 0x0, 0x0,
    0xd1, 0xe0, 0x0, 0x0, 0xd, 0x1f, 0xbb, 0xbb,
    0xbb, 0xf1, 0xe2, 0x22, 0x22, 0x2e, 0x1e, 0x0,
    0x0, 0x0, 0xd1, 0xfd, 0xdd, 0xdd, 0xdf, 0x1e,
    0x0, 0x0, 0x0, 0xd1, 0xe0, 0x0, 0x0, 0xd,
    0x1f, 0xdd, 0xdd, 0xdd, 0xf1, 0xe0, 0x0, 0x0,
    0xd, 0x10,

    /* U+76F4 "直" */
    0x0, 0x0, 0x0, 0x0, 0x0, 0x0, 0x0, 0x0,
    0x5, 0x90, 0x0, 0x0, 0xb, 0xcc, 0xce, 0xdc,
    0xcc, 0xc3, 0x0, 0x0, 0xa, 0x40, 0x0, 0x0,
    0x0, 0x8d, 0xbb, 0xbb, 0xbf, 0x0, 0x0, 0x89,
    0x55, 0x55, 0x5e, 0x0, 0x0, 0x88, 0x44, 0x44,
    0x4e, 0x0, 0x0, 0x8c, 0xbb, 0xbb, 0xbf, 0x0,
    0x0, 0x85, 0x0, 0x0, 0xd, 0x0, 0x0, 0x8c,
    0xbb, 0xbb, 0xbf, 0x0, 0x1, 0x96, 0x11, 0x11,
    0x1e, 0x21, 0x2b, 0xbb, 0xbb, 0xbb, 0xbb, 0xb7,

    /* U+76F8 "相" */
    0x0, 0x85, 0x6, 0xed, 0xdd, 0xf0, 0x8, 0x50,
    0x67, 0x0, 0xe, 0x6e, 0xff, 0xe7, 0x70, 0x0,
    0xe0, 0x1c, 0x61, 0x6d, 0xbb, 0xbf, 0x1, 0xfa,
    0x6, 0x81, 0x11, 0xe0, 0x7c, 0xc7, 0x67, 0x0,
    0xe, 0xc, 0x85, 0x96, 0xec, 0xcc, 0xf8, 0x58,
    0x50, 0x67, 0x0, 0xe, 0x20, 0x85, 0x6, 0x70,
    0x0, 0xe0, 0x8, 0x50, 0x6e, 0xdd, 0xdf, 0x0,
    0x85, 0x6, 0x70, 0x0, 0xe0, 0x0, 0x0, 0x0,
    0x0, 0x0,

    /* U+7701 "省" */
    0x0, 0x2, 0x1, 0xc0, 0x30, 0x0, 0x0, 0x2d,
    0x11, 0xc0, 0x6c, 0x10, 0x1, 0xc4, 0x1, 0xc1,
    0xa7, 0xc0, 0x8, 0x50, 0x1, 0xdd, 0x50, 0x61,
    0x0, 0x14, 0x9d, 0x91, 0x0, 0x0, 0x1d, 0xcf,
    0xbb, 0xbb, 0xbf, 0x0, 0x0, 0xe, 0x66, 0x66,
    0x6f, 0x0, 0x0, 0xd, 0x33, 0x33, 0x3e, 0x0,
    0x0, 0xf, 0xaa, 0xaa, 0xaf, 0x0, 0x0, 0xd,
    0x11, 0x11, 0x1e, 0x0, 0x0, 0xe, 0x99, 0x99,
    0x9e, 0x0,

    /* U+7709 "眉" */
    0x0, 0xfc, 0xcc, 0xfc, 0xcc, 0xd0, 0xd, 0x0,
    0xd, 0x0, 0xd, 0x0, 0xf8, 0x88, 0xf8, 0x88,
    0xd0, 0xe, 0x55, 0x55, 0x55, 0x54, 0x0, 0xd1,
    0xbb, 0xbb, 0xbb, 0xa0, 0x1c, 0x2b, 0x0, 0x0,
    0xe, 0x2, 0xa2, 0xea, 0xaa, 0xaa, 0xe0, 0x49,
    0x2b, 0x0, 0x0, 0xe, 0x8, 0x52, 0xea, 0xaa,
    0xaa, 0xe0, 0xd1, 0x2c, 0x22, 0x22, 0x2e, 0x28,
    0x2, 0xe9, 0x99, 0x99, 0xe0,

    /* U+770B "看" */
    0x0, 0x0, 0x0, 0x12, 0x46, 0x20, 0x3, 0xbb,
    0xbf, 0xa8, 0x75, 0x20, 0x0, 0x0, 0xe, 0x0,
    0x0, 0x0, 0x2, 0xbb, 0xde, 0xbb, 0xbb, 0x90,
    0x4, 0x44, 0xc8, 0x44, 0x44, 0x42, 0x6, 0x6a,
    0xc6, 0x66, 0x66, 0x63, 0x0, 0x2e, 0xdb, 0xbb,
    0xbb, 0x40, 0x2, 0xde, 0x53, 0x33, 0x3a, 0x50,
    0x2d, 0x3a, 0x86, 0x66, 0x6b, 0x50, 0x1, 0xa,
    0xb9, 0x99, 0x9d, 0x50, 0x0, 0xa, 0x30, 0x0,
    0x8, 0x50, 0x0, 0xa, 0xcb, 0xbb, 0xbe, 0x50,

    /* U+771F "真" */
    0x0, 0x0, 0x0, 0x10, 0x0, 0x0, 0x1, 0x22,
    0x25, 0xc2, 0x22, 0x20, 0x7, 0x99, 0x9c, 0xc9,
    0x99, 0x92, 0x0, 0x39, 0x9c, 0xc9, 0x98, 0x0,
    0x0, 0x59, 0x22, 0x22, 0x3d, 0x0, 0x0, 0x5b,
    0x66, 0x66, 0x7d, 0x0, 0x0, 0x5c, 0x99, 0x99,
    0x9d, 0x0, 0x0, 0x5b, 0x77, 0x77, 0x8d, 0x0,
    0x0, 0x58, 0x11, 0x11, 0x2d, 0x0, 0x1b, 0xbb,
    0xcb, 0xbc, 0xcb, 0xb6, 0x0, 0x19, 0xa0, 0x4,
    0xc7, 0x10, 0xa, 0xb5, 0x0, 0x0, 0x6, 0xd3,
    0x0, 0x0, 0x0, 0x0, 0x0, 0x0,

    /* U+7720 "眠" */
    0xfc, 0xf1, 0xdd, 0xdd, 0xdf, 0xd, 0xc, 0x1d,
    0x0, 0x0, 0xe0, 0xd0, 0xc1, 0xd0, 0x0, 0xe,
    0xf, 0xcf, 0x1d, 0xcd, 0xfc, 0xc0, 0xd0, 0xc1,
    0xd0, 0xd, 0x0, 0xe, 0x2c, 0x1d, 0x22, 0xe2,
    0x21, 0xf9, 0xe1, 0xda, 0xaf, 0xaa, 0x5d, 0xc,
    0x1d, 0x0, 0xb2, 0x0, 0xfc, 0xe1, 0xd0, 0x8,
    0x60, 0x54, 0x0, 0x2f, 0x48, 0x4d, 0x29, 0x0,
    0x3, 0x62, 0x0, 0x7e, 0x40,

    /* U+773C "眼" */
    0xfc, 0xf1, 0xdc, 0xcc, 0xcd, 0xc, 0xa, 0x1d,
    0x0, 0x0, 0xd0, 0xc0, 0xa1, 0xd8, 0x77, 0x7d,
    0xf, 0xce, 0x1d, 0x76, 0x66, 0xd0, 0xc0, 0xa1,
    0xd0, 0x0, 0xd, 0xd, 0x2b, 0x1d, 0xee, 0xed,
    0xd0, 0xea, 0xe1, 0xd0, 0x65, 0x5, 0x2c, 0xa,
    0x1d, 0x0, 0xbb, 0x80, 0xfc, 0xe1, 0xe0, 0x4,
    0xb1, 0x4, 0x0, 0x2f, 0xa7, 0x4, 0xd5, 0x0,
    0x0, 0x10, 0x0, 0x0, 0x0,

    /* U+7740 "着" */
    0x0, 0x0, 0x0, 0x0, 0x0, 0x0, 0x0, 0xc,
    0x40, 0x3, 0xd0, 0x0, 0x7, 0xbd, 0xeb, 0xbe,
    0xdb, 0x70, 0x0, 0x22, 0x3e, 0x32, 0x22, 0x0,
    0x0, 0x77, 0xda, 0x77, 0x77, 0x0, 0x2b, 0xbb,
    0xfc, 0xbb, 0xbb, 0xb2, 0x0, 0xc, 0x83, 0x33,
    0x33, 0x0, 0x0, 0x9f, 0x87, 0x77, 0x7e, 0x10,
    0x9, 0xbc, 0x99, 0x99, 0x9e, 0x10, 0x6a, 0xc,
    0x76, 0x66, 0x6e, 0x10, 0x0, 0xc, 0x43, 0x33,
    0x3e, 0x10, 0x0, 0xc, 0xba, 0xaa, 0xae, 0x10,

    /* U+775B "睛" */
    0xfc, 0xf3, 0xcc, 0xfc, 0xcc, 0x5c, 0xc, 0x0,
    0xb, 0x20, 0x0, 0xc0, 0xc0, 0xaa, 0xeb, 0xaa,
    0x1f, 0xdf, 0x0, 0xb, 0x10, 0x0, 0xd1, 0xd7,
    0xbb, 0xbb, 0xbb, 0x8d, 0x2d, 0x7, 0x88, 0x88,
    0x70, 0xe9, 0xe0, 0xd2, 0x22, 0x2d, 0xc, 0xc,
    0xd, 0x88, 0x88, 0xd0, 0xfc, 0xe0, 0xd9, 0x99,
    0x9d, 0x4, 0x0, 0xd, 0x0, 0x0, 0xd0, 0x0,
    0x0, 0xd0, 0x7, 0xba, 0x0,

    /* U+7761 "睡" */
    0x0, 0x0, 0x1, 0x35, 0x72, 0xf, 0xce, 0x2b,
    0xae, 0x85, 0x10, 0xb0, 0xb0, 0x0, 0xb2, 0x0,
    0xb, 0xb, 0x37, 0x7d, 0x87, 0x70, 0xfc, 0xe5,
    0xe9, 0xda, 0xda, 0xb, 0xb, 0xb, 0xb, 0x2a,
    0x20, 0xc2, 0xc9, 0xfd, 0xfd, 0xed, 0x4e, 0x9d,
    0x1c, 0x2b, 0x4a, 0x30, 0xb0, 0xb4, 0xd8, 0xd9,
    0xd9, 0xf, 0xcd, 0x23, 0x3c, 0x53, 0x30, 0x40,
    0x0, 0x0, 0xb2, 0x0, 0x0, 0x0, 0x3c, 0xcf,
    0xdc, 0x80,

    /* U+778E "瞎" */
    0x0, 0x0, 0x0, 0x54, 0x0, 0xf, 0xcf, 0x0,
    0x4, 0xa0, 0x0, 0xc0, 0xb7, 0xbb, 0xbd, 0xbb,
    0x7c, 0xb, 0x85, 0x2, 0x90, 0x48, 0xfc, 0xf0,
    0x8a, 0xbe, 0xa9, 0xc, 0xb, 0x5, 0x89, 0xd8,
    0x60, 0xd5, 0xd0, 0x12, 0x5b, 0x22, 0xe, 0x7d,
    0x3b, 0xbc, 0xeb, 0xb5, 0xc0, 0xb0, 0x56, 0x8d,
    0x65, 0xf, 0xce, 0xd, 0x44, 0x44, 0xd0, 0x40,
    0x0, 0xd0, 0x0, 0xd, 0x0, 0x0, 0xd, 0xbb,
    0xbb, 0xd0,

    /* U+77AC "瞬" */
    0x0, 0x0, 0x0, 0x2, 0x46, 0xf, 0xcd, 0x5c,
    0xab, 0x96, 0x70, 0xb0, 0xb0, 0xc0, 0x84, 0x1c,
    0xb, 0xb, 0x7, 0x54, 0x77, 0x50, 0xfc, 0xd8,
    0xcb, 0xbb, 0xdc, 0x8b, 0xb, 0x98, 0x20, 0x2,
    0x69, 0xc2, 0xc0, 0xda, 0x78, 0xab, 0x3e, 0x9c,
    0x69, 0x5a, 0xb8, 0x92, 0xb0, 0xcb, 0x8a, 0x5a,
    0x57, 0xf, 0xcd, 0x6, 0xc1, 0xac, 0xc5, 0x40,
    0xa, 0xe2, 0x0, 0x46, 0x0, 0x0, 0x82, 0x0,
    0x4, 0x60,

    /* U+77E5 "知" */
    0x1, 0x10, 0x0, 0x0, 0x0, 0x0, 0x67, 0x0,
    0x2, 0x33, 0x33, 0xb, 0xca, 0xa8, 0x8c, 0x99,
    0xe1, 0xd3, 0xd2, 0x18, 0x50, 0xe, 0x86, 0x1d,
    0x0, 0x85, 0x0, 0xe1, 0x1, 0xd0, 0x8, 0x50,
    0xe, 0x7d, 0xdf, 0xdd, 0x95, 0x0, 0xe0, 0x4,
    0xb0, 0x8, 0x50, 0xe, 0x0, 0x8e, 0x70, 0x85,
    0x0, 0xe0, 0xd, 0x1c, 0x58, 0x50, 0xe, 0x9,
    0x80, 0x1b, 0x8e, 0xdd, 0xe7, 0xa0, 0x0, 0x8,
    0x50, 0xc, 0x0, 0x0, 0x0, 0x0, 0x0, 0x0,

    /* U+77ED "短" */
    0x3, 0x20, 0x0, 0x0, 0x0, 0x0, 0x9, 0x40,
    0x8, 0xdd, 0xdd, 0xd5, 0xc, 0xed, 0xc0, 0x0,
    0x0, 0x0, 0x2c, 0x77, 0x12, 0xaa, 0xaa, 0x90,
    0x55, 0x66, 0x4, 0xa2, 0x22, 0xe0, 0x48, 0xbb,
    0x85, 0x80, 0x0, 0xd0, 0x24, 0xa8, 0x44, 0xda,
    0xaa, 0xe0, 0x0, 0xb6, 0x0, 0x42, 0x24, 0x30,
    0x0, 0xdc, 0x10, 0xb1, 0x9, 0x50, 0x3, 0xa5,
    0xb0, 0x76, 0xd, 0x0, 0xb, 0x30, 0x70, 0x37,
    0x3a, 0x0, 0x58, 0x0, 0x2d, 0xdd, 0xee, 0xd6,
    0x0, 0x0, 0x0, 0x0, 0x0, 0x0,

    /* U+77F3 "石" */
    0x2d, 0xdd, 0xfe, 0xdd, 0xdd, 0xd3, 0x0, 0x1,
    0xe0, 0x0, 0x0, 0x0, 0x0, 0x9, 0x80, 0x0,
    0x0, 0x0, 0x0, 0x1e, 0x10, 0x0, 0x0, 0x0,
    0x0, 0xbf, 0xdd, 0xdd, 0xde, 0x80, 0x9, 0xbd,
    0x0, 0x0, 0x6, 0x80, 0x79, 0x1d, 0x0, 0x0,
    0x6, 0x80, 0x0, 0xd, 0x0, 0x0, 0x6, 0x80,
    0x0, 0xf, 0xdd, 0xdd, 0xde, 0x80, 0x0, 0xd,
    0x0, 0x0, 0x6, 0x80,

    /* U+7801 "码" */
    0x0, 0x0, 0x0, 0x0, 0x0, 0x0, 0x2c, 0xfc,
    0xb6, 0xdd, 0xde, 0x40, 0x0, 0xd0, 0x0, 0x30,
    0xa, 0x20, 0x2, 0xb0, 0x0, 0xc0, 0xc, 0x10,
    0x6, 0x80, 0x1, 0xb0, 0xd, 0x0, 0xc, 0xfe,
    0x82, 0xa0, 0xd, 0x0, 0x3f, 0x64, 0x94, 0xec,
    0xce, 0xc3, 0x4b, 0x53, 0x90, 0x0, 0x0, 0xa2,
    0x6, 0x53, 0x94, 0x55, 0x52, 0xc1, 0x6, 0x75,
    0x97, 0x88, 0x84, 0xd0, 0x5, 0xba, 0x60, 0x0,
    0x2, 0xb0, 0x0, 0x0, 0x0, 0x0, 0xcd, 0x40,

    /* U+7816 "砖" */
    0x0, 0x0, 0x0, 0x4, 0x40, 0x0, 0x3c, 0xfd,
    0xb0, 0x9, 0x50, 0x0, 0x0, 0xd0, 0xa, 0xdf,
    0xdd, 0xd3, 0x2, 0xb0, 0x0, 0xd, 0x0, 0x0,
    0x6, 0x80, 0x2, 0x6b, 0x22, 0x21, 0xc, 0xb8,
    0x7a, 0xec, 0xaa, 0xa6, 0x3f, 0x76, 0x80, 0xe1,
    0x0, 0x0, 0x5c, 0x43, 0x82, 0xdd, 0xde, 0xc0,
    0x7, 0x43, 0x80, 0x0, 0x2d, 0x20, 0x7, 0x65,
    0x80, 0xa5, 0xc4, 0x0, 0x6, 0xba, 0x60, 0x6,
    0xb5, 0x0, 0x0, 0x0, 0x0, 0x0, 0x3, 0x0,

    /* U+7834 "破" */
    0x2d, 0xfd, 0xb0, 0x0, 0xc0, 0x0, 0x0, 0xd1,
    0x0, 0x0, 0xc0, 0x0, 0x1, 0xd0, 0x8, 0xdc,
    0xfc, 0xe7, 0x5, 0xa0, 0x8, 0x40, 0xc0, 0x93,
    0xb, 0xc8, 0x48, 0x62, 0xd2, 0x70, 0x2f, 0x97,
    0x99, 0xfa, 0x9a, 0xe0, 0x4d, 0x63, 0x9a, 0x89,
    0x5, 0xa0, 0x6, 0x63, 0x9c, 0x1b, 0x3d, 0x30,
    0x5, 0x85, 0xac, 0x2, 0xe8, 0x0, 0x5, 0xba,
    0xd6, 0x7c, 0xac, 0xa3, 0x0, 0x0, 0x10, 0x30,
    0x0, 0x22,

    /* U+7840 "础" */
    0x2d, 0xfd, 0xc0, 0x0, 0xd0, 0x0, 0x0, 0xd0,
    0x6, 0x60, 0xd0, 0xd0, 0x1, 0xc0, 0x6, 0x60,
    0xd0, 0xd0, 0x5, 0x80, 0x6, 0x60, 0xd0, 0xd0,
    0xc, 0xec, 0x85, 0xdc, 0xfc, 0xe0, 0x3f, 0x51,
    0xa0, 0x0, 0xd0, 0x0, 0x3c, 0x51, 0xab, 0x30,
    0xd0, 0x84, 0x6, 0x51, 0xab, 0x30, 0xd0, 0x84,
    0x6, 0xa8, 0xab, 0x30, 0xd0, 0x84, 0x5, 0x73,
    0x2b, 0xed, 0xfd, 0xf4, 0x0, 0x0, 0x0, 0x0,
    0x0, 0x84,

    /* U+786C "硬" */
    0x2d, 0xdd, 0xba, 0xcc, 0xfc, 0xc5, 0x0, 0xc0,
    0x0, 0x0, 0xd0, 0x0, 0x0, 0xc0, 0x7, 0xbb,
    0xfb, 0xb1, 0x4, 0x90, 0x9, 0x30, 0xd0, 0xa2,
    0xb, 0xdb, 0x99, 0xca, 0xfa, 0xe2, 0x2f, 0x70,
    0xc9, 0x30, 0xd0, 0xa2, 0x3b, 0x60, 0xc8, 0xcb,
    0xfb, 0xd2, 0x5, 0x60, 0xc3, 0x44, 0xa0, 0x0,
    0x5, 0x82, 0xc0, 0xcb, 0x50, 0x0, 0x5, 0xca,
    0x93, 0xad, 0x95, 0x31, 0x0, 0x0, 0x16, 0x20,
    0x15, 0x72,

    /* U+786E "确" */
    0x0, 0x0, 0x0, 0x35, 0x0, 0x0, 0x1d, 0xfd,
    0xc0, 0xa7, 0x0, 0x0, 0x0, 0xd0, 0x1, 0xfb,
    0xcc, 0x0, 0x1, 0xc0, 0xb, 0x70, 0x65, 0x0,
    0x4, 0x90, 0x6f, 0xdc, 0xfc, 0xf1, 0xa, 0xdb,
    0x78, 0x60, 0xc0, 0xb1, 0x2f, 0x74, 0x87, 0xdb,
    0xfb, 0xe1, 0x3c, 0x63, 0x87, 0x60, 0xc0, 0xb1,
    0x5, 0x63, 0x89, 0xca, 0xea, 0xe1, 0x5, 0x85,
    0x8b, 0x53, 0xd3, 0xc1, 0x5, 0xda, 0x7d, 0x0,
    0xc0, 0xb1, 0x2, 0x20, 0x85, 0x0, 0x69, 0xd0,
    0x0, 0x0, 0x0, 0x0, 0x0, 0x0,

    /* U+788C "碌" */
    0x0, 0x0, 0x0, 0x0, 0x0, 0x0, 0x3d, 0xfd,
    0xc8, 0xcc, 0xcc, 0xe0, 0x0, 0xd0, 0x0, 0x0,
    0x0, 0xd0, 0x2, 0xb0, 0x5, 0xbb, 0xbb, 0xd0,
    0x5, 0x80, 0x0, 0x0, 0x0, 0xd0, 0xa, 0xed,
    0x8c, 0xcc, 0xec, 0xda, 0x1f, 0x63, 0x86, 0x10,
    0xd0, 0x34, 0x5d, 0x63, 0x83, 0xd1, 0xe6, 0xa1,
    0x5, 0x63, 0x80, 0x3a, 0xfc, 0x0, 0x5, 0xdc,
    0x97, 0xc2, 0xd6, 0xb2, 0x3, 0x50, 0x29, 0x0,
    0xd0, 0x6b, 0x0, 0x0, 0x0, 0x3c, 0xa0, 0x0,
    0x0, 0x0, 0x0, 0x0, 0x0, 0x0,

    /* U+788D "碍" */
    0x4d, 0xfd, 0xc5, 0xda, 0xab, 0xd0, 0x0, 0xe0,
    0x5, 0x80, 0x0, 0xd0, 0x3, 0xb0, 0x5, 0xda,
    0xaa, 0xd0, 0x7, 0x70, 0x5, 0xb6, 0x67, 0xd0,
    0xd, 0xdb, 0x71, 0x33, 0x33, 0x30, 0x5f, 0x54,
    0xaa, 0xcc, 0xcf, 0xc5, 0x7c, 0x43, 0xa0, 0x0,
    0xd, 0x0, 0x8, 0x43, 0xac, 0xcc, 0xcf, 0xc7,
    0x8, 0x65, 0xa0, 0xb3, 0xd, 0x0, 0x6, 0xba,
    0x60, 0x2a, 0xd, 0x0, 0x0, 0x0, 0x0, 0x2,
    0xcc, 0x0,

    /* U+788E "碎" */
    0x0, 0x0, 0x0, 0x2, 0x50, 0x0, 0x2d, 0xfd,
    0xa0, 0x1, 0xd0, 0x0, 0x0, 0xd0, 0xa, 0xdd,
    0xfd, 0xd7, 0x1, 0xc0, 0x0, 0x62, 0x5, 0x20,
    0x5, 0x80, 0x0, 0xd1, 0xc, 0x20, 0xb, 0xec,
    0x73, 0xda, 0x3d, 0xb0, 0x3f, 0x53, 0x8c, 0x24,
    0xb2, 0x85, 0x4b, 0x53, 0x83, 0x0, 0xc0, 0x0,
    0x6, 0x53, 0x8b, 0xcc, 0xfc, 0xca, 0x6, 0x75,
    0x81, 0x11, 0xe1, 0x11, 0x5, 0xba, 0x50, 0x0,
    0xd0, 0x0, 0x0, 0x0, 0x0, 0x0, 0xd0, 0x0,

    /* U+7897 "碗" */
    0x0, 0x0, 0x0, 0x7, 0x0, 0x0, 0x8d, 0xfd,
    0x10, 0xc, 0x20, 0x0, 0x5, 0x80, 0xad, 0xcd,
    0xdc, 0xe1, 0x8, 0x50, 0xb4, 0x0, 0x0, 0xc1,
    0xc, 0x10, 0x1d, 0x42, 0x77, 0x70, 0x2f, 0xca,
    0x2b, 0x98, 0xd2, 0xb0, 0xae, 0xc, 0x94, 0x66,
    0xc0, 0xb0, 0x9c, 0xd, 0xb9, 0xb3, 0xc0, 0xb0,
    0xc, 0xc, 0x4, 0xe0, 0xc8, 0xa0, 0xc, 0x2c,
    0x7, 0x80, 0xc2, 0x10, 0xb, 0xa9, 0x8e, 0x10,
    0xc0, 0x64, 0x0, 0x0, 0xc3, 0x0, 0xbb, 0xc1,
    0x0, 0x0, 0x0, 0x0, 0x0, 0x0,

    /* U+78B0 "碰" */
    0x0, 0x0, 0x6, 0x0, 0x17, 0x0, 0x8d, 0xec,
    0x18, 0x50, 0x68, 0x0, 0x6, 0x60, 0x2, 0x90,
    0xb2, 0x0, 0x9, 0x30, 0xbd, 0xdc, 0xfc, 0xc0,
    0xc, 0x0, 0x0, 0xb0, 0xb0, 0x0, 0x1f, 0xb9,
    0x70, 0xb0, 0xb0, 0x80, 0x7e, 0xb, 0x84, 0xb0,
    0xb2, 0xa0, 0xcd, 0xb, 0x48, 0xb0, 0xb6, 0x60,
    0x2b, 0xb, 0x1c, 0xb0, 0xbb, 0x10, 0xb, 0x2b,
    0x4, 0xb0, 0xb4, 0x0, 0xc, 0x97, 0x0, 0xc0,
    0xc0, 0x0, 0x7, 0x1, 0xcc, 0xcc, 0xcc, 0xc3,

    /* U+78E8 "磨" */
    0x0, 0x0, 0x0, 0x0, 0x0, 0x0, 0x0, 0x0,
    0x1, 0xd0, 0x0, 0x0, 0xc, 0xdc, 0xcc, 0xcc,
    0xcc, 0xc3, 0xc, 0x10, 0xa0, 0x0, 0x45, 0x0,
    0xc, 0x5b, 0xfc, 0x59, 0xef, 0xa2, 0xc, 0x39,
    0xd9, 0x58, 0xaa, 0xa1, 0xd, 0x40, 0x90, 0x22,
    0x45, 0x21, 0xd, 0x6b, 0xbf, 0xbb, 0xbb, 0xb3,
    0xd, 0x0, 0xa8, 0x0, 0x0, 0x0, 0x1c, 0x2c,
    0xfa, 0xaa, 0xac, 0x90, 0x58, 0x93, 0xd0, 0x0,
    0x4, 0x90, 0x92, 0x0, 0xda, 0xaa, 0xac, 0x90,
    0x0, 0x0, 0x0, 0x0, 0x0, 0x0,

    /* U+793A "示" */
    0x0, 0xee, 0xee, 0xee, 0xee, 0x60, 0x0, 0x0,
    0x0, 0x0, 0x0, 0x0, 0x0, 0x0, 0x0, 0x0,
    0x0, 0x0, 0x1d, 0xdd, 0xdd, 0xfd, 0xdd, 0xd6,
    0x0, 0x0, 0x4, 0xb0, 0x0, 0x0, 0x0, 0x4b,
    0x4, 0xb0, 0x59, 0x0, 0x0, 0xc3, 0x4, 0xb0,
    0xc, 0x40, 0x9, 0x90, 0x4, 0xb0, 0x3, 0xd0,
    0x1a, 0x0, 0x4, 0xb0, 0x0, 0x93, 0x0, 0x3,
    0xee, 0x70, 0x0, 0x0,

    /* U+793C "礼" */
    0x0, 0x0, 0x0, 0x0, 0x0, 0x0, 0x0, 0x59,
    0x0, 0xd, 0x0, 0x0, 0x0, 0xb, 0x20, 0xd,
    0x0, 0x0, 0xa, 0xdd, 0xf5, 0xd, 0x0, 0x0,
    0x0, 0x1, 0xc0, 0xd, 0x0, 0x0, 0x0, 0xb,
    0x40, 0xd, 0x0, 0x0, 0x0, 0x9f, 0x80, 0xd,
    0x0, 0x0, 0xc, 0x9d, 0xa7, 0xd, 0x0, 0x0,
    0x6, 0xd, 0x7, 0xd, 0x0, 0x0, 0x0, 0xd,
    0x0, 0xd, 0x0, 0x2a, 0x0, 0xd, 0x0, 0xe,
    0x0, 0x49, 0x0, 0xd, 0x0, 0xb, 0xdc, 0xd4,

    /* U+793E "社" */
    0x1, 0xa0, 0x0, 0xa, 0x40, 0x0, 0x0, 0x73,
    0x0, 0xa, 0x40, 0x0, 0x4d, 0xde, 0x50, 0xa,
    0x40, 0x0, 0x0, 0xc, 0x1, 0x1b, 0x51, 0x10,
    0x0, 0x87, 0x3c, 0xce, 0xdc, 0x90, 0x6, 0xf9,
    0x0, 0xa, 0x40, 0x0, 0x6d, 0xea, 0x60, 0xa,
    0x40, 0x0, 0x31, 0xc1, 0x20, 0xa, 0x40, 0x0,
    0x0, 0xc0, 0x0, 0xa, 0x40, 0x0, 0x0, 0xc0,
    0x22, 0x2b, 0x62, 0x20, 0x0, 0xc0, 0x9b, 0xbb,
    0xbb, 0xb0,

    /* U+795D "祝" */
    0x1, 0x60, 0x0, 0x0, 0x0, 0x0, 0x1, 0xf4,
    0xf, 0xdd, 0xde, 0x60, 0x0, 0x61, 0xd, 0x0,
    0x5, 0x60, 0x6d, 0xdf, 0x6d, 0x0, 0x5, 0x60,
    0x0, 0x1d, 0xd, 0x0, 0x5, 0x60, 0x0, 0x96,
    0xe, 0x22, 0x27, 0x60, 0x6, 0xf9, 0xa, 0xea,
    0xfa, 0x40, 0x6d, 0xe8, 0x90, 0xd0, 0xd0, 0x0,
    0x31, 0xd0, 0x20, 0xc0, 0xd0, 0x0, 0x0, 0xd0,
    0x5, 0x90, 0xd0, 0x30, 0x0, 0xd0, 0x2d, 0x20,
    0xd0, 0xa1, 0x0, 0xd2, 0xd4, 0x0, 0xac, 0xc0,
    0x0, 0x0, 0x0, 0x0, 0x0, 0x0,

    /* U+795E "神" */
    0x0, 0xb0, 0x0, 0xa, 0x20, 0x0, 0x7, 0x40,
    0x22, 0xb5, 0x22, 0x6d, 0xde, 0x6e, 0xae, 0xba,
    0xf0, 0x0, 0xb0, 0xd0, 0xa2, 0xd, 0x0, 0x86,
    0xf, 0xcf, 0xdc, 0xf0, 0x6f, 0xb0, 0xd0, 0xa2,
    0xd, 0x6c, 0xd7, 0x8d, 0xa, 0x20, 0xd3, 0xd,
    0x2, 0xfc, 0xfd, 0xcf, 0x0, 0xd0, 0x2, 0xa,
    0x20, 0x10, 0xd, 0x0, 0x0, 0xa2, 0x0, 0x0,
    0xd0, 0x0, 0xa, 0x20, 0x0,

    /* U+7968 "票" */
    0xb, 0xbb, 0xec, 0xbf, 0xbb, 0xb4, 0x0, 0x0,
    0x93, 0xd, 0x0, 0x0, 0x4, 0xda, 0xec, 0xaf,
    0xab, 0xb0, 0x4, 0x80, 0x93, 0xd, 0x1, 0xc0,
    0x3, 0xcb, 0xcb, 0xbd, 0xbb, 0xa0, 0x0, 0x45,
    0x55, 0x55, 0x55, 0x0, 0x0, 0x35, 0x55, 0x55,
    0x55, 0x0, 0x1b, 0xbb, 0xbc, 0xcb, 0xbb, 0xb7,
    0x0, 0x19, 0x3, 0xa0, 0x83, 0x0, 0x3, 0xc4,
    0x3, 0xa0, 0x1b, 0x90, 0x9, 0x20, 0x9d, 0x70,
    0x0, 0x62,

    /* U+7981 "禁" */
    0x0, 0x1b, 0x0, 0x0, 0xd0, 0x0, 0x1c, 0xdf,
    0xc5, 0xcc, 0xfc, 0xc0, 0x0, 0xcf, 0x70, 0xa,
    0xfa, 0x0, 0xa, 0x7c, 0x66, 0x97, 0xd6, 0x90,
    0x47, 0x1b, 0x4, 0x60, 0xd0, 0x73, 0x0, 0x89,
    0x99, 0x99, 0x99, 0x0, 0x0, 0x12, 0x22, 0x22,
    0x22, 0x0, 0x2c, 0xcc, 0xcd, 0xdc, 0xcc, 0xc3,
    0x0, 0x36, 0x6, 0x70, 0x81, 0x0, 0x4, 0xd1,
    0x6, 0x70, 0x3c, 0x30, 0x1a, 0x11, 0xcd, 0x50,
    0x1, 0x90,

    /* U+798F "福" */
    0x2, 0x20, 0x0, 0x0, 0x0, 0x0, 0x4, 0xa0,
    0x3c, 0xcc, 0xcc, 0xc1, 0x0, 0xa0, 0x0, 0x0,
    0x0, 0x0, 0x4c, 0xcd, 0x69, 0xdc, 0xcd, 0x70,
    0x0, 0xc, 0x19, 0x30, 0x5, 0x70, 0x0, 0x78,
    0x8, 0xcb, 0xbc, 0x60, 0x5, 0xfa, 0x1, 0x11,
    0x11, 0x10, 0x6e, 0xf6, 0xbd, 0x9d, 0xb9, 0xf0,
    0x31, 0xe0, 0x3d, 0x9d, 0xa9, 0xe0, 0x0, 0xe0,
    0x3a, 0x2a, 0x52, 0xd0, 0x0, 0xe0, 0x3a, 0x2a,
    0x52, 0xd0, 0x0, 0xe0, 0x3d, 0x99, 0x99, 0xe0,
    0x0, 0x0, 0x0, 0x0, 0x0, 0x0,

    /* U+79BB "离" */
    0x0, 0x0, 0x0, 0x0, 0x0, 0x0, 0x0, 0x0,
    0xa, 0x40, 0x0, 0x0, 0x2c, 0xcc, 0xcc, 0xcc,
    0xcc, 0xc3, 0x0, 0xa0, 0x95, 0x59, 0xb, 0x0,
    0x0, 0xd0, 0x5b, 0xb6, 0xe, 0x0, 0x0, 0xe7,
    0x94, 0x48, 0x6e, 0x0, 0x0, 0x66, 0x6c, 0xa6,
    0x66, 0x0, 0x8, 0xcc, 0xcf, 0xdc, 0xcc, 0x90,
    0xb, 0x20, 0xa4, 0x8, 0x2, 0xb0, 0xb, 0x26,
    0xd6, 0x7d, 0x62, 0xb0, 0xb, 0x26, 0x86, 0x42,
    0x72, 0xb0, 0xb, 0x20, 0x0, 0x0, 0x8b, 0x80,
    0x0, 0x0, 0x0, 0x0, 0x0, 0x0,

    /* U+79C0 "秀" */
    0x0, 0x1, 0x23, 0x57, 0x98, 0x0, 0x6, 0xcb,
    0xac, 0xa5, 0x30, 0x0, 0x0, 0x0, 0x7, 0x60,
    0x0, 0x0, 0x2b, 0xbb, 0xbd, 0xdb, 0xbb, 0xb2,
    0x1, 0x14, 0xda, 0x9d, 0x41, 0x10, 0x0, 0x6d,
    0x27, 0x62, 0xd7, 0x0, 0x4d, 0xb4, 0x37, 0x63,
    0x17, 0xe4, 0x11, 0x69, 0xf9, 0x9e, 0x0, 0x0,
    0x0, 0x3, 0xb0, 0x3f, 0xcc, 0x40, 0x0, 0xa,
    0x50, 0x0, 0xa, 0x30, 0x0, 0x8b, 0x0, 0x0,
    0xd, 0x10, 0xd, 0x80, 0x0, 0x1c, 0xd9, 0x0,
    0x0, 0x0, 0x0, 0x0, 0x0, 0x0,

    /* U+79C1 "私" */
    0x0, 0x0, 0x0, 0x0, 0x0, 0x0, 0x1, 0x48,
    0xc6, 0x2, 0x90, 0x0, 0x9, 0x7e, 0x0, 0x6,
    0x90, 0x0, 0x0, 0xd, 0x0, 0xa, 0x50, 0x0,
    0x1d, 0xdf, 0xdc, 0xd, 0x20, 0x0, 0x0, 0x5f,
    0x40, 0x1e, 0x1, 0x0, 0x0, 0xce, 0xb3, 0x5a,
    0xe, 0x0, 0x6, 0x7d, 0x28, 0x95, 0x9, 0x60,
    0x3d, 0xd, 0x0, 0xe0, 0x3, 0xc0, 0x23, 0xd,
    0x5, 0xb1, 0x36, 0xf2, 0x0, 0xd, 0xb, 0xfc,
    0xa7, 0xa7, 0x0, 0xd, 0x1, 0x0, 0x0, 0x24,

    /* U+79CB "秋" */
    0x3, 0x6b, 0x80, 0x4, 0x80, 0x0, 0x47, 0xb6,
    0x0, 0x4, 0x80, 0x0, 0x0, 0x85, 0x1, 0x54,
    0x70, 0x60, 0x8d, 0xee, 0xd7, 0x85, 0x71, 0xd0,
    0x0, 0xe8, 0x9, 0x47, 0x77, 0x70, 0x6, 0xfd,
    0x5a, 0x9, 0xa9, 0x0, 0xc, 0x96, 0x70, 0xc,
    0xc0, 0x0, 0x97, 0x85, 0x0, 0x3a, 0x74, 0x0,
    0x60, 0x85, 0x0, 0xa4, 0x1c, 0x0, 0x0, 0x85,
    0x7, 0xa0, 0x7, 0x90, 0x0, 0x85, 0x5a, 0x0,
    0x0, 0x74, 0x0, 0x0, 0x0, 0x0, 0x0, 0x0,

    /* U+79CD "种" */
    0x2, 0x59, 0x90, 0x0, 0xe0, 0x0, 0x39, 0xb8,
    0x0, 0x0, 0xe0, 0x0, 0x0, 0x76, 0x6, 0xaa,
    0xfa, 0xa0, 0x5d, 0xee, 0xca, 0x62, 0xe2, 0xd1,
    0x0, 0xd9, 0xa, 0x30, 0xe0, 0xc1, 0x4, 0xfd,
    0x5a, 0x30, 0xe0, 0xc1, 0xb, 0x96, 0xaa, 0xed,
    0xfd, 0xf1, 0x68, 0x76, 0x8, 0x20, 0xe0, 0x90,
    0x40, 0x76, 0x0, 0x0, 0xe0, 0x0, 0x0, 0x76,
    0x0, 0x0, 0xe0, 0x0, 0x0, 0x76, 0x0, 0x0,
    0xe0, 0x0,

    /* U+79D1 "科" */
    0x1, 0x59, 0x80, 0x10, 0xe, 0x0, 0x39, 0xc6,
    0x0, 0xa8, 0xe, 0x0, 0x0, 0x94, 0x0, 0x8,
    0x2e, 0x0, 0x8d, 0xee, 0xd1, 0x0, 0xe, 0x0,
    0x0, 0xe8, 0x3, 0xc2, 0xe, 0x0, 0x5, 0xfd,
    0x40, 0x2c, 0xe, 0x0, 0xc, 0x95, 0xa0, 0x0,
    0xe, 0x31, 0x87, 0x94, 0x6, 0x9b, 0xdf, 0xa3,
    0x50, 0x94, 0x7, 0x52, 0xe, 0x0, 0x0, 0x94,
    0x0, 0x0, 0xe, 0x0, 0x0, 0x94, 0x0, 0x0,
    0xe, 0x0,

    /* U+79D2 "秒" */
    0x1, 0x49, 0x90, 0x3, 0xa0, 0x0, 0x29, 0xc8,
    0x0, 0x3, 0xa0, 0x10, 0x0, 0x76, 0x2, 0xc3,
    0xa4, 0xa0, 0x6d, 0xee, 0xd6, 0x93, 0xa0, 0xc2,
    0x0, 0xd9, 0xa, 0x43, 0xa0, 0x67, 0x3, 0xfd,
    0x5a, 0x3, 0xa0, 0x21, 0xb, 0x96, 0xa0, 0x3,
    0xa2, 0xd0, 0x59, 0x76, 0x0, 0x1, 0x4c, 0x50,
    0x51, 0x76, 0x0, 0x1, 0xb8, 0x0, 0x0, 0x76,
    0x2, 0x7d, 0x60, 0x0, 0x0, 0x76, 0x6c, 0x61,
    0x0, 0x0,

    /* U+79E4 "秤" */
    0x0, 0x37, 0x70, 0x0, 0x0, 0x0, 0x4b, 0xc9,
    0x19, 0xcd, 0xfc, 0xc5, 0x0, 0x76, 0x4, 0x41,
    0xc0, 0x91, 0x5d, 0xee, 0xc3, 0xa1, 0xc0, 0xd0,
    0x0, 0xc7, 0x0, 0xd1, 0xc5, 0x80, 0x3, 0xfe,
    0x10, 0x41, 0xc3, 0x20, 0xa, 0xa9, 0xdd, 0xdd,
    0xfd, 0xd9, 0x4b, 0x76, 0x20, 0x1, 0xc0, 0x0,
    0x51, 0x76, 0x0, 0x1, 0xc0, 0x0, 0x0, 0x76,
    0x0, 0x1, 0xc0, 0x0, 0x0, 0x76, 0x0, 0x1,
    0xc0, 0x0,

    /* U+79E9 "秩" */
    0x1, 0x49, 0xc0, 0x70, 0xe0, 0x0, 0x9, 0xaa,
    0x2, 0xc0, 0xe0, 0x0, 0x0, 0x49, 0x7, 0xec,
    0xfc, 0xc0, 0x3d, 0xee, 0xcd, 0x10, 0xe0, 0x0,
    0x0, 0x9c, 0x16, 0x0, 0xd0, 0x0, 0x1, 0xed,
    0x8d, 0xdd, 0xfd, 0xd5, 0x9, 0x89, 0x80, 0x5,
    0xf1, 0x0, 0x3b, 0x49, 0x0, 0xb, 0xb7, 0x0,
    0x12, 0x49, 0x0, 0x6b, 0xd, 0x0, 0x0, 0x49,
    0x7, 0xd1, 0x7, 0xa0, 0x0, 0x49, 0x6a, 0x10,
    0x0, 0x75, 0x0, 0x0, 0x0, 0x0, 0x0, 0x0,

    /* U+79EF "积" */
    0x0, 0x37, 0x90, 0x0, 0x0, 0x0, 0x8c, 0xd8,
    0x26, 0xed, 0xdd, 0xe0, 0x0, 0x84, 0x6, 0x70,
    0x0, 0xe0, 0x68, 0xcb, 0x88, 0x70, 0x0, 0xe0,
    0x23, 0xe9, 0x37, 0x70, 0x0, 0xe0, 0x4, 0xfd,
    0x46, 0xed, 0xdd, 0xe0, 0xb, 0x95, 0xc0, 0x0,
    0x0, 0x0, 0x88, 0x84, 0x0, 0x82, 0x9, 0x10,
    0x60, 0x84, 0x1, 0xe0, 0x7, 0x80, 0x0, 0x84,
    0x9, 0x70, 0x0, 0xe0, 0x0, 0x84, 0x1b, 0x0,
    0x0, 0x73,

    /* U+79F0 "称" */
    0x0, 0x0, 0x0, 0x10, 0x0, 0x0, 0x6, 0x9d,
    0x80, 0xb3, 0x0, 0x0, 0x6, 0x96, 0x0, 0xfb,
    0xaa, 0xb5, 0x0, 0x75, 0x6, 0x92, 0xe2, 0xb3,
    0x4d, 0xee, 0xcd, 0x10, 0xe0, 0x70, 0x0, 0xc8,
    0x4, 0x60, 0xe3, 0x40, 0x3, 0xfd, 0x40, 0xd0,
    0xe2, 0xb0, 0xa, 0x96, 0x95, 0x90, 0xe0, 0xc1,
    0x49, 0x75, 0xc, 0x30, 0xe0, 0x95, 0x31, 0x75,
    0x1a, 0x0, 0xe0, 0x55, 0x0, 0x75, 0x0, 0x0,
    0xe0, 0x0, 0x0, 0x75, 0x0, 0x4d, 0x90, 0x0,

    /* U+79FB "移" */
    0x0, 0x0, 0x0, 0x0, 0x0, 0x0, 0x2, 0x6b,
    0x80, 0xa, 0x70, 0x0, 0x9, 0xa8, 0x1, 0xad,
    0xcc, 0xc0, 0x0, 0x67, 0xb, 0x84, 0x2d, 0x40,
    0x2d, 0xee, 0xc0, 0x1d, 0xe4, 0x0, 0x0, 0xca,
    0x9, 0xe8, 0xb3, 0x0, 0x2, 0xfd, 0x63, 0x8,
    0xfc, 0xc6, 0x9, 0x97, 0x71, 0xb9, 0x0, 0xc3,
    0x2b, 0x67, 0xa, 0x5a, 0x38, 0xa0, 0x13, 0x67,
    0x0, 0x2, 0xeb, 0x0, 0x0, 0x67, 0x0, 0x5d,
    0x80, 0x0, 0x0, 0x67, 0x3d, 0x82, 0x0, 0x0,
    0x0, 0x0, 0x0, 0x0, 0x0, 0x0,

    /* U+7A0B "程" */
    0x0, 0x1, 0x20, 0x0, 0x0, 0x0, 0x28, 0xcd,
    0x66, 0xec, 0xcc, 0xe0, 0x14, 0x86, 0x6, 0x70,
    0x0, 0xd0, 0x0, 0x76, 0x6, 0x70, 0x0, 0xd0,
    0x5d, 0xee, 0xc6, 0xec, 0xcc, 0xe0, 0x0, 0xd7,
    0x0, 0x0, 0x0, 0x0, 0x4, 0xfe, 0x3b, 0xcc,
    0xcc, 0xc3, 0xc, 0x98, 0xb0, 0x0, 0xd0, 0x0,
    0x79, 0x76, 0x6, 0xbb, 0xfb, 0xb0, 0x30, 0x76,
    0x0, 0x1, 0xd0, 0x0, 0x0, 0x76, 0x0, 0x0,
    0xd0, 0x0, 0x0, 0x76, 0x5c, 0xcc, 0xfc, 0xc7,

    /* U+7A0D "稍" */
    0x2, 0x6b, 0x54, 0x20, 0xd0, 0x52, 0x8, 0xa6,
    0x2, 0xc0, 0xd0, 0xb0, 0x0, 0x65, 0x0, 0x61,
    0xd3, 0x30, 0x3d, 0xee, 0xb6, 0xdd, 0xfd, 0xd0,
    0x0, 0xd8, 0x7, 0x60, 0x0, 0xc0, 0x3, 0xec,
    0x57, 0xdb, 0xbb, 0xf0, 0xb, 0x96, 0x57, 0x60,
    0x0, 0xc0, 0x2b, 0x65, 0x7, 0xca, 0xaa, 0xe0,
    0x2, 0x65, 0x7, 0x71, 0x11, 0xc0, 0x0, 0x65,
    0x7, 0x60, 0x0, 0xc0, 0x0, 0x65, 0x7, 0x60,
    0x1d, 0xb0,

    /* U+7A0E "税" */
    0x0, 0x0, 0x0, 0x0, 0x1, 0x0, 0x15, 0x8c,
    0x80, 0xc0, 0xc, 0x70, 0x17, 0xa7, 0x0, 0x95,
    0x3d, 0x0, 0x0, 0x76, 0x8, 0xdd, 0xee, 0xc1,
    0x5c, 0xdd, 0xca, 0x20, 0x0, 0xf1, 0x0, 0xca,
    0x1a, 0x20, 0x0, 0xf1, 0x3, 0xfc, 0x8a, 0xdc,
    0xcd, 0xf1, 0xa, 0x96, 0x70, 0x85, 0xa2, 0x0,
    0x5a, 0x76, 0x0, 0xb2, 0xa2, 0x0, 0x51, 0x76,
    0x0, 0xd0, 0xa2, 0x3, 0x0, 0x76, 0x9, 0x60,
    0xa2, 0xb, 0x0, 0x76, 0x78, 0x0, 0x6d, 0xd7,
    0x0, 0x0, 0x0, 0x0, 0x0, 0x0,

    /* U+7A33 "稳" */
    0x0, 0x28, 0x60, 0x93, 0x0, 0x0, 0xa, 0xd9,
    0x15, 0xca, 0xbd, 0x0, 0x0, 0x66, 0x4d, 0x44,
    0xa8, 0x20, 0x19, 0xcc, 0x85, 0x66, 0x68, 0xa0,
    0x1, 0xba, 0x18, 0xbb, 0xbc, 0xa0, 0x1, 0xfe,
    0x30, 0x0, 0x2, 0xa0, 0x7, 0xb8, 0xab, 0xbb,
    0xbc, 0x80, 0x1d, 0x76, 0x0, 0x7, 0x20, 0x0,
    0x36, 0x66, 0x46, 0xc2, 0xb1, 0xc0, 0x0, 0x66,
    0xb2, 0xd0, 0x9, 0x94, 0x0, 0x66, 0x50, 0xab,
    0xbb, 0x23,

    /* U+7A3F "稿" */
    0x0, 0x0, 0x0, 0x3, 0x0, 0x0, 0x6, 0x9d,
    0x60, 0xa, 0x60, 0x0, 0x5, 0xa5, 0x3b, 0xbb,
    0xbb, 0xb7, 0x0, 0x85, 0x4, 0x99, 0x99, 0x60,
    0x2d, 0xee, 0xc7, 0x40, 0x3, 0xa0, 0x2, 0xd9,
    0x27, 0xba, 0xab, 0xa0, 0x2, 0xfe, 0x54, 0x44,
    0x44, 0x42, 0xa, 0xb6, 0x8c, 0x77, 0x77, 0xa6,
    0x3b, 0x85, 0x29, 0x8a, 0xaa, 0x66, 0x32, 0x85,
    0x29, 0xa0, 0xb, 0x66, 0x0, 0x85, 0x29, 0x6a,
    0xa8, 0x66, 0x0, 0x85, 0x29, 0x0, 0x4, 0xc4,

    /* U+7A7A "空" */
    0x0, 0x0, 0x12, 0x0, 0x0, 0x0, 0x0, 0x4,
    0xb0, 0x0, 0x0, 0xdd, 0xdd, 0xdf, 0xdd, 0xdd,
    0xe, 0x0, 0x10, 0x1, 0x0, 0xe0, 0xc0, 0x4d,
    0x30, 0xaa, 0x18, 0x3, 0xbd, 0x20, 0x0, 0x6e,
    0x50, 0x86, 0x0, 0x0, 0x0, 0x37, 0x0, 0x9c,
    0xcd, 0xfc, 0xca, 0x0, 0x0, 0x0, 0x2c, 0x0,
    0x0, 0x0, 0x0, 0x2, 0xc0, 0x0, 0x0, 0x0,
    0x0, 0x3c, 0x0, 0x0, 0xc, 0xcc, 0xcc, 0xcc,
    0xcc, 0xc0,

    /* U+7A7F "穿" */
    0x0, 0x0, 0x0, 0x0, 0x0, 0x0, 0x0, 0x0,
    0x79, 0x0, 0x0, 0xd, 0xcc, 0xcc, 0xec, 0xcc,
    0xd0, 0xe0, 0x18, 0x10, 0x64, 0xe, 0x3, 0x99,
    0x30, 0x0, 0x7b, 0x30, 0x5d, 0xbb, 0xbb, 0xbb,
    0xc8, 0x0, 0x63, 0x0, 0x3, 0xb0, 0x0, 0xd,
    0x20, 0x0, 0x2a, 0x0, 0x0, 0xcc, 0xcc, 0xff,
    0xec, 0xc0, 0x0, 0x4, 0xb9, 0x3a, 0x0, 0x16,
    0xac, 0x81, 0x3, 0xa0, 0x0, 0x62, 0x0, 0xb,
    0xd7, 0x0,

    /* U+7A81 "突" */
    0x0, 0x0, 0x0, 0x0, 0x0, 0x0, 0x0, 0x0,
    0x6, 0xa0, 0x0, 0x0, 0xb, 0xdc, 0xcd, 0xfc,
    0xcc, 0xd3, 0xd, 0x0, 0x71, 0x5, 0x10, 0xa4,
    0x6, 0x2b, 0x70, 0x4, 0xc7, 0x41, 0x3, 0xc4,
    0x2, 0x64, 0x28, 0x60, 0x0, 0x0, 0x5, 0x81,
    0xc1, 0x0, 0x1d, 0xdd, 0xde, 0xed, 0xed, 0xd7,
    0x0, 0x0, 0xe, 0xb4, 0x0, 0x0, 0x0, 0x0,
    0xb7, 0x1d, 0x30, 0x0, 0x0, 0x5d, 0x70, 0x2,
    0xd9, 0x30, 0xb, 0x82, 0x0, 0x0, 0x6, 0xb6,

    /* U+7A84 "窄" */
    0x0, 0x0, 0x0, 0x0, 0x0, 0x0, 0x0, 0x0,
    0xa, 0x50, 0x0, 0x0, 0xf, 0xbb, 0xbb, 0xbb,
    0xbb, 0xf0, 0xd, 0x3, 0x90, 0xa, 0x40, 0xc0,
    0x3, 0xba, 0x60, 0x1, 0x9c, 0x30, 0x4, 0x35,
    0xd0, 0x0, 0x2, 0x20, 0x0, 0x3e, 0xcf, 0xcb,
    0xbb, 0xb1, 0x5, 0xd3, 0xd, 0x54, 0x44, 0x20,
    0x8, 0x10, 0xd, 0x65, 0x55, 0x20, 0x0, 0x0,
    0xd, 0xba, 0xaa, 0x70, 0x0, 0x0, 0xd, 0x21,
    0x11, 0x0, 0x0, 0x0, 0xd, 0x10, 0x0, 0x0,

    /* U+7A97 "窗" */
    0x0, 0x0, 0x0, 0x0, 0x0, 0x0, 0x0, 0xa5,
    0x0, 0x0, 0xfb, 0xbb, 0xbb, 0xbb, 0xbf, 0xd0,
    0x6a, 0x0, 0xa8, 0x1c, 0x6c, 0x71, 0xa0, 0x4,
    0xc6, 0x29, 0x9c, 0xc9, 0x99, 0xa4, 0xe, 0x6,
    0x30, 0x10, 0xd1, 0xd, 0x2b, 0x99, 0xe2, 0xd1,
    0xd, 0x35, 0xa8, 0x70, 0xd1, 0xd, 0x4, 0xbb,
    0xa1, 0xd1, 0xd, 0x58, 0x20, 0x32, 0xd1, 0xe,
    0xaa, 0xaa, 0xaa, 0xe1,

    /* U+7A9D "窝" */
    0x0, 0x0, 0x0, 0x0, 0x0, 0x0, 0x0, 0x0,
    0x3, 0xb0, 0x0, 0x0, 0xf, 0xbb, 0xbb, 0xbb,
    0xbb, 0xe6, 0xd, 0x38, 0xa1, 0x7, 0xa7, 0x85,
    0x8, 0xac, 0x99, 0x99, 0xab, 0xa2, 0x0, 0x2b,
    0x0, 0x0, 0x3a, 0x0, 0x0, 0x2d, 0xaa, 0xba,
    0xba, 0x0, 0x0, 0x0, 0x2, 0xb0, 0x0, 0x0,
    0xa, 0xdb, 0xbd, 0xeb, 0xbb, 0xf1, 0xa, 0x40,
    0x2d, 0xb8, 0x10, 0xc1, 0xa, 0x4a, 0xa2, 0x4,
    0xc1, 0xc1, 0xa, 0x40, 0x0, 0x0, 0x3c, 0xd0,

    /* U+7ACB "立" */
    0x0, 0x0, 0x0, 0x0, 0x0, 0x0, 0x0, 0x0,
    0x7, 0x70, 0x0, 0x0, 0x0, 0x0, 0x3, 0x90,
    0x0, 0x0, 0x9, 0xee, 0xee, 0xee, 0xee, 0xe1,
    0x0, 0x3, 0x0, 0x0, 0x21, 0x0, 0x0, 0xc,
    0x20, 0x0, 0xb5, 0x0, 0x0, 0x8, 0x70, 0x0,
    0xe0, 0x0, 0x0, 0x4, 0xb0, 0x4, 0xb0, 0x0,
    0x0, 0x1, 0xe0, 0xa, 0x50, 0x0, 0x0, 0x0,
    0xa0, 0xe, 0x0, 0x0, 0x1a, 0xaa, 0xaa, 0xce,
    0xaa, 0xa6, 0x3, 0x33, 0x33, 0x33, 0x33, 0x32,

    /* U+7AD9 "站" */
    0x0, 0x65, 0x0, 0x0, 0xe0, 0x0, 0x0, 0x19,
    0x0, 0x0, 0xe0, 0x0, 0xc, 0xcc, 0xc7, 0x0,
    0xfc, 0xcc, 0x4, 0x10, 0x90, 0x0, 0xe0, 0x0,
    0x7, 0x40, 0xd0, 0x0, 0xe0, 0x0, 0x4, 0x72,
    0xa0, 0x12, 0xe1, 0x10, 0x2, 0x94, 0x72, 0xfb,
    0xbb, 0xf0, 0x1, 0xa8, 0x43, 0xc0, 0x0, 0xe0,
    0x18, 0xbe, 0xc7, 0xc0, 0x0, 0xe0, 0x6, 0x30,
    0x2, 0xfa, 0xaa, 0xf0, 0x0, 0x0, 0x2, 0xd2,
    0x22, 0xd0,

    /* U+7ADE "竞" */
    0x0, 0x0, 0x0, 0x0, 0x0, 0x0, 0x0, 0x0,
    0x4, 0x90, 0x0, 0x0, 0x6, 0xcc, 0xcc, 0xcc,
    0xdc, 0xc0, 0x0, 0x8, 0x50, 0x0, 0xd1, 0x0,
    0x1a, 0xab, 0xba, 0xab, 0xba, 0xa6, 0x0, 0x49,
    0x99, 0x99, 0x99, 0x0, 0x0, 0x77, 0x22, 0x22,
    0x2e, 0x0, 0x0, 0x75, 0x0, 0x0, 0xe, 0x0,
    0x0, 0x6c, 0xed, 0xcf, 0xcc, 0x0, 0x0, 0x0,
    0xc2, 0xe, 0x0, 0x11, 0x0, 0x19, 0xa0, 0xe,
    0x0, 0x48, 0x1c, 0xc6, 0x0, 0xb, 0xdc, 0xd3,
    0x0, 0x0, 0x0, 0x0, 0x0, 0x0,

    /* U+7AE0 "章" */
    0x0, 0x0, 0x0, 0x0, 0x0, 0x0, 0x0, 0x0,
    0xc, 0x30, 0x0, 0x0, 0xa, 0xcd, 0xbb, 0xbd,
    0xdb, 0x50, 0x0, 0x1c, 0x30, 0xa, 0x60, 0x0,
    0x69, 0x99, 0x99, 0x99, 0x99, 0x91, 0x2, 0xba,
    0xaa, 0xaa, 0xa9, 0x0, 0x3, 0xb3, 0x33, 0x33,
    0x4d, 0x0, 0x3, 0xc5, 0x55, 0x55, 0x6d, 0x0,
    0x3, 0xda, 0xab, 0xba, 0xbc, 0x0, 0x0, 0x0,
    0xb, 0x30, 0x0, 0x0, 0x7b, 0xbb, 0xbe, 0xcb,
    0xbb, 0xb1, 0x0, 0x0, 0xb, 0x30, 0x0, 0x0,

    /* U+7AE5 "童" */
    0x0, 0x0, 0x0, 0x0, 0x0, 0x0, 0x0, 0x0,
    0x3, 0xa0, 0x0, 0x0, 0x4, 0xbd, 0xcb, 0xbb,
    0xeb, 0xa0, 0x0, 0x6, 0x90, 0x3, 0xc0, 0x0,
    0x2b, 0xbb, 0xbb, 0xbb, 0xbb, 0xb7, 0x0, 0xa7,
    0x78, 0xa7, 0x79, 0x30, 0x0, 0xd9, 0x9a, 0xd9,
    0x9d, 0x40, 0x0, 0xd1, 0x15, 0xb1, 0x19, 0x40,
    0x0, 0x78, 0x8a, 0xd8, 0x88, 0x20, 0x3, 0xaa,
    0xab, 0xea, 0xaa, 0x80, 0x0, 0x0, 0x3, 0xa0,
    0x0, 0x0, 0x2b, 0xbb, 0xbc, 0xeb, 0xbb, 0xb7,

    /* U+7AEF "端" */
    0x0, 0xb1, 0xb, 0x13, 0x80, 0xc0, 0x0, 0x66,
    0xb, 0x13, 0x80, 0xc0, 0x2d, 0xdd, 0xbb, 0x79,
    0xb6, 0xe0, 0x4, 0x2, 0x34, 0x55, 0x55, 0x50,
    0xa, 0x6, 0x8c, 0xcc, 0xcc, 0xc6, 0x8, 0x38,
    0x20, 0x6, 0x70, 0x0, 0x6, 0x5a, 0xb, 0xce,
    0xdc, 0xd2, 0x4, 0x6a, 0xd, 0xb, 0x45, 0x93,
    0x4, 0x8f, 0xcd, 0xb, 0x45, 0x93, 0x1a, 0x62,
    0xd, 0xb, 0x45, 0x93, 0x0, 0x0, 0xd, 0xa,
    0x38, 0xc1, 0x0, 0x0, 0x0, 0x0, 0x0, 0x0,

    /* U+7AF9 "竹" */
    0x0, 0x21, 0x0, 0x3, 0x0, 0x0, 0x0, 0xb4,
    0x0, 0xe, 0x0, 0x0, 0x0, 0xe0, 0x0, 0x4b,
    0x0, 0x0, 0x6, 0xfd, 0xdd, 0xbe, 0xdd, 0xda,
    0xd, 0x3e, 0x3, 0xd0, 0xe, 0x0, 0x7a, 0xe,
    0xb, 0x50, 0xe, 0x0, 0x11, 0xe, 0x2, 0x0,
    0xe, 0x0, 0x0, 0xe, 0x0, 0x0, 0xe, 0x0,
    0x0, 0xe, 0x0, 0x0, 0xe, 0x0, 0x0, 0xe,
    0x0, 0x0, 0xe, 0x0, 0x0, 0xe, 0x0, 0x0,
    0xe, 0x0, 0x0, 0xe, 0x0, 0xc, 0xea, 0x0,

    /* U+7B06 "笆" */
    0x0, 0x0, 0x0, 0x0, 0x0, 0x0, 0x0, 0xd0,
    0x0, 0x2c, 0x0, 0x0, 0x5, 0xee, 0xcc, 0x9d,
    0xec, 0xc1, 0x1d, 0x1a, 0x53, 0xd0, 0xa3, 0x0,
    0x25, 0x15, 0x73, 0x51, 0x45, 0x0, 0x0, 0xfb,
    0xbb, 0xfb, 0xbe, 0x20, 0x0, 0xe0, 0x1, 0xc0,
    0xb, 0x20, 0x0, 0xfa, 0xaa, 0xea, 0xae, 0x20,
    0x0, 0xe2, 0x22, 0x22, 0x2c, 0x20, 0x0, 0xe0,
    0x0, 0x0, 0x0, 0x30, 0x0, 0xf0, 0x0, 0x0,
    0x0, 0xd2, 0x0, 0x8d, 0xcc, 0xcc, 0xcd, 0xa0,

    /* U+7B11 "笑" */
    0x0, 0x0, 0x0, 0x0, 0x0, 0x0, 0x0, 0xb3,
    0x0, 0x1d, 0x0, 0x0, 0x2, 0xfc, 0xcc, 0xae,
    0xcc, 0xc6, 0xc, 0x4a, 0x43, 0xd0, 0x96, 0x0,
    0x16, 0x3, 0x33, 0x43, 0x6c, 0x40, 0x2, 0xcc,
    0xcd, 0xe9, 0x74, 0x10, 0x0, 0x0, 0x4, 0xa0,
    0x0, 0x0, 0x1c, 0xcc, 0xce, 0xec, 0xcc, 0xc7,
    0x0, 0x0, 0x1e, 0x89, 0x0, 0x0, 0x0, 0x1,
    0xc5, 0x9, 0x90, 0x0, 0x3, 0x8d, 0x40, 0x0,
    0x8d, 0x71, 0x9, 0x50, 0x0, 0x0, 0x1, 0x84,

    /* U+7B14 "笔" */
    0x0, 0x0, 0x0, 0x0, 0x0, 0x0, 0x1, 0xd0,
    0x0, 0x59, 0x0, 0x0, 0x8, 0xde, 0xc8, 0xcc,
    0xec, 0xc2, 0x3d, 0xc, 0x28, 0x90, 0xc2, 0x0,
    0x23, 0x3, 0x45, 0x57, 0xbb, 0x0, 0x4, 0xcc,
    0xaf, 0x75, 0x20, 0x0, 0x0, 0x2, 0x3e, 0x67,
    0x9a, 0x20, 0x8, 0xba, 0x8f, 0x54, 0x31, 0x0,
    0x0, 0x1, 0x2e, 0x56, 0x89, 0xa3, 0x3d, 0xdb,
    0xaf, 0x76, 0x43, 0x20, 0x0, 0x0, 0xe, 0x0,
    0x0, 0xc0, 0x0, 0x0, 0x9, 0xdc, 0xcd, 0xb0,

    /* U+7B28 "笨" */
    0x0, 0x0, 0x0, 0x0, 0x0, 0x0, 0x0, 0xd1,
    0x0, 0x2c, 0x0, 0x0, 0x5, 0xee, 0xcc, 0xad,
    0xec, 0xc6, 0x1d, 0x1a, 0x45, 0xc0, 0xa5, 0x0,
    0x14, 0x2, 0x14, 0x80, 0x12, 0x0, 0x1c, 0xcc,
    0xcd, 0xec, 0xcc, 0xc5, 0x0, 0x0, 0xb9, 0xac,
    0x20, 0x0, 0x0, 0x8, 0x84, 0x92, 0xd1, 0x0,
    0x0, 0x8b, 0x4, 0x90, 0x4d, 0x30, 0x1c, 0xaa,
    0xcd, 0xec, 0xc6, 0xe6, 0x5, 0x0, 0x4, 0x90,
    0x0, 0x12, 0x0, 0x0, 0x4, 0x90, 0x0, 0x0,

    /* U+7B2C "第" */
    0x0, 0x0, 0x0, 0x0, 0x0, 0x0, 0x2d, 0x0,
    0x5, 0x80, 0x0, 0xb, 0xbf, 0xb9, 0xcb, 0xfb,
    0xa8, 0x80, 0xa2, 0x68, 0x9, 0x40, 0xa, 0xcc,
    0xcc, 0xcc, 0xcc, 0x0, 0x0, 0x0, 0xb2, 0x0,
    0xd0, 0x5, 0xcc, 0xcf, 0xcc, 0xce, 0x0, 0x95,
    0x0, 0xb2, 0x0, 0x0, 0xa, 0xcc, 0xdf, 0xcc,
    0xcd, 0x50, 0x0, 0x5c, 0xd2, 0x0, 0xa4, 0x1,
    0x8a, 0xb, 0x21, 0x2d, 0x13, 0xb4, 0x0, 0xb2,
    0x5a, 0x60, 0x0, 0x0, 0x0, 0x0, 0x0, 0x0,

    /* U+7B49 "等" */
    0x0, 0x0, 0x0, 0x0, 0x0, 0x0, 0x0, 0xd1,
    0x0, 0x2c, 0x0, 0x0, 0x7, 0xdf, 0xcc, 0xcc,
    0xfc, 0xc7, 0x2c, 0x9, 0x15, 0xb0, 0x75, 0x0,
    0x0, 0x99, 0x9b, 0xd9, 0x99, 0x50, 0x0, 0x11,
    0x15, 0xb1, 0x11, 0x10, 0x2c, 0xcc, 0xcd, 0xec,
    0xcc, 0xc8, 0x0, 0x0, 0x0, 0x0, 0xc1, 0x0,
    0xa, 0xcc, 0xcc, 0xcc, 0xfc, 0xc4, 0x0, 0xb,
    0x40, 0x0, 0xc1, 0x0, 0x0, 0x1, 0xc4, 0x0,
    0xc1, 0x0, 0x0, 0x0, 0x11, 0x8d, 0xc0, 0x0,

    /* U+7B54 "答" */
    0x0, 0x0, 0x0, 0x0, 0x0, 0x0, 0x2, 0xd0,
    0x0, 0x76, 0x0, 0x0, 0xa, 0xde, 0xc8, 0xdd,
    0xec, 0xa0, 0x6a, 0xd, 0x16, 0x51, 0xd1, 0x0,
    0x20, 0x2, 0x3f, 0x60, 0x20, 0x0, 0x0, 0x6,
    0xd3, 0x9a, 0x20, 0x0, 0x6, 0xdf, 0xa8, 0x8d,
    0xdb, 0x50, 0x69, 0x22, 0x33, 0x33, 0x4, 0x90,
    0x0, 0x8c, 0xcc, 0xcc, 0xd1, 0x0, 0x0, 0xa2,
    0x0, 0x0, 0xc1, 0x0, 0x0, 0xa4, 0x11, 0x11,
    0xd1, 0x0, 0x0, 0xab, 0xaa, 0xaa, 0xe1, 0x0,

    /* U+7B56 "策" */
    0x0, 0x0, 0x0, 0x0, 0x0, 0x0, 0x1, 0xd0,
    0x0, 0x69, 0x0, 0x0, 0x9, 0xdf, 0xcb, 0xdc,
    0xfc, 0xc3, 0x5a, 0xc, 0x1b, 0x80, 0xc2, 0x0,
    0x19, 0x89, 0x8b, 0xc8, 0x99, 0x81, 0x3, 0x33,
    0x38, 0xa3, 0x33, 0x30, 0x4, 0xdc, 0xcd, 0xec,
    0xcd, 0x60, 0x5, 0x90, 0x6, 0x80, 0x7, 0x70,
    0x5, 0x90, 0x2e, 0xe3, 0x6d, 0x50, 0x0, 0x17,
    0xa7, 0x99, 0x92, 0x0, 0x2a, 0xd7, 0x6, 0x80,
    0x5d, 0xc3, 0x16, 0x0, 0x6, 0x80, 0x0, 0x41,

    /* U+7B5D "筝" */
    0x0, 0x0, 0x0, 0x0, 0x0, 0x0, 0x0, 0xd1,
    0x0, 0x1d, 0x0, 0x0, 0x5, 0xdf, 0xbb, 0x9c,
    0xdd, 0xb5, 0x1c, 0x7, 0xb2, 0x90, 0x2b, 0x0,
    0x1, 0x1b, 0xba, 0xbf, 0x20, 0x0, 0x4, 0xea,
    0x66, 0xcb, 0x66, 0x10, 0x2, 0x34, 0x48, 0xa4,
    0x4c, 0x30, 0x2b, 0xbb, 0xbd, 0xdb, 0xbe, 0xc7,
    0x0, 0x0, 0x6, 0x80, 0xa, 0x30, 0x0, 0xab,
    0xbd, 0xdb, 0xbb, 0x20, 0x0, 0x0, 0x6, 0x80,
    0x0, 0x0, 0x0, 0x6, 0xdd, 0x40, 0x0, 0x0,

    /* U+7B77 "筷" */
    0x0, 0x0, 0x0, 0x0, 0x0, 0x0, 0x3, 0xc0,
    0x0, 0x68, 0x0, 0x0, 0xb, 0xcf, 0xc9, 0xdc,
    0xfc, 0xc2, 0x69, 0x1c, 0x25, 0x62, 0xb3, 0x0,
    0x0, 0xd1, 0x1, 0x3c, 0x32, 0x0, 0x6, 0xd9,
    0x4a, 0xbe, 0xad, 0x60, 0x38, 0xd3, 0x60, 0x1c,
    0x7, 0x60, 0x53, 0xd0, 0xbc, 0xdf, 0xce, 0xe5,
    0x0, 0xd0, 0x0, 0x6e, 0x70, 0x0, 0x0, 0xd0,
    0x0, 0xd2, 0xd1, 0x0, 0x0, 0xd0, 0x2c, 0x60,
    0x4c, 0x30, 0x0, 0xd0, 0xb4, 0x0, 0x2, 0xb3,

    /* U+7B7E "签" */
    0x0, 0x0, 0x0, 0x0, 0x0, 0x0, 0x0, 0xd1,
    0x0, 0x3b, 0x0, 0x0, 0x5, 0xdf, 0xcb, 0xcc,
    0xfc, 0xb5, 0x1d, 0x19, 0x43, 0xb0, 0x69, 0x0,
    0x3, 0x1, 0x5c, 0xa6, 0x3, 0x0, 0x0, 0x3a,
    0x90, 0x6, 0xc6, 0x0, 0x2c, 0xb8, 0xcc, 0xcc,
    0x88, 0xd6, 0x2, 0x10, 0x4, 0x0, 0x5, 0x0,
    0x0, 0x77, 0x6, 0x70, 0x2b, 0x0, 0x0, 0xd,
    0x0, 0xd0, 0xa3, 0x0, 0x0, 0x4, 0x10, 0x33,
    0xb0, 0x0, 0xc, 0xcc, 0xcc, 0xce, 0xec, 0xc4,

    /* U+7B80 "简" */
    0x0, 0x0, 0x0, 0x0, 0x0, 0x0, 0x0, 0xd2,
    0x0, 0x39, 0x0, 0x0, 0x6, 0xde, 0xda, 0xac,
    0xfc, 0xc2, 0x3c, 0x5, 0x93, 0xa0, 0x79, 0x0,
    0x2, 0xa1, 0x66, 0x66, 0x68, 0x50, 0x5, 0x59,
    0x46, 0x66, 0x67, 0xc0, 0xd, 0x1, 0xaa, 0xaa,
    0x1, 0xc0, 0xd, 0x1, 0xa0, 0xc, 0x1, 0xc0,
    0xd, 0x1, 0xea, 0xaf, 0x1, 0xc0, 0xd, 0x1,
    0xa0, 0xc, 0x1, 0xc0, 0xd, 0x1, 0xbb, 0xbb,
    0x1, 0xc0, 0xd, 0x0, 0x0, 0x0, 0xbc, 0x80,

    /* U+7B97 "算" */
    0x0, 0xb1, 0x0, 0x2b, 0x0, 0x0, 0x7, 0xdf,
    0xcc, 0xcc, 0xed, 0xb5, 0x1a, 0x2a, 0x67, 0xb3,
    0x7a, 0x10, 0x0, 0xa8, 0x55, 0x55, 0x5b, 0x50,
    0x0, 0xaa, 0x99, 0x99, 0x9d, 0x50, 0x0, 0xaa,
    0x88, 0x88, 0x8c, 0x50, 0x0, 0xab, 0x99, 0x99,
    0x9d, 0x50, 0x0, 0x0, 0xd0, 0x1, 0xd0, 0x0,
    0x1b, 0xbc, 0xfb, 0xbc, 0xfb, 0xb7, 0x0, 0x2d,
    0x40, 0x1, 0xd0, 0x0, 0x8, 0xb3, 0x0, 0x1,
    0xd0, 0x0, 0x0, 0x0, 0x0, 0x0, 0x0, 0x0,

    /* U+7BA1 "管" */
    0x0, 0x0, 0x0, 0x0, 0x0, 0x0, 0x59, 0x0,
    0x5, 0x70, 0x0, 0xb, 0xaf, 0xa6, 0xca, 0xfa,
    0xa5, 0xa0, 0xa2, 0x76, 0x9, 0x30, 0x8, 0x88,
    0x8d, 0xa8, 0x88, 0x50, 0xd3, 0x33, 0x33, 0x33,
    0x6a, 0x3, 0x9c, 0xaa, 0xaa, 0xe4, 0x20, 0x9,
    0x96, 0x66, 0x6c, 0x20, 0x0, 0x97, 0x33, 0x33,
    0x30, 0x0, 0x9, 0xcb, 0xbb, 0xbb, 0xd0, 0x0,
    0x94, 0x0, 0x0, 0xd, 0x0, 0x9, 0xcb, 0xbb,
    0xbb, 0xd0,

    /* U+7BAD "箭" */
    0x0, 0x95, 0x0, 0xc, 0x0, 0x0, 0x3, 0xed,
    0xec, 0x8d, 0xde, 0xc6, 0xc, 0x24, 0x70, 0xa0,
    0x4a, 0x0, 0x3, 0x3b, 0x83, 0x35, 0xe3, 0x32,
    0x17, 0x77, 0x77, 0x77, 0x77, 0x74, 0x3, 0xca,
    0xad, 0x5, 0x21, 0xc0, 0x3, 0xb5, 0x5e, 0x9,
    0x41, 0xc0, 0x3, 0xb5, 0x5e, 0x9, 0x41, 0xc0,
    0x3, 0xda, 0xaf, 0x9, 0x41, 0xc0, 0x3, 0x90,
    0xd, 0x0, 0x1, 0xc0, 0x3, 0x90, 0xbc, 0x0,
    0x9d, 0x90, 0x0, 0x0, 0x0, 0x0, 0x0, 0x0,

    /* U+7BB1 "箱" */
    0x0, 0x0, 0x0, 0x0, 0x0, 0x0, 0x0, 0xd1,
    0x0, 0x2c, 0x0, 0x0, 0x4, 0xee, 0xcc, 0xad,
    0xec, 0xc5, 0xd, 0x2b, 0x24, 0xc0, 0xb3, 0x0,
    0x15, 0xb, 0x22, 0x20, 0x33, 0x0, 0x1, 0x1e,
    0x10, 0xdc, 0xcc, 0xf0, 0xc, 0xdf, 0xc9, 0xd0,
    0x0, 0xe0, 0x0, 0x8f, 0x40, 0xdb, 0xbb, 0xf0,
    0x2, 0xce, 0xb5, 0xd1, 0x11, 0xe0, 0xc, 0x3d,
    0x15, 0xda, 0xaa, 0xf0, 0x27, 0xd, 0x0, 0xd2,
    0x22, 0xe0, 0x0, 0xd, 0x0, 0xd9, 0x99, 0xe0,

    /* U+7BC7 "篇" */
    0x0, 0x0, 0x0, 0x0, 0x0, 0x0, 0x0, 0xc0,
    0x0, 0x3d, 0x0, 0x0, 0x8, 0xcf, 0xba, 0xdb,
    0xec, 0xb4, 0x3b, 0x7, 0x27, 0xa0, 0x37, 0x0,
    0x0, 0xab, 0xbc, 0xfb, 0xbb, 0x60, 0x0, 0xd0,
    0x0, 0x0, 0x3, 0x90, 0x0, 0xeb, 0xbb, 0xbb,
    0xbb, 0x80, 0x0, 0xd5, 0x55, 0x55, 0x55, 0x40,
    0x2, 0xbd, 0x5d, 0x56, 0xc5, 0xd0, 0x5, 0x8e,
    0xae, 0xab, 0xea, 0xe0, 0xc, 0x3c, 0xc, 0x1,
    0xa0, 0xd0, 0x2a, 0xc, 0xc, 0x1, 0xa9, 0xb0,
    0x0, 0x0, 0x0, 0x0, 0x0, 0x0,

    /* U+7BEE "篮" */
    0x0, 0x0, 0x0, 0x0, 0x0, 0x0, 0x0, 0xc1,
    0x0, 0x1c, 0x0, 0x0, 0x8, 0xce, 0xc9, 0x9b,
    0xec, 0xa5, 0x2b, 0x4, 0x72, 0x91, 0x39, 0x0,
    0x2, 0x60, 0xc0, 0x2d, 0x11, 0x10, 0x3, 0x90,
    0xc0, 0x8c, 0xbb, 0xa0, 0x3, 0x90, 0xc2, 0xd0,
    0xc2, 0x0, 0x2, 0x60, 0xb1, 0x20, 0x39, 0x0,
    0x0, 0xbb, 0xbb, 0xbb, 0xbb, 0x20, 0x0, 0xd0,
    0x74, 0x1a, 0xa, 0x30, 0x0, 0xd0, 0x74, 0x1a,
    0xa, 0x30, 0x3c, 0xfc, 0xed, 0xdf, 0xce, 0xd8,

    /* U+7BF1 "篱" */
    0x1, 0xb0, 0x0, 0x57, 0x0, 0x0, 0xa, 0xbf,
    0xaa, 0xdb, 0xfa, 0xa2, 0x49, 0xa, 0x19, 0x50,
    0x93, 0x0, 0x8, 0xdb, 0xba, 0xad, 0xbd, 0xa0,
    0x0, 0x93, 0x6c, 0xc5, 0x1b, 0x0, 0x0, 0x96,
    0xb6, 0x4b, 0x4b, 0x0, 0x0, 0x58, 0x8e, 0xa8,
    0x86, 0x0, 0x6, 0xbb, 0xce, 0xbb, 0xbb, 0x60,
    0x7, 0x50, 0xc2, 0x2b, 0x6, 0x70, 0x7, 0x55,
    0xcb, 0x99, 0x86, 0x70, 0x7, 0x50, 0x0, 0x0,
    0x9c, 0x50, 0x0, 0x0, 0x0, 0x0, 0x0, 0x0,

    /* U+7C73 "米" */
    0x0, 0x20, 0x4, 0xa0, 0x1, 0x40, 0x1, 0xd2,
    0x4, 0xa0, 0x8, 0x90, 0x0, 0x5b, 0x4, 0xa0,
    0x2d, 0x0, 0x0, 0x7, 0x4, 0xa0, 0x53, 0x0,
    0xa, 0xaa, 0xac, 0xea, 0xaa, 0xa5, 0x3, 0x33,
    0x6f, 0xfc, 0x33, 0x31, 0x0, 0x1, 0xd6, 0xba,
    0x70, 0x0, 0x0, 0xb, 0x54, 0xa0, 0xd4, 0x0,
    0x1, 0xb8, 0x4, 0xa0, 0x2d, 0x60, 0x1e, 0x80,
    0x4, 0xa0, 0x1, 0xc8, 0x3, 0x0, 0x4, 0xa0,
    0x0, 0x1,

    /* U+7C7B "类" */
    0x0, 0x63, 0x7, 0x60, 0x47, 0x0, 0x0, 0x1d,
    0x7, 0x60, 0xc1, 0x0, 0x1d, 0xdd, 0xde, 0xed,
    0xdd, 0xd2, 0x0, 0x1, 0xbc, 0xdb, 0x30, 0x0,
    0x0, 0x6d, 0x47, 0x63, 0xba, 0x10, 0x1d, 0x81,
    0x5, 0x50, 0x5, 0xc0, 0x0, 0x0, 0x9, 0x50,
    0x0, 0x0, 0x2d, 0xdd, 0xdf, 0xfd, 0xdd, 0xd3,
    0x0, 0x0, 0x8a, 0x98, 0x0, 0x0, 0x1, 0x5c,
    0xa0, 0x9, 0xc6, 0x20, 0x3d, 0x93, 0x0, 0x0,
    0x39, 0xd4,

    /* U+7C92 "粒" */
    0x0, 0x0, 0x0, 0x0, 0x0, 0x0, 0x1, 0x84,
    0x20, 0x9, 0x40, 0x0, 0x9, 0x84, 0xb0, 0x5,
    0x70, 0x0, 0xa, 0x96, 0x8a, 0xdd, 0xdd, 0xd3,
    0x4, 0x97, 0x20, 0x20, 0x1, 0x20, 0x4d, 0xfe,
    0xc0, 0xc0, 0x7, 0x70, 0x0, 0xe7, 0x0, 0xc0,
    0x9, 0x40, 0x5, 0xed, 0x40, 0x93, 0xc, 0x10,
    0xc, 0x95, 0xb0, 0x76, 0xd, 0x0, 0x48, 0x84,
    0x0, 0x48, 0x2a, 0x0, 0x1, 0x84, 0x3, 0x44,
    0x78, 0x32, 0x0, 0x84, 0x3a, 0xaa, 0xaa, 0xa6,

    /* U+7CBE "精" */
    0x0, 0x0, 0x0, 0x0, 0x0, 0x0, 0x10, 0xc1,
    0x11, 0x1b, 0x31, 0x10, 0x64, 0xc7, 0x59, 0x9e,
    0xa9, 0x80, 0x28, 0xca, 0x9, 0xae, 0xba, 0x60,
    0x5, 0xc5, 0x13, 0x3c, 0x53, 0x30, 0x9d, 0xfc,
    0x57, 0x77, 0x77, 0x71, 0x6, 0xf2, 0xa, 0xba,
    0xab, 0x40, 0xb, 0xdb, 0xc, 0x32, 0x28, 0x50,
    0x49, 0xc7, 0x2c, 0x77, 0x7b, 0x50, 0xb2, 0xc0,
    0xc, 0xa9, 0x9c, 0x50, 0x10, 0xc0, 0xc, 0x0,
    0x7, 0x50, 0x0, 0xc0, 0xc, 0x0, 0x8d, 0x30,
    0x0, 0x0, 0x0, 0x0, 0x0, 0x0,

    /* U+7CD5 "糕" */
    0x1, 0x84, 0x20, 0xb1, 0x6, 0x70, 0xa, 0x85,
    0xc0, 0x76, 0xc, 0x20, 0xb, 0x88, 0x7a, 0xde,
    0xfd, 0xd6, 0x5, 0x98, 0x20, 0x3, 0xb0, 0x0,
    0x2b, 0xed, 0xa7, 0xcd, 0xfc, 0xc2, 0x0, 0xfc,
    0x0, 0x3, 0xb0, 0x0, 0x6, 0xc8, 0xaa, 0xab,
    0xea, 0xa7, 0x1c, 0x84, 0x3, 0x32, 0x33, 0x42,
    0x56, 0x84, 0xc, 0x37, 0x83, 0xc1, 0x0, 0x84,
    0x2b, 0x1a, 0x47, 0x67, 0x0, 0x84, 0x84, 0x9,
    0x17, 0x19,

    /* U+7CD6 "糖" */
    0x0, 0x0, 0x0, 0x0, 0x0, 0x0, 0x0, 0xb1,
    0x0, 0x7, 0x70, 0x0, 0x45, 0xb9, 0x6c, 0xcc,
    0xfc, 0xc4, 0x19, 0xba, 0x58, 0x34, 0xd4, 0x30,
    0x14, 0xc3, 0x58, 0x57, 0xd6, 0xc0, 0x8c, 0xeb,
    0x6c, 0xaa, 0xea, 0xf6, 0x6, 0xe1, 0x67, 0x34,
    0xd3, 0xc0, 0xb, 0xda, 0x76, 0x67, 0xd6, 0x50,
    0x68, 0xb5, 0x84, 0xaa, 0xea, 0x80, 0xb1, 0xb0,
    0xb1, 0xd1, 0x11, 0xc0, 0x10, 0xb1, 0xc0, 0xc0,
    0x0, 0xc0, 0x0, 0xb6, 0x40, 0xfb, 0xbb, 0xc0,

    /* U+7CFB "系" */
    0x0, 0x12, 0x35, 0x79, 0xc2, 0x4, 0xcb, 0xbe,
    0x74, 0x30, 0x0, 0x0, 0x3a, 0x20, 0x3b, 0x0,
    0x0, 0x8f, 0xaa, 0xbd, 0x30, 0x0, 0x3, 0x26,
    0xe9, 0x7, 0x40, 0x0, 0x19, 0xc3, 0x1, 0x4e,
    0x20, 0x4f, 0xfc, 0xce, 0xa9, 0x8c, 0x0, 0x14,
    0x21, 0xc0, 0x60, 0x51, 0x5, 0xd1, 0x1c, 0x7,
    0xc1, 0x7, 0xc1, 0x2, 0xc0, 0x4, 0xd2, 0x20,
    0xa, 0xd8, 0x0, 0x3, 0x0,

    /* U+7D22 "索" */
    0x0, 0x0, 0x1, 0xd0, 0x0, 0x0, 0xb, 0xcc,
    0xcd, 0xfc, 0xcc, 0xc0, 0x0, 0x0, 0x1, 0xd0,
    0x0, 0x0, 0xf, 0xcc, 0xce, 0xdc, 0xcc, 0xe3,
    0xd, 0x1, 0x89, 0x13, 0x60, 0xa3, 0x3, 0x6f,
    0xca, 0xb8, 0x30, 0x20, 0x0, 0x15, 0xa8, 0x10,
    0x6a, 0x0, 0x5, 0xef, 0xca, 0xea, 0xaa, 0x90,
    0x0, 0x5, 0x30, 0xd0, 0x81, 0x40, 0x1, 0xaa,
    0x0, 0xd0, 0x4c, 0x50, 0x9, 0x40, 0x7c, 0xb0,
    0x1, 0x90,

    /* U+7D27 "紧" */
    0x0, 0x0, 0x0, 0x0, 0x0, 0x0, 0xd, 0xd,
    0x9, 0xfc, 0xce, 0x70, 0xd, 0xd, 0x0, 0x86,
    0x3c, 0x0, 0xd, 0xd, 0x0, 0x2e, 0xe3, 0x0,
    0x7, 0xd, 0x4e, 0xc5, 0x8f, 0xc2, 0x0, 0xa,
    0xe5, 0x1, 0x3, 0x90, 0x0, 0x7e, 0x75, 0x8c,
    0x20, 0x0, 0x0, 0x8a, 0xfb, 0x40, 0x85, 0x0,
    0x6, 0xcf, 0xc9, 0xab, 0xcf, 0x70, 0x5, 0x58,
    0x35, 0xb0, 0x30, 0x60, 0x2, 0xb7, 0x3, 0xa1,
    0x9b, 0x10, 0x1b, 0x30, 0xbc, 0x70, 0x4, 0xa0,

    /* U+7D2F "累" */
    0x1, 0xeb, 0xbb, 0xfb, 0xbb, 0xd0, 0x1, 0xb0,
    0x0, 0xd0, 0x0, 0xd0, 0x1, 0xea, 0xab, 0xfa,
    0xab, 0xd0, 0x1, 0xc0, 0x1, 0xd0, 0x1, 0xd0,
    0x1, 0xaa, 0xed, 0xaa, 0xba, 0x90, 0x0, 0x5c,
    0xc6, 0x6a, 0x70, 0x0, 0x0, 0x57, 0xbc, 0x50,
    0x3b, 0x10, 0x4, 0xcf, 0xeb, 0xcb, 0xbc, 0xc1,
    0x1, 0x26, 0x20, 0xf0, 0x51, 0x30, 0x2, 0xb9,
    0x0, 0xf0, 0x5c, 0x60, 0x9, 0x30, 0x6c, 0xb0,
    0x0, 0x83,

    /* U+7E41 "繁" */
    0x0, 0x60, 0x0, 0x2, 0x30, 0x0, 0x5, 0xb9,
    0x99, 0x49, 0xb8, 0x85, 0x2e, 0x98, 0x88, 0x2f,
    0x78, 0xc4, 0x3, 0x86, 0x3b, 0x79, 0x79, 0x30,
    0x2b, 0xba, 0x8d, 0x60, 0xca, 0x0, 0x6, 0x57,
    0x3b, 0x8, 0xbc, 0x60, 0x4, 0x88, 0xbc, 0x77,
    0x0, 0x77, 0x0, 0x4c, 0xda, 0xa8, 0x60, 0x0,
    0x1, 0x6a, 0xeb, 0x78, 0xbe, 0x50, 0x3, 0x88,
    0x54, 0xe1, 0x30, 0x70, 0x1, 0x8b, 0x20, 0xd0,
    0x8c, 0x50, 0xa, 0x50, 0x6c, 0xa0, 0x1, 0x92,

    /* U+7EA2 "红" */
    0x0, 0x0, 0x0, 0x0, 0x0, 0x0, 0x0, 0x59,
    0x0, 0x0, 0x0, 0x0, 0x0, 0xc2, 0xd, 0xee,
    0xfe, 0xe3, 0x5, 0x80, 0x50, 0x4, 0xa0, 0x0,
    0x2e, 0x49, 0x90, 0x4, 0xa0, 0x0, 0x5a, 0xcd,
    0x0, 0x4, 0xa0, 0x0, 0x2, 0xc1, 0x0, 0x4,
    0xa0, 0x0, 0x2d, 0xba, 0xa0, 0x4, 0xa0, 0x0,
    0x37, 0x41, 0x0, 0x4, 0xa0, 0x0, 0x0, 0x36,
    0x70, 0x4, 0xa0, 0x0, 0x6e, 0xb7, 0x4e, 0xee,
    0xfe, 0xe7, 0x0, 0x0, 0x0, 0x0, 0x0, 0x0,

    /* U+7EA6 "约" */
    0x0, 0x0, 0x0, 0x0, 0x0, 0x0, 0x0, 0x48,
    0x0, 0x68, 0x0, 0x0, 0x0, 0xc3, 0x0, 0xb3,
    0x0, 0x0, 0x4, 0xa0, 0x42, 0xfd, 0xdd, 0xd0,
    0x1d, 0x38, 0x7a, 0x50, 0x0, 0xd0, 0x6c, 0xcc,
    0x7, 0x40, 0x0, 0xd0, 0x1, 0xc2, 0x0, 0x99,
    0x0, 0xd0, 0x1c, 0xa8, 0xa0, 0xa, 0x70, 0xd0,
    0x4a, 0x74, 0x10, 0x0, 0x60, 0xd0, 0x0, 0x1,
    0x40, 0x0, 0x1, 0xc0, 0x4b, 0xdb, 0x80, 0x0,
    0x4, 0xa0, 0x12, 0x0, 0x0, 0x7, 0xdd, 0x30,

    /* U+7EA7 "级" */
    0x0, 0x44, 0x0, 0x0, 0x0, 0x0, 0x0, 0xb3,
    0x2d, 0xfd, 0xdf, 0x0, 0x1, 0xd0, 0x0, 0xe0,
    0x3b, 0x0, 0x9, 0x54, 0x70, 0xe0, 0x67, 0x0,
    0x2d, 0x2b, 0x20, 0xe0, 0xa4, 0x0, 0x7c, 0xd7,
    0x2, 0xf2, 0xbc, 0xe0, 0x1, 0xb0, 0x4, 0xf8,
    0x2, 0xb0, 0xc, 0xcc, 0x66, 0x8d, 0x19, 0x50,
    0x59, 0x30, 0xb, 0x46, 0xac, 0x0, 0x0, 0x5b,
    0x9e, 0x1, 0xf7, 0x0, 0x5d, 0x92, 0x88, 0x3d,
    0x6c, 0x70, 0x10, 0x0, 0xb2, 0xc3, 0x0, 0x94,
    0x0, 0x0, 0x0, 0x0, 0x0, 0x0,

    /* U+7EAA "纪" */
    0x0, 0x8, 0x0, 0x0, 0x0, 0x0, 0x0, 0x3c,
    0x3, 0xee, 0xee, 0xf0, 0x0, 0xa5, 0x0, 0x0,
    0x0, 0xe0, 0x2, 0xc0, 0x82, 0x0, 0x0, 0xe0,
    0xc, 0x55, 0xa0, 0x0, 0x0, 0xe0, 0x3f, 0xdb,
    0x0, 0x22, 0x22, 0xe0, 0x1, 0x83, 0x51, 0xfb,
    0xbb, 0x70, 0x2e, 0xfe, 0xb2, 0xd0, 0x0, 0x0,
    0x5, 0x10, 0x0, 0xd0, 0x0, 0x1, 0x0, 0x1,
    0x52, 0xd0, 0x0, 0x2b, 0x2b, 0xef, 0xb2, 0xe0,
    0x0, 0x49, 0x16, 0x20, 0x0, 0xbd, 0xdd, 0xd3,

    /* U+7EB2 "纲" */
    0x0, 0x33, 0x0, 0x0, 0x0, 0x0, 0xb, 0x40,
    0xfc, 0xcc, 0xcf, 0x1, 0xd0, 0xd, 0x0, 0x25,
    0xd0, 0x85, 0x48, 0xd8, 0x17, 0x4d, 0x3e, 0x8d,
    0x2d, 0x39, 0xb0, 0xd2, 0x6a, 0x90, 0xd0, 0xbb,
    0xd, 0x2, 0xc0, 0xd, 0x6, 0x90, 0xd1, 0xdc,
    0xc8, 0xd0, 0xbc, 0xd, 0x18, 0x41, 0xd, 0x29,
    0x66, 0xd0, 0x1, 0x45, 0xdb, 0x20, 0x6d, 0x3d,
    0xd9, 0x3d, 0x30, 0x0, 0xd0, 0x10, 0x0, 0xd0,
    0x3, 0xc9,

    /* U+7EB7 "纷" */
    0x0, 0x28, 0x0, 0x16, 0x6, 0x0, 0x0, 0x96,
    0x0, 0x68, 0xc, 0x0, 0x1, 0xd0, 0x20, 0xb4,
    0x9, 0x40, 0xa, 0x43, 0xc4, 0xc0, 0x2, 0xd0,
    0x3f, 0xce, 0x2e, 0x41, 0x11, 0x99, 0x0, 0x94,
    0x5, 0xbf, 0xcc, 0xb2, 0x7, 0xb6, 0x70, 0xd,
    0x3, 0xa0, 0x2c, 0x96, 0x30, 0x3b, 0x4, 0x90,
    0x0, 0x2, 0x40, 0x95, 0x5, 0x80, 0x2a, 0xdb,
    0x64, 0xc0, 0x8, 0x60, 0x13, 0x0, 0x2c, 0x12,
    0xcd, 0x10, 0x0, 0x0, 0x0, 0x0, 0x0, 0x0,

    /* U+7EB8 "纸" */
    0x0, 0x10, 0x0, 0x0, 0x0, 0x10, 0x0, 0xa5,
    0x3, 0x69, 0xbd, 0x80, 0x1, 0xd0, 0xd, 0x63,
    0xe0, 0x0, 0x9, 0x43, 0x4d, 0x0, 0xd0, 0x0,
    0x4d, 0x6c, 0x2d, 0x0, 0xd0, 0x0, 0x58, 0xb8,
    0xd, 0xaa, 0xfa, 0xa0, 0x3, 0xb0, 0xd, 0x33,
    0xc4, 0x30, 0x2e, 0xbc, 0x8d, 0x0, 0xa3, 0x0,
    0x48, 0x40, 0xd, 0x0, 0x85, 0x0, 0x0, 0x4,
    0x4d, 0x0, 0x49, 0x16, 0x5c, 0xd9, 0x3e, 0x6b,
    0x2d, 0x38, 0x22, 0x0, 0x1e, 0x82, 0x6, 0xe3,
    0x0, 0x0, 0x0, 0x0, 0x0, 0x0,

    /* U+7EB9 "纹" */
    0x0, 0x0, 0x0, 0x1, 0x0, 0x0, 0x0, 0x59,
    0x0, 0xa, 0x40, 0x0, 0x0, 0xc2, 0x0, 0x1,
    0xc0, 0x0, 0x4, 0xa0, 0x5d, 0xdd, 0xed, 0xd9,
    0xc, 0x49, 0x61, 0xc0, 0x6, 0x70, 0x2a, 0xaa,
    0x0, 0xd0, 0xa, 0x30, 0x0, 0xb1, 0x0, 0x85,
    0xe, 0x0, 0xb, 0xcb, 0x80, 0x1d, 0x68, 0x0,
    0x18, 0x41, 0x0, 0x9, 0xe1, 0x0, 0x0, 0x37,
    0x90, 0x2d, 0xd6, 0x0, 0x2d, 0x95, 0x38, 0xd3,
    0x1b, 0xb3, 0x0, 0x0, 0x76, 0x0, 0x0, 0x46,

    /* U+7EBF "线" */
    0x0, 0x46, 0x0, 0xd, 0x37, 0x0, 0x0, 0xb3,
    0x0, 0xd, 0x5, 0x60, 0x3, 0xb0, 0x32, 0x4e,
    0x9b, 0xb0, 0xc, 0x38, 0x77, 0x8e, 0x31, 0x0,
    0x4d, 0xdb, 0x0, 0xc, 0x45, 0x82, 0x0, 0xb1,
    0xa, 0xcf, 0xb7, 0x40, 0xa, 0xa8, 0x63, 0x7,
    0x61, 0xc2, 0x3b, 0x74, 0x0, 0x3, 0xac, 0x60,
    0x0, 0x5, 0x60, 0x5, 0xf6, 0x0, 0x2c, 0xc7,
    0x35, 0xca, 0xa8, 0x37, 0x1, 0x0, 0x29, 0x20,
    0xa, 0xd3,

    /* U+7EC3 "练" */
    0x0, 0x10, 0x0, 0x11, 0x0, 0x0, 0x0, 0xd1,
    0x0, 0x76, 0x0, 0x0, 0x3, 0xa0, 0xad, 0xee,
    0xdd, 0xd1, 0xa, 0x35, 0x0, 0xd0, 0x0, 0x0,
    0x2c, 0x5c, 0x6d, 0xfd, 0x50, 0x0, 0x6b, 0xe3,
    0xa, 0x37, 0x60, 0x0, 0x3, 0xa0, 0x1d, 0x28,
    0x72, 0x20, 0xd, 0x67, 0x3b, 0xad, 0xca, 0x80,
    0x6b, 0x84, 0x6, 0x27, 0x65, 0x10, 0x0, 0x49,
    0x2d, 0x7, 0x64, 0xa0, 0x5d, 0x82, 0xc4, 0x7,
    0x60, 0xb3, 0x10, 0x0, 0x30, 0xbd, 0x30, 0x10,

    /* U+7EC4 "组" */
    0x0, 0x6, 0x0, 0x0, 0x0, 0x0, 0x0, 0x4b,
    0x0, 0xfd, 0xdd, 0xa0, 0x0, 0xb3, 0x0, 0xd0,
    0x3, 0xa0, 0x3, 0xa0, 0x90, 0xd0, 0x3, 0xa0,
    0x1d, 0x78, 0xa0, 0xfa, 0xab, 0xa0, 0x19, 0x8f,
    0x10, 0xe2, 0x25, 0xa0, 0x0, 0xa6, 0x0, 0xd0,
    0x3, 0xa0, 0x7, 0xc6, 0x90, 0xd0, 0x4, 0xa0,
    0x1e, 0xa6, 0x30, 0xfb, 0xbc, 0xa0, 0x0, 0x0,
    0x40, 0xd0, 0x3, 0xa0, 0x19, 0xcc, 0x80, 0xd0,
    0x3, 0xa0, 0x5, 0x10, 0x2d, 0xfd, 0xdd, 0xf9,

    /* U+7EC6 "细" */
    0x0, 0x16, 0x0, 0x0, 0x0, 0x0, 0x8, 0x70,
    0xde, 0xef, 0xef, 0x0, 0xd0, 0xd, 0x0, 0xc0,
    0xd0, 0x87, 0x7, 0xd0, 0xc, 0xd, 0x2d, 0x49,
    0x9d, 0x0, 0xc0, 0xd7, 0xcb, 0xd0, 0xd0, 0xc,
    0xd, 0x0, 0xc2, 0xd, 0xdd, 0xfd, 0xf1, 0xca,
    0x88, 0xd0, 0xc, 0xd, 0x59, 0x64, 0x1d, 0x0,
    0xc0, 0xd0, 0x0, 0x24, 0xd0, 0xc, 0xd, 0x5c,
    0xdb, 0x6d, 0xdd, 0xfd, 0xf2, 0x20, 0x0, 0xd0,
    0x0, 0xc,

    /* U+7EC7 "织" */
    0x0, 0x63, 0x0, 0x0, 0x0, 0x0, 0x0, 0xd0,
    0xe, 0xdd, 0xde, 0xc0, 0x7, 0x61, 0x1e, 0x0,
    0x2, 0xc0, 0x2b, 0x1a, 0x5e, 0x0, 0x2, 0xc0,
    0x8b, 0xd9, 0xe, 0x0, 0x2, 0xc0, 0x2, 0xb0,
    0xe, 0xdd, 0xde, 0xc0, 0x2d, 0xab, 0x70, 0x0,
    0x0, 0x0, 0x58, 0x41, 0x2, 0x90, 0xa, 0x0,
    0x0, 0x36, 0x68, 0x70, 0x8, 0x80, 0x7d, 0xa6,
    0x5e, 0x10, 0x1, 0xe0, 0x0, 0x0, 0x74, 0x0,
    0x0, 0x72,

    /* U+7EC8 "终" */
    0x0, 0x0, 0x0, 0x0, 0x0, 0x0, 0x0, 0x86,
    0x0, 0x5b, 0x0, 0x0, 0x0, 0xd0, 0x0, 0xdd,
    0xcd, 0x80, 0x7, 0x71, 0x3c, 0xe3, 0xc, 0x30,
    0x2d, 0x2b, 0x97, 0x1d, 0xa8, 0x0, 0x6b, 0xd9,
    0x0, 0x1b, 0xf3, 0x0, 0x2, 0xb0, 0x6, 0xd6,
    0x2d, 0x81, 0x1d, 0x99, 0x78, 0x29, 0x30, 0x75,
    0x49, 0x63, 0x0, 0x2, 0xa7, 0x0, 0x0, 0x3,
    0x42, 0x61, 0x0, 0x0, 0x5d, 0xc9, 0x51, 0x6b,
    0xc5, 0x0, 0x10, 0x0, 0x0, 0x0, 0x29, 0x60,

    /* U+7ECD "绍" */
    0x0, 0x23, 0x0, 0x0, 0x0, 0x0, 0x0, 0xa5,
    0xd, 0xdf, 0xdd, 0xf0, 0x1, 0xd0, 0x0, 0x49,
    0x0, 0xd0, 0x9, 0x41, 0x80, 0x95, 0x0, 0xd0,
    0x3d, 0x6b, 0x41, 0xe1, 0x1, 0xd0, 0x59, 0xba,
    0x2d, 0x50, 0xad, 0x80, 0x1, 0xc1, 0x3, 0x0,
    0x12, 0x0, 0x1d, 0xaa, 0x9b, 0xdc, 0xcc, 0xe0,
    0x48, 0x41, 0xb, 0x10, 0x0, 0xe0, 0x0, 0x37,
    0x8b, 0x10, 0x0, 0xe0, 0x6c, 0x85, 0x1b, 0xba,
    0xaa, 0xe0, 0x0, 0x0, 0xb, 0x42, 0x22, 0xd0,

    /* U+7ECF "经" */
    0x0, 0x42, 0x0, 0x0, 0x0, 0x0, 0x0, 0xd1,
    0x1d, 0xdd, 0xdf, 0x40, 0x4, 0xa0, 0x0, 0x0,
    0x6c, 0x0, 0xc, 0x16, 0x50, 0x6, 0xd1, 0x0,
    0x7c, 0x7d, 0x11, 0xae, 0xd6, 0x0, 0x78, 0xd7,
    0x7f, 0x80, 0x2a, 0xd2, 0x4, 0xb0, 0x42, 0x0,
    0x0, 0x40, 0x3f, 0x9b, 0x4d, 0xde, 0xdd, 0x90,
    0x89, 0x52, 0x0, 0xa, 0x30, 0x0, 0x0, 0x3,
    0x10, 0xa, 0x30, 0x0, 0x5b, 0xeb, 0x30, 0xa,
    0x30, 0x0, 0x54, 0x0, 0xad, 0xdf, 0xed, 0xd4,

    /* U+7ED1 "绑" */
    0x0, 0x0, 0x0, 0x0, 0x0, 0x0, 0x0, 0xd0,
    0x4, 0x80, 0xbc, 0xe5, 0x3, 0x90, 0x16, 0x91,
    0xb0, 0xb2, 0x9, 0x31, 0x7c, 0xd8, 0xb1, 0xc0,
    0x1b, 0x3c, 0x4, 0x80, 0xb4, 0x80, 0x5b, 0xe3,
    0x6d, 0xe7, 0xb7, 0x50, 0x4, 0x90, 0x5, 0x70,
    0xb1, 0xb0, 0x2e, 0xa8, 0x59, 0xa5, 0xb0, 0x65,
    0x26, 0x20, 0x6c, 0x96, 0xb0, 0x48, 0x2, 0x8a,
    0xd, 0x0, 0xba, 0xd3, 0x5c, 0x50, 0x6a, 0x0,
    0xb0, 0x0, 0x0, 0x0, 0xb1, 0x0, 0xb0, 0x0,
    0x0, 0x0, 0x0, 0x0, 0x0, 0x0,

    /* U+7ED3 "结" */
    0x0, 0x85, 0x0, 0x5, 0x90, 0x0, 0x0, 0xd0,
    0x1a, 0xac, 0xda, 0xa3, 0x8, 0x52, 0x62, 0x27,
    0xa2, 0x20, 0x3d, 0x5c, 0x40, 0x5, 0x90, 0x0,
    0x59, 0xc8, 0xb, 0xde, 0xfd, 0xd1, 0x3, 0xb0,
    0x0, 0x0, 0x0, 0x0, 0x2e, 0xcc, 0xa6, 0xcc,
    0xcc, 0xa0, 0x47, 0x40, 0x7, 0x50, 0x1, 0xc0,
    0x0, 0x2, 0x47, 0x50, 0x1, 0xc0, 0x4b, 0xed,
    0x87, 0x72, 0x24, 0xc0, 0x34, 0x10, 0x7, 0xca,
    0xaa, 0xc0,

    /* U+7ED5 "绕" */
    0x0, 0x0, 0x0, 0x0, 0x0, 0x0, 0x0, 0xc0,
    0x0, 0xd0, 0x0, 0x0, 0x4, 0xa0, 0x26, 0xda,
    0xbc, 0xa0, 0xa, 0x25, 0x25, 0x89, 0x6, 0x50,
    0x4b, 0x4c, 0x0, 0xd, 0xa9, 0x0, 0x7a, 0xe2,
    0x17, 0xbb, 0xd2, 0xa1, 0x5, 0x80, 0x15, 0x0,
    0x3a, 0x80, 0x2e, 0xab, 0x8c, 0xcc, 0xcc, 0xc0,
    0x57, 0x30, 0x0, 0xe0, 0xd0, 0x0, 0x0, 0x27,
    0x3, 0xb0, 0xd0, 0x0, 0x5d, 0xc6, 0xc, 0x50,
    0xd0, 0x64, 0x22, 0x0, 0xd7, 0x0, 0x9c, 0xc1,
    0x0, 0x0, 0x0, 0x0, 0x0, 0x0,

    /* U+7ED9 "给" */
    0x0, 0x91, 0x0, 0xc, 0x10, 0x0, 0x2, 0xc0,
    0x0, 0x6e, 0x90, 0x0, 0x9, 0x42, 0x11, 0xd1,
    0xb4, 0x0, 0x2b, 0x1c, 0x4d, 0x60, 0x1e, 0x50,
    0xad, 0xe6, 0x9a, 0xdd, 0xd9, 0xb0, 0x3, 0xa0,
    0x0, 0x0, 0x0, 0x0, 0x3e, 0x9a, 0x3c, 0xdc,
    0xcf, 0x0, 0x57, 0x41, 0xd, 0x0, 0xe, 0x0,
    0x0, 0x47, 0x4d, 0x0, 0xe, 0x0, 0x8c, 0x84,
    0xd, 0xba, 0xaf, 0x0, 0x0, 0x0, 0xd, 0x21,
    0x1e, 0x0,

    /* U+7EDC "络" */
    0x0, 0x0, 0x0, 0x1, 0x0, 0x0, 0x0, 0x49,
    0x0, 0x5a, 0x0, 0x0, 0x0, 0xb3, 0x0, 0xdd,
    0xcd, 0xe1, 0x3, 0x90, 0x4a, 0xe4, 0x7, 0x90,
    0x1d, 0x59, 0x98, 0x1c, 0x8c, 0x0, 0x2a, 0xbb,
    0x0, 0x3b, 0xe8, 0x10, 0x1, 0xc1, 0x2c, 0xa3,
    0x5, 0xc7, 0x1c, 0xed, 0x74, 0xcc, 0xcc, 0xb1,
    0x6, 0x20, 0x2, 0xa0, 0x0, 0xd0, 0x0, 0x49,
    0xa2, 0xa0, 0x0, 0xd0, 0x2e, 0x94, 0x2, 0xec,
    0xcc, 0xe0, 0x0, 0x0, 0x2, 0xa0, 0x0, 0xd0,

    /* U+7EDD "绝" */
    0x0, 0x0, 0x0, 0x10, 0x0, 0x0, 0x0, 0x85,
    0x0, 0xd1, 0x0, 0x0, 0x0, 0xd0, 0x5, 0xec,
    0xdb, 0x0, 0x8, 0x52, 0x4d, 0x20, 0xc4, 0x0,
    0x3d, 0x4c, 0xbe, 0xcd, 0xfc, 0xa0, 0x7a, 0xd8,
    0xd, 0xa, 0x10, 0xd0, 0x3, 0xb0, 0xd, 0xa,
    0x10, 0xd0, 0x2e, 0xab, 0x7d, 0xce, 0xcc, 0xd0,
    0x68, 0x40, 0xd, 0x0, 0x0, 0x0, 0x0, 0x3,
    0x5d, 0x0, 0x0, 0x22, 0x5b, 0xea, 0x5d, 0x0,
    0x0, 0x66, 0x33, 0x0, 0x8, 0xdc, 0xcc, 0xd1,

    /* U+7EDF "统" */
    0x0, 0x56, 0x0, 0x9, 0x20, 0x0, 0x0, 0xc2,
    0x1, 0x17, 0x81, 0x10, 0x4, 0x91, 0x2a, 0xbf,
    0xba, 0xa4, 0xc, 0x19, 0x60, 0x88, 0x8, 0x0,
    0x7f, 0xeb, 0x5, 0xc1, 0x2a, 0x70, 0x0, 0xc1,
    0x3f, 0xdb, 0xa8, 0xd2, 0xa, 0x97, 0x40, 0xc0,
    0x93, 0x20, 0x5d, 0x95, 0x10, 0xe0, 0x94, 0x0,
    0x0, 0x3, 0x33, 0xb0, 0x94, 0x11, 0x3a, 0xda,
    0x3c, 0x50, 0x94, 0x57, 0x24, 0x0, 0xd7, 0x0,
    0x6d, 0xd3, 0x0, 0x0, 0x0, 0x0, 0x0, 0x0,

    /* U+7EE7 "继" */
    0x0, 0x0, 0x0, 0x0, 0x0, 0x0, 0x0, 0x94,
    0xd, 0x40, 0xc0, 0x50, 0x0, 0xd0, 0xd, 0x64,
    0xc0, 0xb0, 0x6, 0x72, 0x2d, 0x28, 0xc5, 0x50,
    0xc, 0x9, 0x4d, 0x3, 0xc2, 0x0, 0x6e, 0xd8,
    0xd, 0xac, 0xfc, 0xb2, 0x1, 0xa0, 0xd, 0x6,
    0xfa, 0x0, 0xb, 0x99, 0x5d, 0x2a, 0xc4, 0xa0,
    0x38, 0x41, 0xd, 0x81, 0xc0, 0x50, 0x1, 0x48,
    0x6d, 0x0, 0xa0, 0x0, 0x5b, 0x73, 0xf, 0xbb,
    0xbb, 0xb3, 0x0, 0x0, 0x1, 0x11, 0x11, 0x10,

    /* U+7EE9 "绩" */
    0x0, 0x0, 0x0, 0x0, 0x0, 0x0, 0x0, 0x39,
    0x0, 0x3, 0xa0, 0x0, 0x0, 0xa4, 0x9, 0xab,
    0xda, 0xa4, 0x2, 0xb0, 0x45, 0xab, 0xea, 0xa1,
    0xb, 0x48, 0x82, 0x25, 0xb2, 0x21, 0x2c, 0xbd,
    0x28, 0x88, 0x88, 0x85, 0x0, 0xb2, 0x6, 0xbb,
    0xbb, 0xb0, 0x9, 0xb9, 0x89, 0x31, 0x20, 0xc1,
    0x1a, 0x62, 0x9, 0x34, 0x90, 0xc1, 0x0, 0x4,
    0x67, 0x38, 0x60, 0x90, 0x2c, 0xc8, 0x41, 0x9b,
    0x4b, 0x60, 0x0, 0x0, 0x6b, 0x50, 0x0, 0x77,

    /* U+7EEA "绪" */
    0x0, 0x47, 0x0, 0xa, 0x20, 0x31, 0x0, 0xa3,
    0x7, 0xce, 0xdb, 0xd1, 0x2, 0xb0, 0x40, 0xa,
    0x29, 0x60, 0xa, 0x35, 0x91, 0x1b, 0x7d, 0x11,
    0x2f, 0xce, 0x3b, 0xbd, 0xeb, 0xb8, 0x0, 0x94,
    0x0, 0x6e, 0x31, 0x10, 0x5, 0xb5, 0x6c, 0xfa,
    0xaa, 0xf0, 0x1d, 0xa6, 0x34, 0xc2, 0x11, 0xd0,
    0x0, 0x0, 0x30, 0xca, 0xaa, 0xf0, 0x19, 0xcc,
    0x70, 0xc2, 0x11, 0xe0, 0x4, 0x0, 0x0, 0xca,
    0xaa, 0xe0,

    /* U+7EED "续" */
    0x0, 0x92, 0x0, 0xc, 0x10, 0x0, 0x1, 0xb0,
    0xb, 0xcf, 0xcc, 0x50, 0x8, 0x33, 0x0, 0xc,
    0x10, 0x0, 0x2a, 0x1c, 0x5c, 0xcc, 0xcc, 0xe0,
    0x8b, 0xe4, 0x3, 0x75, 0x54, 0x80, 0x3, 0x90,
    0x18, 0x59, 0x61, 0x10, 0x1e, 0xac, 0x4, 0x58,
    0x50, 0x0, 0x67, 0x30, 0x7c, 0xcf, 0xcc, 0xc0,
    0x1, 0x6c, 0x10, 0x6b, 0x72, 0x0, 0x7c, 0x61,
    0x6, 0xc1, 0x2c, 0x40, 0x0, 0x0, 0x88, 0x0,
    0x0, 0xb1,

    /* U+7EF3 "绳" */
    0x0, 0x22, 0x0, 0x0, 0x0, 0x0, 0x0, 0x96,
    0x8, 0xcb, 0xbb, 0xc0, 0x0, 0xe0, 0x8, 0x30,
    0x0, 0xc0, 0x7, 0x73, 0x48, 0xed, 0xdd, 0xc0,
    0x2d, 0x3b, 0x30, 0x3, 0xa0, 0x0, 0x5c, 0xd9,
    0xe, 0xbc, 0xeb, 0xd3, 0x1, 0xc1, 0xd, 0x3,
    0xa0, 0x93, 0xb, 0x98, 0x4f, 0xbc, 0xeb, 0xe3,
    0x4c, 0x85, 0xd, 0x3, 0xa0, 0x93, 0x0, 0x3,
    0x2f, 0xbc, 0xeb, 0xc3, 0x3b, 0xc7, 0x13, 0x3,
    0xa0, 0x1a, 0x12, 0x0, 0x0, 0x0, 0xca, 0xb5,

    /* U+7EF4 "维" */
    0x0, 0x0, 0x0, 0x0, 0x0, 0x0, 0x0, 0x58,
    0x0, 0x68, 0x65, 0x0, 0x0, 0xc2, 0x0, 0xd2,
    0x1a, 0x0, 0x4, 0xa0, 0x55, 0xfc, 0xdd, 0xc6,
    0x1d, 0x59, 0x9e, 0xa0, 0x3a, 0x0, 0x19, 0x9c,
    0x37, 0xec, 0xde, 0xc2, 0x0, 0xc2, 0x3, 0xa0,
    0x3a, 0x0, 0x9, 0xa7, 0x63, 0xa0, 0x3a, 0x0,
    0x1d, 0x96, 0x23, 0xec, 0xde, 0xc3, 0x0, 0x3,
    0x53, 0xa0, 0x3a, 0x0, 0x1c, 0xb7, 0x33, 0xfd,
    0xef, 0xd9, 0x0, 0x0, 0x3, 0xa0, 0x0, 0x0,

    /* U+7EFF "绿" */
    0x0, 0x31, 0x0, 0x0, 0x0, 0x0, 0x0, 0xc3,
    0x8, 0xcc, 0xcd, 0xa0, 0x2, 0xd0, 0x0, 0x0,
    0x3, 0x90, 0x8, 0x63, 0x15, 0xbb, 0xbc, 0x90,
    0x2d, 0x2c, 0x20, 0x0, 0x4, 0x80, 0x6c, 0xd6,
    0xc, 0xcd, 0xdd, 0xd6, 0x2, 0xb0, 0x5, 0x4,
    0x80, 0x51, 0x1c, 0x99, 0x25, 0xb5, 0x97, 0x90,
    0x4a, 0x63, 0x0, 0x4b, 0xf8, 0x0, 0x0, 0x26,
    0x25, 0xc8, 0x9c, 0x40, 0x4d, 0xb6, 0x59, 0x4,
    0x81, 0xa6, 0x11, 0x0, 0x0, 0x5d, 0x60, 0x0,
    0x0, 0x0, 0x0, 0x0, 0x0, 0x0,

    /* U+7F13 "缓" */
    0x0, 0x52, 0x0, 0x12, 0x46, 0x50, 0x0, 0xd2,
    0x5a, 0x9b, 0x76, 0x60, 0x4, 0xb0, 0xb, 0xc,
    0x6, 0x80, 0xb, 0x34, 0x2b, 0x19, 0x1d, 0x10,
    0x5c, 0x2c, 0x7c, 0xdb, 0xcd, 0xb1, 0x7a, 0xd5,
    0x23, 0xd2, 0x22, 0x20, 0x3, 0x90, 0x7a, 0xd8,
    0x88, 0x82, 0x3e, 0xac, 0x37, 0xda, 0xab, 0x40,
    0x46, 0x20, 0xc, 0xd2, 0xd, 0x10, 0x1, 0x6b,
    0x7b, 0x3d, 0xa7, 0x0, 0x8c, 0x63, 0xc3, 0x5d,
    0xd9, 0x40, 0x0, 0x6, 0x38, 0x71, 0x4, 0xa4,

    /* U+7F15 "缕" */
    0x0, 0x0, 0x0, 0x0, 0x0, 0x0, 0x0, 0xc1,
    0x7, 0x8, 0x42, 0x70, 0x3, 0xa0, 0x6, 0x78,
    0x4a, 0x20, 0xa, 0x24, 0x6c, 0xce, 0xdc, 0xb0,
    0x3b, 0x2c, 0x0, 0xbc, 0xd6, 0x0, 0x8c, 0xe3,
    0x4c, 0x38, 0x49, 0xb1, 0x5, 0x70, 0x21, 0x1a,
    0x10, 0x20, 0x3e, 0xab, 0x6b, 0xde, 0xbb, 0xb1,
    0x45, 0x10, 0x3, 0xc0, 0x3b, 0x0, 0x1, 0x59,
    0x6, 0xc8, 0xc3, 0x0, 0x8c, 0x73, 0x2, 0x6d,
    0xca, 0x30, 0x0, 0x0, 0x39, 0x50, 0x3, 0x80,

    /* U+7F16 "编" */
    0x0, 0x0, 0x0, 0x0, 0x0, 0x0, 0x0, 0xa3,
    0x0, 0xa, 0x50, 0x0, 0x1, 0xd0, 0xc, 0xcd,
    0xec, 0xc0, 0x7, 0x64, 0x2c, 0x0, 0x0, 0xd0,
    0x1c, 0x2c, 0x1f, 0xcc, 0xcc, 0xf0, 0x5b, 0xe4,
    0x1c, 0x0, 0x0, 0x0, 0x3, 0x90, 0x2e, 0xdd,
    0xcd, 0xd1, 0x2d, 0xaa, 0x3d, 0x79, 0x17, 0x91,
    0x26, 0x20, 0x5b, 0xdd, 0xad, 0xd1, 0x1, 0x8d,
    0x98, 0x8a, 0x28, 0x91, 0x5e, 0x60, 0xd4, 0x79,
    0x17, 0x91, 0x10, 0x1, 0x73, 0x75, 0x16, 0xc0,
    0x0, 0x0, 0x0, 0x0, 0x0, 0x0,

    /* U+7F18 "缘" */
    0x0, 0x42, 0x3, 0x50, 0x0, 0x0, 0x0, 0xc2,
    0x7, 0xba, 0xae, 0x0, 0x2, 0xb0, 0xa, 0x20,
    0xc, 0x0, 0x9, 0x43, 0xd, 0xaa, 0xb9, 0x0,
    0x2c, 0xb, 0x10, 0x0, 0x57, 0x0, 0x9d, 0xe4,
    0x9a, 0xdf, 0xba, 0xa3, 0x1, 0x90, 0x3a, 0xd5,
    0x2, 0x80, 0xc, 0x89, 0x62, 0x4e, 0xad, 0x20,
    0x69, 0x51, 0x4a, 0x66, 0x8a, 0x10, 0x0, 0x5b,
    0x30, 0x6b, 0xb6, 0x60, 0x6c, 0x71, 0x5c, 0x72,
    0xa0, 0xc2, 0x10, 0x0, 0x30, 0x8c, 0x40, 0x20,
    0x0, 0x0, 0x0, 0x0, 0x0, 0x0,

    /* U+7F1D "缝" */
    0x0, 0x92, 0x40, 0x6, 0x50, 0x0, 0x0, 0xd0,
    0x93, 0x2d, 0xad, 0x90, 0x6, 0x71, 0x39, 0xab,
    0x5d, 0x10, 0xc, 0xc, 0x11, 0x6, 0xf9, 0x10,
    0x6e, 0xd7, 0x86, 0xb8, 0x55, 0xc1, 0x1, 0xb0,
    0x3c, 0x6a, 0xfa, 0x80, 0xb, 0x66, 0x1c, 0x25,
    0xe5, 0x20, 0x4c, 0x85, 0xc, 0x14, 0xd4, 0x20,
    0x0, 0x4, 0x1c, 0x8a, 0xfa, 0xa0, 0x3b, 0xc8,
    0x8d, 0x50, 0xa0, 0x0, 0x13, 0x2, 0x90, 0x8c,
    0xcc, 0xd4, 0x0, 0x0, 0x0, 0x0, 0x0, 0x0,

    /* U+7F29 "缩" */
    0x0, 0x0, 0x0, 0x0, 0x0, 0x0, 0x0, 0xb2,
    0x0, 0xc, 0x0, 0x0, 0x2, 0xc0, 0xbc, 0xcd,
    0xcc, 0xd2, 0x9, 0x43, 0xc3, 0x0, 0x0, 0x92,
    0x3b, 0x3b, 0xd, 0x8b, 0xcb, 0xb0, 0x8b, 0xe2,
    0x3a, 0x0, 0xd0, 0x0, 0x4, 0x70, 0xc9, 0x6c,
    0xdb, 0xb0, 0x2e, 0x9a, 0xa9, 0x74, 0x0, 0xc0,
    0x56, 0x20, 0x39, 0x7d, 0xbb, 0xd0, 0x0, 0x6c,
    0x39, 0x74, 0x0, 0xc0, 0x6e, 0x92, 0x39, 0x76,
    0x22, 0xd0, 0x20, 0x0, 0x39, 0x7b, 0x99, 0xc0,

    /* U+7F3A "缺" */
    0x0, 0x0, 0x0, 0x0, 0x0, 0x0, 0xb, 0x0,
    0x0, 0xb, 0x10, 0x0, 0xe, 0x99, 0x90, 0xb,
    0x10, 0x0, 0x78, 0xa5, 0x26, 0xdf, 0xdf, 0x20,
    0x70, 0x93, 0x0, 0xb, 0x1a, 0x20, 0x7a, 0xdb,
    0xa2, 0xc, 0x1a, 0x20, 0x12, 0xa5, 0x25, 0x8e,
    0x8d, 0x90, 0x46, 0x93, 0xb3, 0x5f, 0xc5, 0x40,
    0x46, 0x93, 0xb0, 0x3b, 0xd1, 0x0, 0x46, 0x95,
    0xc0, 0x85, 0x69, 0x0, 0x4c, 0xb8, 0xd2, 0xd0,
    0xc, 0x80, 0x0, 0x0, 0x18, 0x20, 0x1, 0xa0,

    /* U+7F51 "网" */
    0xed, 0xdd, 0xdd, 0xdd, 0xdf, 0xe0, 0x0, 0x10,
    0x2, 0xe, 0xe2, 0x5, 0x82, 0xd, 0xe, 0xe6,
    0x98, 0x5c, 0x2b, 0xe, 0xe0, 0xae, 0x14, 0xe8,
    0xe, 0xe0, 0x2f, 0x0, 0xb6, 0xe, 0xe0, 0x7c,
    0x80, 0xdc, 0xe, 0xe0, 0xd1, 0xa7, 0x77, 0x6e,
    0xe9, 0x70, 0x3d, 0x0, 0x1e, 0xe3, 0x0, 0x22,
    0x0, 0xe, 0xe0, 0x0, 0x0, 0xc, 0xda,

    /* U+7F57 "罗" */
    0xd, 0xcc, 0xfc, 0xcf, 0xcc, 0xb0, 0xd0, 0xd,
    0x0, 0xc0, 0x2b, 0xd, 0x0, 0xd0, 0xc, 0x2,
    0xb0, 0xac, 0xce, 0xcc, 0xcc, 0xc9, 0x0, 0x3,
    0xe1, 0x0, 0x0, 0x0, 0x4, 0xec, 0xcc, 0xcd,
    0xe0, 0xa, 0xb3, 0x30, 0x0, 0x96, 0x0, 0x30,
    0x1c, 0x60, 0x7b, 0x0, 0x0, 0x0, 0xc, 0xd8,
    0x0, 0x0, 0x2, 0x6c, 0xb3, 0x0, 0x0, 0xd,
    0xa7, 0x20, 0x0, 0x0, 0x0,

    /* U+7F5A "罚" */
    0xd, 0xaa, 0xfa, 0xdd, 0xad, 0x50, 0xd0, 0xd,
    0x6, 0x60, 0x85, 0xd, 0x99, 0xe9, 0xcb, 0x9c,
    0x50, 0x2a, 0x32, 0x22, 0x22, 0x62, 0x0, 0x5c,
    0x40, 0x91, 0xa, 0x20, 0x33, 0x21, 0xb, 0x10,
    0xa2, 0x19, 0xb8, 0x0, 0xb1, 0xa, 0x20, 0x5,
    0x80, 0xb, 0x10, 0xa2, 0x0, 0x58, 0x15, 0x20,
    0xa, 0x20, 0x6, 0xee, 0x70, 0x0, 0xa2, 0x0,
    0x97, 0x10, 0x7, 0xdd, 0x0,

    /* U+7F6A "罪" */
    0xd, 0xbb, 0xfb, 0xbf, 0xbb, 0xe0, 0xd, 0x0,
    0xd0, 0xd, 0x0, 0xe0, 0xd, 0xcc, 0xfc, 0xcf,
    0xcc, 0xe0, 0x0, 0x0, 0x60, 0x6, 0x0, 0x0,
    0x29, 0x99, 0xf1, 0x1f, 0x99, 0x92, 0x2, 0x22,
    0xe1, 0x1e, 0x22, 0x20, 0xc, 0xcc, 0xf1, 0x1f,
    0xcc, 0xb0, 0x0, 0x0, 0xe1, 0x1e, 0x0, 0x0,
    0x6d, 0xdd, 0xf1, 0x1f, 0xdd, 0xd6, 0x0, 0x0,
    0xe1, 0x1e, 0x0, 0x0, 0x0, 0x0, 0xe1, 0x1e,
    0x0, 0x0,

    /* U+7F6E "置" */
    0x5, 0xda, 0xdb, 0xae, 0xaa, 0xf0, 0x5, 0x92,
    0xa5, 0x2d, 0x32, 0xe0, 0x3, 0x88, 0x8b, 0xc8,
    0x88, 0x80, 0xb, 0xbb, 0xbd, 0xdb, 0xbb, 0xb3,
    0x0, 0x13, 0x3b, 0x63, 0x33, 0x0, 0x0, 0x7a,
    0x66, 0x66, 0x6e, 0x0, 0x0, 0x7b, 0x88, 0x88,
    0x8e, 0x0, 0x0, 0x7a, 0x77, 0x77, 0x7e, 0x0,
    0x0, 0x7b, 0x88, 0x88, 0x8e, 0x0, 0x0, 0x75,
    0x0, 0x0, 0xe, 0x0, 0x1a, 0xdc, 0xaa, 0xaa,
    0xaf, 0xa6,

    /* U+7F8E "美" */
    0x0, 0x2, 0x0, 0x0, 0x20, 0x0, 0x0, 0xb,
    0x40, 0x0, 0xd2, 0x0, 0x5, 0x9b, 0xd9, 0x9b,
    0xd9, 0x90, 0x2, 0x33, 0x37, 0xb3, 0x33, 0x30,
    0x0, 0xcc, 0xcd, 0xec, 0xcc, 0x60, 0x0, 0x0,
    0x4, 0xa0, 0x0, 0x0, 0x1c, 0xcc, 0xcd, 0xec,
    0xcc, 0xc7, 0x0, 0x0, 0x7, 0x80, 0x0, 0x0,
    0xa, 0xcc, 0xcf, 0xfd, 0xcc, 0xc6, 0x0, 0x0,
    0x4d, 0x6a, 0x0, 0x0, 0x0, 0x39, 0xd2, 0x7,
    0xd7, 0x20, 0x1d, 0xa5, 0x0, 0x0, 0x29, 0xd7,

    /* U+7F9E "羞" */
    0x0, 0x0, 0x0, 0x0, 0x0, 0x0, 0x0, 0x9,
    0x50, 0x0, 0xd2, 0x0, 0x4, 0x8a, 0xd8, 0x8b,
    0xd8, 0x70, 0x1, 0x33, 0x3d, 0x53, 0x33, 0x20,
    0x0, 0xbb, 0xcf, 0xbb, 0xbb, 0x30, 0x4, 0x44,
    0x9b, 0x44, 0x44, 0x42, 0x7, 0x79, 0xe7, 0x77,
    0x77, 0x74, 0x0, 0x1d, 0xeb, 0xbb, 0xbb, 0x10,
    0x4, 0xd6, 0x4, 0x90, 0xd, 0x0, 0x2c, 0x47,
    0xbd, 0xdb, 0xbf, 0x0, 0x0, 0x0, 0x8, 0x50,
    0xd, 0x0, 0x4, 0xbb, 0xbe, 0xdb, 0xcf, 0xb6,

    /* U+7FA1 "羡" */
    0x0, 0x0, 0x0, 0x0, 0x0, 0x0, 0x0, 0xc,
    0x30, 0x9, 0x70, 0x0, 0xb, 0xbc, 0xcd, 0xcc,
    0xbb, 0x70, 0x2, 0x66, 0x6d, 0x86, 0x66, 0x0,
    0x1, 0x44, 0x4c, 0x64, 0x44, 0x0, 0x6b, 0xbb,
    0xbd, 0xcb, 0xbb, 0xb1, 0x6, 0x0, 0xa, 0x50,
    0x0, 0x0, 0x7, 0xc2, 0x2e, 0xaa, 0xac, 0xb0,
    0x0, 0x21, 0xc3, 0x2a, 0xb, 0x30, 0x0, 0x68,
    0x20, 0x9e, 0x22, 0x0, 0x6c, 0x60, 0x8, 0x82,
    0xd5, 0x0, 0x10, 0x9, 0xc6, 0x0, 0x19, 0xe2,
    0x0, 0x1, 0x0, 0x0, 0x0, 0x0,

    /* U+7FA4 "群" */
    0x0, 0x0, 0x0, 0x31, 0x1, 0x60, 0xa, 0xed,
    0xe5, 0x67, 0x6, 0x70, 0x0, 0x85, 0x65, 0x1a,
    0x9, 0x10, 0x7b, 0xdc, 0xdd, 0xcd, 0xfd, 0xd1,
    0x0, 0xb2, 0x76, 0x0, 0xd0, 0x0, 0x5, 0xe6,
    0xa5, 0x1, 0xd1, 0x10, 0x8, 0xd7, 0x72, 0x7c,
    0xfc, 0xa0, 0x9, 0xb7, 0x74, 0x0, 0xd0, 0x0,
    0x6e, 0x92, 0x69, 0xdd, 0xfd, 0xd4, 0x45, 0x80,
    0x48, 0x0, 0xd0, 0x0, 0x3, 0xdb, 0xc8, 0x0,
    0xd0, 0x0, 0x3, 0x91, 0x10, 0x0, 0xd0, 0x0,

    /* U+7FC5 "翅" */
    0x0, 0x0, 0x0, 0x0, 0x0, 0x0, 0x0, 0x94,
    0xb, 0xcc, 0xac, 0xf0, 0x12, 0xa6, 0x20, 0xc,
    0x0, 0xc0, 0x4a, 0xdc, 0x96, 0xc, 0x51, 0xc0,
    0x0, 0x94, 0x4, 0x6c, 0x29, 0xc0, 0x4c, 0xed,
    0x90, 0x1c, 0x0, 0xd0, 0xb, 0x4, 0x91, 0xac,
    0x2b, 0xe0, 0x8, 0x3b, 0x4c, 0x3c, 0x82, 0xc0,
    0x2, 0xcc, 0x0, 0xc, 0x0, 0xc0, 0x0, 0xda,
    0x5, 0xc9, 0x3b, 0xc0, 0x9, 0x89, 0xa3, 0x0,
    0x0, 0x0, 0x5a, 0x0, 0x4a, 0xcd, 0xdd, 0xd4,
    0x0, 0x0, 0x0, 0x0, 0x0, 0x0,

    /* U+7FFB "翻" */
    0x0, 0x13, 0x64, 0x0, 0x0, 0x0, 0xa, 0x9e,
    0x54, 0x7b, 0xfb, 0xe1, 0x8, 0x1c, 0x47, 0x0,
    0xb0, 0xa1, 0x4, 0x4c, 0x92, 0x40, 0xd3, 0xa1,
    0x3b, 0xdf, 0xca, 0x55, 0xca, 0xa1, 0x1, 0xbd,
    0xa5, 0x9, 0xb9, 0xb1, 0x3c, 0x1b, 0x7, 0x1,
    0xb0, 0xb1, 0xc, 0xbc, 0xba, 0xb, 0xc8, 0xf1,
    0xb, 0x3c, 0x3b, 0x93, 0xf7, 0xa1, 0xc, 0x5c,
    0x5b, 0x0, 0xc0, 0xa1, 0xc, 0xae, 0xac, 0x0,
    0xb0, 0xb1, 0xb, 0x0, 0x9, 0x1c, 0x8a, 0xc0,

    /* U+8000 "耀" */
    0x21, 0xb0, 0x57, 0xad, 0x6a, 0xe0, 0x46, 0xb2,
    0xa6, 0x5b, 0x47, 0xc0, 0xa, 0xb6, 0x51, 0x9d,
    0x8, 0xe0, 0x16, 0xc6, 0x39, 0x4b, 0x83, 0xb0,
    0x8f, 0xff, 0xe2, 0xd0, 0xb0, 0x0, 0x8, 0x3c,
    0x8, 0xea, 0xea, 0xa1, 0x9, 0x2c, 0x4f, 0x93,
    0xc3, 0x30, 0xb, 0xc, 0x16, 0xb6, 0xd6, 0x60,
    0xc, 0xd, 0x98, 0xda, 0xea, 0x90, 0x3a, 0x1c,
    0x44, 0x80, 0xb0, 0x0, 0x62, 0x0, 0x4, 0xda,
    0xaa, 0xa5,

    /* U+8001 "老" */
    0x0, 0x0, 0xd, 0x0, 0x1, 0x80, 0x1, 0xaa,
    0xaf, 0xaa, 0x9c, 0x60, 0x0, 0x22, 0x3e, 0x23,
    0xd7, 0x0, 0x0, 0x0, 0xd, 0xa, 0x90, 0x0,
    0x2d, 0xdd, 0xde, 0xfe, 0xdd, 0xd8, 0x0, 0x0,
    0x6d, 0x40, 0x0, 0x0, 0x0, 0x4c, 0xf1, 0x2,
    0x8a, 0x0, 0x2d, 0xc3, 0xe7, 0xcc, 0x60, 0x0,
    0x3, 0x0, 0xe5, 0x10, 0x0, 0x40, 0x0, 0x0,
    0xe0, 0x0, 0x0, 0xc1, 0x0, 0x0, 0x9d, 0xcc,
    0xcd, 0xa0,

    /* U+8003 "考" */
    0x0, 0x0, 0xd, 0x0, 0x2, 0x40, 0x1, 0xcc,
    0xcf, 0xcc, 0x8c, 0x20, 0x0, 0x0, 0xd, 0x3,
    0xc1, 0x0, 0x1b, 0xbb, 0xbf, 0xcf, 0xdb, 0xb3,
    0x0, 0x0, 0x4c, 0x80, 0x0, 0x0, 0x0, 0x2a,
    0xfe, 0xbb, 0xbb, 0x10, 0x2b, 0xc7, 0xc0, 0x0,
    0x0, 0x0, 0x24, 0x9, 0xeb, 0xbb, 0xb6, 0x0,
    0x0, 0x0, 0x0, 0x0, 0x85, 0x0, 0x0, 0x0,
    0x0, 0x0, 0xc2, 0x0, 0x0, 0x0, 0x9, 0xcc,
    0x90, 0x0, 0x0, 0x0, 0x0, 0x0, 0x0, 0x0,

    /* U+8005 "者" */
    0x0, 0x0, 0xe, 0x0, 0x1, 0x80, 0x0, 0xcc,
    0xcf, 0xcc, 0xbd, 0x40, 0x0, 0x0, 0xe, 0x0,
    0xc6, 0x0, 0x0, 0x0, 0xe, 0xc, 0x80, 0x0,
    0x1c, 0xcc, 0xce, 0xfd, 0xcc, 0xc7, 0x0, 0x1,
    0x9b, 0x20, 0x0, 0x0, 0x3, 0x9f, 0xdc, 0xcc,
    0xcf, 0x10, 0x2b, 0x59, 0x40, 0x0, 0xd, 0x10,
    0x0, 0x9, 0xcb, 0xbb, 0xbf, 0x10, 0x0, 0x9,
    0x40, 0x0, 0xd, 0x10, 0x0, 0x9, 0xdc, 0xcc,
    0xce, 0x10,

    /* U+800C "而" */
    0x2e, 0xee, 0xef, 0xfe, 0xee, 0xe9, 0x0, 0x0,
    0x9, 0x70, 0x0, 0x0, 0x0, 0x0, 0xc, 0x30,
    0x0, 0x0, 0x7, 0xdd, 0xdf, 0xdd, 0xdd, 0xd0,
    0x8, 0x60, 0xb2, 0xd, 0x0, 0xe0, 0x8, 0x60,
    0xb2, 0xd, 0x0, 0xe0, 0x8, 0x60, 0xb2, 0xd,
    0x0, 0xe0, 0x8, 0x60, 0xb2, 0xd, 0x0, 0xe0,
    0x8, 0x60, 0xb2, 0xd, 0x0, 0xe0, 0x8, 0x60,
    0xb2, 0xd, 0x0, 0xe0, 0x8, 0x60, 0x61, 0x7,
    0x6d, 0xb0,

    /* U+8010 "耐" */
    0x3d, 0xdf, 0xed, 0xc0, 0x0, 0xd0, 0x0, 0xd,
    0x0, 0x0, 0x0, 0xd0, 0x0, 0xc, 0x0, 0x7,
    0x77, 0xe6, 0xd, 0xde, 0xed, 0x97, 0x88, 0xf7,
    0xc, 0x27, 0x92, 0x92, 0x0, 0xd0, 0xc, 0x27,
    0x92, 0x97, 0x70, 0xd0, 0xc, 0x27, 0x92, 0x90,
    0xd0, 0xd0, 0xc, 0x27, 0x92, 0x90, 0x51, 0xd0,
    0xc, 0x27, 0x92, 0x90, 0x0, 0xd0, 0xc, 0x27,
    0x92, 0x90, 0x0, 0xd0, 0xb, 0x1, 0x1a, 0x60,
    0x7d, 0x90,

    /* U+8017 "耗" */
    0x0, 0x93, 0x0, 0x0, 0x5c, 0x10, 0x6c, 0xed,
    0xb3, 0x9e, 0x70, 0x0, 0x0, 0x93, 0x5, 0x3e,
    0x0, 0x0, 0x2c, 0xed, 0x80, 0x1e, 0x79, 0x60,
    0x0, 0x93, 0x8, 0xbf, 0x53, 0x0, 0x8c, 0xed,
    0xc1, 0xd, 0x0, 0x0, 0x2, 0xfc, 0x3, 0x6f,
    0xbd, 0xd0, 0xb, 0xba, 0x99, 0x7e, 0x20, 0x0,
    0x88, 0x93, 0x70, 0xd, 0x0, 0x40, 0x40, 0x93,
    0x0, 0xd, 0x0, 0xb1, 0x0, 0x93, 0x0, 0x9,
    0xcc, 0xc0,

    /* U+8033 "耳" */
    0x1e, 0xef, 0xee, 0xee, 0xff, 0xe5, 0x0, 0x3b,
    0x0, 0x0, 0x68, 0x0, 0x0, 0x3b, 0x0, 0x0,
    0x68, 0x0, 0x0, 0x3f, 0xdd, 0xdd, 0xe8, 0x0,
    0x0, 0x3b, 0x0, 0x0, 0x68, 0x0, 0x0, 0x3b,
    0x0, 0x0, 0x68, 0x0, 0x0, 0x3f, 0xdd, 0xdd,
    0xe8, 0x0, 0x0, 0x3b, 0x0, 0x0, 0x68, 0x0,
    0x0, 0x4c, 0x34, 0x56, 0xbc, 0xa5, 0x3e, 0xdb,
    0xa9, 0x87, 0xaa, 0x41, 0x0, 0x0, 0x0, 0x0,
    0x68, 0x0,

    /* U+803D "耽" */
    0x6f, 0xde, 0xe1, 0xc, 0x10, 0x0, 0xc, 0x6,
    0x60, 0xc, 0x10, 0x0, 0xc, 0x6, 0x6b, 0xef,
    0xee, 0xe0, 0xc, 0xcd, 0x6c, 0x1d, 0x31, 0xe0,
    0xc, 0x6, 0x6a, 0xd, 0x30, 0xb0, 0xc, 0xcd,
    0x60, 0xe, 0xb0, 0x0, 0xc, 0x6, 0x60, 0x1f,
    0xb0, 0x0, 0xc, 0x7, 0x90, 0x5a, 0xb0, 0x0,
    0x5e, 0xee, 0xb0, 0xb5, 0xb0, 0x23, 0x23, 0x6,
    0x65, 0xa2, 0xb0, 0x56, 0x0, 0x6, 0x6c, 0x0,
    0xdc, 0xd2, 0x0, 0x0, 0x0, 0x0, 0x0, 0x0,

    /* U+804A "聊" */
    0x0, 0x0, 0x0, 0x4, 0x0, 0x0, 0x3e, 0xde,
    0xc2, 0xba, 0x0, 0x0, 0x9, 0x16, 0x5b, 0x50,
    0x4d, 0xc8, 0x9, 0x16, 0x5b, 0xb, 0x48, 0x29,
    0x9, 0xcd, 0x5b, 0xb, 0x48, 0x29, 0x9, 0x16,
    0x5b, 0xb, 0x48, 0x29, 0x9, 0xcd, 0x5b, 0xc,
    0x48, 0x29, 0x9, 0x16, 0x5b, 0xc, 0x48, 0x29,
    0x9, 0x17, 0x7d, 0xbb, 0x48, 0x29, 0x3d, 0xcd,
    0x96, 0x77, 0x4b, 0xa4, 0x0, 0x6, 0x52, 0xc0,
    0x48, 0x0, 0x0, 0x6, 0x5b, 0x20, 0x48, 0x0,
    0x0, 0x0, 0x0, 0x0, 0x0, 0x0,

    /* U+804C "职" */
    0x8f, 0xce, 0xe2, 0x0, 0x0, 0x0, 0xd, 0x5,
    0x76, 0xed, 0xdd, 0xe0, 0xd, 0x5, 0x76, 0x80,
    0x0, 0xe0, 0xe, 0xcd, 0x76, 0x80, 0x0, 0xe0,
    0xd, 0x5, 0x76, 0x80, 0x0, 0xe0, 0xe, 0xcd,
    0x75, 0xdd, 0xdd, 0xc0, 0xd, 0x5, 0x70, 0x0,
    0x0, 0x0, 0xd, 0x7, 0xb1, 0x74, 0x9, 0x10,
    0x8f, 0xdc, 0xa1, 0xe1, 0x6, 0x90, 0x10, 0x5,
    0x78, 0x80, 0x0, 0xe1, 0x0, 0x5, 0x7b, 0x0,
    0x0, 0x73,

    /* U+8054 "联" */
    0x0, 0x0, 0x0, 0x20, 0x0, 0x20, 0x5f, 0xdd,
    0xe1, 0xc4, 0x7, 0x90, 0xc, 0x3, 0x80, 0x3c,
    0xd, 0x10, 0xc, 0x3, 0x86, 0xab, 0xce, 0xa2,
    0xc, 0xcd, 0x82, 0x46, 0xd4, 0x41, 0xc, 0x3,
    0x80, 0x2, 0xb0, 0x0, 0xc, 0xcd, 0x8a, 0xcd,
    0xfc, 0xc8, 0xc, 0x3, 0x80, 0x6, 0xe1, 0x0,
    0xc, 0x16, 0xb4, 0xb, 0xd6, 0x0, 0x5f, 0xdc,
    0xb2, 0x4c, 0x1c, 0x0, 0x0, 0x3, 0x83, 0xe3,
    0x7, 0xb1, 0x0, 0x3, 0x9d, 0x30, 0x0, 0x68,
    0x0, 0x0, 0x0, 0x0, 0x0, 0x0,

    /* U+8083 "肃" */
    0x0, 0x0, 0x3, 0xa0, 0x0, 0x0, 0x0, 0xac,
    0xcd, 0xec, 0xce, 0x70, 0x4, 0x44, 0x47, 0xc4,
    0x4a, 0x92, 0x4, 0x44, 0x47, 0xc4, 0x4a, 0x92,
    0x0, 0xac, 0xcd, 0xec, 0xce, 0x70, 0x0, 0x10,
    0x3, 0xa0, 0x0, 0x0, 0x0, 0xc0, 0x73, 0xa5,
    0x23, 0xa0, 0x0, 0xc0, 0xc3, 0xa5, 0x83, 0xa0,
    0x1, 0xb4, 0x83, 0xa0, 0xc3, 0xa0, 0x7, 0x64,
    0x23, 0xa0, 0x43, 0xa0, 0x1c, 0x0, 0x3, 0xa0,
    0x3, 0xa0, 0x0, 0x0, 0x0, 0x0, 0x0, 0x0,

    /* U+8089 "肉" */
    0x0, 0x0, 0x5a, 0x0, 0x0, 0x11, 0x11, 0x79,
    0x11, 0x11, 0xec, 0xcc, 0xfd, 0xcc, 0xce, 0xe0,
    0x2, 0xf9, 0x0, 0xe, 0xe0, 0x1c, 0x56, 0xd4,
    0xe, 0xe3, 0xc5, 0x55, 0x1b, 0x2e, 0xe0, 0x0,
    0xc6, 0x0, 0xe, 0xe0, 0x6, 0xbc, 0x80, 0xe,
    0xe2, 0xab, 0x0, 0x9c, 0x1e, 0xe1, 0x30, 0x0,
    0x4, 0xe, 0xe0, 0x0, 0x0, 0xc, 0xea, 0x0,
    0x0, 0x0, 0x0, 0x0,

    /* U+809A "肚" */
    0xc, 0xdd, 0xd0, 0x0, 0xe0, 0x0, 0xc, 0x0,
    0xd0, 0x0, 0xe0, 0x0, 0xc, 0x0, 0xd0, 0x0,
    0xe0, 0x0, 0xc, 0xbb, 0xd0, 0x11, 0xe1, 0x10,
    0xd, 0x33, 0xd5, 0xcc, 0xfc, 0xc6, 0xd, 0x0,
    0xd0, 0x0, 0xe0, 0x0, 0xe, 0xdd, 0xd0, 0x0,
    0xe0, 0x0, 0xd, 0x0, 0xd0, 0x0, 0xe0, 0x0,
    0x3b, 0x0, 0xd0, 0x0, 0xe0, 0x0, 0x68, 0x0,
    0xd8, 0xaa, 0xfa, 0xa7, 0x74, 0x5d, 0x92, 0x33,
    0x33, 0x32, 0x0, 0x0, 0x0, 0x0, 0x0, 0x0,

    /* U+80A0 "肠" */
    0xd, 0xdf, 0x4d, 0xdd, 0xde, 0x50, 0xc, 0xb,
    0x10, 0x0, 0xba, 0x0, 0xc, 0xb, 0x10, 0x1c,
    0x90, 0x0, 0xd, 0xcf, 0x14, 0xd6, 0x0, 0x0,
    0xc, 0x2c, 0x2d, 0xee, 0xee, 0xe3, 0xd, 0xb,
    0x10, 0xa3, 0x95, 0xa2, 0xe, 0xdf, 0x13, 0xb1,
    0xe0, 0xb1, 0xc, 0xb, 0x4c, 0x18, 0x70, 0xd0,
    0x2b, 0xb, 0x22, 0x3c, 0x0, 0xd0, 0x68, 0xb,
    0x12, 0xd2, 0x3, 0xb0, 0x83, 0x9c, 0x2c, 0x20,
    0xbd, 0x40, 0x0, 0x0, 0x0, 0x0, 0x0, 0x0,

    /* U+80A1 "股" */
    0xc, 0xdd, 0xc0, 0xdd, 0xdd, 0x0, 0xc, 0x0,
    0xc0, 0xd0, 0xd, 0x0, 0xc, 0x11, 0xc1, 0xc0,
    0xd, 0x0, 0xc, 0xcc, 0xc9, 0x70, 0xd, 0x92,
    0xd, 0x0, 0xc8, 0x0, 0x0, 0x20, 0xd, 0x0,
    0xcc, 0xee, 0xee, 0x80, 0xe, 0xdd, 0xc3, 0xa0,
    0xa, 0x40, 0xc, 0x0, 0xc0, 0x94, 0x3c, 0x0,
    0x2b, 0x0, 0xc0, 0x1d, 0xd1, 0x0, 0x68, 0x0,
    0xc0, 0x7c, 0xd7, 0x0, 0x83, 0x5d, 0x9c, 0x60,
    0x19, 0xe3, 0x0, 0x0, 0x0, 0x0, 0x0, 0x0,

    /* U+80A4 "肤" */
    0xb, 0xdd, 0xd0, 0x3, 0x90, 0x0, 0xb, 0x10,
    0xd0, 0x4, 0x90, 0x0, 0xb, 0x10, 0xd9, 0xff,
    0xff, 0xf3, 0xb, 0xdc, 0xd0, 0x3, 0x90, 0x0,
    0xb, 0x10, 0xd0, 0x4, 0x90, 0x0, 0xc, 0x10,
    0xdb, 0xde, 0xfd, 0xd6, 0xd, 0xdc, 0xd0, 0x9,
    0xe0, 0x0, 0xd, 0x0, 0xd0, 0xe, 0xa5, 0x0,
    0x1d, 0x0, 0xd0, 0x59, 0x1c, 0x0, 0x59, 0x0,
    0xd3, 0xd2, 0x7, 0xa0, 0x74, 0x1d, 0xac, 0x30,
    0x0, 0x77, 0x0, 0x0, 0x0, 0x0, 0x0, 0x0,

    /* U+80A9 "肩" */
    0x0, 0x0, 0x0, 0x10, 0x0, 0x0, 0x0, 0x0,
    0x3c, 0x0, 0x0, 0x0, 0xec, 0xcc, 0xdc, 0xcc,
    0xa0, 0xd, 0x0, 0x0, 0x0, 0x2b, 0x0, 0xfc,
    0xcc, 0xcc, 0xcd, 0xb0, 0x1d, 0x14, 0x44, 0x44,
    0x44, 0x2, 0xb6, 0xb6, 0x66, 0x66, 0xe0, 0x3a,
    0x6d, 0x99, 0x99, 0x9e, 0x6, 0x86, 0x80, 0x0,
    0x0, 0xe0, 0xa4, 0x6d, 0xaa, 0xaa, 0xaf, 0x1d,
    0x6, 0x80, 0x0, 0x0, 0xe1, 0x40, 0x68, 0x0,
    0x7, 0xca,

    /* U+80AF "肯" */
    0x0, 0x67, 0x6, 0x70, 0x0, 0x0, 0x0, 0x67,
    0x6, 0xec, 0xcc, 0x0, 0x0, 0x67, 0x6, 0x70,
    0x0, 0x0, 0x2c, 0xcc, 0xcc, 0xcc, 0xcc, 0xc2,
    0x0, 0x45, 0x55, 0x55, 0x54, 0x0, 0x0, 0xb7,
    0x55, 0x55, 0x7b, 0x0, 0x0, 0xbb, 0xbb, 0xbb,
    0xbb, 0x0, 0x0, 0xb2, 0x0, 0x0, 0x2b, 0x0,
    0x0, 0xbc, 0xbb, 0xbb, 0xcb, 0x0, 0x0, 0xb2,
    0x0, 0x0, 0x2b, 0x0, 0x0, 0xb2, 0x0, 0xc,
    0xd8, 0x0, 0x0, 0x0, 0x0, 0x0, 0x0, 0x0,

    /* U+80C3 "胃" */
    0xbb, 0xaa, 0xfa, 0xaa, 0xf0, 0xb2, 0x0, 0xd0,
    0x0, 0xd0, 0xbb, 0x99, 0xf9, 0x99, 0xf0, 0xb5,
    0x22, 0xe2, 0x22, 0xe0, 0x57, 0x77, 0x77, 0x77,
    0x70, 0xa, 0xbb, 0xbb, 0xbb, 0x20, 0xd, 0x33,
    0x33, 0x3b, 0x30, 0xd, 0x77, 0x77, 0x7d, 0x30,
    0xe, 0xaa, 0xaa, 0xae, 0x30, 0xd, 0x0, 0x0,
    0xa, 0x30, 0xd, 0x0, 0x4, 0xcd, 0x10,

    /* U+80C6 "胆" */
    0xd, 0xdd, 0xd0, 0xfd, 0xdd, 0xd0, 0xd, 0x0,
    0xd0, 0xd0, 0x0, 0xd0, 0xd, 0x0, 0xd0, 0xd0,
    0x0, 0xd0, 0xd, 0xdd, 0xd0, 0xd0, 0x0, 0xd0,
    0xd, 0x33, 0xd0, 0xfd, 0xdd, 0xd0, 0xd, 0x0,
    0xd0, 0xd0, 0x0, 0xd0, 0xe, 0xcc, 0xd0, 0xd0,
    0x0, 0xd0, 0xd, 0x0, 0xd0, 0xed, 0xdd, 0xd0,
    0x2b, 0x0, 0xd0, 0x0, 0x0, 0x0, 0x68, 0x0,
    0xd1, 0x11, 0x11, 0x10, 0x93, 0x5d, 0x99, 0xcc,
    0xcc, 0xc6, 0x0, 0x0, 0x0, 0x0, 0x0, 0x0,

    /* U+80CC "背" */
    0x0, 0x4, 0x80, 0xd0, 0x3, 0x30, 0xb, 0xbd,
    0x80, 0xda, 0xb8, 0x30, 0x0, 0x28, 0x80, 0xd1,
    0x0, 0x41, 0x3b, 0x88, 0x80, 0x9c, 0xbb, 0xd1,
    0x0, 0x25, 0x62, 0x33, 0x32, 0x0, 0x0, 0xd7,
    0x66, 0x66, 0x8b, 0x0, 0x0, 0xda, 0xaa, 0xaa,
    0xbb, 0x0, 0x0, 0xd0, 0x0, 0x0, 0x2b, 0x0,
    0x0, 0xdb, 0xaa, 0xaa, 0xbb, 0x0, 0x0, 0xd0,
    0x0, 0x0, 0x3b, 0x0, 0x0, 0xd0, 0x0, 0x4c,
    0xc7, 0x0, 0x0, 0x0, 0x0, 0x0, 0x0, 0x0,

    /* U+80DC "胜" */
    0xd, 0xdd, 0xa0, 0xa0, 0xd0, 0x0, 0xc, 0x2,
    0xa2, 0xc0, 0xd0, 0x0, 0xc, 0x2, 0xa5, 0xd8,
    0xf8, 0x83, 0xd, 0xdd, 0xab, 0x86, 0xe6, 0x63,
    0xd, 0x2, 0xcd, 0x0, 0xd0, 0x0, 0xd, 0x2,
    0xb1, 0x0, 0xd0, 0x0, 0xe, 0xdd, 0xa5, 0xdd,
    0xfd, 0xd3, 0xc, 0x2, 0xa0, 0x0, 0xd0, 0x0,
    0x1b, 0x2, 0xa0, 0x0, 0xd0, 0x0, 0x58, 0x2,
    0xa0, 0x0, 0xd0, 0x0, 0x83, 0x6d, 0x7c, 0xdd,
    0xfd, 0xda, 0x0, 0x0, 0x0, 0x0, 0x0, 0x0,

    /* U+80E1 "胡" */
    0x0, 0xd, 0x0, 0x1f, 0xdd, 0xf0, 0x22, 0xe2,
    0x22, 0xb0, 0xd, 0x5f, 0xff, 0xff, 0x3b, 0x0,
    0xd0, 0x0, 0xd0, 0x1, 0xfc, 0xcf, 0x0, 0xd,
    0x0, 0x2b, 0x0, 0xd0, 0x9c, 0xfc, 0x73, 0xb0,
    0xd, 0xc, 0x20, 0x58, 0x4e, 0xdd, 0xf0, 0xc1,
    0x5, 0x86, 0x70, 0xd, 0xc, 0x32, 0x78, 0xb3,
    0x0, 0xd0, 0xca, 0x99, 0x8d, 0x0, 0xe, 0x3,
    0x0, 0x9, 0x40, 0x6d, 0xb0, 0x0, 0x0, 0x0,
    0x0, 0x0,

    /* U+80F6 "胶" */
    0x0, 0x0, 0x0, 0x7, 0x0, 0x0, 0xc, 0xdf,
    0x20, 0xa, 0x60, 0x0, 0xc, 0xa, 0x5b, 0xbd,
    0xcb, 0xb0, 0xc, 0xa, 0x34, 0x63, 0x46, 0x30,
    0xc, 0xdf, 0x25, 0xb0, 0x2d, 0x10, 0xc, 0xa,
    0x4d, 0x10, 0x4, 0xc0, 0xc, 0xa, 0x97, 0x90,
    0x2b, 0x71, 0xd, 0xdf, 0x20, 0xc2, 0x86, 0x0,
    0xc, 0xa, 0x20, 0x4c, 0xc0, 0x0, 0x1c, 0xa,
    0x20, 0x2f, 0x90, 0x0, 0x59, 0xa, 0x24, 0xd5,
    0xba, 0x10, 0x84, 0x6d, 0x9b, 0x20, 0x7, 0xd1,
    0x0, 0x0, 0x0, 0x0, 0x0, 0x0,

    /* U+80F8 "胸" */
    0x0, 0x0, 0x1, 0x30, 0x0, 0x0, 0xc, 0xdf,
    0x7, 0x80, 0x0, 0x0, 0xc, 0xc, 0xd, 0xdc,
    0xcc, 0xc4, 0xc, 0xc, 0x6a, 0x22, 0x22, 0x85,
    0xc, 0xdf, 0xd4, 0x41, 0x72, 0x75, 0xc, 0xc,
    0x48, 0xa9, 0x3b, 0x75, 0xc, 0xc, 0x37, 0x3e,
    0xb, 0x75, 0xd, 0xdf, 0x38, 0xb8, 0x6b, 0x75,
    0xc, 0xc, 0x3b, 0x60, 0x8b, 0x75, 0x2b, 0xc,
    0x3d, 0xbb, 0xbd, 0x84, 0x58, 0xc, 0x0, 0x0,
    0x0, 0x93, 0x63, 0xbb, 0x0, 0x0, 0x8c, 0xd0,
    0x0, 0x0, 0x0, 0x0, 0x0, 0x0,

    /* U+80FD "能" */
    0x0, 0x0, 0x0, 0x0, 0x0, 0x0, 0x0, 0xc2,
    0x10, 0x3a, 0x0, 0x0, 0x7, 0x72, 0xc0, 0x3b,
    0x6c, 0x50, 0x3f, 0xbb, 0xd9, 0x3d, 0x50, 0x0,
    0x2, 0x0, 0x15, 0x3a, 0x0, 0x83, 0xa, 0xcc,
    0xc2, 0x1e, 0xaa, 0xd1, 0xd, 0x0, 0xa3, 0x16,
    0x33, 0x0, 0xd, 0xbb, 0xe3, 0x3a, 0x4, 0x70,
    0xd, 0x0, 0xa3, 0x3d, 0xca, 0x10, 0xd, 0xbb,
    0xe3, 0x3c, 0x10, 0x10, 0xd, 0x0, 0xa3, 0x3b,
    0x0, 0x85, 0xd, 0xa, 0xd1, 0xc, 0xdc, 0xb1,

    /* U+8106 "脆" */
    0x0, 0x0, 0x0, 0x51, 0x0, 0x0, 0xd, 0xdf,
    0x0, 0xe1, 0x0, 0x0, 0xc, 0xc, 0x6, 0xec,
    0xcd, 0x0, 0xc, 0xc, 0x1e, 0x30, 0x76, 0x0,
    0xd, 0xcf, 0xaf, 0xcc, 0xcc, 0xc6, 0xc, 0x1c,
    0xbe, 0x0, 0x0, 0x0, 0xd, 0xc, 0xd, 0x2e,
    0xbb, 0xd0, 0xe, 0xae, 0xd, 0x2b, 0x0, 0xc0,
    0xc, 0xc, 0xd, 0x2b, 0x2b, 0x90, 0x3a, 0xc,
    0x2b, 0x2b, 0x0, 0x23, 0x67, 0xc, 0x77, 0x1c,
    0x0, 0x57, 0x93, 0xac, 0xb1, 0xb, 0xcc, 0xc2,
    0x0, 0x0, 0x0, 0x0, 0x0, 0x0,

    /* U+8109 "脉" */
    0x0, 0x0, 0x0, 0x22, 0x0, 0x0, 0xe, 0xdf,
    0x20, 0x4c, 0xd6, 0x0, 0xc, 0xa, 0x20, 0x0,
    0x28, 0x0, 0xc, 0xa, 0x24, 0xee, 0xc0, 0x0,
    0xe, 0xdf, 0x20, 0x11, 0xe0, 0x54, 0xc, 0xa,
    0x58, 0x93, 0xf5, 0xd1, 0xd, 0xa, 0x34, 0xb4,
    0xfe, 0x10, 0xf, 0xdf, 0x20, 0xe0, 0xdc, 0x0,
    0xc, 0xa, 0x27, 0x90, 0xd6, 0x80, 0x3a, 0xa,
    0x8e, 0x10, 0xd0, 0xc5, 0x77, 0xa, 0x93, 0x0,
    0xd0, 0x17, 0x82, 0xad, 0x0, 0x6d, 0xa0, 0x0,
    0x0, 0x0, 0x0, 0x0, 0x0, 0x0,

    /* U+810F "脏" */
    0x0, 0x0, 0x0, 0x3, 0x0, 0x0, 0xd, 0xbe,
    0x0, 0x7, 0x80, 0x0, 0xc, 0xb, 0x7, 0x89,
    0xb8, 0x81, 0xc, 0xb, 0xe, 0x88, 0x99, 0x81,
    0xd, 0xcf, 0xd, 0x0, 0xc0, 0x0, 0xd, 0xb,
    0xd, 0x0, 0xc0, 0x0, 0xd, 0xb, 0xd, 0x6c,
    0xfc, 0xa0, 0xe, 0xcf, 0xd, 0x1, 0xd1, 0x10,
    0xc, 0xb, 0x1d, 0x0, 0xc0, 0x0, 0x2a, 0xb,
    0x3b, 0x0, 0xc0, 0x0, 0x58, 0xb, 0x76, 0x11,
    0xd1, 0x10, 0x73, 0x6c, 0xa2, 0xcc, 0xcc, 0xc2,
    0x0, 0x0, 0x0, 0x0, 0x0, 0x0,

    /* U+8111 "脑" */
    0x0, 0x0, 0x0, 0x3, 0x0, 0x0, 0xe, 0xbf,
    0x0, 0xd, 0x10, 0x0, 0xc, 0xc, 0x47, 0x7c,
    0xa7, 0x72, 0xc, 0xc, 0x58, 0x88, 0x98, 0x82,
    0xe, 0xcf, 0x13, 0x30, 0x75, 0x50, 0xc, 0xc,
    0x49, 0xa4, 0xc0, 0xd0, 0xd, 0xc, 0x49, 0x1d,
    0xa0, 0xd0, 0xf, 0xcf, 0x49, 0xc, 0xb0, 0xd0,
    0x1b, 0xc, 0x49, 0xa7, 0x86, 0xd0, 0x49, 0xc,
    0x4a, 0x70, 0x2, 0xd0, 0x77, 0xc, 0x4e, 0xcc,
    0xcc, 0xf0, 0x72, 0x7b, 0x1, 0x11, 0x11, 0xd0,
    0x0, 0x0, 0x0, 0x0, 0x0, 0x0,

    /* U+811A "脚" */
    0xe, 0xdd, 0x0, 0xb0, 0xcd, 0xf0, 0xb0, 0xb4,
    0x8d, 0x6c, 0xc, 0xb, 0xb, 0x4a, 0xe7, 0xc0,
    0xc0, 0xec, 0xd0, 0xb, 0xc, 0xc, 0xb, 0xb,
    0x46, 0xc5, 0xc0, 0xc0, 0xb0, 0xb5, 0xbb, 0x6c,
    0xc, 0xf, 0xdd, 0x9, 0x42, 0xc0, 0xc1, 0xa0,
    0xb0, 0xa1, 0x7c, 0xc, 0x38, 0xb, 0x4b, 0x8a,
    0xc8, 0xa6, 0x60, 0xb4, 0x73, 0x7c, 0x0, 0x82,
    0xa9, 0x0, 0x0, 0xc0, 0x0, 0x0, 0x0, 0x0,
    0x1, 0x0,

    /* U+8131 "脱" */
    0x0, 0x0, 0x0, 0x20, 0x3, 0x20, 0xc, 0xdd,
    0xa0, 0xd0, 0xe, 0x40, 0xc, 0x2, 0xa0, 0x94,
    0x6a, 0x0, 0xc, 0x2, 0xa7, 0xed, 0xfe, 0xd0,
    0xc, 0xdd, 0xa9, 0x41, 0x13, 0xf0, 0xc, 0x2,
    0xa9, 0x30, 0x2, 0xf0, 0xc, 0x2, 0xa9, 0xba,
    0xab, 0xf0, 0xd, 0xdd, 0xa1, 0x86, 0xb4, 0x20,
    0xc, 0x2, 0xa0, 0xa2, 0xb2, 0x0, 0x1b, 0x2,
    0xa0, 0xc0, 0xb2, 0x3, 0x58, 0x2, 0xa5, 0x90,
    0xb2, 0xb, 0x74, 0x6d, 0x9c, 0x10, 0x6d, 0xd6,
    0x0, 0x0, 0x0, 0x0, 0x0, 0x0,

    /* U+8138 "脸" */
    0x0, 0x0, 0x0, 0x4, 0x30, 0x0, 0xd, 0xdf,
    0x0, 0xe, 0xa0, 0x0, 0xc, 0xc, 0x0, 0x97,
    0x96, 0x0, 0xc, 0xc, 0x6, 0xc0, 0xc, 0x40,
    0xd, 0x9e, 0x7f, 0x52, 0x23, 0xc5, 0xd, 0x5d,
    0xa4, 0xaa, 0xa9, 0x16, 0xd, 0xc, 0x3, 0x4,
    0x10, 0x60, 0xf, 0xdf, 0x9, 0x26, 0x51, 0xb0,
    0xc, 0xc, 0x4, 0x73, 0x87, 0x40, 0x3a, 0xc,
    0x0, 0x40, 0x2b, 0x0, 0x77, 0xc, 0x7a, 0xaa,
    0xcc, 0xa5, 0x83, 0x8c, 0x12, 0x22, 0x22, 0x21,
    0x0, 0x0, 0x0, 0x0, 0x0, 0x0,

    /* U+813E "脾" */
    0x0, 0x0, 0x0, 0x2, 0x30, 0x0, 0xc, 0xdf,
    0x20, 0x8, 0x70, 0x0, 0xc, 0xa, 0x2a, 0xbe,
    0xdb, 0xc0, 0xc, 0xa, 0x2d, 0x3, 0x90, 0xd0,
    0xc, 0xdf, 0x2d, 0xac, 0xda, 0xf0, 0xc, 0xa,
    0x2d, 0x5, 0x80, 0xd0, 0xc, 0xa, 0x29, 0xbf,
    0xbb, 0xb0, 0xd, 0xdf, 0x21, 0xa9, 0x83, 0x0,
    0xc, 0xa, 0x39, 0x81, 0xa5, 0x10, 0x1c, 0xa,
    0x7a, 0xaa, 0xdc, 0xa5, 0x58, 0xa, 0x20, 0x0,
    0x93, 0x0, 0x74, 0x9d, 0x10, 0x0, 0x93, 0x0,
    0x0, 0x0, 0x0, 0x0, 0x0, 0x0,

    /* U+8170 "腰" */
    0xe, 0xdf, 0x7c, 0xed, 0xff, 0xf2, 0xb, 0xc,
    0x0, 0xa1, 0xc0, 0x0, 0xb, 0xc, 0x4e, 0xfe,
    0xfe, 0xb0, 0xe, 0xdf, 0x46, 0x92, 0xb0, 0xc0,
    0xc, 0xc, 0x49, 0xb6, 0xc5, 0xc0, 0xc, 0x1c,
    0x15, 0x98, 0x55, 0x40, 0xe, 0xae, 0x6b, 0xec,
    0xbb, 0xb3, 0xa, 0xc, 0x7, 0x70, 0x2e, 0x10,
    0x39, 0xc, 0xe, 0x92, 0xb7, 0x0, 0x76, 0xc,
    0x0, 0x8f, 0xf6, 0x0, 0x92, 0xbb, 0x5c, 0xb4,
    0x28, 0xd1, 0x0, 0x0, 0x0, 0x0, 0x0, 0x0,

    /* U+8179 "腹" */
    0x0, 0x0, 0x0, 0x41, 0x0, 0x0, 0xc, 0xdf,
    0x21, 0xf3, 0x0, 0x0, 0xc, 0xa, 0x39, 0xec,
    0xcc, 0xc1, 0xc, 0xa, 0x9f, 0x96, 0x66, 0x50,
    0xc, 0xdf, 0x57, 0xb3, 0x33, 0xd0, 0xc, 0xa,
    0x22, 0xd9, 0x99, 0xd0, 0xc, 0xa, 0x22, 0xc7,
    0x77, 0xd0, 0xd, 0xdf, 0x20, 0x6d, 0x33, 0x20,
    0xc, 0xa, 0x24, 0xeb, 0xad, 0x90, 0x1c, 0xa,
    0x9d, 0x7b, 0x4d, 0x10, 0x59, 0xa, 0x31, 0x4c,
    0xf8, 0x10, 0x74, 0x9d, 0x6c, 0x72, 0x6, 0xc3,
    0x0, 0x0, 0x0, 0x0, 0x0, 0x0,

    /* U+817E "腾" */
    0x0, 0x0, 0x2, 0x4, 0x2, 0x0, 0xe, 0xdf,
    0xb, 0x1d, 0xb, 0x20, 0xb, 0xc, 0x3b, 0xae,
    0x9c, 0x90, 0xb, 0xc, 0x12, 0x88, 0x22, 0x20,
    0xe, 0xdf, 0x8b, 0xec, 0xbb, 0xb5, 0xc, 0xc,
    0x1c, 0x50, 0xb, 0x40, 0xc, 0xc, 0xcb, 0xbb,
    0xca, 0xb5, 0xf, 0xdf, 0x6, 0x40, 0x66, 0x0,
    0x1a, 0xc, 0x6, 0xa9, 0xaa, 0xc0, 0x38, 0xc,
    0x39, 0x99, 0x92, 0xc0, 0x66, 0xc, 0x0, 0x0,
    0x3, 0x90, 0x82, 0xab, 0x0, 0x0, 0xac, 0x40,
    0x0, 0x0, 0x0, 0x0, 0x0, 0x0,

    /* U+817F "腿" */
    0xe, 0xcd, 0x52, 0x2d, 0xbb, 0xc0, 0xb, 0xc,
    0x4a, 0x2a, 0x0, 0xc0, 0xb, 0xc, 0xb, 0x2e,
    0xbb, 0xd0, 0xe, 0xcd, 0x0, 0x2a, 0x0, 0xc0,
    0xb, 0xc, 0x9d, 0x2e, 0xbb, 0xd0, 0xc, 0xc,
    0xc, 0x2a, 0x50, 0x51, 0xf, 0xcd, 0xc, 0x2a,
    0x4d, 0x80, 0xa, 0xc, 0xc, 0x2b, 0x68, 0x70,
    0x39, 0xc, 0xd, 0x7c, 0x60, 0xa0, 0x66, 0xc,
    0x9b, 0x91, 0x0, 0x0, 0x72, 0xcb, 0x80, 0x4b,
    0xcd, 0xd7, 0x0, 0x0, 0x0, 0x0, 0x0, 0x0,

    /* U+8180 "膀" */
    0x0, 0x0, 0x0, 0x4, 0x10, 0x0, 0xe, 0xdf,
    0x0, 0x7, 0x50, 0x0, 0xc, 0xc, 0x5c, 0xcc,
    0xcd, 0xa0, 0xc, 0xc, 0x0, 0xd0, 0x1c, 0x0,
    0xe, 0xcf, 0x6b, 0xfc, 0xdd, 0xb1, 0xc, 0xc,
    0x94, 0x5, 0x10, 0xb1, 0xd, 0x1c, 0x47, 0x6b,
    0xa6, 0x80, 0xe, 0xbf, 0x14, 0xb8, 0x44, 0x30,
    0xb, 0xc, 0x0, 0xcb, 0xaa, 0x40, 0x39, 0xc,
    0x0, 0xd1, 0x18, 0x60, 0x76, 0xc, 0x9, 0x60,
    0xa, 0x40, 0x92, 0xbc, 0x87, 0x2, 0xcc, 0x0,
    0x0, 0x0, 0x0, 0x0, 0x0, 0x0,

    /* U+818F "膏" */
    0x0, 0x0, 0x4, 0x90, 0x0, 0x0, 0x9, 0x99,
    0x99, 0x99, 0x99, 0x94, 0x0, 0x7a, 0x66, 0x66,
    0x7d, 0x0, 0x0, 0x48, 0x88, 0x88, 0x87, 0x0,
    0xe, 0x88, 0x88, 0x88, 0x88, 0xc5, 0x8, 0xe,
    0x88, 0x88, 0xc5, 0x53, 0x0, 0x6, 0x66, 0x66,
    0x62, 0x0, 0x0, 0x9b, 0x88, 0x88, 0x8f, 0x0,
    0x0, 0x9a, 0x77, 0x77, 0x7f, 0x0, 0x0, 0x9b,
    0x88, 0x88, 0x8f, 0x0, 0x0, 0x94, 0x0, 0x7,
    0x9b, 0x0,

    /* U+81C2 "臂" */
    0x0, 0x0, 0x0, 0x0, 0x60, 0x0, 0xc, 0x99,
    0xaa, 0x8a, 0xaa, 0xa0, 0xc, 0x0, 0x1a, 0x8,
    0x5, 0x10, 0xd, 0x99, 0x96, 0x5c, 0x5d, 0x62,
    0x1e, 0xb9, 0x9a, 0x44, 0xe4, 0x41, 0x79, 0xa2,
    0x2c, 0x8a, 0xfa, 0xa0, 0x21, 0x77, 0x75, 0x0,
    0x90, 0x0, 0x0, 0xfa, 0xaa, 0xaa, 0xad, 0x0,
    0x0, 0xf8, 0x88, 0x88, 0x8d, 0x0, 0x0, 0xfa,
    0xaa, 0xaa, 0xad, 0x0, 0x0, 0xf0, 0x0, 0x0,
    0xd, 0x0, 0x0, 0xf0, 0x0, 0x7, 0xba, 0x0,

    /* U+81EA "自" */
    0x0, 0x2, 0x10, 0x0, 0x0, 0x0, 0xc2, 0x0,
    0x0, 0xaa, 0xaf, 0xaa, 0xaa, 0xf, 0x33, 0x33,
    0x33, 0xe1, 0xe0, 0x0, 0x0, 0xd, 0x1f, 0xdd,
    0xdd, 0xdd, 0xf1, 0xe0, 0x0, 0x0, 0xd, 0x1e,
    0x0, 0x0, 0x0, 0xd1, 0xfd, 0xdd, 0xdd, 0xdf,
    0x1e, 0x0, 0x0, 0x0, 0xd1, 0xfc, 0xcc, 0xcc,
    0xcf, 0x1e, 0x11, 0x11, 0x11, 0xd1,

    /* U+81F3 "至" */
    0xb, 0xdd, 0xfe, 0xdd, 0xdd, 0xd3, 0x0, 0x2,
    0xe2, 0x1, 0x10, 0x0, 0x0, 0xc, 0x70, 0x5,
    0xd1, 0x0, 0x0, 0xab, 0x0, 0x0, 0x9d, 0x10,
    0x3, 0xfd, 0xcc, 0xcb, 0xab, 0xb0, 0x0, 0x0,
    0x3, 0x80, 0x0, 0x30, 0x0, 0xaa, 0xab, 0xea,
    0xaa, 0x50, 0x0, 0x33, 0x36, 0xb3, 0x33, 0x10,
    0x0, 0x0, 0x4, 0xa0, 0x0, 0x0, 0x2, 0x22,
    0x25, 0xb2, 0x22, 0x21, 0x1b, 0xbb, 0xbb, 0xbb,
    0xbb, 0xb6,

    /* U+81F4 "致" */
    0x0, 0x0, 0x0, 0x9, 0x10, 0x0, 0x5d, 0xfd,
    0xdc, 0xf, 0x0, 0x0, 0x1, 0xd0, 0x0, 0x3d,
    0x0, 0x0, 0x8, 0x61, 0xa0, 0x7f, 0xdd, 0xd6,
    0x2f, 0x66, 0xd6, 0xd7, 0x6, 0x70, 0x28, 0x77,
    0x4c, 0xdc, 0xa, 0x40, 0x0, 0x2b, 0x5, 0x3c,
    0x2d, 0x10, 0x2d, 0xdf, 0xdb, 0x6, 0xba, 0x0,
    0x0, 0x2b, 0x0, 0x1, 0xf4, 0x0, 0x0, 0x2c,
    0x58, 0x8, 0xea, 0x0, 0x5d, 0xeb, 0x87, 0xab,
    0xa, 0xb1, 0x11, 0x0, 0x6, 0x70, 0x0, 0x74,

    /* U+820C "舌" */
    0x0, 0x0, 0x0, 0x0, 0x0, 0x0, 0x0, 0x1,
    0x23, 0x57, 0xbc, 0x10, 0x2, 0xcb, 0xab, 0xd5,
    0x20, 0x0, 0x0, 0x0, 0x3, 0xa0, 0x0, 0x0,
    0x1b, 0xbb, 0xbc, 0xeb, 0xbb, 0xb7, 0x1, 0x11,
    0x15, 0xb1, 0x11, 0x10, 0x0, 0x0, 0x3, 0xa0,
    0x0, 0x0, 0x0, 0x9d, 0xdd, 0xfd, 0xdd, 0x30,
    0x0, 0xb3, 0x0, 0x0, 0xa, 0x40, 0x0, 0xb3,
    0x0, 0x0, 0xa, 0x40, 0x0, 0xb5, 0x22, 0x22,
    0x2b, 0x40, 0x0, 0xbb, 0xaa, 0xaa, 0xac, 0x30,

    /* U+8212 "舒" */
    0x0, 0x6, 0x0, 0x0, 0x0, 0x0, 0x0, 0x8e,
    0x40, 0x8c, 0xce, 0xd0, 0x5, 0xb1, 0xd4, 0x2,
    0xc, 0x50, 0x5d, 0x10, 0x2c, 0x2c, 0xa9, 0x0,
    0x15, 0xcf, 0xb0, 0x1, 0xc5, 0x0, 0x0, 0xc,
    0x0, 0xaa, 0xbe, 0xa3, 0xc, 0xcf, 0xc9, 0x33,
    0xe3, 0xd2, 0x0, 0xc, 0x0, 0x0, 0xd1, 0xa0,
    0xb, 0xcc, 0xd8, 0x0, 0xd0, 0x0, 0xb, 0x10,
    0x58, 0x0, 0xd0, 0x0, 0xb, 0xcb, 0xd8, 0x0,
    0xd0, 0x0, 0xb, 0x10, 0x35, 0x1d, 0xc0, 0x0,

    /* U+8214 "舔" */
    0x0, 0x26, 0x50, 0x0, 0x0, 0x0, 0x1c, 0xd8,
    0x16, 0xdf, 0xdd, 0xd0, 0x0, 0x84, 0x0, 0xc,
    0x10, 0x0, 0x0, 0x84, 0x5, 0x5e, 0x55, 0x52,
    0x3c, 0xed, 0xb9, 0xcc, 0x9e, 0x94, 0x0, 0x84,
    0x1, 0xc0, 0x8, 0x50, 0x0, 0x84, 0x1c, 0x48,
    0x0, 0xc5, 0xd, 0xdd, 0xb5, 0x3c, 0x22, 0x74,
    0xb, 0x1, 0xb5, 0x6c, 0x73, 0xb1, 0xb, 0x1,
    0xbb, 0x2c, 0x38, 0x57, 0xe, 0xbc, 0xb4, 0xc,
    0x2, 0x3, 0xa, 0x0, 0x60, 0x9b, 0x0, 0x0,

    /* U+822A "航" */
    0x0, 0x0, 0x0, 0x0, 0x0, 0x0, 0x0, 0x67,
    0x0, 0xc, 0x20, 0x0, 0x6, 0xca, 0x80, 0x5,
    0x80, 0x0, 0xa, 0x53, 0xca, 0xdd, 0xdd, 0xd4,
    0xa, 0x74, 0xc0, 0x0, 0x0, 0x0, 0xa, 0x25,
    0xc0, 0xdb, 0xbf, 0x0, 0x6e, 0xcb, 0xe0, 0xd0,
    0xd, 0x0, 0xb, 0x50, 0xc0, 0xd0, 0xd, 0x0,
    0xc, 0x37, 0xc0, 0xd0, 0xd, 0x0, 0xc, 0x4,
    0xc0, 0xc0, 0xd, 0x2, 0x2a, 0x0, 0xc4, 0x90,
    0xd, 0x18, 0x75, 0xb, 0xcb, 0x20, 0xa, 0xc5,
    0x0, 0x0, 0x0, 0x0, 0x0, 0x0,

    /* U+822C "般" */
    0x0, 0x5, 0x0, 0x0, 0x0, 0x0, 0x0, 0x38,
    0x0, 0x2e, 0xcf, 0x0, 0x8, 0xdc, 0xd2, 0x2a,
    0xd, 0x0, 0x9, 0x51, 0xa2, 0x48, 0xd, 0x0,
    0x9, 0x69, 0xa3, 0xc4, 0xb, 0x93, 0x9, 0x33,
    0xa3, 0x50, 0x0, 0x20, 0x8e, 0xdc, 0xe2, 0xdd,
    0xcd, 0xa0, 0xa, 0x42, 0xa2, 0x79, 0x6, 0x70,
    0xc, 0x39, 0xa2, 0xe, 0x2c, 0x10, 0xd, 0x4,
    0xa2, 0x5, 0xe6, 0x0, 0x4a, 0x0, 0xa2, 0x2a,
    0xcc, 0x40, 0x85, 0xc, 0xd4, 0xd4, 0x3, 0xb1,
    0x0, 0x0, 0x0, 0x0, 0x0, 0x0,

    /* U+8239 "船" */
    0x0, 0x25, 0x0, 0x0, 0x0, 0x0, 0x0, 0x56,
    0x0, 0x4e, 0xcf, 0x0, 0x7, 0xdc, 0xb0, 0x47,
    0xc, 0x0, 0xa, 0x41, 0xb0, 0x66, 0xc, 0x0,
    0xa, 0x57, 0xb0, 0x93, 0xc, 0x0, 0xa, 0x25,
    0xb5, 0xc0, 0xb, 0x82, 0x9f, 0xdc, 0xf2, 0x10,
    0x0, 0x30, 0xb, 0x42, 0xb0, 0xcd, 0xdd, 0x90,
    0xc, 0x29, 0xb0, 0xc0, 0x3, 0x90, 0xd, 0x2,
    0xb0, 0xc0, 0x3, 0x90, 0x3b, 0x0, 0xb0, 0xca,
    0xab, 0x90, 0x85, 0xa, 0xc0, 0xc2, 0x25, 0x90,
    0x0, 0x0, 0x0, 0x0, 0x0, 0x0,

    /* U+826F "良" */
    0x0, 0x0, 0x0, 0x0, 0x0, 0x0, 0x0, 0x8,
    0x60, 0x0, 0x0, 0xd, 0xcc, 0xcd, 0xcc, 0xd0,
    0x0, 0xe0, 0x0, 0x0, 0xe, 0x0, 0xe, 0xbb,
    0xbb, 0xbb, 0xe0, 0x0, 0xe0, 0x0, 0x0, 0xe,
    0x0, 0xe, 0xcc, 0xcc, 0xcc, 0xe0, 0x0, 0xe0,
    0xc, 0x40, 0x7, 0x50, 0xe, 0x0, 0x3e, 0x4b,
    0x80, 0x0, 0xe0, 0x1, 0x4f, 0x80, 0x0, 0x1f,
    0x9d, 0xc0, 0x2b, 0xc7, 0x13, 0x94, 0x0, 0x0,
    0x2, 0x80,

    /* U+8272 "色" */
    0x0, 0x0, 0x0, 0x0, 0x0, 0x0, 0x0, 0x2,
    0xd0, 0x0, 0x0, 0x0, 0x0, 0xc, 0xdc, 0xcf,
    0x80, 0x0, 0x1, 0xb6, 0x0, 0x4c, 0x0, 0x0,
    0x3e, 0xfd, 0xdd, 0xfe, 0xdd, 0x80, 0x23, 0xd0,
    0x1, 0xc0, 0x3, 0xa0, 0x0, 0xd0, 0x1, 0xc0,
    0x3, 0xa0, 0x0, 0xfd, 0xdd, 0xfd, 0xde, 0xa0,
    0x0, 0xd0, 0x0, 0x0, 0x1, 0x50, 0x0, 0xd0,
    0x0, 0x0, 0x0, 0xb, 0x0, 0xe1, 0x0, 0x0,
    0x0, 0x4a, 0x0, 0x7d, 0xdd, 0xdd, 0xdd, 0xd3,

    /* U+8273 "艳" */
    0x0, 0x0, 0x0, 0x0, 0x0, 0x0, 0x0, 0x85,
    0x0, 0x4b, 0x0, 0x0, 0x0, 0x85, 0x0, 0xdd,
    0xbb, 0x0, 0x6d, 0xee, 0xda, 0x91, 0x3b, 0x0,
    0x0, 0x85, 0xd, 0xaa, 0xcc, 0x80, 0x2d, 0xee,
    0xa7, 0x60, 0xc0, 0xd0, 0x0, 0x85, 0x7, 0x60,
    0xc0, 0xd0, 0x0, 0x85, 0x7, 0xdc, 0xfc, 0xd0,
    0x7d, 0xee, 0xd8, 0x71, 0x11, 0x10, 0x0, 0x85,
    0x7, 0x60, 0x0, 0x21, 0x0, 0x85, 0x7, 0x70,
    0x0, 0x75, 0x0, 0x85, 0x3, 0xdc, 0xcc, 0xd1,

    /* U+8282 "节" */
    0x0, 0x7, 0x70, 0x3, 0xb0, 0x0, 0x1d, 0xde,
    0xed, 0xde, 0xfd, 0xd7, 0x0, 0x7, 0x70, 0x3,
    0xb0, 0x0, 0x0, 0x4, 0x40, 0x2, 0x60, 0x0,
    0xb, 0xdd, 0xdd, 0xdd, 0xdd, 0x50, 0x0, 0x0,
    0x95, 0x0, 0x8, 0x60, 0x0, 0x0, 0x95, 0x0,
    0x8, 0x60, 0x0, 0x0, 0x95, 0x0, 0x9, 0x60,
    0x0, 0x0, 0x95, 0x9, 0xde, 0x30, 0x0, 0x0,
    0x95, 0x0, 0x10, 0x0, 0x0, 0x0, 0x95, 0x0,
    0x0, 0x0,

    /* U+8292 "芒" */
    0x0, 0x7, 0x50, 0x3, 0xa0, 0x0, 0x1d, 0xde,
    0xed, 0xde, 0xfd, 0xd7, 0x0, 0x7, 0x51, 0x3,
    0xa0, 0x0, 0x0, 0x2, 0x1a, 0x70, 0x30, 0x0,
    0x0, 0x0, 0x0, 0xb2, 0x0, 0x0, 0xa, 0xee,
    0xdd, 0xdd, 0xdd, 0xd0, 0x0, 0x76, 0x0, 0x0,
    0x0, 0x0, 0x0, 0x76, 0x0, 0x0, 0x0, 0x0,
    0x0, 0x76, 0x0, 0x0, 0x0, 0x0, 0x0, 0x7e,
    0xdd, 0xdd, 0xdd, 0x40, 0x0, 0x0, 0x0, 0x0,
    0x0, 0x0,

    /* U+829C "芜" */
    0x0, 0x5, 0x80, 0x2, 0xb0, 0x0, 0xc, 0xcd,
    0xec, 0xcd, 0xfc, 0xc6, 0x0, 0x4, 0x70, 0x2,
    0xa0, 0x0, 0x1, 0xcc, 0xcc, 0xcc, 0xcc, 0x50,
    0x0, 0x0, 0x4, 0xa0, 0x0, 0x0, 0x0, 0x0,
    0x5, 0x80, 0x0, 0x0, 0xd, 0xdd, 0xdf, 0xfe,
    0xdd, 0xd5, 0x0, 0x0, 0xd, 0xb3, 0x0, 0x0,
    0x0, 0x0, 0x89, 0xa3, 0x0, 0x0, 0x0, 0x1a,
    0xb0, 0xa3, 0x0, 0x47, 0x1c, 0xc5, 0x0, 0x6d,
    0xcc, 0xc3, 0x1, 0x0, 0x0, 0x0, 0x0, 0x0,

    /* U+82B1 "花" */
    0x0, 0x9, 0x50, 0xa, 0x40, 0x0, 0x6d, 0xdf,
    0xed, 0xdf, 0xed, 0xd1, 0x0, 0x9, 0x50, 0xa,
    0x40, 0x0, 0x0, 0x5, 0x10, 0x70, 0x0, 0x0,
    0x0, 0x3d, 0x0, 0xe0, 0x3, 0x20, 0x1, 0xd6,
    0x0, 0xe0, 0x8d, 0x30, 0x1d, 0xe4, 0x0, 0xfd,
    0x70, 0x0, 0x36, 0x94, 0x6c, 0xf0, 0x0, 0x0,
    0x0, 0x94, 0x20, 0xe0, 0x0, 0x52, 0x0, 0x94,
    0x0, 0xe0, 0x0, 0xa3, 0x0, 0x94, 0x0, 0xae,
    0xdd, 0xc0,

    /* U+82BD "芽" */
    0x0, 0x5, 0x70, 0x3, 0xa0, 0x0, 0x1d, 0xde,
    0xed, 0xdd, 0xfd, 0xd5, 0x0, 0x5, 0x70, 0x3,
    0xa0, 0x0, 0x6, 0xdd, 0xdd, 0xdd, 0xdd, 0xb0,
    0x0, 0x54, 0x0, 0x3, 0xa0, 0x0, 0x0, 0xa3,
    0x0, 0x3, 0xa0, 0x0, 0x0, 0xed, 0xdd, 0xde,
    0xfd, 0xd6, 0x0, 0x0, 0x6, 0xd6, 0xa0, 0x0,
    0x0, 0x3, 0xca, 0x13, 0xa0, 0x0, 0x7, 0xda,
    0x30, 0x3, 0xa0, 0x0, 0x6, 0x10, 0x4, 0xdd,
    0x60, 0x0,

    /* U+82D4 "苔" */
    0x0, 0x5, 0x80, 0x3, 0xa0, 0x0, 0x1d, 0xde,
    0xed, 0xde, 0xfd, 0xd6, 0x0, 0x4, 0x64, 0x2,
    0x80, 0x0, 0x0, 0x0, 0xb8, 0x6, 0x70, 0x0,
    0x0, 0x2c, 0x50, 0x0, 0xa9, 0x0, 0x4, 0xfe,
    0xcc, 0xcb, 0xab, 0x90, 0x0, 0x10, 0x0, 0x0,
    0x0, 0x50, 0x0, 0x9e, 0xdd, 0xdd, 0xdf, 0x20,
    0x0, 0x94, 0x0, 0x0, 0xb, 0x20, 0x0, 0x9c,
    0xaa, 0xaa, 0xae, 0x20, 0x0, 0x96, 0x22, 0x22,
    0x2b, 0x20,

    /* U+82DB "苛" */
    0x0, 0x5, 0x80, 0x2, 0xb0, 0x0, 0xd, 0xde,
    0xed, 0xdd, 0xfd, 0xd6, 0x0, 0x5, 0x80, 0x2,
    0xb0, 0x0, 0x8, 0x88, 0x88, 0x88, 0x88, 0x85,
    0x3, 0x33, 0x33, 0x33, 0x4e, 0x31, 0x0, 0x6b,
    0xbb, 0xb1, 0xd, 0x0, 0x0, 0x94, 0x0, 0xc1,
    0xd, 0x0, 0x0, 0x94, 0x0, 0xc1, 0xd, 0x0,
    0x0, 0x9d, 0xcc, 0xe1, 0xd, 0x0, 0x0, 0x52,
    0x0, 0x0, 0x1d, 0x0, 0x0, 0x0, 0x0, 0x1d,
    0xd9, 0x0,

    /* U+82E6 "苦" */
    0x0, 0x6, 0x70, 0x2, 0xb0, 0x0, 0xd, 0xde,
    0xed, 0xdd, 0xfd, 0xd5, 0x0, 0x6, 0x72, 0x42,
    0xb0, 0x0, 0x0, 0x1, 0x15, 0x90, 0x20, 0x0,
    0x1d, 0xdd, 0xde, 0xed, 0xdd, 0xd5, 0x0, 0x0,
    0x5, 0x90, 0x0, 0x0, 0x0, 0x7a, 0xac, 0xda,
    0xaa, 0x20, 0x0, 0xb5, 0x22, 0x22, 0x2c, 0x30,
    0x0, 0xb2, 0x0, 0x0, 0xb, 0x30, 0x0, 0xbb,
    0xaa, 0xaa, 0xae, 0x30, 0x0, 0xb5, 0x22, 0x22,
    0x2b, 0x30,

    /* U+8303 "范" */
    0x0, 0x5, 0x80, 0x1, 0xc0, 0x0, 0x1d, 0xde,
    0xed, 0xdd, 0xfd, 0xd7, 0x0, 0x5, 0x80, 0x1,
    0xc0, 0x0, 0x1, 0xb4, 0x9, 0xbb, 0xbb, 0x70,
    0x0, 0x2b, 0x1d, 0x32, 0x25, 0xa0, 0x7, 0x20,
    0xd, 0x0, 0x3, 0xa0, 0x5, 0xd5, 0xd, 0x0,
    0x4, 0xa0, 0x0, 0x3, 0x2d, 0x1, 0xcc, 0x40,
    0x0, 0x1d, 0x2d, 0x0, 0x0, 0x13, 0x1, 0xc4,
    0xd, 0x10, 0x0, 0x4a, 0xa, 0x50, 0x7, 0xed,
    0xdd, 0xe4, 0x0, 0x0, 0x0, 0x0, 0x0, 0x0,

    /* U+8304 "茄" */
    0x0, 0x5, 0x80, 0x2, 0xb0, 0x0, 0xd, 0xde,
    0xed, 0xdd, 0xfd, 0xd6, 0x0, 0x29, 0x80, 0x2,
    0xb0, 0x0, 0x0, 0x68, 0x0, 0x3, 0x43, 0x30,
    0x1d, 0xee, 0xdd, 0x2e, 0x88, 0xe1, 0x0, 0x85,
    0xd, 0x1c, 0x0, 0xc1, 0x0, 0xb2, 0xd, 0x1c,
    0x0, 0xc1, 0x0, 0xd0, 0xd, 0x1c, 0x0, 0xc1,
    0x2, 0xc0, 0xd, 0x1c, 0x0, 0xc1, 0x9, 0x60,
    0x1c, 0x1f, 0xdd, 0xf1, 0x2b, 0x8, 0xd7, 0x1c,
    0x0, 0xa1, 0x0, 0x0, 0x0, 0x0, 0x0, 0x0,

    /* U+8336 "茶" */
    0x0, 0x8, 0x50, 0x1, 0xd0, 0x0, 0x1d, 0xde,
    0xed, 0xdd, 0xfd, 0xd6, 0x0, 0x8, 0x54, 0x81,
    0xd0, 0x0, 0x0, 0x0, 0x5d, 0xa9, 0x10, 0x0,
    0x0, 0x3a, 0xb2, 0x35, 0xc6, 0x0, 0x1b, 0xc5,
    0x4, 0xa0, 0x18, 0xd6, 0x3, 0x9d, 0xde, 0xfd,
    0xdd, 0x11, 0x0, 0x4, 0x14, 0xa0, 0x50, 0x0,
    0x0, 0x4d, 0x4, 0xa0, 0xa9, 0x0, 0x5, 0xd2,
    0x4, 0xa0, 0x9, 0x90, 0x3, 0x10, 0x8d, 0x70,
    0x0, 0x40,

    /* U+8346 "荆" */
    0x11, 0xd2, 0x5a, 0x10, 0x0, 0xd6, 0xcf, 0xcd,
    0xec, 0x38, 0xd, 0x0, 0xc0, 0x48, 0x2, 0xa0,
    0xd2, 0xaa, 0xaa, 0xa9, 0x2a, 0xd, 0x2, 0xd2,
    0x5b, 0x22, 0xa0, 0xd0, 0xd, 0x3, 0xa0, 0x2a,
    0xd, 0x6c, 0xfc, 0xde, 0xc4, 0xa0, 0xd0, 0xd,
    0x3, 0xa0, 0x2a, 0xd, 0x4, 0xa0, 0x3a, 0x0,
    0x0, 0xd0, 0xb4, 0x3, 0xa0, 0x0, 0xd, 0x58,
    0x0, 0x39, 0x0, 0x9d, 0x90, 0x0, 0x0, 0x0,
    0x0, 0x0,

    /* U+8349 "草" */
    0x0, 0x6, 0x70, 0x6, 0x60, 0x0, 0xc, 0xce,
    0xec, 0xce, 0xec, 0xc5, 0x0, 0x5, 0x61, 0x16,
    0x61, 0x0, 0x0, 0xc8, 0x77, 0x77, 0x8d, 0x0,
    0x0, 0xcb, 0xaa, 0xaa, 0xbd, 0x0, 0x0, 0xc0,
    0x0, 0x0, 0xd, 0x0, 0x0, 0xcb, 0xbb, 0xbb,
    0xbd, 0x0, 0x0, 0x0, 0x7, 0x60, 0x0, 0x0,
    0x1c, 0xcc, 0xce, 0xec, 0xcc, 0xc6, 0x0, 0x0,
    0x7, 0x60, 0x0, 0x0, 0x0, 0x0, 0x7, 0x60,
    0x0, 0x0,

    /* U+8350 "荐" */
    0x0, 0xc, 0x10, 0x6, 0x70, 0x0, 0x6c, 0xcf,
    0xdc, 0xce, 0xec, 0xc2, 0x0, 0x9, 0x91, 0x5,
    0x50, 0x0, 0x5c, 0xcd, 0xfc, 0xcc, 0xcc, 0xc1,
    0x0, 0x1d, 0x20, 0x0, 0x0, 0x0, 0x0, 0xc6,
    0x2b, 0xbb, 0xdd, 0x10, 0x2d, 0xf1, 0x0, 0x8,
    0x91, 0x0, 0x64, 0xc2, 0xbb, 0xbf, 0xcb, 0xb2,
    0x0, 0xc1, 0x0, 0xc, 0x10, 0x0, 0x0, 0xc1,
    0x0, 0xc, 0x10, 0x0, 0x0, 0xc1, 0x3, 0xbc,
    0x0, 0x0,

    /* U+8352 "荒" */
    0x0, 0x9, 0x40, 0x5, 0x80, 0x0, 0x4c, 0xce,
    0xdc, 0xcd, 0xec, 0xc4, 0x0, 0x7, 0x37, 0x44,
    0x60, 0x0, 0x2c, 0xcc, 0xcd, 0xec, 0xcc, 0xc2,
    0x0, 0xa4, 0x0, 0x0, 0x0, 0x0, 0x0, 0xad,
    0xcc, 0xcc, 0xcc, 0x40, 0x0, 0x0, 0x0, 0x0,
    0x0, 0x0, 0x0, 0x68, 0x8, 0x50, 0xb2, 0x0,
    0x0, 0x77, 0x8, 0x50, 0xb2, 0x0, 0x2, 0xd1,
    0x8, 0x50, 0xb2, 0x46, 0x3d, 0x40, 0x8, 0x50,
    0x7c, 0xd4, 0x0, 0x0, 0x0, 0x0, 0x0, 0x0,

    /* U+836B "荫" */
    0x0, 0x7, 0x60, 0x5, 0x90, 0x0, 0x1c, 0xce,
    0xec, 0xcd, 0xec, 0xc7, 0x0, 0x15, 0x50, 0x3,
    0x50, 0x0, 0xa, 0xaa, 0xe0, 0xec, 0xcc, 0xf0,
    0xa, 0x19, 0x40, 0xe0, 0x0, 0xd0, 0xa, 0x3c,
    0x0, 0xec, 0xcc, 0xf0, 0xa, 0x14, 0xa0, 0xe0,
    0x0, 0xd0, 0xa, 0x10, 0xd1, 0xfb, 0xbb, 0xf0,
    0xa, 0x5b, 0xa3, 0xa0, 0x0, 0xd0, 0xa, 0x10,
    0xb, 0x40, 0x0, 0xd0, 0xa, 0x10, 0x68, 0x0,
    0xac, 0xb0, 0x0, 0x0, 0x0, 0x0, 0x0, 0x0,

    /* U+8393 "莓" */
    0x0, 0x8, 0x50, 0x2, 0xb0, 0x0, 0x1c, 0xce,
    0xdc, 0xcc, 0xec, 0xc7, 0x0, 0x6a, 0x41, 0x12,
    0x71, 0x10, 0x1, 0xc9, 0x99, 0x99, 0x99, 0x93,
    0xc, 0x6b, 0xab, 0xaa, 0xab, 0x20, 0x2, 0x77,
    0x6, 0xa2, 0xa, 0x20, 0x1b, 0xdd, 0xbb, 0xdc,
    0xbe, 0xc7, 0x0, 0x93, 0xb, 0x60, 0xc, 0x10,
    0x0, 0xb2, 0x0, 0x94, 0xd, 0x0, 0x0, 0x8a,
    0xaa, 0xaa, 0xbe, 0xa3, 0x0, 0x0, 0x0, 0x1b,
    0xc6, 0x0,

    /* U+83B7 "获" */
    0x0, 0x3, 0xa0, 0x3, 0xa0, 0x0, 0x1d, 0xdd,
    0xfd, 0xdd, 0xfd, 0xd6, 0x0, 0x3, 0x80, 0x3,
    0x80, 0x0, 0x5, 0xa7, 0x70, 0x8, 0x6b, 0x20,
    0x3, 0xdc, 0x0, 0x8, 0x42, 0x90, 0x1a, 0x2c,
    0x5d, 0xdf, 0xed, 0xd6, 0x0, 0x3f, 0x30, 0xc,
    0xa0, 0x0, 0x5, 0xca, 0x40, 0x1d, 0xc1, 0x0,
    0x1a, 0x19, 0x40, 0xa5, 0x49, 0x0, 0x0, 0xb,
    0x27, 0xb0, 0xb, 0x70, 0x5, 0xca, 0x6a, 0x0,
    0x0, 0x95, 0x0, 0x0, 0x0, 0x0, 0x0, 0x0,

    /* U+83C7 "菇" */
    0x0, 0x3, 0xa0, 0x5, 0x90, 0x0, 0x1d, 0xde,
    0xfd, 0xde, 0xfd, 0xd7, 0x0, 0x3, 0x90, 0x4,
    0x70, 0x0, 0x0, 0x57, 0x0, 0x0, 0xc1, 0x0,
    0x3c, 0xfd, 0xe7, 0xcc, 0xfd, 0xc7, 0x0, 0xc0,
    0xa2, 0x0, 0xd1, 0x0, 0x5, 0x80, 0xd0, 0x0,
    0xd1, 0x0, 0x8, 0x95, 0x80, 0xdc, 0xcc, 0xf1,
    0x0, 0x6f, 0x70, 0xd0, 0x0, 0xb1, 0x4, 0xd4,
    0xa7, 0xda, 0xaa, 0xe1, 0x1c, 0x40, 0x0, 0xd2,
    0x22, 0xb1,

    /* U+83DC "菜" */
    0x0, 0x4, 0xa0, 0x4, 0xa0, 0x0, 0xc, 0xcd,
    0xec, 0xcd, 0xec, 0xc6, 0x0, 0x4, 0x92, 0x38,
    0xda, 0x30, 0x7, 0xcb, 0xaa, 0x87, 0x53, 0x10,
    0x0, 0xa0, 0xb, 0x30, 0x8, 0x70, 0x0, 0x87,
    0x5, 0x60, 0x2c, 0x0, 0x0, 0x11, 0x4, 0x90,
    0x12, 0x0, 0x1c, 0xcc, 0xdf, 0xfe, 0xcc, 0xc7,
    0x0, 0x4, 0xc8, 0xbb, 0x70, 0x0, 0x5, 0xbb,
    0x14, 0x90, 0x8c, 0x72, 0x19, 0x20, 0x4, 0x90,
    0x1, 0x74,

    /* U+840E "萎" */
    0x0, 0x8, 0x50, 0x9, 0x40, 0x0, 0x6c, 0xce,
    0xdc, 0xce, 0xdc, 0xc1, 0x0, 0x17, 0x63, 0x5b,
    0xa5, 0x0, 0x3, 0x76, 0x6b, 0x83, 0x10, 0x0,
    0x4b, 0xbb, 0xef, 0xfe, 0xbb, 0xb1, 0x1, 0x6b,
    0x68, 0x57, 0xb6, 0x20, 0x5a, 0x50, 0x88, 0x20,
    0x5, 0x91, 0x5b, 0xbd, 0xeb, 0xbc, 0xdb, 0xb0,
    0x0, 0x3f, 0x61, 0xa, 0x60, 0x0, 0x0, 0x2,
    0x8e, 0xee, 0x50, 0x0, 0x2c, 0xcb, 0xa6, 0x12,
    0x7c, 0xa0, 0x0, 0x0, 0x0, 0x0, 0x0, 0x0,

    /* U+8425 "营" */
    0x0, 0x6, 0x70, 0x2, 0xb0, 0x0, 0x1d, 0xde,
    0xed, 0xdd, 0xfd, 0xd6, 0x0, 0x4, 0x50, 0x1,
    0x80, 0x0, 0xb, 0xaa, 0xaa, 0xaa, 0xaa, 0xe2,
    0xb, 0x19, 0xaa, 0xaa, 0xa4, 0xa2, 0x3, 0xd,
    0x0, 0x0, 0x76, 0x20, 0x0, 0x9, 0x99, 0x99,
    0x94, 0x0, 0x0, 0x8a, 0xaa, 0xaa, 0xaa, 0x30,
    0x0, 0xc3, 0x22, 0x22, 0x29, 0x50, 0x0, 0xc1,
    0x0, 0x0, 0x8, 0x50, 0x0, 0xcc, 0xbb, 0xbb,
    0xbd, 0x50,

    /* U+843D "落" */
    0x0, 0x5, 0x80, 0x3, 0xa0, 0x0, 0xc, 0xcd,
    0xec, 0xcd, 0xec, 0xc6, 0x0, 0x24, 0x60, 0x73,
    0x80, 0x0, 0x2, 0xba, 0x7, 0xdb, 0xbc, 0x90,
    0x1, 0x2, 0x9a, 0xc3, 0x4d, 0x10, 0x1c, 0x91,
    0x50, 0x4f, 0xf3, 0x0, 0x0, 0x50, 0x6c, 0xb4,
    0x4b, 0xb5, 0x0, 0x18, 0x7d, 0xbb, 0xbb, 0x93,
    0x0, 0xa5, 0xd, 0x0, 0x4, 0x90, 0x7, 0x90,
    0xd, 0x0, 0x5, 0x90, 0xa, 0x0, 0xe, 0xaa,
    0xac, 0x90,

    /* U+8471 "葱" */
    0xc, 0xcd, 0xec, 0xcd, 0xec, 0xc5, 0x0, 0x8,
    0x50, 0x1, 0x50, 0x0, 0x0, 0x3f, 0x20, 0x0,
    0x0, 0x0, 0x1, 0xdc, 0xbf, 0xbe, 0xcc, 0x90,
    0xd, 0x98, 0xb9, 0x2c, 0x6, 0x80, 0x1, 0x1a,
    0x77, 0xfc, 0x39, 0x50, 0x0, 0x94, 0xb, 0x52,
    0xcd, 0x10, 0x0, 0x0, 0x15, 0x60, 0x0, 0x0,
    0x1, 0xa5, 0x70, 0xc3, 0x9, 0x40, 0x9, 0x55,
    0x80, 0x10, 0xb2, 0xd0, 0x19, 0x2, 0xdd, 0xcd,
    0xb0, 0x62,

    /* U+84DD "蓝" */
    0x0, 0x6, 0x80, 0x4, 0x90, 0x0, 0x1c, 0xcd,
    0xec, 0xcd, 0xec, 0xc7, 0x0, 0x3, 0x70, 0x7,
    0x40, 0x0, 0x3, 0x90, 0xc0, 0x5e, 0xcc, 0xa0,
    0x3, 0x90, 0xc0, 0xb1, 0x90, 0x0, 0x3, 0x90,
    0xc4, 0x80, 0x87, 0x0, 0x1, 0x30, 0x90, 0x0,
    0x8, 0x0, 0x0, 0xcb, 0xcc, 0xbc, 0xbc, 0x20,
    0x0, 0xd0, 0x74, 0xb, 0xa, 0x30, 0x0, 0xd0,
    0x74, 0xb, 0xa, 0x30, 0x2c, 0xfc, 0xed, 0xce,
    0xce, 0xd8,

    /* U+8584 "薄" */
    0xc, 0xcd, 0xec, 0xcc, 0xec, 0xc7, 0x3, 0x22,
    0x40, 0x8, 0x68, 0x60, 0x5, 0xe4, 0xaa, 0xae,
    0xaa, 0xe5, 0x0, 0x37, 0x33, 0x3d, 0x43, 0x31,
    0x4, 0x0, 0x9a, 0x8e, 0x98, 0xe0, 0x9, 0xc1,
    0x9a, 0x8e, 0x88, 0xe0, 0x0, 0x20, 0x9a, 0x8e,
    0x88, 0xe0, 0x0, 0x32, 0x62, 0x7, 0x16, 0x90,
    0x0, 0xc4, 0xbe, 0xbb, 0xce, 0xb7, 0x6, 0x80,
    0x9, 0x90, 0x1b, 0x0, 0xa, 0x0, 0x0, 0x34,
    0xc9, 0x0,

    /* U+85AF "薯" */
    0xb, 0xbc, 0xeb, 0xbc, 0xeb, 0xb5, 0x0, 0x67,
    0x96, 0x67, 0x96, 0x40, 0x1, 0xd5, 0xa8, 0x5d,
    0x57, 0xa0, 0x1, 0xe9, 0xcb, 0x9e, 0x9a, 0xa0,
    0x0, 0x45, 0x5e, 0x55, 0x44, 0x70, 0x0, 0x56,
    0x6e, 0x67, 0xea, 0x0, 0x1a, 0xaa, 0xaf, 0xcd,
    0xda, 0xa5, 0x0, 0x27, 0xcf, 0xa6, 0x66, 0x20,
    0x2d, 0xad, 0x53, 0x33, 0x39, 0x60, 0x0, 0xb,
    0x98, 0x88, 0x8b, 0x60, 0x0, 0xb, 0x99, 0x99,
    0x9b, 0x60,

    /* U+85CF "藏" */
    0x0, 0x3, 0xa0, 0x4, 0x90, 0x0, 0xb, 0xbc,
    0xeb, 0xbd, 0xec, 0xc5, 0x0, 0x2, 0x60, 0x2,
    0xc3, 0xa0, 0xa, 0x1e, 0xcc, 0xcc, 0xfc, 0xc7,
    0xb, 0x1b, 0x58, 0x87, 0xc0, 0x60, 0xb, 0xcb,
    0xa2, 0xa1, 0xb2, 0xc0, 0x3, 0x2a, 0xa9, 0x9c,
    0x99, 0x70, 0x5e, 0xb9, 0xa5, 0x5b, 0x6e, 0x10,
    0xa, 0x38, 0xa3, 0xb3, 0x6b, 0x0, 0xc, 0x64,
    0xa9, 0x9c, 0xcc, 0x1a, 0x56, 0x90, 0x30, 0x1b,
    0x13, 0xd6, 0x0, 0x0, 0x0, 0x0, 0x0, 0x0,

    /* U+8611 "蘑" */
    0x1b, 0xbc, 0xeb, 0xcc, 0xeb, 0xb6, 0x1, 0x24,
    0x65, 0xc4, 0x72, 0x21, 0x6, 0xdb, 0xbb, 0xbb,
    0xbb, 0xb5, 0x6, 0x84, 0x97, 0x34, 0x87, 0x40,
    0x6, 0x84, 0xec, 0x35, 0xed, 0x50, 0x6, 0x8a,
    0x87, 0x6a, 0x86, 0xa2, 0x7, 0x85, 0x54, 0x44,
    0x55, 0x33, 0x8, 0x68, 0xbd, 0x88, 0x88, 0x82,
    0xb, 0x23, 0xec, 0xaa, 0xaa, 0x70, 0xd, 0x6c,
    0xc2, 0x0, 0x3, 0x90, 0x28, 0x0, 0xab, 0xaa,
    0xab, 0x90,

    /* U+8651 "虑" */
    0x0, 0x0, 0x9, 0x73, 0x33, 0x10, 0x0, 0x0,
    0x9, 0x97, 0x77, 0x30, 0x8, 0xbb, 0xbe, 0xdb,
    0xbb, 0xb1, 0xa, 0x30, 0x9, 0x40, 0x1, 0xe0,
    0xa, 0x47, 0x9d, 0xdc, 0xc5, 0x40, 0xb, 0x35,
    0x39, 0x50, 0x0, 0xa1, 0xc, 0x10, 0x2, 0xab,
    0xbb, 0x70, 0xd, 0x0, 0x0, 0x94, 0x1, 0x0,
    0xd, 0xb, 0x1b, 0xb, 0x28, 0x70, 0x3a, 0x58,
    0xc, 0x0, 0x25, 0xc2, 0x94, 0x50, 0xc, 0xbb,
    0xc4, 0x22, 0x0, 0x0, 0x0, 0x0, 0x0, 0x0,

    /* U+867D "虽" */
    0x0, 0xad, 0xcc, 0xcc, 0xcf, 0x10, 0x0, 0xa4,
    0x0, 0x0, 0xe, 0x10, 0x0, 0xab, 0x99, 0x99,
    0x9f, 0x10, 0x0, 0x12, 0x23, 0xe2, 0x22, 0x0,
    0x0, 0x22, 0x23, 0xe2, 0x22, 0x10, 0x2, 0xea,
    0xaa, 0xfa, 0xac, 0x90, 0x2, 0xc0, 0x1, 0xd0,
    0x6, 0x90, 0x2, 0xfd, 0xdd, 0xfd, 0xdd, 0x80,
    0x1, 0x90, 0x1, 0xd0, 0x44, 0x0, 0x1, 0x12,
    0x24, 0xe4, 0x6f, 0x60, 0x1c, 0xcb, 0xaa, 0x98,
    0x77, 0xc4, 0x0, 0x0, 0x0, 0x0, 0x0, 0x0,

    /* U+86CB "蛋" */
    0x0, 0x0, 0x0, 0x0, 0x0, 0x0, 0x7, 0xcc,
    0xcc, 0xfc, 0xcc, 0xd0, 0x0, 0x8, 0x1, 0xc0,
    0x6, 0x80, 0x0, 0x4e, 0x1, 0xea, 0xac, 0x20,
    0x1, 0xd9, 0xb5, 0xd0, 0x0, 0x0, 0x1d, 0x80,
    0x39, 0xcc, 0xcc, 0xd3, 0x27, 0x0, 0x0, 0xa0,
    0x0, 0x0, 0x0, 0xfb, 0xbb, 0xfb, 0xbe, 0x20,
    0x0, 0xd1, 0x12, 0xd1, 0x1c, 0x20, 0x0, 0x99,
    0x9a, 0xe9, 0xbb, 0x10, 0x1, 0x11, 0x13, 0xd3,
    0x6d, 0x20, 0xc, 0xcb, 0xaa, 0x98, 0x87, 0xd2,
    0x0, 0x0, 0x0, 0x0, 0x0, 0x10,

    /* U+8712 "蜒" */
    0x0, 0xa2, 0x2c, 0xe6, 0x9b, 0x80, 0x1, 0xa4,
    0x10, 0xc3, 0xab, 0x10, 0xe, 0xdb, 0x82, 0xa0,
    0x9, 0x10, 0xa, 0x82, 0x89, 0x51, 0x79, 0x20,
    0xa, 0x82, 0x9a, 0xb7, 0xa9, 0xb3, 0xd, 0xca,
    0x84, 0x66, 0xa9, 0x10, 0xb, 0xa4, 0x1b, 0x93,
    0xa9, 0x10, 0x4, 0x95, 0x48, 0xd0, 0xa9, 0x10,
    0x0, 0x96, 0xa4, 0xc0, 0xcc, 0xc5, 0x2a, 0xe9,
    0xba, 0xb8, 0x0, 0x0, 0x24, 0x0, 0x77, 0x8,
    0xcd, 0xc6, 0x0, 0x0, 0x0, 0x0, 0x0, 0x0,

    /* U+8717 "蜗" */
    0x0, 0x74, 0x3, 0xeb, 0xbb, 0xf0, 0x0, 0x74,
    0x3, 0x90, 0x0, 0xd0, 0xe, 0xfe, 0xa3, 0x90,
    0x0, 0xd0, 0xb, 0x73, 0xb2, 0xbb, 0xfb, 0xb0,
    0xb, 0x62, 0xb0, 0x0, 0xc0, 0x0, 0xb, 0x62,
    0xbb, 0xcc, 0xec, 0xd7, 0xe, 0xed, 0x8b, 0x24,
    0xc0, 0x57, 0x2, 0x76, 0x5b, 0x2b, 0x7a, 0x57,
    0x0, 0x76, 0xab, 0xa8, 0x8, 0x97, 0x2c, 0xca,
    0xcb, 0x30, 0x0, 0x57, 0x0, 0x0, 0x3b, 0x20,
    0xb, 0xc4,

    /* U+871C "蜜" */
    0x0, 0x0, 0x4, 0x70, 0x0, 0x0, 0xf, 0xbb,
    0xbd, 0xbb, 0xcb, 0xf0, 0xb, 0x10, 0x68, 0x87,
    0x80, 0xc0, 0x1, 0xc1, 0xb1, 0xb7, 0x3b, 0x20,
    0x5, 0x45, 0xfe, 0x64, 0xb2, 0x90, 0x8, 0x95,
    0x47, 0x95, 0x20, 0x0, 0x0, 0xcb, 0xbc, 0xdb,
    0xbe, 0x0, 0x0, 0xd2, 0x3, 0x80, 0xe, 0x0,
    0x0, 0x9b, 0xbc, 0xeb, 0xdb, 0x0, 0x0, 0x0,
    0x4, 0x91, 0xab, 0x10, 0xa, 0xcc, 0xbb, 0xa9,
    0x99, 0xc0, 0x0, 0x0, 0x0, 0x0, 0x0, 0x0,

    /* U+873F "蜿" */
    0x0, 0x0, 0x0, 0x0, 0x0, 0x0, 0x0, 0x83,
    0x0, 0x5, 0x80, 0x0, 0x0, 0x83, 0xb, 0xcc,
    0xdc, 0xd3, 0xe, 0xed, 0xac, 0x10, 0x0, 0x93,
    0xa, 0x82, 0xa4, 0x80, 0x35, 0x60, 0xa, 0x82,
    0xa7, 0xce, 0xb7, 0xd1, 0xb, 0x83, 0xbb, 0xb,
    0xb0, 0xa1, 0xe, 0xdb, 0xa9, 0x8b, 0xb0, 0xa1,
    0x2, 0x95, 0x50, 0x97, 0xb7, 0xc0, 0x0, 0x95,
    0xb0, 0xb2, 0xb0, 0x1, 0x2b, 0xeb, 0xc5, 0xa0,
    0xb0, 0x28, 0x3, 0x0, 0x1b, 0x10, 0x8b, 0xc4,
    0x0, 0x0, 0x0, 0x0, 0x0, 0x0,

    /* U+8774 "蝴" */
    0x0, 0x0, 0x0, 0x0, 0x0, 0x0, 0x0, 0xa0,
    0x0, 0xc0, 0xbc, 0xe0, 0x3, 0xb3, 0x0, 0xc0,
    0xb0, 0xb0, 0xe, 0xde, 0x6b, 0xeb, 0xb0, 0xb0,
    0xa, 0x79, 0x23, 0xd3, 0xbc, 0xe0, 0xa, 0x79,
    0x0, 0xc0, 0xb0, 0xb0, 0xb, 0x9a, 0x2a, 0xe7,
    0xb0, 0xb0, 0xd, 0xd9, 0x39, 0x1a, 0xcb, 0xe0,
    0x2, 0x97, 0x39, 0xa, 0xb0, 0xb0, 0x0, 0xaa,
    0x6d, 0x9b, 0xb0, 0xb0, 0x5f, 0xca, 0x98, 0x16,
    0x70, 0xb0, 0x11, 0x1, 0x30, 0xa, 0x7, 0xc0,
    0x0, 0x0, 0x0, 0x0, 0x0, 0x0,

    /* U+8776 "蝶" */
    0x0, 0x0, 0x0, 0x0, 0x0, 0x0, 0x0, 0x82,
    0x8, 0x2c, 0x1, 0xb0, 0x0, 0x82, 0x2c, 0xae,
    0x89, 0xe4, 0xe, 0xec, 0xba, 0x6d, 0x45, 0xd1,
    0xa, 0x71, 0xa8, 0x2c, 0x89, 0xb0, 0xa, 0x71,
    0xa8, 0x21, 0x11, 0x10, 0xb, 0x93, 0xa7, 0xce,
    0xdc, 0xc2, 0xe, 0xec, 0x70, 0x8, 0x60, 0x0,
    0x2, 0x84, 0x5c, 0xcf, 0xfc, 0xc6, 0x0, 0x87,
    0xa0, 0xad, 0xca, 0x0, 0x2b, 0xb7, 0xaa, 0x78,
    0x66, 0xc2, 0x1, 0x0, 0x26, 0x8, 0x60, 0x33,

    /* U+878D "融" */
    0x7c, 0xcc, 0xcc, 0x10, 0xc0, 0x0, 0x4, 0x44,
    0x42, 0x0, 0xc0, 0x0, 0xd, 0x77, 0xa8, 0x6c,
    0xfc, 0xa0, 0xd, 0x55, 0x88, 0x82, 0xa0, 0xb0,
    0x5, 0x55, 0x52, 0x82, 0xa0, 0xb0, 0x6c, 0xbb,
    0xbd, 0x82, 0xa0, 0xb0, 0x65, 0x93, 0x7b, 0x6b,
    0xfb, 0x90, 0x68, 0xbc, 0x7b, 0x0, 0xc2, 0x40,
    0x65, 0x29, 0xb, 0x0, 0xc0, 0xa0, 0x65, 0x19,
    0xb, 0x25, 0xeb, 0xe0, 0x65, 0x19, 0x99, 0x9c,
    0x84, 0x73, 0x0, 0x0, 0x0, 0x0, 0x0, 0x0,

    /* U+8840 "血" */
    0x0, 0x0, 0x1, 0x0, 0x0, 0x0, 0x0, 0x0,
    0xb, 0x50, 0x0, 0x0, 0x0, 0x0, 0x1e, 0x0,
    0x0, 0x0, 0x1, 0xdd, 0xef, 0xdd, 0xdd, 0x80,
    0x1, 0xc0, 0x75, 0xd, 0x4, 0xa0, 0x1, 0xc0,
    0x75, 0xd, 0x4, 0xa0, 0x1, 0xc0, 0x75, 0xd,
    0x4, 0xa0, 0x1, 0xc0, 0x75, 0xd, 0x4, 0xa0,
    0x1, 0xc0, 0x75, 0xd, 0x4, 0xa0, 0x1, 0xc0,
    0x75, 0xd, 0x4, 0xa0, 0x3d, 0xfc, 0xed, 0xcf,
    0xcd, 0xe9, 0x1, 0x11, 0x11, 0x11, 0x11, 0x11,

    /* U+884C "行" */
    0x0, 0x45, 0x0, 0x0, 0x0, 0x0, 0x2, 0xe2,
    0x2d, 0xdd, 0xdd, 0xa0, 0x2d, 0x50, 0x0, 0x0,
    0x0, 0x0, 0x86, 0x9, 0x0, 0x0, 0x0, 0x0,
    0x0, 0x8a, 0x0, 0x0, 0x0, 0x0, 0x4, 0xf2,
    0x9d, 0xdd, 0xfe, 0xd1, 0x4f, 0xf0, 0x0, 0x0,
    0xa4, 0x0, 0x84, 0xe0, 0x0, 0x0, 0xa4, 0x0,
    0x0, 0xe0, 0x0, 0x0, 0xa4, 0x0, 0x0, 0xe0,
    0x0, 0x0, 0xa4, 0x0, 0x0, 0xe0, 0x0, 0x0,
    0xa4, 0x0, 0x0, 0xe0, 0x0, 0x9d, 0xd1, 0x0,
    0x0, 0x10, 0x0, 0x0, 0x0, 0x0,

    /* U+8854 "衔" */
    0x0, 0x62, 0x16, 0x0, 0x0, 0x0, 0x1, 0xd0,
    0x67, 0x0, 0x8d, 0xd7, 0xa, 0x60, 0xce, 0xd7,
    0x0, 0x0, 0x4c, 0x18, 0x90, 0x0, 0x0, 0x0,
    0x2, 0xaa, 0x54, 0x41, 0x22, 0x22, 0x4, 0xe0,
    0x8e, 0x92, 0xac, 0xe8, 0x2e, 0xd0, 0xc, 0x0,
    0x3, 0xa0, 0x24, 0xd4, 0xdf, 0xd7, 0x3, 0xa0,
    0x0, 0xd0, 0xc, 0x0, 0x3, 0xa0, 0x0, 0xd0,
    0xc, 0x13, 0x3, 0xa0, 0x0, 0xd0, 0x1f, 0xd5,
    0x3, 0xa0, 0x0, 0xd0, 0x27, 0x0, 0xae, 0x70,
    0x0, 0x10, 0x0, 0x0, 0x0, 0x0,

    /* U+8857 "街" */
    0x0, 0x10, 0x0, 0x0, 0x0, 0x0, 0x0, 0xd2,
    0xb, 0x20, 0x3c, 0xca, 0xb, 0x72, 0xce, 0xd9,
    0x0, 0x0, 0x38, 0x27, 0xb, 0x20, 0x0, 0x0,
    0x0, 0xc5, 0xb, 0x20, 0x0, 0x0, 0x7, 0xe5,
    0xcc, 0xcc, 0x4d, 0xfc, 0x5d, 0xd0, 0xb, 0x20,
    0x1, 0xc0, 0x11, 0xd4, 0xcf, 0xdb, 0x1, 0xc0,
    0x0, 0xd0, 0xb, 0x20, 0x1, 0xc0, 0x0, 0xd0,
    0xb, 0x44, 0x11, 0xc0, 0x0, 0xd7, 0xed, 0xb9,
    0x11, 0xc0, 0x0, 0xd1, 0x0, 0x0, 0xdd, 0x80,
    0x0, 0x0, 0x0, 0x0, 0x0, 0x0,

    /* U+8863 "衣" */
    0x0, 0x0, 0x6, 0x70, 0x0, 0x0, 0x0, 0x0,
    0x2, 0xd0, 0x0, 0x0, 0x1d, 0xdd, 0xdf, 0xfe,
    0xdd, 0xd6, 0x0, 0x0, 0x5d, 0xc2, 0x0, 0x0,
    0x0, 0x5, 0xd1, 0x76, 0x2, 0xc0, 0x1, 0x9f,
    0x30, 0x3c, 0x3c, 0x20, 0x2e, 0x7b, 0x30, 0xc,
    0xd2, 0x0, 0x1, 0xb, 0x30, 0x4, 0xd0, 0x0,
    0x0, 0xb, 0x30, 0x12, 0x7b, 0x0, 0x0, 0xc,
    0x9b, 0xd5, 0x8, 0xd3, 0x0, 0x2d, 0x82, 0x0,
    0x0, 0x45, 0x0, 0x0, 0x0, 0x0, 0x0, 0x0,

    /* U+8865 "补" */
    0x0, 0x73, 0x0, 0xd, 0x10, 0x0, 0x0, 0x1b,
    0x0, 0xd, 0x10, 0x0, 0x4d, 0xdd, 0xe5, 0xd,
    0x10, 0x0, 0x0, 0x1, 0xc0, 0xd, 0x50, 0x0,
    0x0, 0xc, 0x55, 0xd, 0xca, 0x0, 0x0, 0xaf,
    0x8b, 0xd, 0x18, 0xd1, 0x1c, 0xae, 0xb4, 0xd,
    0x10, 0x64, 0x67, 0xd, 0xb, 0xd, 0x10, 0x0,
    0x0, 0xd, 0x0, 0xd, 0x10, 0x0, 0x0, 0xd,
    0x0, 0xd, 0x10, 0x0, 0x0, 0xd, 0x0, 0xd,
    0x10, 0x0,

    /* U+8868 "表" */
    0x0, 0x0, 0x7, 0x60, 0x0, 0x0, 0x9, 0xcc,
    0xce, 0xec, 0xcc, 0xa0, 0x0, 0x44, 0x4a, 0x94,
    0x44, 0x10, 0x0, 0x66, 0x6a, 0xa6, 0x66, 0x10,
    0x29, 0x99, 0x9c, 0xc9, 0x99, 0x92, 0x2, 0x23,
    0xc8, 0xd3, 0x23, 0x40, 0x0, 0x5e, 0x50, 0x79,
    0x2c, 0x60, 0x3d, 0x9f, 0x0, 0xc, 0xd3, 0x0,
    0x1, 0xe, 0x0, 0x51, 0xd7, 0x0, 0x0, 0x1f,
    0xbd, 0x80, 0x9, 0xd4, 0x0, 0x18, 0x20, 0x0,
    0x0, 0x10,

    /* U+888B "袋" */
    0x0, 0xa, 0x30, 0xa3, 0x59, 0x0, 0x0, 0x7b,
    0x0, 0x77, 0x27, 0x92, 0x8, 0xf6, 0xac, 0xcf,
    0xa8, 0x73, 0x3a, 0x76, 0x0, 0xa, 0x80, 0x14,
    0x0, 0x66, 0x5, 0x20, 0xca, 0xa7, 0x0, 0x22,
    0x3, 0x90, 0x4, 0x50, 0x1c, 0xcc, 0xdf, 0xfd,
    0xcc, 0xc7, 0x0, 0x6, 0xc4, 0x5a, 0x8, 0x90,
    0x1a, 0xcc, 0x50, 0xa, 0xe6, 0x0, 0x2, 0x8,
    0x87, 0xb0, 0x8d, 0x61, 0x0, 0xa, 0x94, 0x10,
    0x2, 0x85,

    /* U+88AB "被" */
    0x1, 0x90, 0x0, 0x1, 0xb0, 0x0, 0x0, 0xa1,
    0x4, 0x45, 0xc4, 0x42, 0x6d, 0xde, 0x2d, 0x89,
    0xe8, 0xc7, 0x0, 0x1b, 0xd, 0x1, 0xb0, 0xa2,
    0x0, 0x95, 0x3d, 0x23, 0xc2, 0x60, 0x4, 0xf9,
    0x6e, 0xfa, 0xaa, 0xe0, 0x3e, 0xec, 0x2c, 0x87,
    0x6, 0x90, 0x53, 0xd3, 0x7a, 0x1e, 0x3e, 0x20,
    0x0, 0xd0, 0x68, 0x4, 0xf7, 0x0, 0x0, 0xd0,
    0xc2, 0x3c, 0x9d, 0x50, 0x0, 0xd2, 0x88, 0xa2,
    0x2, 0xa8,

    /* U+88AD "袭" */
    0x0, 0x0, 0x1, 0x0, 0x0, 0x0, 0x0, 0x0,
    0x77, 0x8, 0xb3, 0x0, 0xc, 0xcc, 0xed, 0xcc,
    0xee, 0xc6, 0x0, 0x3, 0xc0, 0x85, 0x59, 0x0,
    0x0, 0xd, 0x30, 0xad, 0x70, 0x15, 0x6, 0xd5,
    0x8c, 0xba, 0x55, 0x89, 0x5, 0x10, 0x9, 0x45,
    0x66, 0x50, 0x2c, 0xcc, 0xcf, 0xec, 0xcc, 0xc6,
    0x0, 0x6, 0xc4, 0xa5, 0x9, 0x70, 0x1b, 0xcc,
    0x50, 0x1c, 0xe6, 0x0, 0x1, 0x9, 0x75, 0x90,
    0x8d, 0x84, 0x0, 0xd, 0x95, 0x10, 0x0, 0x54,
    0x0, 0x0, 0x0, 0x0, 0x0, 0x0,

    /* U+88C1 "裁" */
    0x0, 0x0, 0x0, 0x0, 0x0, 0x0, 0x0, 0x8,
    0x40, 0xa, 0x47, 0x0, 0x7, 0xce, 0xdc, 0x6a,
    0x45, 0xb0, 0x0, 0x8, 0x40, 0x9, 0x40, 0x50,
    0x1c, 0xce, 0xdc, 0xce, 0xdc, 0xc7, 0x0, 0x5,
    0x40, 0x7, 0x70, 0x40, 0xa, 0xcd, 0xec, 0xb5,
    0x83, 0xd0, 0x0, 0x5b, 0x12, 0x33, 0xbc, 0x50,
    0x7, 0xf5, 0xcc, 0x20, 0xfb, 0x0, 0x18, 0xa2,
    0x1c, 0x43, 0xf4, 0x8, 0x0, 0xba, 0xa1, 0x9e,
    0x8b, 0x29, 0x0, 0x83, 0x1, 0xd2, 0x8, 0xe4,
    0x0, 0x0, 0x0, 0x0, 0x0, 0x0,

    /* U+88C2 "裂" */
    0x8, 0xaf, 0xba, 0x94, 0x80, 0xc1, 0x0, 0x6c,
    0x0, 0x4, 0x80, 0xc1, 0x8, 0xda, 0x9f, 0x34,
    0x80, 0xc1, 0x2, 0x2a, 0xc8, 0x3, 0x50, 0xc1,
    0x3, 0xaf, 0x76, 0x10, 0x37, 0xe1, 0x8, 0x71,
    0x5, 0x90, 0x27, 0x50, 0x1c, 0xcc, 0xde, 0xfc,
    0xcc, 0xc7, 0x0, 0x6, 0xc2, 0x95, 0x8, 0x80,
    0x1a, 0xcd, 0x30, 0xb, 0xd4, 0x0, 0x1, 0xa,
    0x66, 0x93, 0xab, 0x40, 0x0, 0xb, 0x96, 0x20,
    0x3, 0x96,

    /* U+88C5 "装" */
    0x4, 0x9, 0x30, 0x7, 0x70, 0x0, 0x6, 0xa9,
    0x6a, 0xad, 0xca, 0xa4, 0x0, 0xa, 0x32, 0x29,
    0x82, 0x21, 0x4, 0xce, 0x30, 0x7, 0x70, 0x0,
    0x29, 0x29, 0x3b, 0xce, 0xec, 0xc2, 0x0, 0x6,
    0x25, 0x40, 0x0, 0x0, 0x1b, 0xbb, 0xbd, 0xeb,
    0xbb, 0xb7, 0x0, 0x4, 0xb5, 0xa4, 0x5, 0x70,
    0x18, 0xbe, 0x20, 0x1c, 0xb7, 0x0, 0x4, 0xc,
    0x57, 0x91, 0xba, 0x30, 0x0, 0x2c, 0x84, 0x10,
    0x4, 0x96,

    /* U+88E4 "裤" */
    0x0, 0x0, 0x0, 0x0, 0x0, 0x0, 0x5, 0x70,
    0x0, 0x1, 0xb0, 0x0, 0x0, 0xa0, 0x1f, 0xcc,
    0xdc, 0xc8, 0x1c, 0xce, 0x3b, 0x1, 0xb0, 0x0,
    0x0, 0x2b, 0x1b, 0x9d, 0xdc, 0xc5, 0x0, 0xa4,
    0x3b, 0xc, 0x24, 0x0, 0x4, 0xfb, 0x5b, 0x39,
    0x29, 0x0, 0x2c, 0xec, 0x4a, 0x8c, 0xce, 0xb4,
    0x12, 0xd3, 0x69, 0x0, 0x29, 0x0, 0x0, 0xd0,
    0x59, 0xcc, 0xde, 0xc8, 0x0, 0xd0, 0xa4, 0x0,
    0x29, 0x0, 0x0, 0xd0, 0xb0, 0x0, 0x29, 0x0,
    0x0, 0x0, 0x0, 0x0, 0x0, 0x0,

    /* U+897F "西" */
    0x6d, 0xdd, 0xfd, 0xee, 0xdd, 0xd1, 0x0, 0x0,
    0xc0, 0x57, 0x0, 0x0, 0x0, 0x0, 0xc0, 0x57,
    0x0, 0x0, 0xb, 0xdd, 0xfd, 0xee, 0xdd, 0x70,
    0xd, 0x1, 0xc0, 0x57, 0x5, 0x80, 0xd, 0x6,
    0x80, 0x58, 0x5, 0x80, 0xd, 0x7c, 0x0, 0x3e,
    0xce, 0x80, 0xd, 0x40, 0x0, 0x0, 0x6, 0x80,
    0xd, 0x0, 0x0, 0x0, 0x5, 0x80, 0xd, 0xdd,
    0xdd, 0xdd, 0xde, 0x80, 0xd, 0x0, 0x0, 0x0,
    0x5, 0x80,

    /* U+8981 "要" */
    0xc, 0xcc, 0xed, 0xcf, 0xcc, 0xc4, 0x0, 0x0,
    0xa2, 0xd, 0x0, 0x0, 0x4, 0xbb, 0xec, 0xbf,
    0xbb, 0xa0, 0x5, 0x70, 0xa2, 0xd, 0x0, 0xd0,
    0x5, 0xb7, 0xd8, 0x7e, 0x77, 0xd0, 0x1, 0x33,
    0x8a, 0x33, 0x33, 0x30, 0x1c, 0xcc, 0xfd, 0xcc,
    0xcc, 0xc7, 0x0, 0xb, 0x50, 0x2, 0xc0, 0x0,
    0x0, 0x3c, 0xc8, 0x6d, 0x20, 0x0, 0x1, 0x35,
    0x9d, 0x9b, 0xc8, 0x30, 0x9, 0x86, 0x30, 0x0,
    0x5, 0x90,

    /* U+8986 "覆" */
    0x2a, 0xaa, 0xea, 0xae, 0xaa, 0xa2, 0x6, 0x99,
    0xe9, 0xae, 0x99, 0x60, 0x9, 0x52, 0xd2, 0x3d,
    0x25, 0xa0, 0x4, 0xa9, 0x7c, 0x87, 0x77, 0x50,
    0x2, 0xc2, 0x3e, 0xaa, 0xaa, 0xa0, 0x3c, 0x5a,
    0xeb, 0x77, 0x79, 0x40, 0x2, 0xd3, 0x4c, 0x77,
    0x7b, 0x50, 0x3c, 0xd0, 0x1a, 0xc8, 0x79, 0x30,
    0x11, 0xd0, 0x4c, 0xc8, 0x9b, 0x10, 0x0, 0xd1,
    0x73, 0xb8, 0xc2, 0x0, 0x0, 0xd1, 0xaa, 0x74,
    0x69, 0xa3, 0x0, 0x0, 0x0, 0x0, 0x0, 0x0,

    /* U+89C1 "见" */
    0x0, 0xde, 0xee, 0xee, 0xee, 0x0, 0x0, 0xd1,
    0x0, 0x0, 0x1e, 0x0, 0x0, 0xd1, 0x7, 0x40,
    0x1e, 0x0, 0x0, 0xd1, 0xa, 0x40, 0x1e, 0x0,
    0x0, 0xd1, 0xb, 0x30, 0x1e, 0x0, 0x0, 0xd1,
    0xc, 0x20, 0x1e, 0x0, 0x0, 0xb1, 0xe, 0x30,
    0x1c, 0x0, 0x0, 0x0, 0x4a, 0xc1, 0x0, 0x10,
    0x0, 0x0, 0xd4, 0xc1, 0x0, 0x75, 0x0, 0x3c,
    0x70, 0xc1, 0x0, 0x94, 0x2c, 0xc4, 0x0, 0x7e,
    0xdd, 0xc0, 0x2, 0x0, 0x0, 0x0, 0x0, 0x0,

    /* U+89C2 "观" */
    0x0, 0x0, 0xa, 0xdc, 0xcc, 0xd0, 0x8d, 0xde,
    0x9a, 0x20, 0x0, 0xd0, 0x0, 0x6, 0x7a, 0x26,
    0x0, 0xd0, 0x47, 0xa, 0x4a, 0x2c, 0x10, 0xd0,
    0xd, 0x2d, 0x1a, 0x2c, 0x10, 0xd0, 0x3, 0xdc,
    0xa, 0x2c, 0x0, 0xd0, 0x0, 0xb9, 0x4, 0x1c,
    0x0, 0x40, 0x1, 0xbb, 0x10, 0x3a, 0xc0, 0x0,
    0x9, 0x46, 0x70, 0xb4, 0xc0, 0x28, 0x6b, 0x0,
    0x8, 0x63, 0xc0, 0x38, 0x51, 0x0, 0xa7, 0x0,
    0xcb, 0xc3, 0x0, 0x0, 0x0, 0x0, 0x0, 0x0,

    /* U+89C4 "规" */
    0x0, 0x84, 0x4, 0xec, 0xcc, 0xe0, 0x0, 0x84,
    0x4, 0xa0, 0x0, 0xe0, 0x3d, 0xee, 0xc4, 0xa0,
    0x50, 0xe0, 0x0, 0x84, 0x4, 0xa0, 0xc0, 0xe0,
    0x1, 0x95, 0x14, 0xa0, 0xc0, 0xe0, 0x6c, 0xed,
    0xc5, 0xa1, 0xc0, 0xe0, 0x0, 0xb5, 0x1, 0x33,
    0xb0, 0x50, 0x0, 0xb7, 0x50, 0x7, 0xc2, 0x0,
    0x3, 0x70, 0xc0, 0x29, 0x92, 0x28, 0xb, 0x10,
    0x3, 0xb1, 0x92, 0x38, 0x66, 0x0, 0x5c, 0x20,
    0x5c, 0xc3, 0x0, 0x0, 0x0, 0x0, 0x0, 0x0,

    /* U+89C6 "视" */
    0x0, 0x40, 0x0, 0x0, 0x0, 0x0, 0x0, 0xe3,
    0xd, 0xcc, 0xcc, 0xe0, 0x0, 0x53, 0xd, 0x0,
    0x0, 0xe0, 0x7d, 0xde, 0x5d, 0x6, 0x10, 0xe0,
    0x0, 0x1d, 0x1d, 0xb, 0x20, 0xe0, 0x0, 0xb8,
    0xd, 0xb, 0x20, 0xe0, 0xb, 0xf9, 0xd, 0xc,
    0x10, 0xe0, 0xac, 0xe6, 0x45, 0xd, 0x10, 0x50,
    0x0, 0xd0, 0x0, 0x2c, 0xa0, 0x0, 0x0, 0xd0,
    0x0, 0xa5, 0xa0, 0x28, 0x0, 0xd0, 0x9, 0x54,
    0xa0, 0x37, 0x0, 0xd0, 0x95, 0x1, 0xcb, 0xc2,
    0x0, 0x0, 0x0, 0x0, 0x0, 0x0,

    /* U+89C9 "觉" */
    0x0, 0x0, 0x0, 0x0, 0x0, 0x0, 0x0, 0x90,
    0x1c, 0x0, 0xb, 0x20, 0x0, 0x77, 0x9, 0x50,
    0x89, 0x0, 0xe, 0xdd, 0xcd, 0xcc, 0xdd, 0xe4,
    0xe, 0x0, 0x0, 0x0, 0x0, 0xa4, 0x6, 0x8d,
    0xcc, 0xcc, 0xdb, 0x52, 0x0, 0x84, 0x6, 0x10,
    0x3b, 0x0, 0x0, 0x84, 0xb, 0x20, 0x3b, 0x0,
    0x0, 0x84, 0xd, 0x20, 0x3b, 0x0, 0x0, 0x21,
    0x5b, 0xa6, 0x14, 0x0, 0x0, 0x8, 0xc1, 0xa6,
    0x0, 0x47, 0x9, 0xd7, 0x0, 0x6e, 0xcc, 0xc3,
    0x2, 0x0, 0x0, 0x0, 0x0, 0x0,

    /* U+89D2 "角" */
    0x0, 0x3, 0x90, 0x0, 0x0, 0x0, 0x0, 0xcc,
    0xcc, 0xe6, 0x0, 0x0, 0x6a, 0x0, 0xd, 0x10,
    0x0, 0x4f, 0x41, 0x14, 0xb1, 0x10, 0x3f, 0xfb,
    0xbc, 0xfb, 0xbf, 0x10, 0x2e, 0x0, 0x2c, 0x0,
    0xc1, 0x0, 0xec, 0xcd, 0xfc, 0xcf, 0x10, 0xe,
    0x0, 0x2c, 0x0, 0xc1, 0x1, 0xfc, 0xcd, 0xfc,
    0xcf, 0x10, 0x39, 0x0, 0x2c, 0x0, 0xc1, 0xa,
    0x40, 0x2, 0xc0, 0xd, 0x12, 0xb0, 0x0, 0x2c,
    0x4d, 0xc0, 0x0, 0x0, 0x0, 0x0, 0x0, 0x0,

    /* U+89E3 "解" */
    0x0, 0x70, 0x0, 0x0, 0x0, 0x0, 0x3, 0xd0,
    0x0, 0x9d, 0xdb, 0xe1, 0x8, 0xdb, 0xe0, 0xa,
    0x10, 0xc0, 0x1f, 0x46, 0xa2, 0x1c, 0x0, 0xd0,
    0x7f, 0x6c, 0x6c, 0xc6, 0x6b, 0xa0, 0xc, 0xa,
    0xb, 0x53, 0x51, 0x0, 0xc, 0x9d, 0x9b, 0x5c,
    0xea, 0x91, 0xc, 0xa, 0xb, 0xa3, 0xc4, 0x20,
    0xd, 0x8d, 0x8b, 0x40, 0xb1, 0x0, 0xd, 0x4b,
    0x4b, 0xac, 0xfd, 0xc5, 0x4a, 0xa, 0xb, 0x0,
    0xb1, 0x0, 0x73, 0x4, 0xc8, 0x0, 0xb1, 0x0,
    0x0, 0x0, 0x0, 0x0, 0x0, 0x0,

    /* U+89E6 "触" */
    0x0, 0x0, 0x0, 0x0, 0x0, 0x0, 0x0, 0xd0,
    0x0, 0x0, 0xe0, 0x0, 0x4, 0xdb, 0xf1, 0x0,
    0xe0, 0x0, 0xc, 0x25, 0xa0, 0x8b, 0xfb, 0xb0,
    0x6f, 0xae, 0xbb, 0xa0, 0xc0, 0xc0, 0xc, 0xa,
    0xb, 0xa0, 0xc0, 0xc0, 0xc, 0xae, 0xbb, 0xa0,
    0xc0, 0xc0, 0xc, 0xa, 0xb, 0x8b, 0xfb, 0xb0,
    0xd, 0xbe, 0xbb, 0x0, 0xe2, 0x30, 0xb, 0xa,
    0xb, 0x0, 0xe1, 0xb0, 0x2a, 0xa, 0xb, 0x58,
    0xfc, 0xf1, 0x75, 0xb, 0x98, 0xb8, 0x52, 0x56,
    0x0, 0x0, 0x0, 0x0, 0x0, 0x0,

    /* U+8A00 "言" */
    0x0, 0x0, 0x2, 0x0, 0x0, 0x0, 0x0, 0x0,
    0x7, 0xa0, 0x0, 0x0, 0x17, 0x77, 0x78, 0xf8,
    0x77, 0x74, 0x4, 0x44, 0x44, 0x44, 0x44, 0x42,
    0x0, 0x4b, 0xbb, 0xbb, 0xb9, 0x0, 0x0, 0x0,
    0x0, 0x0, 0x0, 0x0, 0x0, 0x4b, 0xbb, 0xbb,
    0xba, 0x0, 0x0, 0x0, 0x0, 0x0, 0x0, 0x0,
    0x0, 0x6c, 0xcc, 0xcc, 0xcc, 0x0, 0x0, 0x85,
    0x0, 0x0, 0xe, 0x0, 0x0, 0x87, 0x11, 0x11,
    0x1e, 0x0, 0x0, 0x8c, 0xaa, 0xaa, 0xae, 0x0,

    /* U+8B66 "警" */
    0x0, 0x0, 0x0, 0x1, 0x0, 0x0, 0x9f, 0xff,
    0xff, 0x1c, 0x20, 0x0, 0x17, 0x83, 0x72, 0x5e,
    0xac, 0xc3, 0x2c, 0x88, 0xaa, 0xcb, 0x4b, 0x10,
    0x6d, 0x7d, 0x47, 0x3, 0xfa, 0x0, 0x9, 0x69,
    0xb7, 0x89, 0x25, 0xc3, 0x39, 0x99, 0x9d, 0xa9,
    0x99, 0x91, 0x0, 0x78, 0x88, 0x88, 0x86, 0x0,
    0x0, 0x77, 0x77, 0x77, 0x75, 0x0, 0x0, 0x77,
    0x77, 0x77, 0x76, 0x0, 0x0, 0xd0, 0x0, 0x0,
    0xd, 0x0, 0x0, 0xe8, 0x88, 0x88, 0x8d, 0x0,

    /* U+8BA1 "计" */
    0x4, 0x50, 0x0, 0xd, 0x10, 0x0, 0x0, 0xb5,
    0x0, 0xd, 0x10, 0x0, 0x0, 0x5, 0x0, 0xd,
    0x10, 0x0, 0x23, 0x30, 0x0, 0xd, 0x10, 0x0,
    0x7a, 0xe2, 0xde, 0xef, 0xee, 0xe1, 0x0, 0xc2,
    0x0, 0xd, 0x10, 0x0, 0x0, 0xc2, 0x0, 0xd,
    0x10, 0x0, 0x0, 0xc2, 0x0, 0xd, 0x10, 0x0,
    0x0, 0xc8, 0x90, 0xd, 0x10, 0x0, 0x1, 0xe9,
    0x0, 0xd, 0x10, 0x0, 0x1, 0x60, 0x0, 0xd,
    0x10, 0x0,

    /* U+8BA2 "订" */
    0x2, 0x60, 0x0, 0x0, 0x0, 0x0, 0x0, 0xb6,
    0xe, 0xee, 0xff, 0xea, 0x0, 0x19, 0x0, 0x0,
    0x59, 0x0, 0x1, 0x11, 0x0, 0x0, 0x59, 0x0,
    0x2c, 0xcb, 0x0, 0x0, 0x59, 0x0, 0x0, 0x2b,
    0x0, 0x0, 0x59, 0x0, 0x0, 0x2b, 0x0, 0x0,
    0x59, 0x0, 0x0, 0x2b, 0x0, 0x0, 0x59, 0x0,
    0x0, 0x2c, 0x98, 0x0, 0x59, 0x0, 0x0, 0x6f,
    0x60, 0x0, 0x69, 0x0, 0x0, 0x62, 0x0, 0x7f,
    0xe5, 0x0, 0x0, 0x0, 0x0, 0x0, 0x0, 0x0,

    /* U+8BA4 "认" */
    0x0, 0x81, 0x0, 0x1, 0xc0, 0x0, 0x0, 0x6,
    0xd1, 0x0, 0x1c, 0x0, 0x0, 0x0, 0x5, 0x10,
    0x2, 0xb0, 0x0, 0x0, 0x11, 0x10, 0x0, 0x3b,
    0x0, 0x0, 0x2c, 0xda, 0x0, 0x5, 0xd0, 0x0,
    0x0, 0x3, 0xa0, 0x0, 0x6f, 0x0, 0x0, 0x0,
    0x3a, 0x0, 0xa, 0xd5, 0x0, 0x0, 0x3, 0xa0,
    0x1, 0xe2, 0xb0, 0x0, 0x0, 0x3c, 0xa5, 0x69,
    0xb, 0x30, 0x0, 0x7, 0xe4, 0x2e, 0x20, 0x3d,
    0x20, 0x0, 0x51, 0xd, 0x40, 0x0, 0x5c, 0x0,
    0x0, 0x0, 0x0, 0x0, 0x0, 0x0,

    /* U+8BA8 "讨" */
    0x8, 0x20, 0x0, 0x0, 0x67, 0x0, 0x3, 0xd1,
    0x0, 0x0, 0x67, 0x0, 0x0, 0x46, 0x44, 0x44,
    0x99, 0x40, 0x11, 0x10, 0x9a, 0xaa, 0xcc, 0xa0,
    0x9c, 0xf0, 0x0, 0x0, 0x67, 0x0, 0x0, 0xc0,
    0xa, 0x40, 0x67, 0x0, 0x0, 0xc0, 0x3, 0xc0,
    0x67, 0x0, 0x0, 0xc0, 0x0, 0xb2, 0x67, 0x0,
    0x0, 0xc6, 0x40, 0x0, 0x67, 0x0, 0x0, 0xea,
    0x0, 0x0, 0x77, 0x0, 0x3, 0x80, 0x0, 0x9e,
    0xd3, 0x0, 0x0, 0x0, 0x0, 0x0, 0x0, 0x0,

    /* U+8BA9 "让" */
    0x5, 0x60, 0x0, 0xe, 0x0, 0x0, 0x0, 0xc6,
    0x0, 0xe, 0x0, 0x0, 0x0, 0x14, 0x0, 0xe,
    0x0, 0x0, 0x22, 0x20, 0x0, 0xe, 0x0, 0x0,
    0x7a, 0xe0, 0x0, 0xf, 0xdd, 0x80, 0x0, 0xc0,
    0x0, 0xe, 0x0, 0x0, 0x0, 0xc0, 0x0, 0xe,
    0x0, 0x0, 0x0, 0xc0, 0x0, 0xe, 0x0, 0x0,
    0x0, 0xc4, 0x90, 0xe, 0x0, 0x0, 0x0, 0xec,
    0x10, 0xe, 0x0, 0x0, 0x4, 0xa1, 0xee, 0xef,
    0xee, 0xe4, 0x0, 0x0, 0x0, 0x0, 0x0, 0x0,

    /* U+8BAD "训" */
    0x0, 0x0, 0x0, 0x0, 0x0, 0x0, 0x94, 0x0,
    0xd0, 0x0, 0xe, 0x2, 0xd3, 0xe, 0x2, 0xb0,
    0xe0, 0x2, 0x60, 0xe0, 0x2b, 0xe, 0x13, 0x30,
    0xe, 0x2, 0xb0, 0xe5, 0xaf, 0x0, 0xe0, 0x2b,
    0xe, 0x0, 0xd0, 0xe, 0x2, 0xb0, 0xe0, 0xd,
    0x0, 0xd0, 0x2b, 0xe, 0x0, 0xd0, 0x1d, 0x2,
    0xb0, 0xe0, 0xd, 0x9a, 0xa0, 0x2b, 0xe, 0x0,
    0xf7, 0xa6, 0x1, 0x50, 0xe0, 0x36, 0xd, 0x0,
    0x0, 0xe, 0x0, 0x0, 0x0, 0x0, 0x0, 0x0,

    /* U+8BAE "议" */
    0x3, 0x10, 0x0, 0x33, 0x0, 0x0, 0x4, 0xc0,
    0x84, 0x3c, 0x4, 0xa0, 0x0, 0x72, 0x58, 0xb,
    0x38, 0x60, 0x11, 0x10, 0x1c, 0x1, 0xb, 0x20,
    0x7c, 0xf0, 0xc, 0x10, 0xd, 0x0, 0x0, 0xd0,
    0x7, 0x90, 0x77, 0x0, 0x0, 0xd0, 0x0, 0xd2,
    0xd0, 0x0, 0x0, 0xd0, 0x0, 0x6e, 0x70, 0x0,
    0x0, 0xd3, 0x70, 0x7f, 0x80, 0x0, 0x0, 0xfc,
    0x29, 0xb1, 0xba, 0x10, 0x2, 0x82, 0xd7, 0x0,
    0x7, 0xe4, 0x0, 0x0, 0x10, 0x0, 0x0, 0x0,

    /* U+8BAF "讯" */
    0x1, 0x0, 0x0, 0x0, 0x0, 0x0, 0x6, 0xb0,
    0xce, 0xfd, 0xdf, 0x0, 0x0, 0x95, 0x2, 0xa0,
    0xf, 0x0, 0x0, 0x0, 0x2, 0xa0, 0xf, 0x0,
    0x36, 0x60, 0x2, 0xa0, 0xf, 0x0, 0x5a, 0xf0,
    0x2, 0xa0, 0xf, 0x0, 0x0, 0xd0, 0xdd, 0xfd,
    0x6f, 0x0, 0x0, 0xd0, 0x2, 0xa0, 0xe, 0x0,
    0x0, 0xd0, 0x2, 0xa0, 0xd, 0x10, 0x0, 0xeb,
    0x32, 0xa0, 0xc, 0x23, 0x2, 0xf4, 0x2, 0xa0,
    0x9, 0x77, 0x2, 0x30, 0x2, 0xa0, 0x3, 0xf4,
    0x0, 0x0, 0x0, 0x0, 0x0, 0x10,

    /* U+8BB0 "记" */
    0x3, 0x20, 0x0, 0x0, 0x0, 0x0, 0x3, 0xd2,
    0xd, 0xdd, 0xde, 0xa0, 0x0, 0x48, 0x0, 0x0,
    0x3, 0xa0, 0x11, 0x10, 0x0, 0x0, 0x3, 0xa0,
    0x8c, 0xf2, 0x1, 0x11, 0x14, 0xa0, 0x0, 0xb2,
    0xf, 0xcc, 0xcd, 0xa0, 0x0, 0xb2, 0xe, 0x0,
    0x1, 0x40, 0x0, 0xb2, 0xe, 0x0, 0x0, 0x0,
    0x0, 0xb4, 0x6e, 0x0, 0x0, 0x45, 0x0, 0xde,
    0x4e, 0x0, 0x0, 0x86, 0x2, 0xa1, 0x9, 0xed,
    0xde, 0xd1,

    /* U+8BB2 "讲" */
    0x6, 0x30, 0x1, 0xb0, 0x1c, 0x0, 0x2, 0xd2,
    0x1, 0xc0, 0x1c, 0x0, 0x0, 0x34, 0x7a, 0xe9,
    0x9e, 0x92, 0x1, 0x10, 0x46, 0xd5, 0x6d, 0x51,
    0x6c, 0xf0, 0x1, 0xc0, 0x1c, 0x0, 0x0, 0xd0,
    0x2, 0xc0, 0x1c, 0x0, 0x0, 0xd0, 0xee, 0xfe,
    0xef, 0xe7, 0x0, 0xd0, 0x5, 0x90, 0x1c, 0x0,
    0x0, 0xd9, 0x49, 0x50, 0x1c, 0x0, 0x2, 0xf7,
    0x3e, 0x10, 0x1c, 0x0, 0x1, 0x40, 0x95, 0x0,
    0x1c, 0x0, 0x0, 0x0, 0x0, 0x0, 0x0, 0x0,

    /* U+8BB8 "许" */
    0x4, 0x10, 0x7, 0x50, 0x0, 0x0, 0x4, 0xd1,
    0xc, 0x30, 0x0, 0x0, 0x0, 0x45, 0x1f, 0xdf,
    0xed, 0xc0, 0x11, 0x10, 0x87, 0xa, 0x30, 0x0,
    0x8b, 0xf1, 0x80, 0xa, 0x30, 0x0, 0x0, 0xc1,
    0x22, 0x2b, 0x52, 0x20, 0x0, 0xc1, 0xbb, 0xbe,
    0xcb, 0xb3, 0x0, 0xc1, 0x0, 0xa, 0x30, 0x0,
    0x0, 0xc4, 0x50, 0xa, 0x30, 0x0, 0x0, 0xeb,
    0x10, 0xa, 0x30, 0x0, 0x0, 0x60, 0x0, 0xa,
    0x30, 0x0,

    /* U+8BBA "论" */
    0x5, 0x0, 0x0, 0x2b, 0x0, 0x0, 0x6, 0xc1,
    0x0, 0xbd, 0x50, 0x0, 0x0, 0x57, 0x5, 0xa0,
    0xc2, 0x0, 0x11, 0x10, 0x4d, 0x10, 0x2d, 0x20,
    0x9c, 0xf3, 0xc5, 0x0, 0x2, 0xd1, 0x0, 0xd0,
    0xe, 0x0, 0x67, 0x0, 0x0, 0xd0, 0xe, 0x3c,
    0xa2, 0x0, 0x0, 0xd0, 0xe, 0xb3, 0x0, 0x0,
    0x0, 0xd5, 0x3e, 0x0, 0x0, 0x40, 0x0, 0xea,
    0xe, 0x0, 0x2, 0xb0, 0x3, 0x90, 0x9, 0xdd,
    0xde, 0x50, 0x0, 0x0, 0x0, 0x0, 0x0, 0x0,

    /* U+8BBE "设" */
    0x0, 0x0, 0x0, 0x0, 0x0, 0x0, 0x5, 0xb0,
    0x0, 0xfd, 0xdd, 0x0, 0x0, 0x79, 0x0, 0xd0,
    0xd, 0x0, 0x0, 0x1, 0x4, 0xa0, 0xd, 0x0,
    0x47, 0x70, 0x2d, 0x30, 0xd, 0x94, 0x36, 0xe0,
    0x84, 0x0, 0x1, 0x31, 0x0, 0xd0, 0x5d, 0xdd,
    0xdd, 0xa0, 0x0, 0xd0, 0x9, 0x50, 0x8, 0x60,
    0x0, 0xd0, 0x1, 0xd2, 0x3c, 0x0, 0x0, 0xe8,
    0x80, 0x3d, 0xd1, 0x0, 0x2, 0xf8, 0x4, 0xba,
    0xca, 0x30, 0x2, 0x40, 0x99, 0x30, 0x5, 0xb6,

    /* U+8BBF "访" */
    0x0, 0x0, 0x0, 0x0, 0x0, 0x0, 0x6, 0x50,
    0x0, 0x1c, 0x0, 0x0, 0x1, 0xc3, 0x0, 0xc,
    0x10, 0x0, 0x0, 0x11, 0xce, 0xfd, 0xdd, 0xd1,
    0x23, 0x30, 0x2, 0xb0, 0x0, 0x0, 0x7b, 0xf1,
    0x4, 0xb1, 0x11, 0x0, 0x0, 0xc1, 0x5, 0xeb,
    0xbe, 0x30, 0x0, 0xc1, 0x7, 0x70, 0xb, 0x20,
    0x0, 0xc1, 0x19, 0x30, 0xc, 0x10, 0x0, 0xdb,
    0x5e, 0x0, 0xe, 0x0, 0x3, 0xe4, 0x79, 0x0,
    0x1d, 0x0, 0x1, 0x21, 0xc1, 0xd, 0xe7, 0x0,
    0x0, 0x0, 0x0, 0x0, 0x0, 0x0,

    /* U+8BC1 "证" */
    0x5, 0x0, 0x0, 0x0, 0x0, 0x0, 0x5, 0xc1,
    0x7d, 0xde, 0xfd, 0xd2, 0x0, 0x53, 0x0, 0x5,
    0x90, 0x0, 0x1, 0x10, 0x0, 0x5, 0x90, 0x0,
    0x6b, 0xf0, 0xd, 0x5, 0x90, 0x0, 0x0, 0xd0,
    0xe, 0x5, 0xfd, 0xd0, 0x0, 0xd0, 0xe, 0x5,
    0x90, 0x0, 0x0, 0xd0, 0xe, 0x5, 0x90, 0x0,
    0x0, 0xe8, 0x6e, 0x5, 0x90, 0x0, 0x1, 0xf9,
    0x2e, 0x26, 0xa2, 0x20, 0x4, 0x60, 0xab, 0xbb,
    0xbb, 0xb4,

    /* U+8BC4 "评" */
    0x0, 0x0, 0x0, 0x0, 0x0, 0x0, 0xa, 0x60,
    0xad, 0xdf, 0xdd, 0xd0, 0x1, 0xd4, 0x1, 0xc,
    0x10, 0x10, 0x0, 0x31, 0x3a, 0xc, 0x14, 0xa0,
    0x1, 0x10, 0xd, 0xc, 0x17, 0x60, 0x6c, 0xf0,
    0xc, 0xc, 0x1b, 0x10, 0x0, 0xd0, 0x3, 0xc,
    0x14, 0x0, 0x0, 0xd0, 0xdd, 0xdf, 0xdd, 0xd6,
    0x0, 0xd0, 0x0, 0xc, 0x10, 0x0, 0x0, 0xd6,
    0x40, 0xc, 0x10, 0x0, 0x1, 0xf9, 0x0, 0xc,
    0x10, 0x0, 0x2, 0x50, 0x0, 0xc, 0x10, 0x0,

    /* U+8BC6 "识" */
    0x5, 0x0, 0x0, 0x0, 0x0, 0x0, 0x6, 0xc0,
    0xe, 0xdd, 0xde, 0xc0, 0x0, 0x53, 0xe, 0x0,
    0x2, 0xc0, 0x24, 0x40, 0xe, 0x0, 0x2, 0xc0,
    0x48, 0xf0, 0xe, 0x0, 0x2, 0xc0, 0x0, 0xd0,
    0xe, 0xdd, 0xde, 0xc0, 0x0, 0xd0, 0x0, 0x0,
    0x0, 0x0, 0x0, 0xd0, 0x12, 0x90, 0xa, 0x0,
    0x0, 0xec, 0x59, 0x60, 0x8, 0x70, 0x3, 0xe4,
    0x3d, 0x0, 0x1, 0xe0, 0x2, 0x20, 0x73, 0x0,
    0x0, 0x72,

    /* U+8BC9 "诉" */
    0x5, 0x0, 0x0, 0x3, 0x7b, 0x20, 0x6, 0xc1,
    0xb, 0xca, 0x72, 0x0, 0x0, 0x57, 0xe, 0x0,
    0x0, 0x0, 0x11, 0x10, 0xe, 0x11, 0x11, 0x10,
    0x9c, 0xf0, 0xe, 0xcc, 0xfc, 0xc2, 0x0, 0xd0,
    0xe, 0x0, 0xd0, 0x0, 0x0, 0xd0, 0xc, 0x89,
    0xe0, 0x0, 0x0, 0xd0, 0x2b, 0x3, 0xea, 0x20,
    0x0, 0xd8, 0xb8, 0x0, 0xd5, 0xb0, 0x0, 0xf7,
    0xc3, 0x0, 0xd0, 0x0, 0x2, 0x51, 0xa0, 0x0,
    0xd0, 0x0,

    /* U+8BCA "诊" */
    0x3, 0x30, 0x0, 0xb, 0x10, 0x0, 0x2, 0xd4,
    0x0, 0x8d, 0xa0, 0x0, 0x0, 0x24, 0x6, 0xc0,
    0x7a, 0x0, 0x11, 0x10, 0xab, 0x14, 0x17, 0xd3,
    0x8c, 0xf0, 0x60, 0x6b, 0x0, 0x30, 0x0, 0xd0,
    0xb, 0x80, 0x74, 0x0, 0x0, 0xd0, 0x0, 0x8,
    0x90, 0x0, 0x0, 0xd0, 0x4, 0xc8, 0x5, 0xa0,
    0x0, 0xd5, 0x76, 0x20, 0x5d, 0x10, 0x1, 0xfa,
    0x10, 0x3b, 0xb1, 0x0, 0x3, 0x70, 0x3d, 0xb3,
    0x0, 0x0, 0x0, 0x0, 0x0, 0x0, 0x0, 0x0,

    /* U+8BCD "词" */
    0x0, 0x0, 0x0, 0x0, 0x0, 0x0, 0xa7, 0xa,
    0xdd, 0xdd, 0xde, 0x0, 0xc4, 0x0, 0x0, 0x0,
    0xd0, 0x1, 0x7, 0xdd, 0xdd, 0x1d, 0x69, 0x90,
    0x0, 0x0, 0x0, 0xd3, 0x5e, 0x0, 0xaa, 0xa5,
    0xd, 0x0, 0xd0, 0xc, 0x16, 0x70, 0xd0, 0xd,
    0x0, 0xb0, 0x47, 0xd, 0x0, 0xd0, 0x2e, 0x9b,
    0x70, 0xd0, 0xd, 0xc5, 0xc2, 0x21, 0xd, 0x2,
    0xf4, 0x0, 0x0, 0x0, 0xd0, 0x23, 0x0, 0x0,
    0xb, 0xd9,

    /* U+8BD1 "译" */
    0x2, 0x0, 0x0, 0x0, 0x0, 0x0, 0xa, 0x50,
    0x9f, 0xcc, 0xce, 0x80, 0x1, 0xe0, 0x7, 0x70,
    0x2e, 0x10, 0x0, 0x40, 0x0, 0xc4, 0xd7, 0x0,
    0x1, 0x10, 0x0, 0x5f, 0xb0, 0x0, 0x6c, 0xf0,
    0x5b, 0xb6, 0x9c, 0x71, 0x0, 0xd1, 0x71, 0xc,
    0x0, 0x51, 0x0, 0xd0, 0x3c, 0xcf, 0xdc, 0x50,
    0x0, 0xd0, 0x0, 0xd, 0x0, 0x0, 0x0, 0xe9,
    0xcc, 0xcf, 0xcc, 0xc2, 0x1, 0xf6, 0x0, 0xd,
    0x0, 0x0, 0x2, 0x40, 0x0, 0xd, 0x0, 0x0,

    /* U+8BD5 "试" */
    0x5, 0x50, 0x0, 0x0, 0xe6, 0x40, 0x0, 0xb6,
    0x0, 0x0, 0xe0, 0xa0, 0x0, 0x0, 0xcc, 0xcc,
    0xfc, 0xc4, 0x47, 0x70, 0x0, 0x0, 0xd1, 0x0,
    0x47, 0xe0, 0x0, 0x0, 0xc1, 0x0, 0x0, 0xd0,
    0x6d, 0xea, 0xa2, 0x0, 0x0, 0xd0, 0x3, 0x90,
    0x94, 0x0, 0x0, 0xd0, 0x3, 0x90, 0x66, 0x0,
    0x0, 0xd4, 0x73, 0xc8, 0x4a, 0x45, 0x1, 0xfb,
    0x9d, 0xa5, 0xd, 0x94, 0x2, 0x50, 0x10, 0x0,
    0x7, 0xe0, 0x0, 0x0, 0x0, 0x0, 0x0, 0x0,

    /* U+8BD7 "诗" */
    0x6, 0x40, 0x0, 0xa, 0x30, 0x0, 0x1, 0xd5,
    0x2b, 0xbe, 0xcb, 0xa0, 0x0, 0x11, 0x1, 0x1b,
    0x41, 0x10, 0x11, 0x10, 0x0, 0xa, 0x30, 0x0,
    0x6b, 0xf0, 0xdd, 0xdd, 0xdf, 0xd5, 0x0, 0xd0,
    0x0, 0x0, 0xc, 0x0, 0x0, 0xd0, 0xad, 0xdd,
    0xdf, 0xd4, 0x0, 0xd0, 0x8, 0x30, 0xc, 0x0,
    0x0, 0xd9, 0x52, 0xd0, 0xc, 0x0, 0x1, 0xf7,
    0x0, 0x61, 0x1c, 0x0, 0x3, 0x50, 0x0, 0x9,
    0xd9, 0x0,

    /* U+8BDA "诚" */
    0x6, 0x20, 0x0, 0x2, 0xa7, 0x20, 0x3, 0xd2,
    0x0, 0x1, 0xa0, 0x70, 0x0, 0x35, 0xbd, 0xcd,
    0xfc, 0xc3, 0x36, 0x50, 0xb2, 0x0, 0xc0, 0x10,
    0x25, 0xd0, 0xbc, 0xc7, 0xc0, 0xd0, 0x0, 0xd0,
    0xb1, 0x39, 0xc3, 0xb0, 0x0, 0xd0, 0xc0, 0x39,
    0xaa, 0x60, 0x0, 0xd0, 0xd0, 0x48, 0x7e, 0x0,
    0x0, 0xd7, 0xc2, 0x77, 0x7a, 0x21, 0x1, 0xf9,
    0x96, 0x85, 0xdd, 0x55, 0x4, 0x55, 0x40, 0xb,
    0x16, 0xd1, 0x0, 0x0, 0x0, 0x0, 0x0, 0x0,

    /* U+8BDD "话" */
    0x4, 0x0, 0x0, 0x13, 0x6a, 0x30, 0x5, 0xb0,
    0x9c, 0xbf, 0x73, 0x0, 0x0, 0x52, 0x0, 0xd,
    0x10, 0x0, 0x1, 0x10, 0x22, 0x2d, 0x32, 0x20,
    0x6c, 0xf0, 0x9a, 0xaf, 0xba, 0xa2, 0x0, 0xd0,
    0x0, 0xd, 0x10, 0x0, 0x0, 0xd0, 0x3b, 0xbf,
    0xcb, 0x60, 0x0, 0xd0, 0x4a, 0x11, 0x17, 0x80,
    0x0, 0xdb, 0x79, 0x0, 0x6, 0x80, 0x1, 0xf5,
    0x4a, 0x11, 0x17, 0x80, 0x3, 0x40, 0x4e, 0xaa,
    0xac, 0x80,

    /* U+8BE5 "该" */
    0x0, 0x0, 0x0, 0x3, 0x0, 0x0, 0x9, 0x60,
    0x0, 0xd, 0x10, 0x0, 0x0, 0xc3, 0xab, 0xbe,
    0xdb, 0xb0, 0x0, 0x10, 0x11, 0xb7, 0x11, 0x10,
    0x68, 0x81, 0x5, 0xb0, 0x2a, 0x0, 0x34, 0xd1,
    0x6f, 0xcc, 0xe3, 0x0, 0x0, 0xc1, 0x12, 0x3d,
    0x52, 0x90, 0x0, 0xc1, 0x5, 0xc4, 0xd, 0x50,
    0x0, 0xc1, 0x99, 0x1, 0xd6, 0x0, 0x0, 0xc9,
    0x50, 0x5d, 0xd5, 0x0, 0x1, 0xf8, 0x5c, 0xa1,
    0x1b, 0x80, 0x1, 0x41, 0x92, 0x0, 0x0, 0x60,

    /* U+8BE6 "详" */
    0x0, 0x0, 0x0, 0x0, 0x0, 0x0, 0x8, 0x20,
    0xa, 0x30, 0xc, 0x30, 0x2, 0xd2, 0x3, 0xb0,
    0x4b, 0x0, 0x0, 0x21, 0x7d, 0xdd, 0xee, 0xa0,
    0x24, 0x40, 0x0, 0xc, 0x10, 0x0, 0x8b, 0xf0,
    0x1, 0x1d, 0x21, 0x0, 0x0, 0xd0, 0x2b, 0xbf,
    0xcb, 0x50, 0x0, 0xd0, 0x0, 0xc, 0x10, 0x0,
    0x0, 0xd0, 0xbd, 0xdf, 0xdd, 0xd1, 0x0, 0xda,
    0x20, 0xc, 0x10, 0x0, 0x1, 0xf5, 0x0, 0xc,
    0x10, 0x0, 0x2, 0x40, 0x0, 0xc, 0x10, 0x0,

    /* U+8BED "语" */
    0x0, 0x0, 0x0, 0x0, 0x0, 0x0, 0x9, 0x60,
    0x9c, 0xde, 0xcc, 0xc0, 0x0, 0xc4, 0x0, 0x76,
    0x0, 0x0, 0x0, 0x11, 0x3b, 0xec, 0xbb, 0x20,
    0x37, 0x70, 0x1, 0xe1, 0x1b, 0x20, 0x48, 0xe0,
    0x1, 0xd0, 0xc, 0x10, 0x0, 0xd2, 0xcc, 0xcc,
    0xcc, 0xc5, 0x0, 0xd0, 0x0, 0x0, 0x0, 0x0,
    0x0, 0xd0, 0x3e, 0xcc, 0xcd, 0xa0, 0x0, 0xd3,
    0x9a, 0x0, 0x3, 0xa0, 0x0, 0xec, 0x5a, 0x11,
    0x14, 0xa0, 0x1, 0x70, 0x3e, 0xbb, 0xbc, 0x90,

    /* U+8BEF "误" */
    0x0, 0x0, 0x0, 0x0, 0x0, 0x0, 0xa, 0x60,
    0x2e, 0xcc, 0xce, 0x60, 0x1, 0xd3, 0x2a, 0x0,
    0x7, 0x60, 0x0, 0x31, 0x2a, 0x0, 0x7, 0x60,
    0x24, 0x40, 0x2c, 0xcc, 0xcc, 0x50, 0x6a, 0xf0,
    0x0, 0x0, 0x0, 0x0, 0x0, 0xd0, 0x7d, 0xdf,
    0xdd, 0xa0, 0x0, 0xd0, 0x0, 0xd, 0x0, 0x0,
    0x0, 0xd0, 0xbc, 0xdf, 0xdc, 0xc2, 0x0, 0xe6,
    0x30, 0xab, 0xa0, 0x0, 0x1, 0xf8, 0x7, 0xb0,
    0xa9, 0x10, 0x0, 0x40, 0xc7, 0x0, 0x6, 0xd1,
    0x0, 0x0, 0x0, 0x0, 0x0, 0x0,

    /* U+8BF4 "说" */
    0x0, 0x0, 0x0, 0x0, 0x1, 0x0, 0x8, 0x40,
    0x1d, 0x10, 0x2b, 0x0, 0x1, 0xc3, 0x7, 0x80,
    0x95, 0x0, 0x0, 0x21, 0xad, 0xdc, 0xfd, 0x10,
    0x47, 0x70, 0xc1, 0x0, 0xa, 0x10, 0x46, 0xe0,
    0xc1, 0x0, 0xa, 0x10, 0x0, 0xe0, 0xcd, 0xcc,
    0xce, 0x10, 0x0, 0xe0, 0x4, 0xb0, 0xe0, 0x0,
    0x0, 0xe1, 0x16, 0x90, 0xe0, 0x0, 0x0, 0xec,
    0x3b, 0x40, 0xe0, 0x30, 0x4, 0xe3, 0x5c, 0x0,
    0xe0, 0xc0, 0x3, 0x26, 0xb1, 0x0, 0xbd, 0xc0,
    0x0, 0x0, 0x0, 0x0, 0x0, 0x0,

    /* U+8BF7 "请" */
    0x7, 0x20, 0x1, 0x1d, 0x21, 0x10, 0x3, 0xd2,
    0x59, 0x9e, 0x99, 0x80, 0x0, 0x31, 0x3a, 0xaf,
    0xba, 0x60, 0x34, 0x40, 0x22, 0x2d, 0x42, 0x21,
    0x68, 0xf0, 0x78, 0x88, 0x88, 0x82, 0x0, 0xd0,
    0x1c, 0xaa, 0xab, 0x40, 0x0, 0xd0, 0x1c, 0x33,
    0x39, 0x60, 0x0, 0xd0, 0x1d, 0x66, 0x6a, 0x60,
    0x0, 0xe9, 0x7e, 0xaa, 0xad, 0x60, 0x1, 0xf6,
    0x1b, 0x0, 0x7, 0x60, 0x2, 0x50, 0x1b, 0x0,
    0xbd, 0x30,

    /* U+8BFA "诺" */
    0x6, 0x20, 0x2, 0xa0, 0x3a, 0x0, 0x3, 0xd2,
    0xac, 0xeb, 0xce, 0xb5, 0x0, 0x33, 0x14, 0xb1,
    0x4b, 0x10, 0x25, 0x50, 0x0, 0x87, 0x2, 0x0,
    0x25, 0xe0, 0xcc, 0xed, 0xcc, 0xc6, 0x0, 0xd0,
    0x4, 0xb0, 0x0, 0x0, 0x0, 0xd0, 0xd, 0x51,
    0x11, 0x10, 0x0, 0xd0, 0xbf, 0xcb, 0xbb, 0xc0,
    0x0, 0xe4, 0x88, 0x40, 0x1, 0xc0, 0x1, 0xfb,
    0x18, 0x62, 0x23, 0xc0, 0x3, 0x60, 0x8, 0xca,
    0xaa, 0xb0,

    /* U+8BFB "读" */
    0x6, 0x20, 0x0, 0xb, 0x10, 0x0, 0x3, 0xd3,
    0x2c, 0xcf, 0xcc, 0x70, 0x0, 0x33, 0x0, 0xb,
    0x10, 0x0, 0x1, 0x10, 0x9d, 0xdd, 0xdd, 0xf0,
    0x7c, 0xf0, 0x6, 0x45, 0x62, 0xa0, 0x0, 0xd0,
    0x44, 0x89, 0x71, 0x20, 0x0, 0xd0, 0x7, 0x48,
    0x50, 0x0, 0x0, 0xd0, 0xcc, 0xcf, 0xcc, 0xc3,
    0x0, 0xda, 0x40, 0x7b, 0x73, 0x0, 0x0, 0xf7,
    0x8, 0xc1, 0x1b, 0x60, 0x2, 0x50, 0xc7, 0x0,
    0x0, 0xa2, 0x0, 0x0, 0x0, 0x0, 0x0, 0x0,

    /* U+8BFE "课" */
    0x1, 0x0, 0x0, 0x0, 0x0, 0x0, 0xa, 0x70,
    0x5d, 0xbe, 0xcc, 0xa0, 0x0, 0xd3, 0x57, 0xb,
    0x23, 0xa0, 0x0, 0x10, 0x5d, 0xbe, 0xcc, 0xa0,
    0x47, 0x70, 0x57, 0xb, 0x23, 0xa0, 0x35, 0xe0,
    0x5d, 0xbe, 0xcc, 0xa0, 0x0, 0xd0, 0x0, 0xb,
    0x20, 0x0, 0x0, 0xd0, 0xdd, 0xdf, 0xdd, 0xd5,
    0x0, 0xd0, 0x10, 0xae, 0xd3, 0x0, 0x0, 0xec,
    0x39, 0x6b, 0x4c, 0x20, 0x3, 0xe5, 0xc7, 0xb,
    0x22, 0xd4, 0x1, 0x20, 0x40, 0xb, 0x20, 0x11,

    /* U+8BFF "诿" */
    0x3, 0x0, 0x0, 0x13, 0x58, 0x40, 0x5, 0xb0,
    0x4b, 0xae, 0x73, 0x0, 0x0, 0x54, 0x56, 0x6d,
    0x76, 0x62, 0x1, 0x10, 0x56, 0xdf, 0xe7, 0x62,
    0x6c, 0xf0, 0x3b, 0x5c, 0x3b, 0x60, 0x0, 0xd0,
    0x71, 0x49, 0x0, 0x52, 0x0, 0xd0, 0xbc, 0xed,
    0xcc, 0xc3, 0x0, 0xd0, 0x9, 0x60, 0x59, 0x0,
    0x0, 0xd9, 0x79, 0xc7, 0xd1, 0x0, 0x1, 0xf5,
    0x3, 0x9d, 0xc9, 0x20, 0x0, 0x20, 0x79, 0x40,
    0x4, 0x60,

    /* U+8C01 "谁" */
    0x0, 0x0, 0x0, 0x0, 0x0, 0x0, 0x7, 0x30,
    0x3, 0xa3, 0x80, 0x0, 0x2, 0xd3, 0xa, 0x50,
    0xc0, 0x0, 0x0, 0x22, 0x3f, 0xdc, 0xec, 0xc1,
    0x36, 0x61, 0xde, 0x0, 0xd0, 0x0, 0x35, 0xe1,
    0x5e, 0xcc, 0xfc, 0xa0, 0x0, 0xd0, 0xd, 0x0,
    0xd0, 0x0, 0x0, 0xd0, 0xd, 0x0, 0xd0, 0x0,
    0x0, 0xd0, 0xe, 0xcc, 0xfc, 0xa0, 0x0, 0xe9,
    0x5d, 0x0, 0xd0, 0x0, 0x3, 0xf6, 0xe, 0xdd,
    0xfd, 0xd5, 0x2, 0x30, 0xd, 0x0, 0x0, 0x0,

    /* U+8C03 "调" */
    0x0, 0x0, 0x0, 0x0, 0x0, 0x0, 0x9, 0x60,
    0xbd, 0xcc, 0xcc, 0xf0, 0x0, 0xd3, 0xb1, 0x3,
    0x0, 0xc0, 0x0, 0x33, 0xb1, 0x3b, 0x51, 0xc0,
    0x1, 0x10, 0xb1, 0x7d, 0x83, 0xc0, 0x6c, 0xf0,
    0xb2, 0x3b, 0x42, 0xc0, 0x0, 0xd0, 0xb2, 0x55,
    0x54, 0xc0, 0x0, 0xd0, 0xb0, 0xba, 0xb3, 0xc0,
    0x0, 0xd0, 0xc0, 0xb0, 0x64, 0xc0, 0x0, 0xea,
    0xb0, 0xda, 0xd4, 0xc0, 0x2, 0xf9, 0x70, 0x60,
    0x0, 0xd0, 0x3, 0x38, 0x10, 0x0, 0x3c, 0xc0,
    0x0, 0x0, 0x0, 0x0, 0x0, 0x0,

    /* U+8C05 "谅" */
    0x0, 0x0, 0x0, 0x1, 0x0, 0x0, 0x8, 0x30,
    0x0, 0xd, 0x10, 0x0, 0x2, 0xd3, 0x7d, 0xdf,
    0xed, 0xd1, 0x0, 0x31, 0x0, 0x0, 0x0, 0x0,
    0x1, 0x10, 0xc, 0xcc, 0xcc, 0x50, 0x6c, 0xf0,
    0xd, 0x11, 0x17, 0x70, 0x0, 0xd0, 0xd, 0x0,
    0x7, 0x70, 0x0, 0xd0, 0xb, 0xbe, 0xcb, 0x50,
    0x0, 0xd0, 0x6, 0x2b, 0x27, 0x0, 0x0, 0xda,
    0x5d, 0xb, 0x28, 0x60, 0x2, 0xf5, 0xc3, 0xb,
    0x20, 0xd0, 0x2, 0x40, 0x11, 0xcd, 0x10, 0x10,

    /* U+8C08 "谈" */
    0x4, 0x10, 0x0, 0xe, 0x0, 0x0, 0x3, 0xd1,
    0x1b, 0xc, 0x8, 0x70, 0x0, 0x43, 0x95, 0x4b,
    0x2c, 0x0, 0x11, 0x10, 0x30, 0xac, 0xb2, 0x0,
    0x8c, 0xf0, 0x2a, 0xa0, 0x4d, 0x60, 0x0, 0xd0,
    0x95, 0xc, 0x1, 0x80, 0x0, 0xd0, 0x1a, 0xd,
    0x4, 0x90, 0x0, 0xd0, 0x77, 0x3f, 0x1d, 0x30,
    0x0, 0xd2, 0x70, 0x9c, 0xa5, 0x0, 0x0, 0xeb,
    0x8, 0xc0, 0xa7, 0x0, 0x3, 0x95, 0xe8, 0x0,
    0x7, 0xd2, 0x0, 0x0, 0x0, 0x0, 0x0, 0x0,

    /* U+8C13 "谓" */
    0x0, 0x0, 0x0, 0x0, 0x0, 0x0, 0xa, 0x40,
    0xcb, 0xae, 0xaa, 0xd5, 0x1, 0xd2, 0xc0, 0xc,
    0x0, 0x75, 0x0, 0x32, 0xcb, 0xae, 0xaa, 0xd5,
    0x24, 0x40, 0xc4, 0x3d, 0x33, 0x95, 0x48, 0xe0,
    0x57, 0x77, 0x77, 0x72, 0x0, 0xd0, 0x2c, 0xbb,
    0xbb, 0xb0, 0x0, 0xd0, 0x2c, 0x44, 0x44, 0xd0,
    0x0, 0xd0, 0x3d, 0x66, 0x66, 0xd0, 0x0, 0xd7,
    0x8e, 0xbb, 0xbb, 0xd0, 0x1, 0xf7, 0x3a, 0x0,
    0x0, 0xd0, 0x0, 0x40, 0x2a, 0x0, 0x7b, 0xa0,

    /* U+8C22 "谢" */
    0x0, 0x0, 0x0, 0x0, 0x0, 0x0, 0x7, 0x20,
    0x7, 0x70, 0x0, 0xd0, 0x3, 0xd1, 0x9e, 0xc7,
    0x0, 0xd0, 0x0, 0x41, 0xc2, 0x4a, 0x77, 0xe4,
    0x26, 0x50, 0xc7, 0x8a, 0x44, 0xe2, 0x26, 0xc0,
    0xca, 0xba, 0x80, 0xd0, 0x0, 0xc0, 0xc0, 0x1a,
    0x92, 0xd0, 0x0, 0xc3, 0xec, 0xca, 0x56, 0xd0,
    0x0, 0xc0, 0x4, 0xca, 0x12, 0xd0, 0x0, 0xda,
    0x2c, 0x3a, 0x0, 0xd0, 0x3, 0xf6, 0xc3, 0x1a,
    0x0, 0xd0, 0x4, 0x32, 0x26, 0xc7, 0x3c, 0x90,
    0x0, 0x0, 0x0, 0x0, 0x0, 0x0,

    /* U+8C28 "谨" */
    0x8, 0x20, 0x5, 0x80, 0x3b, 0x0, 0x2, 0xd3,
    0x9b, 0xc9, 0xae, 0x94, 0x0, 0x10, 0x5, 0xc9,
    0xbb, 0x0, 0x37, 0x70, 0x36, 0x6e, 0x66, 0x50,
    0x36, 0xf0, 0x78, 0x4e, 0x55, 0xc0, 0x0, 0xe0,
    0x7c, 0xaf, 0xaa, 0xc0, 0x0, 0xe0, 0x23, 0x3e,
    0x43, 0x30, 0x0, 0xe0, 0x46, 0x6e, 0x76, 0x60,
    0x0, 0xeb, 0x6a, 0xaf, 0xaa, 0x70, 0x0, 0xf6,
    0x0, 0xd, 0x0, 0x0, 0x4, 0x73, 0xaa, 0xaf,
    0xba, 0xa5, 0x0, 0x0, 0x0, 0x0, 0x0, 0x0,

    /* U+8C61 "象" */
    0x0, 0x2, 0x90, 0x0, 0x0, 0x0, 0x0, 0xc,
    0xbb, 0xda, 0x0, 0x0, 0x0, 0xb7, 0x0, 0xc4,
    0x0, 0x0, 0x1c, 0xfb, 0xab, 0xfb, 0xaa, 0x0,
    0x4, 0xd0, 0x7, 0x60, 0xd, 0x0, 0x0, 0xfb,
    0xbf, 0xbb, 0xbf, 0x0, 0x0, 0x6b, 0xa9, 0x0,
    0x29, 0x0, 0xb, 0x60, 0x6c, 0x97, 0xc3, 0x0,
    0x2, 0x7c, 0x63, 0xf8, 0xd0, 0x0, 0x4, 0x52,
    0x99, 0x87, 0x6a, 0x0, 0x5, 0xbb, 0x30, 0x85,
    0x8, 0xd1, 0x4, 0x20, 0x7d, 0xb0, 0x0, 0x40,
    0x0, 0x0, 0x0, 0x0, 0x0, 0x0,

    /* U+8C8C "貌" */
    0x0, 0x0, 0x0, 0x0, 0x20, 0x0, 0x0, 0x4b,
    0x60, 0x2, 0xe0, 0x0, 0x4c, 0x94, 0x4, 0xcd,
    0xec, 0xc2, 0x8, 0xb, 0xb9, 0x70, 0x0, 0xa2,
    0x6, 0xac, 0x26, 0xdb, 0xbb, 0xe2, 0x3b, 0x6b,
    0x6, 0x70, 0x0, 0xa2, 0x0, 0x6c, 0x66, 0xdb,
    0xbb, 0xe2, 0x2c, 0x73, 0xa0, 0x39, 0x2b, 0x0,
    0x2, 0x2d, 0xc0, 0x58, 0x1b, 0x0, 0x6, 0xc2,
    0xd0, 0xa4, 0x1b, 0x3, 0x5a, 0x13, 0xb4, 0xc0,
    0x1b, 0xb, 0x0, 0xbd, 0x5b, 0x10, 0xc, 0xc7,

    /* U+8D1F "负" */
    0x0, 0x0, 0x0, 0x0, 0x0, 0x0, 0x0, 0x5,
    0xc0, 0x0, 0x0, 0x0, 0x0, 0x2e, 0xbb, 0xbf,
    0x30, 0x0, 0x3, 0xd3, 0x0, 0x5a, 0x0, 0x0,
    0x4d, 0xdc, 0xcc, 0xfd, 0xcb, 0x0, 0x1, 0xd0,
    0x0, 0x10, 0x1d, 0x0, 0x0, 0xd0, 0x7, 0x70,
    0x1d, 0x0, 0x0, 0xd0, 0x9, 0x50, 0x1d, 0x0,
    0x0, 0xd0, 0xe, 0x10, 0x1d, 0x0, 0x0, 0x51,
    0xa8, 0x68, 0x25, 0x0, 0x2, 0x6d, 0x80, 0x5,
    0xc9, 0x10, 0x3a, 0x61, 0x0, 0x0, 0x5, 0x80,

    /* U+8D22 "财" */
    0xe, 0xbb, 0xe0, 0x0, 0xe, 0x0, 0xb, 0x11,
    0xb0, 0x0, 0xe, 0x0, 0xb, 0x56, 0xb5, 0xdd,
    0xdf, 0xd5, 0xb, 0x56, 0xb0, 0x0, 0x7f, 0x0,
    0xb, 0x56, 0xb0, 0x0, 0xef, 0x0, 0xb, 0x56,
    0xb0, 0x8, 0x7e, 0x0, 0xb, 0x66, 0xb0, 0x2d,
    0xe, 0x0, 0x4, 0x96, 0x41, 0xd4, 0xe, 0x0,
    0x0, 0xc9, 0x59, 0x70, 0xe, 0x0, 0x9, 0x60,
    0xd1, 0x0, 0xe, 0x0, 0x58, 0x0, 0x51, 0x6,
    0xeb, 0x0, 0x0, 0x0, 0x0, 0x0, 0x0, 0x0,

    /* U+8D23 "责" */
    0x1, 0x22, 0x25, 0xb2, 0x22, 0x20, 0x3, 0x88,
    0x8a, 0xd8, 0x88, 0x80, 0x0, 0x8a, 0xab, 0xea,
    0xaa, 0x40, 0x3, 0x33, 0x36, 0xc3, 0x33, 0x31,
    0x8, 0x88, 0x88, 0x88, 0x88, 0x84, 0x0, 0x6c,
    0xcc, 0xcc, 0xcc, 0x0, 0x0, 0x85, 0x2, 0x60,
    0xd, 0x0, 0x0, 0x85, 0x4, 0xa0, 0xd, 0x0,
    0x0, 0x64, 0xb, 0x74, 0xa, 0x0, 0x0, 0x16,
    0xc8, 0x18, 0xd9, 0x30, 0x8, 0xb7, 0x10, 0x0,
    0x4, 0xb3,

    /* U+8D25 "败" */
    0x0, 0x0, 0x0, 0x5, 0x0, 0x0, 0xe, 0xcc,
    0xe1, 0x1d, 0x0, 0x0, 0xc, 0x0, 0xa1, 0x5a,
    0x0, 0x0, 0xc, 0x36, 0xa1, 0xad, 0xce, 0xd1,
    0xc, 0x47, 0xa3, 0xe0, 0x9, 0x20, 0xc, 0x47,
    0xaa, 0xe2, 0xc, 0x0, 0xc, 0x47, 0xa3, 0x3a,
    0x1b, 0x0, 0xc, 0x56, 0xa1, 0xb, 0xa4, 0x0,
    0x3, 0x95, 0x30, 0x4, 0xe0, 0x0, 0x2, 0xb5,
    0x90, 0xc, 0xaa, 0x0, 0x3c, 0x20, 0xa5, 0xd5,
    0x8, 0xc1, 0x11, 0x0, 0x1, 0x20, 0x0, 0x30,

    /* U+8D26 "账" */
    0x0, 0x0, 0x0, 0x0, 0x0, 0x0, 0xe, 0xbb,
    0xc0, 0xd0, 0x3, 0xa0, 0xb, 0x21, 0xb0, 0xd0,
    0xd, 0x30, 0xb, 0x64, 0xb0, 0xd0, 0x99, 0x0,
    0xb, 0x64, 0xb0, 0xd6, 0xc0, 0x0, 0xb, 0x64,
    0xb2, 0xe3, 0x42, 0x20, 0xb, 0x74, 0xb9, 0xfa,
    0xfa, 0xa3, 0xb, 0x82, 0xb0, 0xd0, 0xa3, 0x0,
    0x4, 0xb3, 0x40, 0xd0, 0x3a, 0x0, 0x3, 0x99,
    0x50, 0xd1, 0x4b, 0x70, 0x3b, 0x10, 0xb1, 0xfc,
    0x51, 0xc5, 0x11, 0x0, 0x1, 0x40, 0x0, 0x0,

    /* U+8D27 "货" */
    0x0, 0x0, 0x0, 0x0, 0x0, 0x0, 0x0, 0x1d,
    0x21, 0xe0, 0x4, 0x70, 0x3, 0xe7, 0x3, 0xf9,
    0xc9, 0x30, 0x6c, 0xa6, 0x8a, 0xe2, 0x0, 0x42,
    0x0, 0x76, 0x0, 0xe8, 0x77, 0xd2, 0x0, 0x43,
    0x0, 0x24, 0x44, 0x10, 0x0, 0xed, 0xdd, 0xdd,
    0xdd, 0x0, 0x0, 0xe0, 0x9, 0x0, 0x1d, 0x0,
    0x0, 0xe0, 0xe, 0x0, 0x1d, 0x0, 0x0, 0xb0,
    0x5c, 0x42, 0xa, 0x0, 0x0, 0x4a, 0xc1, 0x5a,
    0xc7, 0x10, 0x2d, 0x94, 0x0, 0x0, 0x6, 0xc1,

    /* U+8D28 "质" */
    0x0, 0x1, 0x23, 0x46, 0x7a, 0x80, 0x1, 0xfb,
    0xa9, 0x9e, 0x42, 0x0, 0x1, 0xd6, 0x66, 0x8d,
    0x66, 0x64, 0x1, 0xd4, 0x44, 0x8b, 0x44, 0x42,
    0x1, 0xc2, 0xbb, 0xdd, 0xbb, 0xa0, 0x2, 0xa3,
    0xb1, 0x27, 0x12, 0xd0, 0x3, 0x93, 0xb0, 0x1d,
    0x1, 0xd0, 0x5, 0x83, 0xb0, 0x3b, 0x1, 0xd0,
    0x9, 0x41, 0x42, 0xc6, 0x71, 0x60, 0x1d, 0x2,
    0x8d, 0x40, 0x5c, 0x80, 0x14, 0x9, 0x50, 0x0,
    0x0, 0x63,

    /* U+8D2C "贬" */
    0x0, 0x0, 0x0, 0x0, 0x3, 0x50, 0xe, 0xcc,
    0xd4, 0x9b, 0xeb, 0x60, 0xb, 0x10, 0xb3, 0x57,
    0x0, 0x0, 0xb, 0x64, 0xb0, 0x8, 0x60, 0x0,
    0xb, 0x64, 0xb0, 0x2, 0x70, 0x0, 0xb, 0x64,
    0xb8, 0xdd, 0xdd, 0xc0, 0xb, 0x74, 0xb0, 0x0,
    0xa, 0x50, 0xb, 0x73, 0xb0, 0x0, 0x6a, 0x0,
    0x1, 0x95, 0x10, 0x6, 0xa0, 0x0, 0x0, 0xcb,
    0x22, 0xca, 0x0, 0x0, 0x6, 0x73, 0x9b, 0x4c,
    0x10, 0x0, 0x4a, 0x0, 0x49, 0x3, 0xce, 0xe8,
    0x0, 0x0, 0x0, 0x0, 0x0, 0x0,

    /* U+8D2D "购" */
    0x0, 0x0, 0x0, 0x26, 0x0, 0x0, 0xf, 0xdd,
    0xf0, 0x78, 0x0, 0x0, 0xb, 0x0, 0xb0, 0xc4,
    0x0, 0x0, 0xb, 0x22, 0xb3, 0xfd, 0xdd, 0xf3,
    0xb, 0x55, 0xbb, 0x63, 0x0, 0xa3, 0xb, 0x55,
    0xb2, 0x2a, 0x0, 0xb2, 0xb, 0x55, 0xb0, 0x73,
    0x90, 0xb2, 0xb, 0x65, 0xb0, 0xc5, 0xb6, 0xc1,
    0x3, 0x84, 0x23, 0xa6, 0x28, 0xd0, 0x0, 0xb9,
    0x50, 0x0, 0x0, 0xe0, 0x8, 0x60, 0xc1, 0x0,
    0x2, 0xc0, 0x38, 0x0, 0x52, 0x1, 0xde, 0x60,
    0x0, 0x0, 0x0, 0x0, 0x0, 0x0,

    /* U+8D34 "贴" */
    0xe, 0xcc, 0xf0, 0x0, 0xc0, 0x0, 0xb, 0x0,
    0xc0, 0x0, 0xc0, 0x0, 0xb, 0x55, 0xc0, 0x0,
    0xfc, 0xc9, 0xb, 0x55, 0xc0, 0x0, 0xc0, 0x0,
    0xb, 0x55, 0xc0, 0x0, 0xc0, 0x0, 0xb, 0x65,
    0xc0, 0x12, 0xd1, 0x10, 0xb, 0x75, 0xc4, 0xeb,
    0xbb, 0xf0, 0x3, 0xa6, 0x34, 0xa0, 0x0, 0xd0,
    0x1, 0xda, 0x44, 0xa0, 0x0, 0xd0, 0xb, 0x61,
    0xc4, 0xea, 0xaa, 0xf0, 0x58, 0x0, 0x34, 0xb2,
    0x22, 0xd0, 0x0, 0x0, 0x0, 0x0, 0x0, 0x0,

    /* U+8D35 "贵" */
    0x0, 0x23, 0x36, 0xc3, 0x33, 0x0, 0x0, 0xa8,
    0x68, 0xd6, 0x6d, 0x10, 0x0, 0xab, 0xab, 0xea,
    0xae, 0x10, 0x4, 0x44, 0x46, 0xc4, 0x44, 0x42,
    0x7, 0x77, 0x77, 0x77, 0x77, 0x74, 0x0, 0x6c,
    0xbb, 0xbb, 0xcc, 0x0, 0x0, 0x76, 0x2, 0x60,
    0xe, 0x0, 0x0, 0x76, 0x5, 0x90, 0xe, 0x0,
    0x0, 0x65, 0xc, 0x54, 0xc, 0x0, 0x0, 0x16,
    0xc6, 0x29, 0xd8, 0x20, 0x8, 0xc7, 0x10, 0x0,
    0x5, 0xc0,

    /* U+8D39 "费" */
    0x7, 0xaa, 0xfa, 0xaf, 0xac, 0x80, 0x0, 0x0,
    0xd0, 0xd, 0x4, 0x80, 0x4, 0xaa, 0xfa, 0xaf,
    0xab, 0x70, 0x7, 0x50, 0xd0, 0xd, 0x0, 0x0,
    0x5, 0x9e, 0xb9, 0x9f, 0x99, 0xe3, 0x7, 0xc8,
    0x0, 0x9, 0x7, 0x90, 0x5, 0xec, 0xcc, 0xcc,
    0xce, 0x0, 0x0, 0xd0, 0x6, 0x50, 0xe, 0x0,
    0x0, 0xd0, 0x1d, 0x30, 0xe, 0x0, 0x0, 0x66,
    0xc5, 0x5b, 0xba, 0x10, 0x3c, 0xb7, 0x10, 0x0,
    0x17, 0xc2,

    /* U+8D44 "资" */
    0x0, 0x0, 0x0, 0x0, 0x0, 0x0, 0x7, 0x20,
    0x8, 0x60, 0x0, 0x0, 0x3, 0xa9, 0x3d, 0xbe,
    0xbc, 0xd0, 0x0, 0x1, 0xb1, 0x2f, 0x36, 0x50,
    0x15, 0xac, 0x3, 0xc3, 0xb5, 0x0, 0x37, 0x20,
    0xa9, 0x20, 0x7, 0xc1, 0x0, 0x9a, 0xba, 0xaa,
    0xaa, 0x0, 0x0, 0xe2, 0x26, 0x62, 0x2e, 0x0,
    0x0, 0xe0, 0xb, 0x30, 0xe, 0x0, 0x0, 0x90,
    0x5b, 0x77, 0x28, 0x0, 0x2, 0x5b, 0xa1, 0x6,
    0xbc, 0x50, 0x3a, 0x72, 0x0, 0x0, 0x2, 0x80,

    /* U+8D4F "赏" */
    0x0, 0x65, 0x2, 0xb0, 0x56, 0x0, 0x7, 0x9f,
    0x79, 0xd7, 0xe8, 0x70, 0xe, 0x44, 0x44, 0x44,
    0x44, 0xf0, 0xa, 0xe, 0x99, 0x99, 0xf0, 0xa0,
    0x0, 0xe, 0x55, 0x55, 0xf0, 0x0, 0x0, 0x3,
    0x33, 0x33, 0x30, 0x0, 0x0, 0xac, 0xbb, 0xbb,
    0xca, 0x0, 0x0, 0xa2, 0x2, 0x70, 0x3a, 0x0,
    0x0, 0xa2, 0x8, 0x70, 0x3a, 0x0, 0x0, 0x24,
    0x9b, 0x2b, 0xb7, 0x0, 0x2c, 0xc9, 0x30, 0x0,
    0x17, 0xb0,

    /* U+8D54 "赔" */
    0x0, 0x0, 0x0, 0x3, 0x50, 0x0, 0xf, 0xdd,
    0xb0, 0x2, 0xb0, 0x0, 0xa, 0x0, 0xb8, 0xcc,
    0xfc, 0xc2, 0xa, 0x62, 0xb0, 0xa0, 0x5, 0x70,
    0xa, 0x73, 0xb0, 0xa3, 0xb, 0x30, 0xa, 0x73,
    0xb9, 0xba, 0x9f, 0x95, 0xa, 0x83, 0xb3, 0x33,
    0x33, 0x31, 0xa, 0x92, 0xb3, 0xcc, 0xcc, 0xb0,
    0x3, 0xb3, 0x24, 0x90, 0x0, 0xe0, 0x2, 0xba,
    0x24, 0x90, 0x0, 0xd0, 0xc, 0x41, 0xb4, 0xda,
    0xaa, 0xe0, 0x57, 0x0, 0x34, 0xa2, 0x22, 0xd0,
    0x0, 0x0, 0x0, 0x0, 0x0, 0x0,

    /* U+8D5A "赚" */
    0x0, 0x0, 0x0, 0x60, 0x3, 0x20, 0xe, 0xcc,
    0xa0, 0xc4, 0xa, 0x10, 0xb, 0x0, 0xa0, 0x46,
    0x1a, 0x0, 0xb, 0x41, 0xa9, 0xbe, 0xdd, 0xb3,
    0xb, 0x73, 0xa3, 0x7d, 0xa9, 0x60, 0xb, 0x73,
    0xa1, 0x3c, 0x86, 0xb0, 0xb, 0x83, 0xaa, 0xbe,
    0xdc, 0xe5, 0xb, 0x82, 0xa0, 0xb, 0x64, 0xa0,
    0x1, 0xa5, 0x16, 0xce, 0xdd, 0x90, 0x1, 0xb9,
    0x30, 0x8b, 0x6a, 0x10, 0xb, 0x41, 0x8b, 0x2b,
    0x64, 0xb2, 0x55, 0x0, 0x14, 0xb, 0x64, 0x21,

    /* U+8D5B "赛" */
    0x0, 0x0, 0x3, 0xa0, 0x0, 0x0, 0xe, 0xaa,
    0xea, 0xac, 0xca, 0xd6, 0xb, 0x78, 0xe8, 0x8b,
    0xc8, 0x85, 0x0, 0x58, 0xe8, 0x8b, 0xc8, 0x10,
    0x3, 0x33, 0xe3, 0x38, 0x93, 0x32, 0x6, 0x7e,
    0x96, 0x67, 0xda, 0x63, 0x6, 0xcf, 0xaa, 0xaa,
    0xcf, 0x93, 0x17, 0x3a, 0x3, 0x70, 0x3a, 0x34,
    0x0, 0x2a, 0xa, 0x62, 0x3a, 0x0, 0x0, 0x26,
    0xb8, 0x28, 0xca, 0x30, 0x9, 0x97, 0x10, 0x0,
    0x3, 0x92,

    /* U+8D5E "赞" */
    0x7, 0x6d, 0x31, 0x47, 0xd2, 0x20, 0xc, 0x6e,
    0x63, 0xb7, 0xe6, 0x60, 0x3a, 0xcd, 0xb8, 0x9c,
    0xdb, 0xa3, 0x2, 0xa4, 0x94, 0xb, 0x48, 0x13,
    0x3c, 0x27, 0x94, 0xa3, 0x1a, 0xa3, 0x0, 0x8c,
    0xcc, 0xcc, 0xc8, 0x0, 0x0, 0xa2, 0x2, 0x20,
    0x4a, 0x0, 0x0, 0xa2, 0x8, 0x50, 0x4a, 0x0,
    0x0, 0xa2, 0xc, 0x52, 0x4a, 0x0, 0x0, 0x16,
    0xd6, 0x4b, 0xd6, 0x0, 0x8, 0xb7, 0x10, 0x0,
    0x18, 0x90,

    /* U+8D60 "赠" */
    0x0, 0x0, 0x0, 0x60, 0x2, 0x30, 0xe, 0xbb,
    0xb0, 0x87, 0xa, 0x30, 0xa, 0x10, 0xb7, 0xcc,
    0xbf, 0xb1, 0xa, 0x73, 0xba, 0x50, 0x93, 0xa2,
    0xa, 0x73, 0xba, 0x64, 0x99, 0x92, 0xa, 0x73,
    0xba, 0x36, 0xa5, 0xa2, 0xa, 0x73, 0xb6, 0x99,
    0x99, 0x91, 0xa, 0x82, 0xb2, 0xbb, 0xbb, 0x80,
    0x4, 0xa0, 0x42, 0xa0, 0x1, 0xb0, 0x0, 0xa9,
    0x2, 0xea, 0xab, 0xb0, 0x8, 0x43, 0x92, 0xa1,
    0x12, 0xb0, 0x47, 0x0, 0x53, 0xd9, 0x9a, 0xb0,

    /* U+8D62 "赢" */
    0x0, 0x0, 0x7, 0x40, 0x0, 0x0, 0x7c, 0xda,
    0xaa, 0xaa, 0xaa, 0xa2, 0x4, 0xb7, 0x77, 0x77,
    0x77, 0x40, 0x1, 0x66, 0x66, 0x66, 0x66, 0x40,
    0x2, 0xc9, 0x99, 0x99, 0x9d, 0x0, 0x2, 0xc8,
    0x88, 0x88, 0x8d, 0x0, 0x9, 0xa6, 0x89, 0x94,
    0xaa, 0x30, 0xb, 0x3a, 0x94, 0x87, 0x65, 0x50,
    0xc, 0x7a, 0x98, 0x87, 0xc7, 0x50, 0xe, 0xaa,
    0x9a, 0x79, 0x4d, 0x50, 0x48, 0xa, 0x4b, 0x8b,
    0x5, 0x64, 0x83, 0xa9, 0x90, 0x67, 0x3, 0xc3,
    0x0, 0x0, 0x0, 0x0, 0x0, 0x0,

    /* U+8D6B "赫" */
    0x0, 0xd, 0x0, 0x0, 0x57, 0x0, 0x0, 0x8c,
    0xfc, 0x64, 0xcd, 0xec, 0x40, 0x0, 0xd, 0x0,
    0x0, 0x57, 0x0, 0x0, 0x22, 0xd2, 0x11, 0x26,
    0x82, 0x10, 0x1b, 0xda, 0xe9, 0x8b, 0xdc, 0xc9,
    0x0, 0x39, 0x4b, 0x21, 0x3a, 0x76, 0x0, 0xa,
    0xa3, 0xba, 0x67, 0x97, 0x86, 0x2, 0x9b, 0x29,
    0x7b, 0x57, 0x74, 0xb0, 0x13, 0xb1, 0x90, 0x58,
    0x47, 0x36, 0x0, 0x76, 0x19, 0x2, 0xc0, 0x73,
    0x0, 0xb, 0x2c, 0x60, 0x93, 0x7c, 0x10, 0x0,
    0x0, 0x0, 0x0, 0x0, 0x0, 0x0,

    /* U+8D70 "走" */
    0x0, 0x0, 0x7, 0x60, 0x0, 0x0, 0x2, 0xdd,
    0xde, 0xed, 0xdd, 0x40, 0x0, 0x0, 0x7, 0x60,
    0x0, 0x0, 0x0, 0x0, 0x7, 0x60, 0x0, 0x0,
    0x3d, 0xdd, 0xde, 0xed, 0xdd, 0xd3, 0x0, 0x44,
    0x7, 0x60, 0x0, 0x0, 0x0, 0x95, 0x7, 0xca,
    0xaa, 0x40, 0x0, 0xd6, 0x7, 0x82, 0x22, 0x10,
    0x2, 0xcc, 0x27, 0x60, 0x0, 0x0, 0xa, 0x52,
    0xdc, 0x70, 0x0, 0x0, 0x5a, 0x0, 0x18, 0xce,
    0xdd, 0xd5, 0x0, 0x0, 0x0, 0x0, 0x0, 0x0,

    /* U+8D76 "赶" */
    0x0, 0xc, 0x0, 0x8d, 0xfd, 0xc0, 0xc, 0xdf,
    0xca, 0x0, 0xc0, 0x0, 0x0, 0xc, 0x0, 0x0,
    0xc0, 0x0, 0x26, 0x7e, 0x66, 0x0, 0xc0, 0x0,
    0x26, 0x6e, 0x66, 0xcd, 0xfd, 0xd3, 0x8, 0xd,
    0x0, 0x0, 0xc0, 0x0, 0xd, 0xe, 0xcb, 0x0,
    0xc0, 0x0, 0xe, 0x6d, 0x0, 0x0, 0xc0, 0x0,
    0xc, 0xee, 0x0, 0x0, 0x70, 0x0, 0x3a, 0x5f,
    0x80, 0x0, 0x0, 0x0, 0x76, 0x4, 0xbe, 0xdd,
    0xdd, 0xd4, 0x11, 0x0, 0x0, 0x0, 0x0, 0x0,

    /* U+8D77 "起" */
    0x0, 0x1c, 0x0, 0x6c, 0xcc, 0xe0, 0xc, 0xdf,
    0xc9, 0x0, 0x0, 0xd0, 0x0, 0x1c, 0x0, 0x0,
    0x0, 0xd0, 0x13, 0x4d, 0x33, 0x0, 0x0, 0xd0,
    0x39, 0x9e, 0x99, 0x6e, 0xcc, 0x50, 0xb, 0x1d,
    0x0, 0x67, 0x0, 0x0, 0xd, 0xd, 0xcb, 0x67,
    0x0, 0x12, 0xe, 0x2d, 0x0, 0x67, 0x0, 0x58,
    0xe, 0xbd, 0x0, 0x2e, 0xdc, 0xe3, 0x29, 0x8f,
    0x30, 0x0, 0x0, 0x0, 0x75, 0x6, 0xce, 0xdd,
    0xdd, 0xd6, 0x11, 0x0, 0x0, 0x0, 0x0, 0x0,

    /* U+8D85 "超" */
    0x0, 0xd, 0x1, 0xcd, 0xec, 0xe3, 0xb, 0xcf,
    0xc9, 0x9, 0x50, 0xa3, 0x0, 0xd, 0x0, 0xc,
    0x10, 0xb2, 0x1, 0x1d, 0x11, 0x59, 0x12, 0xd0,
    0x1a, 0xae, 0xab, 0x90, 0x39, 0x50, 0x5, 0x1c,
    0x0, 0x9b, 0xaa, 0xc0, 0xa, 0x2d, 0xca, 0xb2,
    0x0, 0xe0, 0xb, 0x4c, 0x0, 0xb2, 0x0, 0xe0,
    0xc, 0xcd, 0x0, 0x8c, 0xbb, 0xc0, 0x1c, 0x7f,
    0x30, 0x0, 0x0, 0x0, 0x59, 0x5, 0xbe, 0xdd,
    0xdd, 0xd7, 0x1, 0x0, 0x0, 0x0, 0x0, 0x0,

    /* U+8D8A "越" */
    0x0, 0xd, 0x0, 0x0, 0x68, 0x80, 0x7, 0x8e,
    0x86, 0x0, 0x57, 0x71, 0x2, 0x3d, 0x32, 0xbc,
    0xde, 0xc6, 0x0, 0xd, 0x0, 0xb1, 0x39, 0x10,
    0x3c, 0xcf, 0xcb, 0xb1, 0x2a, 0x91, 0x4, 0x1c,
    0x0, 0xb1, 0xc, 0x90, 0x9, 0x2c, 0xc9, 0xc8,
    0x7d, 0x31, 0xa, 0x6c, 0x2, 0xe5, 0x5e, 0x48,
    0xb, 0xce, 0x0, 0x9, 0xb2, 0xc3, 0x1a, 0x4f,
    0x70, 0x4, 0x0, 0x0, 0x55, 0x3, 0xae, 0xed,
    0xdd, 0xd6, 0x0, 0x0, 0x0, 0x0, 0x0, 0x0,

    /* U+8DA3 "趣" */
    0x0, 0x75, 0x2e, 0xcf, 0x60, 0x0, 0x1c, 0xed,
    0x9a, 0xb, 0x7b, 0xb0, 0x0, 0x85, 0xa, 0x9e,
    0x10, 0xc0, 0x4a, 0xdc, 0xaa, 0x2c, 0xa2, 0xc0,
    0x2, 0x5a, 0x2a, 0x5d, 0x3d, 0x90, 0x8, 0x39,
    0xa, 0x8e, 0xb, 0x50, 0xc, 0x3e, 0xca, 0xc,
    0x3c, 0x80, 0xe, 0x79, 0x2d, 0xae, 0x78, 0xc0,
    0x1c, 0xe9, 0x11, 0xb, 0x60, 0x21, 0x56, 0x7f,
    0x70, 0x0, 0x0, 0x0, 0x91, 0x5, 0xbe, 0xed,
    0xdd, 0xd3, 0x10, 0x0, 0x0, 0x0, 0x0, 0x0,

    /* U+8DB3 "足" */
    0x0, 0xfd, 0xdd, 0xdd, 0xdf, 0x10, 0x0, 0xe0,
    0x0, 0x0, 0xd, 0x10, 0x0, 0xe0, 0x0, 0x0,
    0xd, 0x10, 0x0, 0xe0, 0x0, 0x0, 0xd, 0x10,
    0x0, 0xcc, 0xcd, 0xfc, 0xcc, 0x10, 0x0, 0x24,
    0x2, 0xb0, 0x0, 0x0, 0x0, 0x78, 0x2, 0xfc,
    0xcc, 0x90, 0x0, 0xba, 0x2, 0xc1, 0x11, 0x10,
    0x1, 0xdb, 0x42, 0xb0, 0x0, 0x0, 0x8, 0x61,
    0xdb, 0xc0, 0x0, 0x0, 0x3b, 0x0, 0x7, 0xce,
    0xed, 0xd8, 0x0, 0x0, 0x0, 0x0, 0x0, 0x0,

    /* U+8DC3 "跃" */
    0x0, 0x0, 0x0, 0x0, 0x0, 0x30, 0xe, 0xcc,
    0xc2, 0x79, 0xcc, 0x80, 0xc, 0x0, 0xc2, 0x74,
    0xe0, 0x0, 0xc, 0x0, 0xc0, 0x0, 0xe0, 0x0,
    0xe, 0xcc, 0xc0, 0x0, 0xe0, 0x0, 0x0, 0x67,
    0x7, 0xcc, 0xfc, 0xc7, 0x6, 0x67, 0x2, 0x34,
    0xf5, 0x32, 0xb, 0x6e, 0xb0, 0x4, 0xf6, 0x0,
    0xb, 0x67, 0x0, 0x9, 0x8b, 0x0, 0xb, 0x68,
    0x40, 0x2d, 0xb, 0x20, 0x3e, 0xdc, 0x82, 0xd4,
    0x4, 0xc0, 0x35, 0x10, 0xd, 0x50, 0x0, 0x5a,
    0x0, 0x0, 0x0, 0x0, 0x0, 0x0,

    /* U+8DCC "跌" */
    0xe, 0xcc, 0xd0, 0xd0, 0xd0, 0x0, 0xc, 0x0,
    0xd1, 0xd3, 0xe3, 0x31, 0xc, 0x0, 0xd5, 0xdb,
    0xfb, 0xb4, 0xe, 0xcc, 0xdb, 0x30, 0xd0, 0x0,
    0x0, 0x49, 0x5, 0x0, 0xd0, 0x0, 0x7, 0x49,
    0x7, 0x99, 0xe9, 0x95, 0xb, 0x4e, 0xb5, 0x69,
    0xf6, 0x63, 0xb, 0x49, 0x0, 0x8, 0xd6, 0x0,
    0xb, 0x4a, 0x40, 0x1c, 0x1c, 0x0, 0x3e, 0xdc,
    0x81, 0xd4, 0x8, 0x90, 0x35, 0x10, 0x1d, 0x50,
    0x0, 0x88, 0x0, 0x0, 0x0, 0x0, 0x0, 0x0,

    /* U+8DD1 "跑" */
    0x0, 0x0, 0x0, 0x41, 0x0, 0x0, 0xe, 0xcc,
    0xd0, 0xd1, 0x0, 0x0, 0xc, 0x0, 0xd3, 0xfc,
    0xcc, 0xa0, 0xc, 0x0, 0xdb, 0x40, 0x0, 0xd0,
    0xe, 0xcc, 0xdc, 0xbb, 0xa0, 0xd0, 0x0, 0x57,
    0x5, 0x70, 0xc0, 0xd0, 0x9, 0x5a, 0x35, 0x60,
    0xc0, 0xc0, 0xb, 0x5c, 0x75, 0xdb, 0xd1, 0xb0,
    0xb, 0x57, 0x5, 0x70, 0x7d, 0x60, 0xb, 0x59,
    0x75, 0x60, 0x0, 0x11, 0x3e, 0xdc, 0x75, 0x70,
    0x0, 0x47, 0x35, 0x10, 0x1, 0xdc, 0xcc, 0xd2,

    /* U+8DDD "距" */
    0xe, 0xcc, 0xe4, 0xfe, 0xee, 0xe4, 0xc, 0x0,
    0xc4, 0xa0, 0x0, 0x0, 0xc, 0x0, 0xc4, 0xa0,
    0x0, 0x0, 0xe, 0xcc, 0xe4, 0xfd, 0xdd, 0xb0,
    0x0, 0x49, 0x4, 0xa0, 0x0, 0xd0, 0x8, 0x49,
    0x4, 0xa0, 0x0, 0xd0, 0xc, 0x4e, 0xd6, 0xb2,
    0x22, 0xd0, 0xc, 0x49, 0x4, 0xea, 0xaa, 0x90,
    0xc, 0x49, 0x45, 0xa0, 0x0, 0x0, 0x2e, 0xcd,
    0x85, 0xb2, 0x22, 0x21, 0x46, 0x10, 0x2, 0xbb,
    0xbb, 0xb5,

    /* U+8DDF "跟" */
    0xe, 0xcc, 0xe7, 0xdc, 0xcc, 0xd0, 0xc, 0x0,
    0xc7, 0x50, 0x0, 0xd0, 0xc, 0x0, 0xc7, 0xb8,
    0x88, 0xd0, 0xe, 0xcc, 0xe7, 0x95, 0x55, 0xd0,
    0x0, 0x48, 0x7, 0x60, 0x0, 0xd0, 0x7, 0x48,
    0x7, 0xff, 0xfe, 0xc0, 0xb, 0x4e, 0xc7, 0x53,
    0x80, 0x52, 0xb, 0x48, 0x7, 0x50, 0xb9, 0xa1,
    0xb, 0x48, 0x38, 0x50, 0x6a, 0x0, 0x2e, 0xcd,
    0x98, 0x75, 0x5c, 0x70, 0x46, 0x10, 0xc, 0xc8,
    0x21, 0xb6, 0x0, 0x0, 0x0, 0x0, 0x0, 0x0,

    /* U+8DEA "跪" */
    0x0, 0x0, 0x0, 0x33, 0x0, 0x0, 0xf, 0xcc,
    0xa0, 0xb4, 0x0, 0x0, 0xc, 0x1, 0xa1, 0xec,
    0xce, 0x0, 0xc, 0x1, 0xa9, 0x60, 0x57, 0x0,
    0xe, 0x9a, 0xdf, 0xdc, 0xcc, 0xca, 0x3, 0x98,
    0x6b, 0x40, 0x0, 0x0, 0x6, 0x76, 0x8, 0x4e,
    0xbb, 0xd0, 0xb, 0x7c, 0x88, 0x3d, 0x0, 0xc0,
    0xb, 0x76, 0x9, 0x2d, 0x1b, 0xa0, 0xb, 0x7a,
    0xac, 0xd, 0x0, 0x15, 0x4f, 0xe9, 0x6d, 0xd,
    0x0, 0x3c, 0x34, 0x0, 0x57, 0xb, 0xcc, 0xe6,
    0x0, 0x0, 0x0, 0x0, 0x0, 0x0,

    /* U+8DEF "路" */
    0x0, 0x0, 0x0, 0x6, 0x0, 0x0, 0xe, 0xcc,
    0xf0, 0x3d, 0x0, 0x0, 0xc, 0x0, 0xd0, 0xae,
    0xcd, 0x80, 0xc, 0x0, 0xd4, 0xf7, 0xb, 0x30,
    0xe, 0xcc, 0xfc, 0x3c, 0x8a, 0x0, 0x0, 0x39,
    0x0, 0x7, 0xf4, 0x0, 0xb, 0x3b, 0x51, 0x9b,
    0x3c, 0x70, 0xc, 0x3c, 0x7d, 0xe9, 0x9a, 0xf7,
    0xc, 0x39, 0x0, 0xd2, 0x22, 0xd0, 0xc, 0x3a,
    0x61, 0xd0, 0x0, 0xd0, 0x3e, 0xdd, 0x91, 0xd1,
    0x11, 0xd0, 0x35, 0x10, 0x0, 0xfb, 0xbb, 0xd0,

    /* U+8DF3 "跳" */
    0xe, 0xcc, 0xb0, 0xa2, 0xc0, 0x0, 0xb, 0x0,
    0xd8, 0xa2, 0xc0, 0x95, 0xb, 0x0, 0xba, 0xa2,
    0xc3, 0xe0, 0xe, 0xcc, 0xb7, 0xd2, 0xcb, 0x60,
    0x0, 0x66, 0x1, 0xa2, 0xc3, 0x0, 0x8, 0x67,
    0x0, 0xa2, 0xc5, 0x0, 0xa, 0x6d, 0x95, 0xf1,
    0xcc, 0x90, 0xa, 0x66, 0x4a, 0xd0, 0xc0, 0x88,
    0xa, 0x68, 0x51, 0xc0, 0xc0, 0x0, 0x4e, 0xdb,
    0x78, 0x50, 0xc0, 0xb, 0x23, 0x0, 0x4a, 0x0,
    0x8d, 0xd6, 0x0, 0x0, 0x0, 0x0, 0x0, 0x0,

    /* U+8E0F "踏" */
    0xf, 0xcc, 0xc0, 0x0, 0xe0, 0x30, 0xc, 0x0,
    0xcc, 0xe6, 0xf7, 0xd1, 0xc, 0x0, 0xc0, 0x93,
    0xed, 0x10, 0xf, 0xcc, 0xc1, 0xc0, 0xd7, 0x50,
    0x0, 0x56, 0xc, 0x31, 0xd0, 0xb7, 0x8, 0x58,
    0x22, 0x1b, 0x60, 0x1, 0xb, 0x5c, 0x84, 0xeb,
    0xbb, 0xf0, 0xb, 0x56, 0x4, 0x90, 0x0, 0xd0,
    0xb, 0x59, 0x75, 0xda, 0xaa, 0xf0, 0x2e, 0xda,
    0x54, 0x90, 0x0, 0xe0, 0x25, 0x0, 0x4, 0xeb,
    0xbb, 0xe0,

    /* U+8E29 "踩" */
    0x0, 0x0, 0x0, 0x0, 0x0, 0x10, 0xe, 0xbc,
    0x95, 0x89, 0xbe, 0xc3, 0xb, 0x1, 0x95, 0x56,
    0x40, 0x42, 0xb, 0x1, 0x97, 0x34, 0x80, 0xd1,
    0xe, 0xbc, 0x93, 0xa0, 0xc4, 0xa0, 0x0, 0x66,
    0x0, 0x70, 0x72, 0x20, 0x6, 0x66, 0x2, 0x44,
    0xe4, 0x41, 0xa, 0x6d, 0x95, 0x9d, 0xfc, 0x94,
    0xa, 0x66, 0x0, 0x1c, 0xec, 0x0, 0xa, 0x67,
    0x40, 0xc4, 0xd5, 0xb0, 0x2d, 0xdc, 0x6b, 0x70,
    0xd0, 0x7a, 0x25, 0x10, 0x1, 0x0, 0xd0, 0x0,

    /* U+8EAB "身" */
    0x0, 0x0, 0x0, 0x0, 0x0, 0x0, 0x0, 0x0,
    0xe1, 0x0, 0x0, 0x0, 0x9d, 0xdd, 0xcc, 0xe0,
    0x0, 0xa, 0x30, 0x0, 0xd, 0x0, 0x0, 0xac,
    0xaa, 0xaa, 0xf0, 0x0, 0xa, 0x74, 0x44, 0x4e,
    0x38, 0x0, 0xa7, 0x44, 0x44, 0xec, 0x13, 0x9e,
    0xb9, 0x99, 0xaf, 0x20, 0x2, 0x22, 0x23, 0xca,
    0xe0, 0x0, 0x0, 0x6, 0xd5, 0xd, 0x0, 0x1,
    0x7c, 0x91, 0x0, 0xe0, 0x7, 0xd7, 0x10, 0x1e,
    0xda, 0x0, 0x0, 0x0, 0x0, 0x0, 0x0, 0x0,

    /* U+8EBA "躺" */
    0x0, 0x0, 0x0, 0x0, 0x0, 0x0, 0x0, 0x77,
    0x2, 0x21, 0xd0, 0x32, 0x9, 0xec, 0x92, 0xb1,
    0xd0, 0xc1, 0xc, 0x33, 0xc0, 0x82, 0xd4, 0x60,
    0xc, 0x66, 0xc4, 0xcc, 0xfc, 0xc2, 0xc, 0x88,
    0xc5, 0x60, 0x0, 0x93, 0xc, 0x44, 0xc5, 0x6a,
    0xa8, 0x93, 0x4f, 0xbb, 0xc5, 0x69, 0xa, 0x93,
    0x0, 0x4b, 0xc5, 0x69, 0xa, 0x93, 0x1, 0xc1,
    0xc5, 0x6c, 0x96, 0x93, 0x2c, 0x30, 0xc5, 0x62,
    0x0, 0x93, 0x12, 0xc, 0x85, 0x60, 0x8, 0xd0,

    /* U+8F66 "车" */
    0x0, 0x0, 0x58, 0x0, 0x0, 0x0, 0x1, 0x11,
    0xc6, 0x11, 0x11, 0x10, 0xa, 0xbd, 0xeb, 0xbb,
    0xbb, 0xb3, 0x0, 0xb, 0x30, 0x72, 0x0, 0x0,
    0x0, 0x69, 0x0, 0xb3, 0x0, 0x0, 0x0, 0xfe,
    0xdd, 0xfe, 0xdd, 0x60, 0x0, 0x0, 0x0, 0xb3,
    0x0, 0x0, 0x0, 0x0, 0x0, 0xb3, 0x0, 0x0,
    0x1e, 0xee, 0xee, 0xfe, 0xee, 0xe6, 0x0, 0x0,
    0x0, 0xb3, 0x0, 0x0, 0x0, 0x0, 0x0, 0xb3,
    0x0, 0x0,

    /* U+8F6C "转" */
    0x0, 0x10, 0x0, 0x0, 0x20, 0x0, 0x0, 0xa3,
    0x0, 0x1, 0xd0, 0x0, 0x6d, 0xfd, 0xd5, 0xdd,
    0xfd, 0xd1, 0x2, 0xa0, 0x0, 0x9, 0x50, 0x0,
    0x7, 0x58, 0x2, 0x3d, 0x43, 0x31, 0xc, 0x1c,
    0x9, 0xbe, 0xaa, 0xa5, 0x3f, 0xcf, 0xc0, 0x68,
    0x0, 0x0, 0x1, 0x1c, 0x0, 0x9d, 0xde, 0xc0,
    0x0, 0x4d, 0x83, 0x0, 0xc, 0x20, 0x6d, 0xbd,
    0x40, 0x5a, 0xa6, 0x0, 0x0, 0x1c, 0x0, 0x5,
    0xe4, 0x0, 0x0, 0x1c, 0x0, 0x0, 0x2c, 0x10,
    0x0, 0x0, 0x0, 0x0, 0x0, 0x0,

    /* U+8F6E "轮" */
    0x0, 0x20, 0x0, 0x1, 0x20, 0x0, 0x0, 0xb2,
    0x0, 0x8, 0xb0, 0x0, 0x4d, 0xfd, 0xd0, 0x1d,
    0xb3, 0x0, 0x2, 0xa0, 0x0, 0x94, 0x1c, 0x0,
    0x6, 0x68, 0x6, 0x90, 0x5, 0xa0, 0xb, 0x2b,
    0x1a, 0x40, 0x0, 0x65, 0xe, 0xdf, 0xb0, 0xe0,
    0x2d, 0x40, 0x0, 0x1b, 0x0, 0xe8, 0xd4, 0x0,
    0x0, 0x3d, 0x81, 0xe7, 0x0, 0x0, 0x4e, 0xcd,
    0x50, 0xe0, 0x0, 0x41, 0x0, 0x1b, 0x0, 0xe0,
    0x0, 0xb2, 0x0, 0x1b, 0x0, 0xad, 0xdd, 0xc0,

    /* U+8F6F "软" */
    0x0, 0xa, 0x0, 0xb, 0x0, 0x0, 0x16, 0x9d,
    0x66, 0x1e, 0x0, 0x0, 0x16, 0xc8, 0x65, 0x4e,
    0xcc, 0xd8, 0x0, 0xc5, 0x30, 0xb3, 0x20, 0x75,
    0x7, 0x67, 0x42, 0xc0, 0xe0, 0xb0, 0xc, 0xde,
    0xda, 0x0, 0xe0, 0x0, 0x0, 0x7, 0x40, 0x1,
    0xf5, 0x0, 0x1, 0x3a, 0xb9, 0x6, 0xca, 0x0,
    0x4d, 0xac, 0x82, 0xd, 0x1c, 0x10, 0x0, 0x7,
    0x40, 0xa8, 0x5, 0xc0, 0x0, 0x7, 0x45, 0xa0,
    0x0, 0x67, 0x0, 0x0, 0x0, 0x0, 0x0, 0x0,

    /* U+8F70 "轰" */
    0x0, 0x0, 0x87, 0x0, 0x0, 0x0, 0xb, 0xbe,
    0xdb, 0xbb, 0xbb, 0xb3, 0x0, 0x6d, 0x43, 0xd3,
    0x33, 0x10, 0x0, 0x67, 0x66, 0xe6, 0x66, 0x30,
    0xb, 0xbb, 0xbb, 0xfb, 0xbb, 0xb6, 0x0, 0x0,
    0x0, 0xd0, 0x0, 0x0, 0xa, 0xcc, 0xc7, 0xac,
    0xcc, 0xb0, 0x6, 0x40, 0xb2, 0x1a, 0x6, 0x90,
    0x1, 0xad, 0x90, 0x7, 0xad, 0x10, 0x2, 0xba,
    0xd4, 0x4a, 0xdc, 0x50, 0x2b, 0x40, 0x17, 0xa3,
    0x1, 0x86,

    /* U+8F7B "轻" */
    0x0, 0x61, 0x0, 0x0, 0x0, 0x0, 0x0, 0xd0,
    0x4, 0xdd, 0xde, 0xc0, 0x5d, 0xfd, 0xd1, 0x0,
    0xd, 0x60, 0x4, 0x80, 0x0, 0x0, 0xac, 0x0,
    0x8, 0x48, 0x0, 0x1b, 0xf6, 0x0, 0xc, 0x1c,
    0x6, 0xe8, 0x3a, 0xc2, 0x3e, 0xdf, 0xc5, 0x20,
    0x0, 0x32, 0x0, 0x1c, 0x3, 0xdd, 0xfd, 0xd0,
    0x0, 0x4e, 0xa0, 0x0, 0xe0, 0x0, 0x6e, 0xbd,
    0x40, 0x0, 0xe0, 0x0, 0x0, 0x1c, 0x0, 0x0,
    0xe0, 0x0, 0x0, 0x1c, 0xd, 0xdd, 0xfd, 0xd7,

    /* U+8F7D "载" */
    0x0, 0x0, 0x0, 0x0, 0x0, 0x0, 0x0, 0x3,
    0x90, 0x7, 0x67, 0x10, 0x6, 0xbc, 0xeb, 0x86,
    0x72, 0xc0, 0x5, 0x58, 0xc5, 0x5a, 0xa5, 0x63,
    0x4, 0x4d, 0x44, 0x48, 0xa4, 0x52, 0xa, 0xbe,
    0xaa, 0xa6, 0x90, 0xd0, 0x1, 0xc3, 0x41, 0x13,
    0xa5, 0x90, 0x3, 0xc1, 0xd2, 0x10, 0xcb, 0x40,
    0x5, 0xaa, 0xea, 0xa0, 0xdc, 0x0, 0x0, 0x2,
    0xd5, 0x62, 0xd6, 0x6, 0xc, 0xba, 0xe7, 0x5b,
    0xbc, 0x2a, 0x0, 0x0, 0xc0, 0x78, 0x8, 0xe5,
    0x0, 0x0, 0x0, 0x0, 0x0, 0x0,

    /* U+8F83 "较" */
    0x0, 0x73, 0x0, 0x5, 0x60, 0x0, 0x26, 0xd8,
    0x61, 0x23, 0xc2, 0x20, 0x27, 0xd6, 0x67, 0xbb,
    0xab, 0xa3, 0x5, 0x79, 0x0, 0x76, 0x9, 0x40,
    0xa, 0x1c, 0x3, 0xc0, 0x1, 0xd1, 0xe, 0xcf,
    0xb7, 0x95, 0xb, 0x54, 0x0, 0xc, 0x0, 0x1c,
    0x3a, 0x0, 0x1, 0x4e, 0x90, 0x8, 0xe2, 0x0,
    0x4d, 0xae, 0x30, 0x8, 0xf3, 0x0, 0x0, 0xc,
    0x0, 0x8b, 0x3d, 0x50, 0x0, 0xc, 0xa, 0x70,
    0x2, 0xb4, 0x0, 0x0, 0x0, 0x0, 0x0, 0x0,

    /* U+8F93 "输" */
    0x4, 0x70, 0x0, 0xb, 0x30, 0x0, 0x5b, 0xb8,
    0x10, 0xa9, 0xc2, 0x0, 0x3c, 0x54, 0x4d, 0x60,
    0x1c, 0x81, 0xb, 0x62, 0x88, 0xbb, 0xbb, 0x61,
    0x38, 0x93, 0x28, 0x87, 0x21, 0x70, 0x7d, 0xed,
    0x68, 0x1c, 0x64, 0xb0, 0x0, 0x93, 0x3d, 0xbd,
    0x64, 0xb0, 0x4, 0xcc, 0x59, 0x3c, 0x64, 0xb0,
    0x79, 0xc3, 0x3b, 0x6d, 0x64, 0xb0, 0x0, 0x93,
    0x37, 0xb, 0x0, 0xb0, 0x0, 0x93, 0x37, 0x7a,
    0x1b, 0xa0, 0x0, 0x0, 0x0, 0x0, 0x0, 0x0,

    /* U+8F9B "辛" */
    0x0, 0x0, 0x2, 0x10, 0x0, 0x0, 0x0, 0x0,
    0x6, 0x90, 0x0, 0x0, 0x3, 0xcc, 0xcc, 0xfc,
    0xcc, 0xa0, 0x0, 0x9, 0x30, 0x0, 0xb3, 0x0,
    0x0, 0x5, 0x90, 0x2, 0xd0, 0x0, 0x1a, 0xab,
    0xea, 0xac, 0xda, 0xa6, 0x2, 0x22, 0x26, 0xb2,
    0x22, 0x21, 0x0, 0x0, 0x4, 0xa0, 0x0, 0x0,
    0x7, 0xdd, 0xde, 0xfd, 0xdd, 0xd1, 0x0, 0x0,
    0x4, 0xa0, 0x0, 0x0, 0x0, 0x0, 0x4, 0xa0,
    0x0, 0x0, 0x0, 0x0, 0x4, 0xa0, 0x0, 0x0,

    /* U+8F9C "辜" */
    0x1, 0x11, 0x14, 0xb1, 0x11, 0x10, 0x8, 0x99,
    0x9b, 0xd9, 0x99, 0x94, 0x0, 0x99, 0x9a, 0xc9,
    0x9a, 0x50, 0x0, 0xc4, 0x33, 0x33, 0x39, 0x70,
    0x0, 0x46, 0x69, 0xc6, 0x66, 0x30, 0x3, 0xbb,
    0xbb, 0xfb, 0xbb, 0xa0, 0x0, 0x6, 0x70, 0x1,
    0xc0, 0x0, 0xb, 0xbc, 0xcc, 0xec, 0xcb, 0xb6,
    0x0, 0x0, 0x3, 0xa0, 0x0, 0x0, 0x6, 0xbb,
    0xbc, 0xeb, 0xbb, 0xb0, 0x0, 0x0, 0x3, 0xa0,
    0x0, 0x0,

    /* U+8FA3 "辣" */
    0x0, 0x0, 0x0, 0x0, 0x0, 0x0, 0x0, 0xb2,
    0x0, 0x1, 0xb0, 0x0, 0x5a, 0xcc, 0x9a, 0xcd,
    0xfc, 0xc2, 0x19, 0x14, 0x70, 0x1, 0xb0, 0x0,
    0xb, 0x18, 0x56, 0xab, 0xea, 0x90, 0x5, 0x3c,
    0x9, 0x63, 0xc1, 0xd0, 0x7b, 0xec, 0xb9, 0x41,
    0xb0, 0xd0, 0x0, 0xa2, 0x6, 0xbd, 0xfb, 0x90,
    0x5c, 0xfc, 0xa0, 0x2e, 0xe8, 0x0, 0x0, 0xd0,
    0x2, 0xd5, 0xba, 0x40, 0x4, 0xa0, 0x5d, 0x31,
    0xb1, 0xc3, 0x1b, 0x10, 0x31, 0x1, 0xb0, 0x10,
    0x0, 0x0, 0x0, 0x0, 0x0, 0x0,

    /* U+8FA9 "辩" */
    0x0, 0x10, 0x0, 0x0, 0x2, 0x0, 0x0, 0xd0,
    0xa, 0x20, 0xc, 0x10, 0x1b, 0xec, 0x74, 0xd1,
    0xbd, 0xd8, 0x7, 0x16, 0x30, 0x50, 0x70, 0x55,
    0x8, 0x2a, 0x34, 0x30, 0x82, 0x93, 0x6, 0x5b,
    0x6c, 0xb0, 0x64, 0xb1, 0x2a, 0xeb, 0x82, 0xb3,
    0xad, 0xca, 0x1, 0xa3, 0x2, 0xb0, 0x9, 0x40,
    0x9, 0xea, 0x62, 0xb1, 0xce, 0xd9, 0x0, 0xc0,
    0x3, 0xdc, 0x9, 0x40, 0x4, 0xa0, 0x8, 0xc2,
    0x9, 0x40, 0xb, 0x10, 0x2, 0x0, 0x9, 0x40,
    0x0, 0x0, 0x0, 0x0, 0x0, 0x0,

    /* U+8FB0 "辰" */
    0x1, 0xfe, 0xee, 0xee, 0xee, 0xe4, 0x1, 0xd0,
    0x0, 0x0, 0x0, 0x0, 0x1, 0xd0, 0x11, 0x11,
    0x11, 0x0, 0x1, 0xd3, 0xbb, 0xbb, 0xbb, 0x60,
    0x2, 0xd0, 0x0, 0x0, 0x0, 0x0, 0x3, 0xfd,
    0xfd, 0xee, 0xdd, 0xd8, 0x4, 0xb0, 0xe0, 0x59,
    0x2, 0xa0, 0x5, 0x80, 0xe0, 0xd, 0x6c, 0x30,
    0x9, 0x60, 0xe0, 0x3, 0xf3, 0x0, 0xd, 0x10,
    0xf6, 0xa6, 0x4d, 0x70, 0x3b, 0x3, 0xd8, 0x20,
    0x1, 0x87, 0x0, 0x0, 0x0, 0x0, 0x0, 0x0,

    /* U+8FB9 "边" */
    0xa, 0x30, 0x0, 0x2c, 0x0, 0x0, 0x2, 0xd2,
    0x0, 0x2b, 0x0, 0x0, 0x0, 0x42, 0xcd, 0xef,
    0xdd, 0xe0, 0x0, 0x0, 0x0, 0x59, 0x0, 0xe0,
    0x7e, 0xf0, 0x0, 0x86, 0x0, 0xe0, 0x0, 0xe0,
    0x0, 0xd1, 0x0, 0xe0, 0x0, 0xe0, 0x5, 0xb0,
    0x2, 0xc0, 0x0, 0xe0, 0x4e, 0x20, 0x5, 0xa0,
    0x1, 0xe1, 0xc2, 0x3, 0xee, 0x40, 0x1d, 0x8c,
    0x40, 0x0, 0x0, 0x1, 0x86, 0x2, 0xae, 0xed,
    0xee, 0xf7, 0x0, 0x0, 0x0, 0x0, 0x0, 0x0,

    /* U+8FBE "达" */
    0x9, 0x0, 0x0, 0x2c, 0x0, 0x0, 0x7, 0x90,
    0x0, 0x3b, 0x0, 0x0, 0x0, 0x83, 0xdd, 0xef,
    0xdd, 0xd2, 0x0, 0x0, 0x0, 0x68, 0x0, 0x0,
    0x7d, 0xd0, 0x0, 0xae, 0x30, 0x0, 0x0, 0xe0,
    0x1, 0xd2, 0xd2, 0x0, 0x0, 0xe0, 0xa, 0x60,
    0x3d, 0x10, 0x0, 0xe1, 0xba, 0x0, 0x6, 0xc0,
    0x4, 0xf4, 0x50, 0x0, 0x0, 0x30, 0x3c, 0x1a,
    0x82, 0x10, 0x12, 0x42, 0x63, 0x0, 0x5a, 0xcc,
    0xcc, 0xb2,

    /* U+8FC1 "迁" */
    0x4, 0x0, 0x0, 0x2, 0x59, 0x40, 0xc, 0x50,
    0xbc, 0xcf, 0x73, 0x0, 0x0, 0xb0, 0x0, 0xe,
    0x0, 0x0, 0x0, 0x0, 0x0, 0xe, 0x0, 0x0,
    0x12, 0x24, 0xaa, 0xaf, 0xaa, 0xa4, 0x5a, 0xf0,
    0x22, 0x2e, 0x22, 0x20, 0x0, 0xd0, 0x0, 0xe,
    0x0, 0x0, 0x0, 0xd0, 0x0, 0xe, 0x0, 0x0,
    0x0, 0xe0, 0x0, 0xe, 0x0, 0x0, 0x1c, 0x9b,
    0x50, 0x8, 0x0, 0x11, 0x65, 0x1, 0x7b, 0xcc,
    0xcc, 0xc4,

    /* U+8FC7 "过" */
    0x8, 0x0, 0x0, 0x0, 0xb2, 0x0, 0x7, 0xb0,
    0x0, 0x0, 0xb2, 0x0, 0x0, 0x74, 0xdd, 0xdd,
    0xfe, 0xb0, 0x0, 0x0, 0x0, 0x0, 0xb2, 0x0,
    0x6c, 0xc0, 0x5a, 0x0, 0xb2, 0x0, 0x0, 0xe0,
    0xa, 0x50, 0xb2, 0x0, 0x0, 0xe0, 0x1, 0x20,
    0xb2, 0x0, 0x0, 0xe0, 0x0, 0x33, 0xd2, 0x0,
    0x5, 0xf4, 0x0, 0x7a, 0x70, 0x0, 0x4c, 0x1b,
    0x94, 0x22, 0x34, 0x61, 0x52, 0x0, 0x49, 0xab,
    0xba, 0x90,

    /* U+8FC8 "迈" */
    0x0, 0x0, 0x0, 0x0, 0x0, 0x0, 0x3d, 0x24,
    0xdd, 0xfd, 0xdd, 0xd4, 0x5, 0xd1, 0x3, 0xb0,
    0x0, 0x0, 0x0, 0x40, 0x4, 0xa0, 0x0, 0x0,
    0x0, 0x0, 0x6, 0xed, 0xdd, 0x90, 0x7d, 0xd0,
    0x8, 0x82, 0x25, 0xb0, 0x0, 0xd0, 0xc, 0x20,
    0x3, 0xa0, 0x0, 0xd0, 0x2d, 0x0, 0x5, 0x80,
    0x0, 0xd0, 0xc5, 0x0, 0x8, 0x60, 0x0, 0xe4,
    0x80, 0x5, 0xcc, 0x10, 0xb, 0x9b, 0x30, 0x0,
    0x0, 0x22, 0x68, 0x2, 0x9d, 0xdd, 0xef, 0xf5,
    0x0, 0x0, 0x0, 0x0, 0x0, 0x0,

    /* U+8FCE "迎" */
    0x0, 0x0, 0x4, 0xb0, 0x0, 0x0, 0xb, 0x60,
    0xc8, 0x1c, 0xcc, 0xf0, 0x0, 0x83, 0xd0, 0xc,
    0x0, 0xd0, 0x0, 0x0, 0xd0, 0xc, 0x0, 0xd0,
    0x5d, 0xd0, 0xd0, 0xc, 0x0, 0xd0, 0x0, 0xd0,
    0xd0, 0xc, 0x0, 0xd0, 0x0, 0xd0, 0xe5, 0xad,
    0x0, 0xd0, 0x0, 0xd3, 0xd8, 0x2c, 0x2c, 0xc0,
    0x0, 0xe0, 0x0, 0xc, 0x0, 0x0, 0xb, 0x9b,
    0x40, 0x5, 0x0, 0x0, 0x58, 0x1, 0x8d, 0xdd,
    0xde, 0xf4, 0x0, 0x0, 0x0, 0x0, 0x0, 0x0,

    /* U+8FD0 "运" */
    0x0, 0x0, 0x0, 0x0, 0x0, 0x0, 0xd, 0x40,
    0x3d, 0xdd, 0xdd, 0xa0, 0x3, 0xe5, 0x0, 0x0,
    0x0, 0x0, 0x0, 0x10, 0x0, 0x0, 0x0, 0x0,
    0x0, 0x1, 0xcc, 0xcc, 0xcc, 0xc7, 0x7d, 0xd0,
    0x44, 0xd7, 0x44, 0x42, 0x0, 0xe0, 0x2, 0xc0,
    0x59, 0x0, 0x0, 0xe0, 0xb, 0x30, 0xc, 0x30,
    0x0, 0xe0, 0x5e, 0x9a, 0xbd, 0xc0, 0x0, 0xe0,
    0x36, 0x43, 0x10, 0x82, 0xb, 0xac, 0x50, 0x0,
    0x0, 0x1, 0x69, 0x1, 0x8d, 0xed, 0xee, 0xf9,
    0x0, 0x0, 0x0, 0x0, 0x0, 0x0,

    /* U+8FD1 "近" */
    0x3, 0x0, 0x0, 0x12, 0x47, 0x80, 0xc, 0x60,
    0xe, 0xb9, 0x85, 0x20, 0x1, 0xd2, 0xe, 0x0,
    0x0, 0x0, 0x0, 0x10, 0xe, 0x0, 0x0, 0x0,
    0x0, 0x0, 0xf, 0xcc, 0xcc, 0xc6, 0x7e, 0xe0,
    0xe, 0x22, 0xe2, 0x21, 0x0, 0xd0, 0x2c, 0x0,
    0xe0, 0x0, 0x0, 0xd0, 0x59, 0x0, 0xe0, 0x0,
    0x0, 0xd0, 0xb4, 0x0, 0xe0, 0x0, 0x1, 0xe3,
    0xc0, 0x0, 0xe0, 0x0, 0x2c, 0x3a, 0x72, 0x10,
    0x22, 0x33, 0x63, 0x0, 0x5a, 0xcc, 0xcc, 0xb5,

    /* U+8FD4 "返" */
    0x3, 0x0, 0x0, 0x13, 0x47, 0x80, 0x9, 0x80,
    0x2f, 0xba, 0x86, 0x30, 0x0, 0x81, 0x2b, 0x0,
    0x0, 0x0, 0x0, 0x0, 0x2e, 0xaa, 0xac, 0xc0,
    0x5d, 0xd0, 0x4a, 0x61, 0xa, 0x60, 0x0, 0xe0,
    0x67, 0x4d, 0x6c, 0x0, 0x0, 0xe0, 0xa4, 0x6,
    0xf6, 0x0, 0x0, 0xe3, 0xd1, 0x8c, 0x3d, 0x60,
    0x2, 0xf4, 0x35, 0x70, 0x1, 0x80, 0x2d, 0x5b,
    0x61, 0x0, 0x1, 0x44, 0x55, 0x0, 0x6b, 0xcd,
    0xdc, 0xc6,

    /* U+8FD8 "还" */
    0x7, 0x10, 0x0, 0x0, 0x0, 0x0, 0x5, 0xc2,
    0xdd, 0xde, 0xed, 0xd2, 0x0, 0x63, 0x0, 0xd,
    0x30, 0x0, 0x0, 0x0, 0x0, 0x9d, 0x10, 0x0,
    0x7e, 0xf0, 0x6, 0xcd, 0x89, 0x0, 0x0, 0xe0,
    0x9c, 0x2d, 0x9, 0x90, 0x0, 0xe5, 0xa0, 0x1d,
    0x0, 0xb2, 0x0, 0xe0, 0x0, 0x1d, 0x0, 0x0,
    0x0, 0xe0, 0x0, 0x1d, 0x0, 0x0, 0x1c, 0x8a,
    0x30, 0x5, 0x0, 0x1, 0x76, 0x2, 0xae, 0xed,
    0xee, 0xf8, 0x0, 0x0, 0x0, 0x0, 0x0, 0x0,

    /* U+8FD9 "这" */
    0x2, 0x0, 0x0, 0x75, 0x0, 0x0, 0xc, 0x50,
    0x0, 0x2c, 0x0, 0x0, 0x1, 0xb6, 0xdd, 0xdd,
    0xdf, 0xd4, 0x0, 0x0, 0x71, 0x0, 0x86, 0x0,
    0x5c, 0xc0, 0x4c, 0x62, 0xc0, 0x0, 0x0, 0xe0,
    0x0, 0x9f, 0x50, 0x0, 0x0, 0xd0, 0x2, 0xc9,
    0xd3, 0x0, 0x0, 0xd1, 0x8d, 0x40, 0x3d, 0x50,
    0x1, 0xe4, 0x70, 0x0, 0x2, 0x50, 0xd, 0x8c,
    0x50, 0x0, 0x0, 0x43, 0x68, 0x1, 0x9d, 0xdd,
    0xef, 0xf5, 0x0, 0x0, 0x0, 0x0, 0x0, 0x0,

    /* U+8FDB "进" */
    0xb, 0x10, 0x5, 0x80, 0x76, 0x0, 0x4, 0xc0,
    0x5, 0x80, 0x76, 0x0, 0x0, 0x52, 0xde, 0xed,
    0xee, 0xd0, 0x0, 0x0, 0x5, 0x80, 0x76, 0x0,
    0x6b, 0xb0, 0x5, 0x80, 0x76, 0x0, 0x1, 0xe1,
    0xde, 0xed, 0xee, 0xd2, 0x0, 0xe0, 0xa, 0x30,
    0x76, 0x0, 0x0, 0xe0, 0x3d, 0x0, 0x76, 0x0,
    0x2, 0xf2, 0xa2, 0x0, 0x65, 0x0, 0x2d, 0x6c,
    0x61, 0x0, 0x1, 0x21, 0x64, 0x0, 0x7b, 0xdd,
    0xdc, 0xc2, 0x0, 0x0, 0x0, 0x0, 0x0, 0x0,

    /* U+8FDC "远" */
    0x0, 0x0, 0x0, 0x0, 0x0, 0x0, 0x1d, 0x40,
    0x3c, 0xcc, 0xcc, 0xa0, 0x3, 0xe4, 0x0, 0x0,
    0x0, 0x0, 0x0, 0x20, 0x0, 0x0, 0x0, 0x0,
    0x0, 0x2, 0xdd, 0xdd, 0xdd, 0xd6, 0x6d, 0xd0,
    0x23, 0xd2, 0xc4, 0x21, 0x0, 0xe0, 0x2, 0xb0,
    0xb2, 0x0, 0x0, 0xe0, 0x7, 0x70, 0xb2, 0x11,
    0x0, 0xe0, 0x3d, 0x10, 0xb2, 0x57, 0x0, 0xe4,
    0xc3, 0x0, 0x6c, 0xc2, 0xb, 0x9b, 0x40, 0x0,
    0x0, 0x0, 0x58, 0x1, 0x8c, 0xdd, 0xde, 0xe9,
    0x0, 0x0, 0x0, 0x0, 0x0, 0x0,

    /* U+8FDE "连" */
    0x7, 0x0, 0x0, 0xa0, 0x0, 0x0, 0x5, 0xb1,
    0x9b, 0xe9, 0x99, 0x90, 0x0, 0x82, 0x2c, 0x54,
    0x32, 0x20, 0x0, 0x0, 0x2b, 0xb, 0x20, 0x0,
    0x5c, 0xd0, 0xbd, 0xbe, 0xcb, 0x80, 0x0, 0xd0,
    0x11, 0xc, 0x30, 0x0, 0x0, 0xd1, 0x55, 0x5d,
    0x75, 0x51, 0x0, 0xd1, 0x77, 0x7d, 0x87, 0x72,
    0x0, 0xe0, 0x0, 0xb, 0x20, 0x0, 0x1c, 0x8c,
    0x40, 0x9, 0x20, 0x0, 0x67, 0x2, 0xae, 0xed,
    0xee, 0xf8, 0x0, 0x0, 0x0, 0x0, 0x0, 0x0,

    /* U+8FDF "迟" */
    0x3, 0x0, 0x0, 0x0, 0x0, 0x0, 0xc, 0x60,
    0xf, 0xdd, 0xde, 0xc0, 0x1, 0xd2, 0xe, 0x0,
    0x2, 0xc0, 0x0, 0x10, 0xe, 0x0, 0x2, 0xc0,
    0x0, 0x0, 0x1f, 0x99, 0x9a, 0xc0, 0x7d, 0xd0,
    0x2e, 0x56, 0x65, 0x40, 0x0, 0xe0, 0x4b, 0x5,
    0xc0, 0x0, 0x0, 0xe0, 0x87, 0x0, 0x7b, 0x0,
    0x0, 0xe1, 0xe1, 0x0, 0x9, 0xa0, 0x3, 0xf4,
    0x50, 0x0, 0x0, 0x70, 0x3d, 0x3a, 0x83, 0x11,
    0x12, 0x43, 0x54, 0x0, 0x4a, 0xbc, 0xcb, 0xb5,

    /* U+8FEB "迫" */
    0x0, 0x0, 0x0, 0x3, 0x10, 0x0, 0xb, 0x50,
    0x0, 0xd, 0x10, 0x0, 0x1, 0xd4, 0x2b, 0xbf,
    0xbb, 0x90, 0x0, 0x21, 0x3c, 0x11, 0x13, 0xc0,
    0x13, 0x30, 0x3b, 0x0, 0x2, 0xc0, 0x5a, 0xf0,
    0x3e, 0xaa, 0xab, 0xc0, 0x0, 0xe0, 0x3c, 0x22,
    0x24, 0xc0, 0x0, 0xe0, 0x3b, 0x0, 0x2, 0xc0,
    0x0, 0xe0, 0x3c, 0x22, 0x24, 0xc0, 0x0, 0xe0,
    0x2a, 0xaa, 0xaa, 0x80, 0x1c, 0x8a, 0x40, 0x0,
    0x0, 0x1, 0x76, 0x1, 0x9d, 0xee, 0xef, 0xfa,
    0x0, 0x0, 0x0, 0x0, 0x0, 0x0,

    /* U+8FF7 "迷" */
    0xb, 0x10, 0x50, 0xd, 0x1, 0x50, 0x4, 0xc0,
    0x86, 0xd, 0x8, 0x80, 0x0, 0x51, 0x1d, 0xd,
    0xd, 0x0, 0x0, 0x0, 0x24, 0x2e, 0x34, 0x20,
    0x6d, 0xf2, 0xaa, 0xdf, 0xda, 0xa2, 0x0, 0xd0,
    0x3, 0xce, 0xc4, 0x0, 0x0, 0xd0, 0x1c, 0x2d,
    0x1c, 0x30, 0x0, 0xd2, 0xd4, 0xd, 0x1, 0xd2,
    0x1, 0xe2, 0x40, 0xd, 0x0, 0x10, 0x1d, 0x7c,
    0x50, 0x3, 0x0, 0x1, 0x86, 0x2, 0x9e, 0xed,
    0xee, 0xf7, 0x0, 0x0, 0x0, 0x0, 0x0, 0x0,

    /* U+8FF9 "迹" */
    0x0, 0x0, 0x0, 0x39, 0x0, 0x0, 0xb, 0x70,
    0x22, 0x2d, 0x42, 0x21, 0x0, 0x94, 0xaa, 0xeb,
    0xeb, 0xa4, 0x0, 0x0, 0x22, 0xc1, 0xa3, 0x20,
    0x5d, 0xd0, 0x94, 0xc0, 0xa4, 0xb0, 0x0, 0xd1,
    0xc0, 0xd0, 0xa2, 0xa2, 0x0, 0xd6, 0x43, 0xb0,
    0xa2, 0x55, 0x0, 0xd0, 0xc, 0x40, 0xa2, 0x0,
    0x0, 0xe2, 0x88, 0xb, 0xd1, 0x0, 0xc, 0x9c,
    0x60, 0x0, 0x0, 0x0, 0x58, 0x1, 0x8d, 0xdd,
    0xde, 0xf5, 0x0, 0x0, 0x0, 0x0, 0x0, 0x0,

    /* U+8FFD "追" */
    0x0, 0x0, 0x0, 0x0, 0x0, 0x0, 0x7, 0x0,
    0x0, 0x78, 0x0, 0x0, 0x8, 0xa0, 0x8c, 0xdd,
    0xcd, 0x0, 0x0, 0x60, 0xa3, 0x0, 0xd, 0x0,
    0x0, 0x0, 0xaa, 0x88, 0x8f, 0x0, 0x7c, 0xf0,
    0xa5, 0x22, 0x22, 0x0, 0x0, 0xd0, 0xac, 0xbb,
    0xbb, 0x50, 0x0, 0xd0, 0xa3, 0x0, 0x7, 0x60,
    0x0, 0xd0, 0xa3, 0x0, 0x6, 0x60, 0x0, 0xd0,
    0x9c, 0xbb, 0xbd, 0x60, 0xa, 0xc9, 0x10, 0x0,
    0x0, 0x11, 0x68, 0x4, 0xbc, 0xcc, 0xde, 0xf2,
    0x0, 0x0, 0x0, 0x0, 0x0, 0x0,

    /* U+9000 "退" */
    0x0, 0x0, 0x0, 0x0, 0x0, 0x0, 0xc, 0x10,
    0x3e, 0xbb, 0xbf, 0x0, 0x4, 0xc0, 0x3b, 0x0,
    0xd, 0x0, 0x0, 0x72, 0x3e, 0xbb, 0xbf, 0x0,
    0x0, 0x0, 0x3b, 0x0, 0xd, 0x0, 0x6c, 0xc0,
    0x3e, 0xbb, 0xbe, 0x0, 0x0, 0xd0, 0x3b, 0x7,
    0x7, 0x90, 0x0, 0xd0, 0x3b, 0x6, 0xd7, 0x0,
    0x0, 0xd0, 0x4c, 0x68, 0x4a, 0x0, 0x0, 0xe0,
    0x8a, 0x61, 0x6, 0x60, 0x1c, 0x8b, 0x51, 0x0,
    0x0, 0x21, 0x55, 0x0, 0x6b, 0xcd, 0xdc, 0xb1,

    /* U+9001 "送" */
    0x0, 0x0, 0x0, 0x0, 0x0, 0x0, 0xa, 0x20,
    0xc, 0x10, 0xd, 0x20, 0x3, 0xd1, 0x6, 0x80,
    0x69, 0x0, 0x0, 0x52, 0xad, 0xdd, 0xed, 0xd0,
    0x0, 0x0, 0x0, 0xe, 0x0, 0x0, 0x5e, 0xd0,
    0x0, 0xe, 0x0, 0x0, 0x0, 0xd2, 0xcc, 0xdf,
    0xcc, 0xc4, 0x0, 0xd0, 0x0, 0x5d, 0x90, 0x0,
    0x0, 0xd0, 0x3, 0xc0, 0x7b, 0x0, 0x0, 0xe0,
    0x9b, 0x20, 0x7, 0x90, 0x1c, 0x8b, 0x50, 0x0,
    0x0, 0x11, 0x76, 0x2, 0xae, 0xdd, 0xde, 0xf7,
    0x0, 0x0, 0x0, 0x0, 0x0, 0x0,

    /* U+9002 "适" */
    0x4, 0x0, 0x1, 0x24, 0x69, 0x90, 0xb, 0x70,
    0x6a, 0x9f, 0x53, 0x0, 0x0, 0xb0, 0x0, 0xe,
    0x0, 0x0, 0x0, 0x3, 0xcc, 0xcf, 0xcc, 0xc8,
    0x5b, 0xa0, 0x0, 0xe, 0x0, 0x0, 0x0, 0xd0,
    0x1c, 0xbe, 0xbc, 0xa0, 0x0, 0xd0, 0x2b, 0x0,
    0x1, 0xc0, 0x0, 0xd0, 0x2b, 0x0, 0x1, 0xc0,
    0x0, 0xe0, 0x1b, 0xbb, 0xbb, 0x90, 0xb, 0x9b,
    0x61, 0x0, 0x0, 0x22, 0x46, 0x0, 0x5b, 0xcd,
    0xdc, 0xc6,

    /* U+9006 "逆" */
    0x0, 0x0, 0x0, 0x0, 0x0, 0x0, 0x15, 0x0,
    0x2d, 0x0, 0xd, 0x20, 0xb, 0x60, 0x8, 0x70,
    0x88, 0x0, 0x0, 0xa5, 0xcc, 0xcf, 0xcc, 0xc6,
    0x0, 0x0, 0x60, 0xe, 0x0, 0x70, 0x4b, 0xb0,
    0xd0, 0xe, 0x0, 0xd0, 0x1, 0xd0, 0xd0, 0xe,
    0x0, 0xd0, 0x0, 0xd0, 0xac, 0xdf, 0xcc, 0xb0,
    0x0, 0xd0, 0x0, 0x88, 0x0, 0x0, 0x0, 0xd0,
    0x18, 0xd1, 0x0, 0x0, 0x9, 0xbb, 0xa8, 0x10,
    0x0, 0x0, 0x49, 0x1, 0x9c, 0xcc, 0xcd, 0xe8,
    0x0, 0x0, 0x0, 0x0, 0x0, 0x0,

    /* U+9009 "选" */
    0x17, 0x0, 0x9, 0xe, 0x0, 0x0, 0x7, 0xb0,
    0x3e, 0x9f, 0x99, 0x91, 0x0, 0x51, 0xc4, 0x2e,
    0x22, 0x20, 0x0, 0x0, 0x41, 0x1e, 0x11, 0x10,
    0x3a, 0xa2, 0xbb, 0xeb, 0xfb, 0xb6, 0x2, 0xe0,
    0x5, 0xa0, 0xf0, 0x0, 0x0, 0xd0, 0xa, 0x50,
    0xf0, 0x3, 0x0, 0xd0, 0x5c, 0x0, 0xf0, 0x2a,
    0x0, 0xe4, 0xa1, 0x0, 0x9d, 0xd4, 0x8, 0xa9,
    0x40, 0x0, 0x0, 0x1, 0x4a, 0x0, 0x7c, 0xdc,
    0xdd, 0xfa, 0x0, 0x0, 0x0, 0x0, 0x0, 0x0,

    /* U+900F "透" */
    0x2, 0x0, 0x0, 0x13, 0x47, 0x40, 0x1e, 0x20,
    0x99, 0x9f, 0x63, 0x10, 0x4, 0xc0, 0x0, 0xd,
    0x0, 0x0, 0x0, 0x74, 0xbb, 0xcf, 0xcb, 0xb4,
    0x0, 0x0, 0x5, 0xbe, 0xa5, 0x0, 0x27, 0x73,
    0xb9, 0xc, 0x8, 0xb3, 0x15, 0xe2, 0x6b, 0xdb,
    0xc2, 0x21, 0x0, 0xd0, 0x2, 0xa0, 0xbb, 0xb0,
    0x0, 0xd0, 0xb, 0x40, 0x0, 0xd0, 0x0, 0xe3,
    0xd7, 0x0, 0x9b, 0x70, 0x9, 0xdc, 0x60, 0x0,
    0x0, 0x0, 0x4b, 0x1, 0x9d, 0xdc, 0xdd, 0xf6,
    0x0, 0x0, 0x0, 0x0, 0x0, 0x0,

    /* U+9010 "逐" */
    0x0, 0x0, 0x0, 0x0, 0x0, 0x0, 0xd, 0x24,
    0xcc, 0xdf, 0xcc, 0xc2, 0x4, 0xd0, 0x2, 0xd4,
    0x0, 0x0, 0x0, 0x40, 0x5d, 0xa5, 0x3, 0xa0,
    0x0, 0x5, 0xb1, 0x5e, 0x4c, 0x10, 0x5d, 0xd0,
    0x8, 0xa6, 0xf2, 0x0, 0x0, 0xd0, 0xc6, 0xb,
    0xec, 0x10, 0x0, 0xd0, 0x3, 0xb3, 0xc4, 0xc0,
    0x0, 0xd2, 0xbb, 0x20, 0xd0, 0x51, 0x0, 0xd2,
    0x40, 0x6b, 0x80, 0x0, 0xa, 0xbc, 0x51, 0x65,
    0x0, 0x11, 0x47, 0x1, 0x7b, 0xcd, 0xdc, 0xc4,

    /* U+9012 "递" */
    0x0, 0x0, 0x2, 0x0, 0x3, 0x0, 0x9, 0x0,
    0x8, 0x60, 0x79, 0x0, 0x7, 0xa0, 0xac, 0xdb,
    0xfc, 0x90, 0x0, 0x90, 0x0, 0xe, 0x0, 0xc0,
    0x0, 0x0, 0x6b, 0xbf, 0xbb, 0xc0, 0x5a, 0xa0,
    0x92, 0xe, 0x0, 0x0, 0x24, 0xe0, 0xbb, 0xcf,
    0xbb, 0xc1, 0x0, 0xd0, 0x3, 0xce, 0x0, 0xa0,
    0x0, 0xd1, 0x9c, 0x1e, 0x2b, 0xa0, 0x2, 0xf3,
    0x50, 0xe, 0x0, 0x0, 0x2d, 0x5c, 0x83, 0x24,
    0x23, 0x52, 0x35, 0x0, 0x59, 0xbb, 0xba, 0xa3,

    /* U+9014 "途" */
    0x0, 0x0, 0x0, 0x0, 0x0, 0x0, 0x6, 0x0,
    0x0, 0x8c, 0x0, 0x0, 0x6, 0xd2, 0x6, 0xb5,
    0xc1, 0x0, 0x0, 0x33, 0xba, 0x0, 0x4d, 0x91,
    0x0, 0x7, 0x5b, 0xce, 0xc6, 0x71, 0x5d, 0xd0,
    0x0, 0x2b, 0x0, 0x0, 0x0, 0xe2, 0xcc, 0xde,
    0xcc, 0xc0, 0x0, 0xe0, 0x46, 0x2b, 0x18, 0x0,
    0x0, 0xe2, 0xd1, 0x2b, 0x7, 0x80, 0x1, 0xe5,
    0x34, 0xba, 0x0, 0x50, 0xc, 0x6b, 0x50, 0x20,
    0x0, 0x0, 0x57, 0x0, 0x8c, 0xdd, 0xde, 0xe2,
    0x0, 0x0, 0x0, 0x0, 0x0, 0x0,

    /* U+901A "通" */
    0x0, 0x0, 0x0, 0x0, 0x0, 0x0, 0x1b, 0x0,
    0x9b, 0xbb, 0xbf, 0x90, 0x5, 0xc0, 0x6, 0xa5,
    0xb8, 0x0, 0x0, 0x51, 0x45, 0x7e, 0xd6, 0x50,
    0x0, 0x0, 0xd5, 0x5e, 0x55, 0xe0, 0x7c, 0xc0,
    0xd8, 0x8e, 0x88, 0xe0, 0x0, 0xe0, 0xd2, 0x2d,
    0x22, 0xd0, 0x0, 0xd0, 0xdb, 0xbf, 0xbb, 0xe0,
    0x0, 0xd0, 0xd0, 0xc, 0x0, 0xd0, 0x1, 0xe1,
    0xd0, 0xc, 0x2b, 0xc0, 0xb, 0x4a, 0x40, 0x0,
    0x0, 0x0, 0x65, 0x0, 0x8c, 0xcc, 0xcd, 0xe5,
    0x0, 0x0, 0x0, 0x0, 0x0, 0x0,

    /* U+901B "逛" */
    0x1, 0x2, 0x43, 0x20, 0x0, 0x0, 0x1d, 0x30,
    0xcc, 0x6c, 0xfd, 0xc0, 0x2, 0xe1, 0xba, 0x0,
    0xb1, 0x0, 0x0, 0x29, 0x9d, 0x0, 0xb1, 0x0,
    0x0, 0x3, 0xd, 0x13, 0xc4, 0x20, 0x5d, 0xd0,
    0x7f, 0x39, 0xea, 0x80, 0x0, 0xd5, 0xac, 0x10,
    0xb1, 0x0, 0x0, 0xd5, 0xc, 0x0, 0xb1, 0x0,
    0x0, 0xd0, 0xd, 0x23, 0xc4, 0x30, 0x0, 0xd2,
    0xd8, 0x69, 0x99, 0x92, 0x9, 0x8a, 0x30, 0x0,
    0x0, 0x0, 0x67, 0x1, 0x8c, 0xcc, 0xcd, 0xf2,
    0x0, 0x0, 0x0, 0x0, 0x0, 0x0,

    /* U+901E "逞" */
    0x0, 0x0, 0x0, 0x0, 0x0, 0x0, 0xc, 0x40,
    0x6d, 0xbb, 0xbd, 0x60, 0x1, 0xd1, 0x67, 0x0,
    0x7, 0x60, 0x0, 0x42, 0x6b, 0x77, 0x7b, 0x60,
    0x0, 0x0, 0x14, 0x44, 0x44, 0x10, 0x6d, 0xd0,
    0xbb, 0xbd, 0xbb, 0xb0, 0x0, 0xe0, 0x0, 0xe,
    0x0, 0x0, 0x0, 0xe0, 0x6b, 0xbf, 0xbb, 0x80,
    0x0, 0xe0, 0x0, 0xe, 0x0, 0x0, 0x1, 0xf4,
    0xbb, 0xbd, 0xbb, 0xb2, 0x1c, 0x2a, 0x61, 0x0,
    0x1, 0x32, 0x35, 0x0, 0x5a, 0xcc, 0xcc, 0xb4,

    /* U+901F "速" */
    0x14, 0x0, 0x0, 0xd, 0x0, 0x0, 0xc, 0x64,
    0xcc, 0xcf, 0xcc, 0xc4, 0x1, 0xb0, 0x0, 0xd,
    0x0, 0x0, 0x0, 0x0, 0xeb, 0xbf, 0xbb, 0xc0,
    0x7c, 0xc0, 0xd0, 0xd, 0x0, 0xc0, 0x0, 0xd0,
    0xcb, 0xcf, 0xbb, 0xb0, 0x0, 0xd0, 0x1, 0xcf,
    0xc1, 0x0, 0x0, 0xd0, 0x1c, 0x4d, 0x3d, 0x30,
    0x0, 0xd3, 0xe4, 0xd, 0x2, 0xc0, 0x8, 0xe9,
    0x30, 0xa, 0x0, 0x0, 0x78, 0x4, 0xac, 0xcc,
    0xcd, 0xd6, 0x0, 0x0, 0x0, 0x0, 0x0, 0x0,

    /* U+9020 "造" */
    0x6, 0x0, 0x9, 0xe, 0x0, 0x0, 0x6, 0xb0,
    0x3f, 0xcf, 0xcc, 0x70, 0x0, 0x52, 0xd2, 0xe,
    0x0, 0x0, 0x0, 0x1, 0x87, 0x7f, 0x77, 0x71,
    0x4a, 0xa1, 0x44, 0x44, 0x44, 0x40, 0x12, 0xe0,
    0x1b, 0xbb, 0xbb, 0x20, 0x0, 0xd0, 0x2b, 0x0,
    0xb, 0x30, 0x0, 0xd0, 0x2a, 0x0, 0xa, 0x30,
    0x0, 0xe0, 0x2d, 0xbb, 0xbd, 0x30, 0x8, 0xca,
    0x20, 0x0, 0x0, 0x11, 0x4a, 0x3, 0xbc, 0xcc,
    0xce, 0xf3, 0x0, 0x0, 0x0, 0x0, 0x0, 0x0,

    /* U+9022 "逢" */
    0x4, 0x0, 0x4, 0x90, 0x0, 0x0, 0xb, 0x50,
    0x5e, 0xba, 0xe8, 0x0, 0x1, 0x95, 0x96, 0xa8,
    0xa0, 0x0, 0x0, 0x0, 0x49, 0xb9, 0xa8, 0x40,
    0x38, 0x86, 0x95, 0x69, 0x15, 0x70, 0x24, 0xe0,
    0x59, 0xbd, 0x97, 0x0, 0x0, 0xd0, 0x89, 0xbd,
    0x99, 0x0, 0x0, 0xd0, 0x22, 0x7a, 0x22, 0x10,
    0x0, 0xe3, 0x88, 0xac, 0x88, 0x60, 0xb, 0x9b,
    0x30, 0x24, 0x0, 0x31, 0x57, 0x2, 0xad, 0xcc,
    0xdf, 0xf0, 0x0, 0x0, 0x0, 0x0, 0x0, 0x0,

    /* U+903C "逼" */
    0x19, 0x4, 0xbb, 0xbb, 0xbb, 0xb0, 0xa, 0x70,
    0x0, 0x0, 0x0, 0x0, 0x0, 0xb0, 0x6c, 0x99,
    0x9f, 0x0, 0x0, 0x0, 0x6b, 0x77, 0x7e, 0x0,
    0x6d, 0xd0, 0x44, 0x44, 0x44, 0x20, 0x0, 0xd0,
    0xe5, 0x5e, 0x58, 0x80, 0x0, 0xd0, 0xe9, 0x9e,
    0x9b, 0x80, 0x0, 0xd0, 0xd0, 0xd, 0x5, 0x80,
    0x0, 0xe0, 0xd9, 0x9e, 0x9b, 0x80, 0xb, 0x5a,
    0x30, 0x0, 0x0, 0x10, 0x56, 0x1, 0x9d, 0xcc,
    0xde, 0xf1, 0x0, 0x0, 0x0, 0x0, 0x0, 0x0,

    /* U+9047 "遇" */
    0x6, 0x0, 0xcb, 0xaf, 0xae, 0x20, 0x8, 0xb0,
    0xc0, 0xd, 0xa, 0x20, 0x0, 0x63, 0xca, 0xaf,
    0xae, 0x20, 0x0, 0x0, 0xc7, 0x6e, 0x6d, 0x20,
    0x5c, 0xd0, 0x23, 0x3d, 0x33, 0x0, 0x0, 0xe3,
    0xeb, 0xbf, 0xbc, 0xb0, 0x0, 0xe3, 0x80, 0xc,
    0x62, 0xb0, 0x0, 0xe3, 0x88, 0x9e, 0xc6, 0xb0,
    0x0, 0xe3, 0x82, 0x10, 0x5, 0xb0, 0x9, 0xdb,
    0x50, 0x0, 0x3a, 0x50, 0x59, 0x3, 0xad, 0xdc,
    0xdd, 0xe2, 0x0, 0x0, 0x0, 0x0, 0x0, 0x0,

    /* U+904D "遍" */
    0x0, 0x0, 0x0, 0x0, 0x0, 0x0, 0x8, 0x0,
    0x0, 0xd, 0x0, 0x0, 0x5, 0xb0, 0xca, 0xab,
    0xaa, 0xb0, 0x0, 0x61, 0xd1, 0x11, 0x11, 0xd0,
    0x1, 0x10, 0xd7, 0x77, 0x77, 0x60, 0x5a, 0xe0,
    0xca, 0xaa, 0xaa, 0xa0, 0x0, 0xd1, 0xbd, 0xa,
    0x53, 0xb0, 0x0, 0xd5, 0x8e, 0xae, 0xcc, 0xe0,
    0x0, 0xda, 0x3d, 0xa, 0x53, 0xb0, 0x2, 0xf4,
    0xd, 0x8, 0x46, 0xc0, 0x2d, 0x4c, 0x50, 0x0,
    0x0, 0x1, 0x85, 0x1, 0x9d, 0xdd, 0xde, 0xf7,
    0x0, 0x0, 0x0, 0x0, 0x0, 0x0,

    /* U+9053 "道" */
    0x0, 0x0, 0x2, 0x0, 0x11, 0x0, 0x18, 0x0,
    0x1c, 0x0, 0xb4, 0x0, 0x9, 0x95, 0xbd, 0xbb,
    0xfb, 0xb0, 0x0, 0x70, 0x0, 0x96, 0x0, 0x0,
    0x0, 0x0, 0xab, 0xdc, 0xbd, 0x0, 0x7d, 0xd0,
    0xb2, 0x11, 0x1e, 0x0, 0x0, 0xd0, 0xb8, 0x77,
    0x7e, 0x0, 0x0, 0xd0, 0xba, 0x99, 0x9f, 0x0,
    0x0, 0xd0, 0xb1, 0x0, 0xe, 0x0, 0x0, 0xe0,
    0xbb, 0xbb, 0xbe, 0x0, 0xb, 0x8a, 0x20, 0x0,
    0x0, 0x0, 0x66, 0x2, 0x9c, 0xcc, 0xcd, 0xe0,
    0x0, 0x0, 0x0, 0x0, 0x0, 0x0,

    /* U+9057 "遗" */
    0xb, 0x20, 0xda, 0xaf, 0xad, 0x60, 0x3, 0xd1,
    0xd0, 0xd, 0x7, 0x60, 0x0, 0x41, 0x99, 0x9f,
    0x9a, 0x40, 0x12, 0x25, 0x99, 0x9e, 0x99, 0x90,
    0x49, 0xf0, 0x68, 0x88, 0x88, 0x0, 0x0, 0xd0,
    0xa5, 0x11, 0x1c, 0x10, 0x0, 0xd0, 0xa3, 0xd,
    0xc, 0x10, 0x0, 0xd0, 0x51, 0x4b, 0x76, 0x0,
    0x1, 0xe1, 0x7b, 0xa1, 0x5c, 0x70, 0x1c, 0x7c,
    0x81, 0x0, 0x0, 0x30, 0x85, 0x3, 0xad, 0xcc,
    0xdd, 0xe3, 0x0, 0x0, 0x0, 0x0, 0x0, 0x0,

    /* U+9065 "遥" */
    0x0, 0x0, 0x1, 0x23, 0x58, 0x60, 0xb, 0x32,
    0xa9, 0x98, 0x54, 0x30, 0x2, 0xd3, 0xa3, 0x3a,
    0xa, 0x50, 0x0, 0x10, 0x4b, 0x8, 0x2a, 0x0,
    0x13, 0x30, 0x7e, 0xaa, 0xaa, 0x80, 0x4a, 0xf3,
    0xa2, 0x1e, 0x11, 0x10, 0x0, 0xe3, 0xaa, 0xaf,
    0xaa, 0xa5, 0x0, 0xe0, 0x51, 0x1d, 0x11, 0x40,
    0x0, 0xe0, 0xc0, 0xd, 0x1, 0xc0, 0x0, 0xe0,
    0xcb, 0xbe, 0xbc, 0xb0, 0xb, 0x9b, 0x40, 0x0,
    0x0, 0x0, 0x58, 0x1, 0x8c, 0xdd, 0xde, 0xf8,
    0x0, 0x0, 0x0, 0x0, 0x0, 0x0,

    /* U+906E "遮" */
    0x0, 0x0, 0x0, 0x1, 0x0, 0x0, 0x6, 0x0,
    0x0, 0xd, 0x20, 0x0, 0x8, 0xa0, 0xcc, 0xdd,
    0xcd, 0xc4, 0x0, 0x60, 0xc0, 0xc0, 0xd, 0x0,
    0x0, 0x0, 0xdb, 0xfb, 0xbf, 0xb4, 0x4b, 0xe0,
    0xc0, 0xc0, 0xd, 0x0, 0x0, 0xd0, 0xc0, 0xca,
    0xae, 0x0, 0x0, 0xd3, 0xa2, 0x11, 0x22, 0x20,
    0x0, 0xd8, 0x5b, 0x55, 0xa1, 0xa0, 0x0, 0xe8,
    0x38, 0x47, 0x65, 0x73, 0xb, 0x9b, 0x61, 0x0,
    0x0, 0x21, 0x45, 0x0, 0x6a, 0xcc, 0xcc, 0xb3,

    /* U+907F "避" */
    0x0, 0x0, 0x0, 0x0, 0x33, 0x0, 0x1c, 0x0,
    0xeb, 0xf0, 0x2a, 0x0, 0x7, 0x90, 0xc0, 0xc7,
    0xbf, 0xb5, 0x0, 0x90, 0xc0, 0xc0, 0x70, 0x90,
    0x0, 0x0, 0xfc, 0xe0, 0xb3, 0x90, 0x27, 0x61,
    0xb0, 0x8, 0xcd, 0xd6, 0x25, 0xd4, 0xeb, 0xc1,
    0xc, 0x0, 0x0, 0xd9, 0xc2, 0x88, 0xbf, 0xb4,
    0x0, 0xdc, 0x82, 0x81, 0xc, 0x0, 0x0, 0xe1,
    0x7b, 0xd1, 0xc, 0x0, 0xc, 0x8b, 0x30, 0x0,
    0x1, 0x0, 0x67, 0x1, 0x9c, 0xcb, 0xcd, 0xf8,
    0x0, 0x0, 0x0, 0x0, 0x0, 0x0,

    /* U+9080 "邀" */
    0x0, 0x0, 0x0, 0x0, 0x0, 0x0, 0x5, 0x0,
    0x2b, 0x0, 0xb0, 0x0, 0x9, 0x75, 0xb9, 0xd1,
    0xd2, 0x20, 0x0, 0xa6, 0xb9, 0xd5, 0xca, 0xd2,
    0x0, 0x5, 0xa7, 0xdc, 0x24, 0x90, 0x5d, 0xb2,
    0x5b, 0x37, 0x97, 0x60, 0x0, 0xd6, 0xd9, 0x83,
    0x8e, 0x10, 0x0, 0xd0, 0xcb, 0xa0, 0x2f, 0x0,
    0x0, 0xd1, 0xb0, 0xc0, 0xaa, 0x70, 0x1, 0xe9,
    0x56, 0xb8, 0x90, 0xc0, 0x1c, 0x8d, 0x54, 0x14,
    0x1, 0x31, 0x35, 0x1, 0x7b, 0xcc, 0xcb, 0xb2,

    /* U+90A3 "那" */
    0x6d, 0xed, 0xde, 0xf, 0xdd, 0xe1, 0x0, 0xa4,
    0xe, 0xd, 0x3, 0xb0, 0x0, 0xa3, 0xe, 0xd,
    0x9, 0x40, 0x4c, 0xfd, 0xce, 0xd, 0xc, 0x0,
    0x0, 0xc2, 0xe, 0xd, 0x3b, 0x0, 0x0, 0xd1,
    0xd, 0xd, 0x7, 0x70, 0x5d, 0xfd, 0xdd, 0xd,
    0x0, 0xd0, 0x3, 0xb0, 0x1d, 0xd, 0x0, 0xe0,
    0x8, 0x70, 0x1c, 0xd, 0x8d, 0x90, 0x1e, 0x10,
    0x4b, 0xd, 0x0, 0x0, 0x67, 0xb, 0xf6, 0xd,
    0x0, 0x0, 0x0, 0x0, 0x0, 0x1, 0x0, 0x0,

    /* U+90AE "邮" */
    0x0, 0x0, 0x0, 0x0, 0x0, 0x0, 0xd, 0x0,
    0xb, 0xdd, 0xf3, 0x0, 0xd1, 0x0, 0xb1, 0xe,
    0xf, 0xcf, 0xce, 0x1b, 0x15, 0x90, 0xc0, 0xc0,
    0xb1, 0xb1, 0xb3, 0xc, 0xc, 0xb, 0x1b, 0x2e,
    0x0, 0xfc, 0xfc, 0xe1, 0xb1, 0x68, 0xc, 0xc,
    0xb, 0x1b, 0x10, 0xd0, 0xc0, 0xc0, 0xb1, 0xb1,
    0xa, 0x2d, 0x2d, 0x2b, 0x1b, 0x46, 0xe1, 0xe9,
    0x99, 0xe1, 0xb4, 0x73, 0x5, 0x0, 0x2, 0xb,
    0x10, 0x0,

    /* U+90BB "邻" */
    0x0, 0x5, 0x20, 0x0, 0x0, 0x0, 0x0, 0x2f,
    0x60, 0xb, 0xdd, 0xe0, 0x0, 0xb5, 0xb6, 0xb,
    0x13, 0xb0, 0xa, 0x92, 0xc, 0x5b, 0x18, 0x50,
    0x8a, 0xb, 0x31, 0x6b, 0x1d, 0x0, 0x10, 0x1,
    0x40, 0xb, 0x3c, 0x0, 0x8, 0xcc, 0xcc, 0xb,
    0x15, 0x80, 0x0, 0x0, 0x5a, 0xb, 0x10, 0xd0,
    0x0, 0x30, 0xd1, 0xb, 0x10, 0xd0, 0x0, 0xcc,
    0x60, 0xb, 0x7d, 0x90, 0x0, 0x1d, 0x40, 0xb,
    0x10, 0x0, 0x0, 0x2, 0x80, 0xb, 0x10, 0x0,

    /* U+90D1 "郑" */
    0x1, 0x40, 0x5, 0x10, 0x0, 0x0, 0x1, 0xe1,
    0xe, 0x9, 0xed, 0xe9, 0x0, 0x83, 0x58, 0x9,
    0x40, 0xa5, 0xd, 0xdd, 0xee, 0x99, 0x41, 0xe0,
    0x0, 0x7, 0x60, 0x9, 0x47, 0x70, 0x0, 0x8,
    0x50, 0x9, 0x4b, 0x40, 0x5d, 0xde, 0xed, 0xd9,
    0x41, 0xc1, 0x0, 0xd, 0x30, 0x9, 0x40, 0x67,
    0x0, 0x4c, 0xc2, 0x9, 0x40, 0x59, 0x0, 0xc3,
    0x3d, 0x19, 0x5b, 0xe4, 0x9, 0x80, 0x5, 0x89,
    0x41, 0x0, 0x39, 0x0, 0x0, 0x9, 0x40, 0x0,

    /* U+90E8 "部" */
    0x0, 0x7, 0x0, 0x0, 0x0, 0x0, 0x0, 0xb,
    0x20, 0x7, 0xed, 0xf3, 0xc, 0xce, 0xec, 0x87,
    0x50, 0xe0, 0x2, 0x80, 0xc, 0x7, 0x54, 0x90,
    0x0, 0xd1, 0x59, 0x7, 0x5a, 0x30, 0x39, 0xca,
    0xdb, 0x87, 0x5c, 0x10, 0x13, 0x33, 0x33, 0x27,
    0x52, 0xb0, 0x7, 0xbb, 0xbb, 0x47, 0x50, 0xc1,
    0xa, 0x41, 0x19, 0x57, 0x50, 0xb2, 0xa, 0x20,
    0x8, 0x57, 0x8d, 0xc0, 0xa, 0xcb, 0xbd, 0x57,
    0x50, 0x0, 0xa, 0x31, 0x18, 0x57, 0x50, 0x0,

    /* U+90FD "都" */
    0x0, 0x0, 0x0, 0x10, 0x0, 0x0, 0x0, 0xd,
    0x0, 0xc9, 0xed, 0xe9, 0x9, 0xcf, 0xcc, 0x58,
    0x50, 0xa6, 0x0, 0xd, 0x1b, 0x8, 0x51, 0xe0,
    0x29, 0x9e, 0xcc, 0x88, 0x57, 0x70, 0x2, 0x3d,
    0x72, 0x28, 0x5b, 0x30, 0x3, 0xde, 0xaa, 0x48,
    0x51, 0xc1, 0x4d, 0xd0, 0x8, 0x58, 0x50, 0x77,
    0x0, 0xfb, 0xbd, 0x58, 0x50, 0x59, 0x0, 0xc0,
    0x7, 0x58, 0x6a, 0xd5, 0x0, 0xfb, 0xbd, 0x58,
    0x53, 0x10, 0x0, 0xc0, 0x7, 0x58, 0x50, 0x0,
    0x0, 0x0, 0x0, 0x0, 0x0, 0x0,

    /* U+914D "配" */
    0x0, 0x0, 0x0, 0x0, 0x0, 0x0, 0x3b, 0xed,
    0xdb, 0x5d, 0xdd, 0xf0, 0x0, 0x94, 0x60, 0x0,
    0x0, 0xd0, 0xa, 0xdc, 0xc8, 0x0, 0x0, 0xd0,
    0xc, 0x86, 0x5b, 0x0, 0x0, 0xd0, 0xb, 0x74,
    0x3b, 0x4d, 0xdd, 0xf0, 0xb, 0x84, 0x3b, 0x59,
    0x22, 0x60, 0xd, 0x41, 0x8c, 0x58, 0x0, 0x0,
    0xe, 0xaa, 0xac, 0x58, 0x0, 0x0, 0xb, 0x0,
    0xb, 0x58, 0x0, 0x65, 0xe, 0xbb, 0xbc, 0x58,
    0x0, 0x85, 0xb, 0x0, 0xa, 0x2e, 0xdd, 0xd1,
    0x0, 0x0, 0x0, 0x0, 0x0, 0x0,

    /* U+9178 "酸" */
    0x0, 0x0, 0x0, 0x3, 0x20, 0x0, 0x8d, 0xde,
    0xc2, 0xd, 0x39, 0x0, 0x3, 0x6a, 0x0, 0xa8,
    0xb, 0x50, 0x4b, 0xcd, 0xa4, 0xe9, 0x88, 0xc0,
    0x75, 0x89, 0xb1, 0x29, 0x1b, 0x10, 0x74, 0x67,
    0xa1, 0xc3, 0x6, 0x90, 0x77, 0x38, 0xa8, 0x7a,
    0x20, 0xa2, 0x78, 0x6, 0xd1, 0x7e, 0x9a, 0x60,
    0x7b, 0xaa, 0xe7, 0xbb, 0xc, 0x30, 0x73, 0x0,
    0xa1, 0x7, 0xe6, 0x0, 0x7c, 0xbb, 0xe1, 0x4c,
    0xbc, 0x50, 0x73, 0x0, 0xaa, 0xa2, 0x5, 0xc3,
    0x0, 0x0, 0x0, 0x0, 0x0, 0x0,

    /* U+9192 "醒" */
    0x2c, 0xed, 0xda, 0x9c, 0xbb, 0xf0, 0x0, 0xa5,
    0x50, 0x92, 0x0, 0xd0, 0x4, 0xc8, 0x83, 0x9b,
    0xaa, 0xf0, 0xe, 0xcb, 0xab, 0x92, 0x0, 0xd0,
    0xb, 0x85, 0x3b, 0x6b, 0xbb, 0xb0, 0xb, 0x95,
    0x5b, 0x65, 0xb1, 0x0, 0xd, 0x30, 0x5c, 0xd9,
    0xe9, 0x92, 0xe, 0xbb, 0xbd, 0x65, 0xd5, 0x50,
    0xb, 0x0, 0xb, 0x36, 0xd7, 0x60, 0xe, 0xbb,
    0xbb, 0x0, 0xb0, 0x0, 0xb, 0x0, 0xb, 0xbb,
    0xec, 0xb7,

    /* U+91CA "释" */
    0x0, 0x14, 0x60, 0x0, 0x0, 0x0, 0x4b, 0xdb,
    0x55, 0xfc, 0xcc, 0xf3, 0x14, 0x66, 0x71, 0x67,
    0x6, 0xb0, 0xb, 0x67, 0xc0, 0xb, 0x8d, 0x10,
    0x4, 0x78, 0x30, 0x19, 0xf8, 0x0, 0x5c, 0xdd,
    0xc8, 0xd7, 0x1a, 0xe6, 0x0, 0xdb, 0x4, 0x0,
    0xc0, 0x23, 0x5, 0xda, 0xb4, 0xcc, 0xfc, 0xc0,
    0x1d, 0x76, 0x40, 0x0, 0xe0, 0x0, 0x75, 0x66,
    0x9, 0xcc, 0xfc, 0xc6, 0x0, 0x66, 0x0, 0x0,
    0xe0, 0x0, 0x0, 0x66, 0x0, 0x0, 0xe0, 0x0,

    /* U+91CC "里" */
    0x0, 0xec, 0xcd, 0xfc, 0xce, 0x80, 0x0, 0xe0,
    0x2, 0xa0, 0x6, 0x80, 0x0, 0xe0, 0x3, 0xb0,
    0x6, 0x80, 0x0, 0xea, 0xab, 0xea, 0xac, 0x80,
    0x0, 0xe0, 0x2, 0xa0, 0x6, 0x80, 0x0, 0xcc,
    0xcd, 0xfc, 0xcc, 0x70, 0x0, 0x0, 0x3, 0xb0,
    0x0, 0x0, 0x4, 0xdd, 0xde, 0xfd, 0xdd, 0xc0,
    0x0, 0x0, 0x3, 0xb0, 0x0, 0x0, 0x0, 0x0,
    0x3, 0xb0, 0x0, 0x0, 0x1d, 0xdd, 0xde, 0xfd,
    0xdd, 0xd8,

    /* U+91CD "重" */
    0x0, 0x0, 0x0, 0x13, 0x46, 0x0, 0x1, 0xbb,
    0xbc, 0xd8, 0x75, 0x10, 0x0, 0x0, 0x4, 0x90,
    0x0, 0x0, 0xb, 0xbb, 0xbc, 0xeb, 0xbb, 0xb6,
    0x0, 0x67, 0x79, 0xc7, 0x77, 0x30, 0x0, 0xd2,
    0x26, 0xa2, 0x29, 0x60, 0x0, 0xd9, 0x9b, 0xd9,
    0x9d, 0x60, 0x0, 0xd6, 0x69, 0xc6, 0x6b, 0x60,
    0x0, 0x33, 0x37, 0xb3, 0x33, 0x10, 0x2, 0xbb,
    0xbc, 0xeb, 0xbb, 0x90, 0x0, 0x0, 0x4, 0x90,
    0x0, 0x0, 0x1b, 0xbb, 0xbb, 0xbb, 0xbb, 0xb7,

    /* U+91CE "野" */
    0x0, 0x0, 0x0, 0x0, 0x0, 0x0, 0x1e, 0xbf,
    0xbe, 0x8c, 0xcd, 0xe1, 0x19, 0xc, 0xb, 0x1,
    0x9, 0x60, 0x1d, 0xae, 0xae, 0x1b, 0xaa, 0x0,
    0x1a, 0xc, 0xb, 0x0, 0x7b, 0x0, 0x1d, 0x9e,
    0x9e, 0xad, 0xdf, 0xd4, 0x2, 0x2e, 0x22, 0x0,
    0xe0, 0xb2, 0x0, 0xd, 0x0, 0x0, 0xe0, 0xc0,
    0x1b, 0xbf, 0xbb, 0x0, 0xe1, 0x50, 0x0, 0xd,
    0x0, 0x0, 0xe0, 0x0, 0x26, 0x8f, 0xcc, 0x40,
    0xe0, 0x0, 0x36, 0x42, 0x0, 0x5d, 0xb0, 0x0,

    /* U+91CF "量" */
    0x0, 0xaa, 0x88, 0x88, 0x8e, 0x10, 0x0, 0xaa,
    0x88, 0x88, 0x8e, 0x10, 0x0, 0xa6, 0x33, 0x33,
    0x3d, 0x10, 0x0, 0x46, 0x66, 0x66, 0x66, 0x10,
    0x1a, 0xaa, 0xaa, 0xaa, 0xaa, 0xa6, 0x0, 0xc7,
    0x79, 0xc7, 0x7a, 0x60, 0x0, 0xd8, 0x8a, 0xd8,
    0x8b, 0x60, 0x0, 0xb7, 0x79, 0xd7, 0x7a, 0x50,
    0x1, 0x99, 0x9b, 0xd9, 0x99, 0x60, 0x0, 0x0,
    0x4, 0xa0, 0x0, 0x0, 0x2a, 0xaa, 0xac, 0xea,
    0xaa, 0xa7,

    /* U+91D1 "金" */
    0x0, 0x0, 0x1, 0x20, 0x0, 0x0, 0x0, 0x0,
    0xb, 0xc0, 0x0, 0x0, 0x0, 0x1, 0xb6, 0x7b,
    0x10, 0x0, 0x1, 0x8d, 0x40, 0x5, 0xd7, 0x10,
    0x5f, 0xbd, 0xbb, 0xbb, 0xca, 0xe5, 0x2, 0x2,
    0x29, 0x82, 0x20, 0x10, 0x0, 0x0, 0x8, 0x60,
    0x0, 0x0, 0x8, 0xdd, 0xde, 0xed, 0xdd, 0x80,
    0x0, 0x54, 0x8, 0x60, 0x55, 0x0, 0x0, 0x1c,
    0x8, 0x60, 0xd2, 0x0, 0x0, 0x9, 0x18, 0x63,
    0x70, 0x0, 0x2d, 0xdd, 0xde, 0xed, 0xdd, 0xd2,

    /* U+949F "钟" */
    0x0, 0x0, 0x0, 0x0, 0x0, 0x0, 0x1, 0xb0,
    0x0, 0x0, 0xd0, 0x0, 0x9, 0xed, 0xd0, 0x0,
    0xd0, 0x0, 0x5a, 0x0, 0x6, 0xbb, 0xfb, 0xb0,
    0x19, 0xcc, 0x99, 0x51, 0xe1, 0xd0, 0x0, 0x85,
    0x9, 0x40, 0xd0, 0xd0, 0x3, 0xa7, 0x39, 0x40,
    0xd0, 0xd0, 0x2a, 0xdc, 0xa9, 0xed, 0xfd, 0xf0,
    0x0, 0x85, 0x7, 0x30, 0xd0, 0x90, 0x0, 0x85,
    0x30, 0x0, 0xd0, 0x0, 0x0, 0xae, 0xa0, 0x0,
    0xd0, 0x0, 0x0, 0xa3, 0x0, 0x0, 0xd0, 0x0,

    /* U+94A5 "钥" */
    0x0, 0x50, 0x0, 0x0, 0x0, 0x0, 0x68, 0x0,
    0xf, 0xcc, 0xce, 0x1e, 0xed, 0xd1, 0xd0, 0x0,
    0xe9, 0x70, 0x0, 0xd, 0x0, 0xe, 0x3a, 0xbb,
    0x90, 0xfc, 0xcc, 0xe0, 0x1d, 0x21, 0xd, 0x0,
    0xe, 0x12, 0xd3, 0x20, 0xd0, 0x0, 0xe5, 0xaf,
    0xaa, 0x2f, 0xcc, 0xce, 0x0, 0xd0, 0x3, 0xb0,
    0x0, 0xe0, 0xd, 0x3, 0x68, 0x0, 0xe, 0x0,
    0xec, 0x8b, 0x30, 0x0, 0xe0, 0x3a, 0x24, 0xa0,
    0x7, 0xd9, 0x0, 0x0, 0x0, 0x0, 0x0, 0x0,

    /* U+94AE "钮" */
    0x1, 0x60, 0x0, 0x0, 0x0, 0x0, 0x6, 0x80,
    0xa, 0xcf, 0xdc, 0xf0, 0xc, 0xed, 0xc0, 0xc,
    0x20, 0xe0, 0x6a, 0x0, 0x0, 0xd, 0x0, 0xe0,
    0x3a, 0xcc, 0x70, 0xe, 0x0, 0xd0, 0x0, 0x84,
    0x4, 0x6e, 0x67, 0xc0, 0x0, 0x84, 0x7, 0xbe,
    0xab, 0xb0, 0x4c, 0xed, 0xc0, 0x3a, 0x3, 0xa0,
    0x0, 0x84, 0x0, 0x58, 0x5, 0x90, 0x0, 0x84,
    0x10, 0x76, 0x6, 0x70, 0x0, 0x9c, 0xa0, 0x94,
    0x8, 0x60, 0x0, 0xd5, 0x8e, 0xfe, 0xef, 0xe8,
    0x0, 0x10, 0x0, 0x0, 0x0, 0x0,

    /* U+94B1 "钱" */
    0x0, 0xc0, 0x0, 0xd, 0x38, 0x10, 0x7, 0xfd,
    0xc0, 0xd, 0x3, 0x50, 0x3c, 0x0, 0x3, 0x8e,
    0xcc, 0xa0, 0x18, 0xcc, 0x92, 0x3c, 0x10, 0x0,
    0x0, 0x67, 0x0, 0xa, 0x79, 0xd4, 0x0, 0x56,
    0x8, 0xef, 0xb6, 0x20, 0x1d, 0xee, 0xd4, 0x16,
    0x70, 0xc2, 0x0, 0x56, 0x0, 0x2, 0xbb, 0x70,
    0x0, 0x57, 0x40, 0x2, 0xf8, 0x0, 0x0, 0x7e,
    0x92, 0x9c, 0xa8, 0x37, 0x0, 0xa3, 0x8, 0x50,
    0xa, 0xd3,

    /* U+94C3 "铃" */
    0x0, 0x10, 0x0, 0x0, 0x10, 0x0, 0x2, 0xc0,
    0x0, 0x7, 0xc0, 0x0, 0xa, 0xfd, 0xc0, 0x1d,
    0xb5, 0x0, 0x6a, 0x0, 0x0, 0xb6, 0x1d, 0x20,
    0x19, 0xcc, 0x7b, 0x98, 0x24, 0xe3, 0x0, 0x86,
    0x18, 0x2, 0xc0, 0x53, 0x0, 0x76, 0x2, 0x66,
    0x76, 0x30, 0x3d, 0xee, 0xd2, 0x77, 0x7c, 0x70,
    0x0, 0x76, 0x0, 0x0, 0x2d, 0x0, 0x0, 0x76,
    0x20, 0x67, 0xb4, 0x0, 0x0, 0x9d, 0xc0, 0x8,
    0xd0, 0x0, 0x0, 0xc4, 0x0, 0x0, 0x69, 0x0,
    0x0, 0x0, 0x0, 0x0, 0x0, 0x0,

    /* U+94F2 "铲" */
    0x0, 0x0, 0x0, 0x0, 0x0, 0x0, 0x2, 0xa0,
    0x0, 0x1, 0xd0, 0x0, 0x9, 0xec, 0x96, 0xcc,
    0xfd, 0xc6, 0x3b, 0x0, 0x0, 0x54, 0x3, 0x60,
    0x1a, 0x99, 0x20, 0x28, 0x9, 0x30, 0x3, 0xc4,
    0x18, 0xed, 0xdd, 0xd8, 0x0, 0xb1, 0x8, 0x40,
    0x0, 0x0, 0xc, 0xfd, 0x99, 0x30, 0x0, 0x0,
    0x0, 0xb1, 0xa, 0x20, 0x0, 0x0, 0x0, 0xb2,
    0x1d, 0x0, 0x0, 0x0, 0x0, 0xdd, 0x7c, 0x0,
    0x0, 0x0, 0x1, 0xa1, 0x95, 0x0, 0x0, 0x0,
    0x0, 0x0, 0x0, 0x0, 0x0, 0x0,

    /* U+94F6 "银" */
    0x0, 0x50, 0x0, 0x0, 0x0, 0x0, 0x3, 0xb0,
    0x6, 0xec, 0xcc, 0xd0, 0xb, 0xfd, 0xc6, 0x70,
    0x0, 0xd0, 0x5a, 0x0, 0x6, 0xb7, 0x77, 0xd0,
    0x19, 0xcc, 0x96, 0x93, 0x33, 0xd0, 0x0, 0x94,
    0x6, 0x82, 0x22, 0xd0, 0x0, 0x94, 0x6, 0xee,
    0xdc, 0xa0, 0x3d, 0xed, 0xd6, 0x73, 0x80, 0x72,
    0x0, 0x94, 0x6, 0x70, 0xda, 0x80, 0x0, 0x94,
    0x16, 0x70, 0x6a, 0x0, 0x0, 0xac, 0xb7, 0x96,
    0x5b, 0x80, 0x0, 0xb4, 0xa, 0xb6, 0x20, 0x96,
    0x0, 0x0, 0x0, 0x0, 0x0, 0x0,

    /* U+94FA "铺" */
    0x0, 0x0, 0x0, 0x0, 0x0, 0x0, 0x1, 0xa0,
    0x0, 0x0, 0xc6, 0x70, 0x8, 0xdc, 0xa7, 0xaa,
    0xea, 0xc3, 0x29, 0x0, 0x1, 0x11, 0xd1, 0x10,
    0x9, 0xcc, 0x54, 0xcc, 0xfc, 0xc0, 0x0, 0x94,
    0x5, 0x60, 0xc0, 0xc0, 0x5, 0xb7, 0x55, 0xdc,
    0xfc, 0xf0, 0x7, 0xc9, 0x75, 0x60, 0xc0, 0xc0,
    0x0, 0x93, 0x5, 0xca, 0xea, 0xe0, 0x0, 0x94,
    0x85, 0x71, 0xc1, 0xc0, 0x0, 0xce, 0x65, 0x60,
    0xc0, 0xc0, 0x0, 0xa1, 0x5, 0x60, 0xb6, 0xb0,

    /* U+9500 "销" */
    0x0, 0x0, 0x0, 0x0, 0x0, 0x0, 0x2, 0xa0,
    0x5, 0x20, 0xd0, 0x71, 0xa, 0xed, 0xc2, 0xc0,
    0xd1, 0xb0, 0x59, 0x0, 0x0, 0x61, 0xd3, 0x20,
    0x19, 0xcc, 0x87, 0xdd, 0xfd, 0xd0, 0x0, 0x85,
    0x8, 0x40, 0x0, 0xd0, 0x15, 0xb8, 0x58, 0xdb,
    0xbb, 0xf0, 0x17, 0xca, 0x78, 0x50, 0x0, 0xd0,
    0x0, 0x84, 0x8, 0xca, 0xaa, 0xf0, 0x0, 0x85,
    0x58, 0x51, 0x11, 0xd0, 0x0, 0xbe, 0x68, 0x40,
    0x0, 0xd0, 0x0, 0x91, 0x8, 0x40, 0x2c, 0xa0,

    /* U+9501 "锁" */
    0x1, 0xa0, 0x3, 0x20, 0xc0, 0x60, 0xa, 0xec,
    0xc2, 0xd1, 0xc3, 0x90, 0x6a, 0x0, 0x0, 0x63,
    0xc6, 0x10, 0x18, 0xcc, 0x86, 0xdb, 0xbb, 0xd0,
    0x0, 0x94, 0x6, 0x70, 0x50, 0xd0, 0x0, 0x93,
    0x6, 0x71, 0xc0, 0xd0, 0x2d, 0xed, 0xc6, 0x71,
    0xc0, 0xd0, 0x0, 0x93, 0x6, 0x73, 0xa0, 0xd0,
    0x0, 0x94, 0x35, 0x5a, 0x60, 0xa0, 0x0, 0xbe,
    0x72, 0xb8, 0x4c, 0x60, 0x1, 0xa1, 0x4c, 0x50,
    0x0, 0x95,

    /* U+9505 "锅" */
    0x0, 0x30, 0x0, 0x0, 0x0, 0x0, 0x2, 0xc0,
    0x2, 0xeb, 0xbb, 0xf0, 0x9, 0xfd, 0xd3, 0xa0,
    0x0, 0xd0, 0x4a, 0x0, 0x2, 0xc6, 0x66, 0xe0,
    0x1a, 0xcc, 0x80, 0x44, 0xd4, 0x40, 0x0, 0xa4,
    0x3, 0x44, 0xd4, 0x42, 0x0, 0xa3, 0xa, 0xbb,
    0xea, 0xc7, 0x2d, 0xfd, 0x9a, 0x24, 0xc0, 0x57,
    0x0, 0xa3, 0xa, 0x2b, 0x8a, 0x57, 0x0, 0xa3,
    0x1a, 0xa9, 0x8, 0x97, 0x0, 0xbc, 0xaa, 0x30,
    0x0, 0x57, 0x0, 0xa3, 0xa, 0x20, 0xb, 0xc4,

    /* U+950B "锋" */
    0x0, 0x0, 0x0, 0x0, 0x0, 0x0, 0x0, 0x1c,
    0x0, 0x1, 0xd1, 0x0, 0x0, 0x9, 0xec, 0x90,
    0xbc, 0xbc, 0xb0, 0x2, 0xc0, 0x0, 0xc9, 0xb2,
    0xc3, 0x0, 0x8, 0xcc, 0x51, 0x8, 0xf7, 0x0,
    0x0, 0x8, 0x50, 0x3a, 0xa3, 0xba, 0x30, 0x1,
    0x95, 0x4a, 0x52, 0xe2, 0x69, 0x0, 0xbd, 0xc9,
    0x48, 0x8f, 0x88, 0x10, 0x0, 0x84, 0x3, 0xaa,
    0xfa, 0xa0, 0x0, 0x8, 0x69, 0x0, 0xd, 0x0,
    0x0, 0x0, 0xae, 0x5a, 0xbb, 0xfb, 0xb7, 0x0,
    0x9, 0x10, 0x0, 0xd, 0x0, 0x0,

    /* U+9519 "错" */
    0x0, 0x0, 0x0, 0x0, 0x0, 0x0, 0x1, 0xb0,
    0x0, 0x2a, 0xd, 0x0, 0x8, 0xfd, 0xc5, 0xce,
    0xbf, 0xb3, 0x3c, 0x0, 0x0, 0x3a, 0x1d, 0x10,
    0x17, 0x88, 0x60, 0x2a, 0xd, 0x0, 0x3, 0xa9,
    0x4a, 0xdd, 0xdd, 0xd8, 0x0, 0x75, 0x0, 0x33,
    0x33, 0x20, 0x1d, 0xee, 0xd0, 0xf8, 0x89, 0xc0,
    0x0, 0x75, 0x0, 0xe1, 0x12, 0xc0, 0x0, 0x75,
    0x10, 0xf9, 0x9a, 0xc0, 0x0, 0x8d, 0xa0, 0xe1,
    0x12, 0xc0, 0x0, 0xa3, 0x0, 0xfa, 0xaa, 0xc0,

    /* U+952E "键" */
    0x0, 0x0, 0x0, 0x0, 0x0, 0x0, 0x5, 0x70,
    0xae, 0x88, 0xd8, 0x50, 0xc, 0xed, 0x8, 0x20,
    0xb0, 0x90, 0x59, 0x0, 0xb, 0x59, 0xe9, 0xd3,
    0x4a, 0x99, 0x48, 0x12, 0xc2, 0xa0, 0x3, 0xc3,
    0xbd, 0xaa, 0xea, 0x80, 0x13, 0xc3, 0x4, 0x94,
    0xc4, 0x40, 0x39, 0xe8, 0x98, 0x65, 0xd5, 0x40,
    0x0, 0xb0, 0x3f, 0x8b, 0xeb, 0xb0, 0x0, 0xc6,
    0x2f, 0x20, 0xb0, 0x0, 0x2, 0xf9, 0x96, 0xc3,
    0x70, 0x0, 0x6, 0x64, 0x90, 0x29, 0xcc, 0xc2,
    0x0, 0x0, 0x0, 0x0, 0x0, 0x0,

    /* U+9547 "镇" */
    0x0, 0x0, 0x0, 0x0, 0x20, 0x0, 0x1, 0xc0,
    0x0, 0x13, 0xc1, 0x10, 0x9, 0xed, 0xc7, 0xac,
    0xda, 0xa3, 0x3b, 0x0, 0x1, 0x7b, 0xa7, 0x60,
    0x28, 0x99, 0x53, 0xb2, 0x22, 0xd0, 0x3, 0xb7,
    0x23, 0xd8, 0x88, 0xd0, 0x0, 0x93, 0x3, 0xd9,
    0x99, 0xd0, 0x2d, 0xed, 0xc3, 0xb5, 0x55, 0xd0,
    0x0, 0x93, 0x3, 0xb3, 0x33, 0xd0, 0x0, 0x93,
    0x3c, 0xcd, 0xcd, 0xc7, 0x0, 0xbd, 0xa0, 0x98,
    0x1c, 0x50, 0x0, 0xb3, 0xb, 0x50, 0x1, 0xb3,
    0x0, 0x0, 0x0, 0x0, 0x0, 0x0,

    /* U+955C "镜" */
    0x0, 0x0, 0x0, 0x0, 0x20, 0x0, 0x1, 0xb0,
    0x1, 0x45, 0xe5, 0x41, 0x8, 0xed, 0xa2, 0x89,
    0x69, 0x92, 0x2b, 0x0, 0x1, 0x3a, 0x1a, 0x41,
    0x19, 0x99, 0x38, 0xaa, 0xaa, 0xa6, 0x3, 0xc6,
    0x11, 0xa9, 0x99, 0xa1, 0x1, 0xb4, 0x12, 0xb3,
    0x33, 0xb1, 0xb, 0xec, 0xa2, 0xc5, 0x55, 0xc1,
    0x0, 0xa2, 0x2, 0xbc, 0x9c, 0xb1, 0x0, 0xa3,
    0x60, 0x2c, 0xd, 0x0, 0x0, 0xde, 0x80, 0xa7,
    0xd, 0xa, 0x2, 0xb2, 0x5d, 0x80, 0xc, 0xb8,
    0x0, 0x0, 0x0, 0x0, 0x0, 0x0,

    /* U+9576 "镶" */
    0x0, 0x0, 0x0, 0x0, 0x0, 0x0, 0x3, 0x80,
    0x2, 0x29, 0x82, 0x21, 0x9, 0xca, 0x67, 0x77,
    0x77, 0x72, 0x2a, 0x33, 0x1c, 0x8a, 0xa8, 0xe0,
    0x18, 0x88, 0xc, 0x8a, 0xa8, 0xd0, 0x2, 0xc2,
    0x8, 0xca, 0x9d, 0x81, 0x4, 0xd4, 0x23, 0xa6,
    0x5c, 0x40, 0xa, 0xea, 0x46, 0xc9, 0x8d, 0x70,
    0x0, 0xc0, 0x4a, 0xcd, 0xcc, 0xa5, 0x0, 0xc2,
    0x27, 0xd3, 0x95, 0xa1, 0x0, 0xec, 0x75, 0xc3,
    0x5d, 0x50, 0x2, 0x70, 0x1, 0xc8, 0x40, 0x84,

    /* U+957F "长" */
    0x0, 0xe, 0x0, 0x0, 0x19, 0x0, 0x0, 0xe,
    0x0, 0x2, 0xd5, 0x0, 0x0, 0xe, 0x0, 0x7d,
    0x40, 0x0, 0x0, 0xe, 0xd, 0x91, 0x0, 0x0,
    0x2, 0x2e, 0x23, 0x22, 0x22, 0x21, 0x1b, 0xbf,
    0xbc, 0xfb, 0xbb, 0xb6, 0x0, 0xe, 0x0, 0xc3,
    0x0, 0x0, 0x0, 0xe, 0x0, 0x3c, 0x10, 0x0,
    0x0, 0xe, 0x0, 0x6, 0xc2, 0x0, 0x0, 0xe,
    0x59, 0xb0, 0x5e, 0x82, 0x0, 0x3e, 0x94, 0x0,
    0x1, 0x86, 0x0, 0x0, 0x0, 0x0, 0x0, 0x0,

    /* U+95E8 "门" */
    0x12, 0x0, 0x0, 0x0, 0x0, 0x3d, 0x9, 0xdd,
    0xdd, 0xde, 0x7, 0x90, 0x0, 0x0, 0xe, 0x80,
    0x50, 0x0, 0x0, 0xe, 0xe0, 0x0, 0x0, 0x0,
    0xe, 0xe0, 0x0, 0x0, 0x0, 0xe, 0xe0, 0x0,
    0x0, 0x0, 0xe, 0xe0, 0x0, 0x0, 0x0, 0xe,
    0xe0, 0x0, 0x0, 0x0, 0xe, 0xe0, 0x0, 0x0,
    0x0, 0xe, 0xe0, 0x0, 0x0, 0x0, 0xe, 0xe0,
    0x0, 0x0, 0x1d, 0xd9,

    /* U+95EA "闪" */
    0x1, 0x0, 0x0, 0x0, 0x0, 0x3d, 0xa, 0xdd,
    0xdd, 0xdf, 0x8, 0x90, 0x0, 0x0, 0xe, 0x40,
    0x70, 0x14, 0x0, 0xe, 0xe0, 0x0, 0x78, 0x0,
    0xe, 0xe0, 0x0, 0xd4, 0x0, 0xe, 0xe0, 0x3,
    0xed, 0x10, 0xe, 0xe0, 0xc, 0x45, 0xd1, 0xe,
    0xe0, 0xa9, 0x0, 0x7b, 0xe, 0xe2, 0x80, 0x0,
    0x7, 0xe, 0xe0, 0x0, 0x0, 0x0, 0xe, 0xe0,
    0x0, 0x0, 0xd, 0xeb,

    /* U+95ED "闭" */
    0x31, 0x0, 0x0, 0x0, 0x0, 0x6c, 0x9, 0xdd,
    0xdd, 0xdf, 0xb, 0x40, 0x0, 0x0, 0xe, 0x40,
    0x0, 0x0, 0xa0, 0xe, 0xe0, 0x0, 0x1, 0xd0,
    0xe, 0xe1, 0xdd, 0xdf, 0xfd, 0x5e, 0xe0, 0x0,
    0x4e, 0xd0, 0xe, 0xe0, 0x3, 0xd3, 0xd0, 0xe,
    0xe0, 0x9c, 0x21, 0xd0, 0xe, 0xe4, 0x60, 0x1,
    0xd0, 0xe, 0xe0, 0x0, 0xbd, 0x80, 0xe, 0xe0,
    0x0, 0x0, 0x2, 0xdb, 0x0, 0x0, 0x0, 0x0,
    0x0,

    /* U+95EE "问" */
    0x31, 0x0, 0x0, 0x0, 0x0, 0x6c, 0x9, 0xdd,
    0xdd, 0xde, 0xa, 0x90, 0x0, 0x0, 0xe, 0x40,
    0x20, 0x0, 0x0, 0xe, 0xe0, 0xa, 0xaa, 0xa0,
    0xe, 0xe0, 0xd, 0x22, 0xe0, 0xe, 0xe0, 0xd,
    0x0, 0xd0, 0xe, 0xe0, 0xd, 0x0, 0xd0, 0xe,
    0xe0, 0xf, 0xcc, 0xf0, 0xe, 0xe0, 0x7, 0x0,
    0x0, 0xe, 0xe0, 0x0, 0x0, 0x0, 0xe, 0xe0,
    0x0, 0x0, 0xc, 0xe9,

    /* U+95F2 "闲" */
    0x1, 0x0, 0x0, 0x0, 0x0, 0x3c, 0xa, 0xdd,
    0xdd, 0xdf, 0x8, 0x80, 0x0, 0x0, 0xd, 0x30,
    0x60, 0x14, 0x0, 0xd, 0xd0, 0x0, 0x2a, 0x0,
    0xd, 0xd2, 0xcc, 0xce, 0xcc, 0x4d, 0xd0, 0x1,
    0xef, 0x60, 0xd, 0xd0, 0xa, 0x7a, 0xb4, 0xd,
    0xd1, 0xb7, 0x2a, 0xc, 0x1d, 0xd2, 0x50, 0x2a,
    0x1, 0xd, 0xd0, 0x0, 0x2a, 0x0, 0xe, 0xd0,
    0x0, 0x0, 0xa, 0xdb,

    /* U+95F4 "间" */
    0x31, 0x0, 0x0, 0x0, 0x0, 0x5d, 0x1a, 0xdd,
    0xdd, 0xde, 0x9, 0x50, 0x0, 0x0, 0xe, 0x40,
    0x0, 0x0, 0x0, 0xe, 0xe0, 0xb, 0xbb, 0xb0,
    0xe, 0xe0, 0xb, 0x0, 0xc0, 0xe, 0xe0, 0xc,
    0x11, 0xd0, 0xe, 0xe0, 0xe, 0xaa, 0xf0, 0xe,
    0xe0, 0xb, 0x0, 0xc0, 0xe, 0xe0, 0xc, 0xbb,
    0xd0, 0xe, 0xe0, 0x0, 0x0, 0x0, 0xe, 0xe0,
    0x0, 0x0, 0x4, 0xda,

    /* U+95F7 "闷" */
    0x2, 0x0, 0x0, 0x0, 0x0, 0x2c, 0xc, 0xdd,
    0xdd, 0xde, 0x7, 0x70, 0x0, 0x0, 0xd, 0x90,
    0x20, 0xa0, 0x0, 0xd, 0xd0, 0x4, 0x58, 0x2,
    0xd, 0xd0, 0x9c, 0xc, 0xb, 0xd, 0xd2, 0x8c,
    0x0, 0xa, 0x2d, 0xd6, 0x4c, 0x0, 0x66, 0x6d,
    0xd7, 0xc, 0x0, 0xb2, 0x4d, 0xd0, 0x8, 0xbb,
    0xa0, 0xd, 0xd0, 0x0, 0x0, 0x0, 0xe, 0xd0,
    0x0, 0x0, 0xa, 0xca,

    /* U+95F9 "闹" */
    0x23, 0x0, 0x0, 0x0, 0x0, 0x2e, 0x19, 0xdd,
    0xdd, 0xde, 0x7, 0x80, 0x30, 0x0, 0xd, 0x60,
    0x0, 0xd1, 0x0, 0xd, 0xd2, 0x77, 0xb9, 0x77,
    0x2d, 0xd1, 0x33, 0xb6, 0x33, 0x1d, 0xd0, 0x9b,
    0xec, 0xb9, 0xd, 0xd0, 0xc0, 0xa2, 0xc, 0xd,
    0xd0, 0xc0, 0xa2, 0xc, 0xd, 0xd0, 0xc0, 0xa3,
    0x98, 0xd, 0xd0, 0x0, 0xa2, 0x0, 0xd, 0xd0,
    0x0, 0x20, 0x8, 0xda,

    /* U+95FB "闻" */
    0x21, 0x0, 0x0, 0x0, 0x0, 0x5d, 0x9, 0xdd,
    0xdd, 0xde, 0x8, 0x40, 0x0, 0x0, 0xd, 0x40,
    0x33, 0x33, 0x33, 0xd, 0xe0, 0x7d, 0x66, 0xe5,
    0xd, 0xe0, 0xe, 0xaa, 0xf0, 0xd, 0xe0, 0xb,
    0x0, 0xd0, 0xd, 0xe0, 0xe, 0xaa, 0xf0, 0xd,
    0xe0, 0xb, 0x0, 0xd2, 0xd, 0xe4, 0xbc, 0xaa,
    0xf8, 0x2d, 0xe0, 0x0, 0x0, 0xc0, 0xe, 0xe0,
    0x0, 0x0, 0x7, 0xda,

    /* U+9605 "阅" */
    0x31, 0x0, 0x0, 0x0, 0x0, 0x5, 0xc0, 0x9c,
    0xcc, 0xcc, 0xf1, 0x9, 0x11, 0x0, 0x20, 0xb,
    0x14, 0x1, 0xc0, 0x2e, 0x10, 0xb1, 0xd0, 0x8,
    0x3a, 0x50, 0xb, 0x1d, 0xc, 0xbb, 0xbc, 0xc0,
    0xb1, 0xd0, 0xc0, 0x0, 0x4c, 0xb, 0x1d, 0xa,
    0xcc, 0xdc, 0xa0, 0xb1, 0xd0, 0x9, 0x2c, 0x0,
    0xb, 0x1d, 0x2, 0xc0, 0xc0, 0x17, 0xb1, 0xd3,
    0xd3, 0x7, 0xbb, 0x4b, 0x1d, 0x0, 0x0, 0x0,
    0xc, 0xd0, 0x0, 0x0, 0x0, 0x0, 0x0, 0x0,

    /* U+961F "队" */
    0x0, 0x0, 0x0, 0x0, 0x0, 0xd, 0xdd, 0xd0,
    0xa, 0x30, 0x0, 0xd0, 0x59, 0x0, 0xb3, 0x0,
    0xd, 0xa, 0x30, 0xb, 0x20, 0x0, 0xd0, 0xd0,
    0x0, 0xc2, 0x0, 0xd, 0x8, 0x60, 0xe, 0x40,
    0x0, 0xd0, 0x1c, 0x0, 0xf8, 0x0, 0xd, 0x0,
    0xd0, 0x49, 0xb0, 0x0, 0xd2, 0xd8, 0xa, 0x38,
    0x40, 0xd, 0x0, 0x2, 0xd0, 0x2c, 0x0, 0xd0,
    0x1, 0xd4, 0x0, 0x8a, 0xd, 0x0, 0xa5, 0x0,
    0x0, 0xa4, 0x0, 0x0, 0x0, 0x0, 0x0, 0x0,

    /* U+9632 "防" */
    0x0, 0x0, 0x0, 0x50, 0x0, 0xf, 0xce, 0x80,
    0xb, 0x30, 0x0, 0xd0, 0x95, 0x0, 0x75, 0x0,
    0xd, 0xd, 0x7d, 0xfd, 0xdd, 0xd6, 0xd2, 0xa0,
    0xd, 0x0, 0x0, 0xd, 0x3a, 0x0, 0xe2, 0x22,
    0x20, 0xd0, 0x84, 0xf, 0xaa, 0xbb, 0xd, 0x4,
    0x83, 0xb0, 0x3, 0xa0, 0xd6, 0xd5, 0x78, 0x0,
    0x4a, 0xd, 0x11, 0xe, 0x20, 0x5, 0x80, 0xd0,
    0xa, 0x90, 0x0, 0x86, 0xd, 0x4, 0x90, 0x9,
    0xdd, 0x10, 0x0, 0x0, 0x0, 0x0, 0x0, 0x0,

    /* U+9633 "阳" */
    0x0, 0x0, 0x0, 0x0, 0x0, 0xed, 0xeb, 0x6e,
    0xdd, 0xde, 0xd0, 0x85, 0x66, 0x0, 0xe, 0xd0,
    0xc0, 0x66, 0x0, 0xe, 0xd5, 0x80, 0x66, 0x0,
    0xe, 0xd1, 0xc1, 0x67, 0x0, 0xe, 0xd0, 0x58,
    0x6e, 0xcc, 0xce, 0xd0, 0x2b, 0x66, 0x0, 0xe,
    0xd6, 0xc7, 0x66, 0x0, 0xe, 0xd1, 0x10, 0x66,
    0x0, 0xe, 0xd0, 0x0, 0x6e, 0xdd, 0xde, 0xd0,
    0x0, 0x66, 0x0, 0xc, 0x10, 0x0, 0x0, 0x0,
    0x0,

    /* U+9634 "阴" */
    0x11, 0x10, 0x0, 0x0, 0x0, 0xfb, 0xcc, 0x2f,
    0xcc, 0xcf, 0xd0, 0x77, 0x2a, 0x0, 0xd, 0xd0,
    0xb1, 0x2a, 0x0, 0xd, 0xd0, 0xc0, 0x2f, 0xcc,
    0xcf, 0xd0, 0xb3, 0x2a, 0x0, 0xd, 0xd0, 0x3a,
    0x3a, 0x0, 0xd, 0xd0, 0x2b, 0x5e, 0xcc, 0xcf,
    0xd3, 0xd6, 0x67, 0x0, 0xd, 0xd0, 0x0, 0xa3,
    0x0, 0xd, 0xd0, 0x1, 0xc0, 0x0, 0xe, 0xd0,
    0x9, 0x40, 0x4, 0xdb, 0x10, 0x0, 0x0, 0x0,
    0x0,

    /* U+9635 "阵" */
    0x0, 0x0, 0x0, 0x50, 0x0, 0xe, 0xce, 0x80,
    0xd, 0x0, 0x0, 0xd0, 0x95, 0xdd, 0xfd, 0xdd,
    0x4d, 0xe, 0x0, 0x84, 0x0, 0x0, 0xd5, 0x90,
    0xc, 0xa, 0x0, 0xd, 0x2c, 0x5, 0x80, 0xe0,
    0x0, 0xd0, 0x76, 0x9d, 0xdf, 0xdd, 0x2d, 0x4,
    0x90, 0x0, 0xe0, 0x0, 0xd5, 0xc6, 0x0, 0xe,
    0x0, 0xd, 0x24, 0x2d, 0xdd, 0xfd, 0xd7, 0xd0,
    0x0, 0x0, 0xe, 0x0, 0xd, 0x0, 0x0, 0x0,
    0xe0, 0x0,

    /* U+9636 "阶" */
    0x0, 0x0, 0x0, 0x43, 0x0, 0xf, 0xde, 0x80,
    0xd, 0x90, 0x0, 0xe0, 0xa4, 0x5, 0xab, 0x30,
    0xe, 0x1d, 0x1, 0xd1, 0x2d, 0x20, 0xe7, 0x71,
    0xc5, 0x0, 0x4e, 0x4e, 0x2c, 0x65, 0x40, 0x4,
    0x34, 0xe0, 0x76, 0xd, 0x0, 0xd0, 0xe, 0x5,
    0x90, 0xd0, 0xd, 0x0, 0xe9, 0xd4, 0x1c, 0x0,
    0xd0, 0xe, 0x0, 0x4, 0xa0, 0xd, 0x0, 0xe0,
    0x0, 0xb5, 0x0, 0xd0, 0xe, 0x0, 0x5b, 0x0,
    0xd, 0x0, 0x0, 0x0, 0x0, 0x0, 0x0, 0x0,

    /* U+9644 "附" */
    0x0, 0x0, 0x1, 0x0, 0x0, 0xf, 0xcf, 0x21,
    0xd0, 0x2, 0xb0, 0xc0, 0xd0, 0x77, 0x0, 0x2b,
    0xc, 0x3a, 0xd, 0x21, 0x13, 0xb1, 0xc7, 0x57,
    0xf4, 0xbb, 0xce, 0x9c, 0x77, 0xde, 0x0, 0x2,
    0xb0, 0xc0, 0xc1, 0xc0, 0xc1, 0x2b, 0xc, 0xb,
    0x2c, 0x4, 0xa2, 0xb0, 0xc8, 0xd0, 0xc0, 0x6,
    0x2b, 0xc, 0x10, 0xc, 0x0, 0x2, 0xb0, 0xc0,
    0x0, 0xc0, 0x0, 0x2b, 0xc, 0x0, 0xc, 0x0,
    0xad, 0x70, 0x0, 0x0, 0x0, 0x0, 0x0, 0x0,

    /* U+9645 "际" */
    0x0, 0x0, 0x0, 0x0, 0x0, 0xf, 0xce, 0x80,
    0x0, 0x0, 0x0, 0xd0, 0x88, 0x5d, 0xdd, 0xdd,
    0xd, 0xb, 0x20, 0x0, 0x0, 0x0, 0xd0, 0xb0,
    0x11, 0x11, 0x11, 0xd, 0xb, 0xb, 0xcd, 0xec,
    0xc8, 0xd0, 0x66, 0x0, 0x3b, 0x0, 0xd, 0x4,
    0x94, 0xa3, 0xb4, 0x80, 0xd3, 0xd5, 0xa4, 0x3b,
    0xd, 0xd, 0x0, 0x3d, 0x3, 0xb0, 0x85, 0xd0,
    0x5, 0x40, 0x3b, 0x3, 0x6d, 0x0, 0x0, 0xae,
    0x70, 0x0,

    /* U+9646 "陆" */
    0x0, 0x0, 0x0, 0x0, 0x0, 0xf, 0xdf, 0x30,
    0x1, 0xc0, 0x0, 0xd0, 0xd0, 0x11, 0x3c, 0x11,
    0xd, 0x49, 0x9, 0xbc, 0xfb, 0x80, 0xd9, 0x30,
    0x0, 0x1c, 0x0, 0xd, 0x76, 0x12, 0x24, 0xc2,
    0x21, 0xd0, 0xc5, 0xaa, 0xbe, 0xaa, 0x4d, 0xa,
    0x35, 0x1, 0xc0, 0x40, 0xda, 0xc0, 0xf0, 0x1c,
    0xd, 0xd, 0x0, 0xf, 0x1, 0xc0, 0xd0, 0xd0,
    0x0, 0xfc, 0xcf, 0xbf, 0xd, 0x0, 0x1, 0x11,
    0x11, 0xd0,

    /* U+964D "降" */
    0x0, 0x0, 0x0, 0x60, 0x0, 0xf, 0xde, 0x20,
    0x8c, 0x0, 0x0, 0xc0, 0xd0, 0x5f, 0xbb, 0xd6,
    0xc, 0x1a, 0x6d, 0xb8, 0x2c, 0x0, 0xc5, 0x41,
    0x1, 0xdf, 0x40, 0xc, 0x38, 0x5b, 0xc6, 0x4d,
    0xc4, 0xc0, 0xb5, 0x30, 0xd, 0x3, 0x1c, 0xa,
    0x4c, 0xcc, 0xfc, 0xc0, 0xc6, 0xc1, 0xc0, 0xd,
    0x0, 0xc, 0x0, 0x4f, 0xcc, 0xfc, 0xc4, 0xc0,
    0x0, 0x0, 0xd, 0x0, 0xc, 0x0, 0x0, 0x0,
    0xd0, 0x0,

    /* U+9650 "限" */
    0x0, 0x0, 0x0, 0x0, 0x0, 0xd, 0xde, 0x8a,
    0xdc, 0xcc, 0xc0, 0xc0, 0x85, 0xb2, 0x0, 0xc,
    0xc, 0xc, 0xb, 0x41, 0x12, 0xc0, 0xc1, 0xa0,
    0xbb, 0xaa, 0xac, 0xc, 0x1b, 0xb, 0x20, 0x0,
    0xc0, 0xc0, 0x65, 0xbd, 0xed, 0xca, 0xc, 0x4,
    0x8b, 0x25, 0x70, 0x93, 0xc5, 0xd4, 0xb2, 0xc,
    0xc5, 0xc, 0x0, 0xb, 0x20, 0x6c, 0x0, 0xc0,
    0x0, 0xc8, 0xa4, 0xbb, 0x1c, 0x0, 0xc, 0x83,
    0x0, 0x87,

    /* U+9662 "院" */
    0x0, 0x0, 0x0, 0x42, 0x0, 0xf, 0xdf, 0x30,
    0x5, 0xa0, 0x0, 0xc0, 0xd4, 0xcc, 0xdf, 0xcc,
    0x8c, 0x39, 0x5a, 0x0, 0x0, 0x3a, 0xc8, 0x41,
    0x5a, 0xaa, 0xa8, 0x3c, 0x2a, 0x0, 0x11, 0x11,
    0x10, 0xc0, 0xb3, 0x77, 0x77, 0x77, 0x5c, 0xa,
    0x46, 0xaa, 0x8c, 0x64, 0xc9, 0xc0, 0x9, 0x44,
    0x90, 0xc, 0x0, 0x0, 0xd0, 0x49, 0x4, 0xc0,
    0x0, 0xb7, 0x4, 0x90, 0xcc, 0x2, 0xd6, 0x0,
    0x1d, 0xd8, 0x10, 0x0, 0x0, 0x0, 0x0, 0x0,

    /* U+9664 "除" */
    0x0, 0x0, 0x0, 0x6, 0x0, 0xf, 0xcf, 0x30,
    0xa, 0xe1, 0x0, 0xc0, 0xd0, 0x8, 0xa3, 0xc1,
    0xc, 0x48, 0x1b, 0xa0, 0x4, 0xd4, 0xc9, 0x37,
    0x79, 0x99, 0x98, 0x7c, 0x3a, 0x0, 0x24, 0xc2,
    0x10, 0xc0, 0xb3, 0x44, 0x5d, 0x44, 0x3c, 0xa,
    0x78, 0x89, 0xe8, 0x86, 0xcb, 0xc0, 0x46, 0x1b,
    0x45, 0xc, 0x0, 0xd, 0x21, 0xb0, 0xc2, 0xc0,
    0xa, 0x70, 0x1b, 0x3, 0xac, 0x0, 0x10, 0x7d,
    0x80, 0x0, 0x0, 0x0, 0x0, 0x0, 0x0, 0x0,

    /* U+966A "陪" */
    0x0, 0x0, 0x0, 0x51, 0x0, 0xf, 0xcf, 0x30,
    0x8, 0x70, 0x0, 0xd0, 0xd4, 0xcc, 0xde, 0xcc,
    0x5d, 0x39, 0x5, 0x60, 0x5, 0x70, 0xd7, 0x40,
    0x2c, 0x0, 0xc3, 0xd, 0x2a, 0x6a, 0xd9, 0xaf,
    0x97, 0xd0, 0xb3, 0x22, 0x22, 0x22, 0x2d, 0xa,
    0x3a, 0xbb, 0xbb, 0xb0, 0xd8, 0xc0, 0xe1, 0x11,
    0x1e, 0xd, 0x0, 0xe, 0x0, 0x0, 0xe0, 0xd0,
    0x0, 0xea, 0xaa, 0xae, 0xd, 0x0, 0xe, 0x22,
    0x22, 0xe0,

    /* U+9677 "陷" */
    0x0, 0x0, 0x2, 0x30, 0x0, 0xfc, 0xf3, 0xa,
    0x60, 0x0, 0xc0, 0xd0, 0x1f, 0xdd, 0xd7, 0xc3,
    0xa0, 0xb6, 0x0, 0xc3, 0xc7, 0x48, 0xc0, 0x5,
    0xb0, 0xc3, 0x97, 0x17, 0x73, 0x10, 0xc0, 0xb4,
    0xc5, 0xc, 0xce, 0xc0, 0xa7, 0x90, 0x0, 0xd,
    0xc9, 0xc4, 0xeb, 0x7a, 0xbe, 0xc0, 0x4, 0x90,
    0x0, 0xd, 0xc0, 0x4, 0xda, 0xaa, 0xae, 0xc0,
    0x4, 0x91, 0x11, 0x1d,

    /* U+968F "随" */
    0x0, 0x0, 0x0, 0x6, 0x0, 0xf, 0xce, 0x40,
    0x1, 0xc0, 0x0, 0xc1, 0xba, 0x3c, 0xde, 0xcc,
    0x6c, 0x56, 0x19, 0xc, 0x20, 0x0, 0xc9, 0x20,
    0x8, 0xfa, 0xae, 0xc, 0x67, 0xa9, 0x8c, 0x66,
    0xe0, 0xc0, 0xc1, 0xc0, 0xc3, 0x3d, 0xc, 0xc,
    0xc, 0xc, 0xaa, 0xf0, 0xc8, 0xb0, 0xc0, 0xc0,
    0xc, 0xc, 0x0, 0x1d, 0xc, 0x7, 0xc0, 0xc0,
    0xb, 0x59, 0x10, 0x0, 0xc, 0x4, 0x50, 0x3b,
    0xcc, 0xe7, 0x0, 0x0, 0x0, 0x0, 0x0, 0x0,

    /* U+9690 "隐" */
    0x0, 0x0, 0x3, 0x20, 0x0, 0xf, 0xce, 0x20,
    0xe4, 0x0, 0x0, 0xc0, 0xc1, 0xbd, 0xac, 0x90,
    0xc, 0xa, 0x8c, 0x33, 0xc4, 0x20, 0xc3, 0x50,
    0x66, 0x66, 0x6d, 0xc, 0x19, 0x8, 0xaa, 0xaa,
    0xd0, 0xc0, 0xb1, 0x0, 0x0, 0xd, 0xc, 0xa,
    0x4b, 0xbc, 0xbb, 0xb0, 0xc6, 0xc1, 0x1, 0xc3,
    0x0, 0xc, 0x0, 0x84, 0xb1, 0xb3, 0x90, 0xc0,
    0xc, 0xc, 0x0, 0x9b, 0x3c, 0x2, 0x50, 0xcc,
    0xca, 0x33, 0x10, 0x0, 0x0, 0x0, 0x0, 0x0,

    /* U+9694 "隔" */
    0x0, 0x0, 0x0, 0x0, 0x0, 0xf, 0xce, 0x7c,
    0xcc, 0xcc, 0xc6, 0xc0, 0xd0, 0x0, 0x0, 0x0,
    0xc, 0x39, 0xc, 0xaa, 0xaa, 0xc0, 0xc8, 0x40,
    0xc3, 0x33, 0x3c, 0xc, 0x58, 0x4, 0x66, 0x66,
    0x50, 0xc0, 0xb4, 0xdb, 0xbb, 0xbd, 0x4c, 0xa,
    0x67, 0x58, 0x9, 0x84, 0xca, 0xb4, 0x78, 0xdb,
    0xa8, 0x4c, 0x0, 0x37, 0x13, 0xb1, 0x84, 0xc0,
    0x3, 0x70, 0x1a, 0x8, 0x4c, 0x0, 0x37, 0x1,
    0xa5, 0xd2, 0x0, 0x0, 0x0, 0x0, 0x0, 0x0,

    /* U+9699 "隙" */
    0x0, 0x0, 0x0, 0x0, 0x0, 0xf, 0xcf, 0x36,
    0x4c, 0x1a, 0x10, 0xc0, 0xd1, 0xd0, 0xc0, 0x4b,
    0xc, 0x39, 0x76, 0xc, 0x0, 0xa2, 0xc9, 0x42,
    0xda, 0xba, 0xac, 0xc, 0x58, 0x2a, 0x0, 0x0,
    0xd0, 0xc0, 0xc3, 0xd9, 0x99, 0x9d, 0xc, 0xa,
    0x5d, 0x89, 0x88, 0xd0, 0xca, 0xc0, 0x40, 0xc0,
    0x41, 0xc, 0x0, 0x2c, 0xc, 0x3, 0xb0, 0xc0,
    0xc, 0x30, 0xc0, 0x9, 0x5c, 0x0, 0x20, 0xbd,
    0x0, 0x11,

    /* U+969C "障" */
    0x0, 0x0, 0x0, 0x22, 0x0, 0xf, 0xce, 0x70,
    0x6, 0x80, 0x0, 0xc0, 0x96, 0xbe, 0xbb, 0xdb,
    0x4c, 0xd, 0x0, 0xa3, 0xd, 0x10, 0xc2, 0xa5,
    0xbb, 0xbb, 0xbb, 0x9c, 0x1b, 0x6, 0x87, 0x77,
    0xa0, 0xc0, 0x65, 0x9b, 0x99, 0x9e, 0xc, 0x5,
    0x89, 0x73, 0x33, 0xe0, 0xc6, 0xc3, 0x36, 0x8d,
    0x65, 0xc, 0x0, 0x5c, 0xcd, 0xec, 0xca, 0xc0,
    0x0, 0x0, 0x3a, 0x0, 0xc, 0x0, 0x0, 0x3,
    0xa0, 0x0,

    /* U+96BE "难" */
    0x0, 0x0, 0x0, 0x0, 0x0, 0x0, 0x0, 0x0,
    0x0, 0x4a, 0x66, 0x0, 0xb, 0xbb, 0xa0, 0xa5,
    0x1b, 0x0, 0x2, 0x13, 0xc2, 0xfd, 0xdd, 0xc7,
    0xc, 0x15, 0xac, 0xc0, 0x29, 0x0, 0x6, 0xba,
    0xa9, 0xfc, 0xde, 0xc3, 0x0, 0xbf, 0x11, 0xc0,
    0x3a, 0x0, 0x0, 0x5f, 0x10, 0xc0, 0x29, 0x0,
    0x0, 0xdb, 0x90, 0xfc, 0xde, 0xc3, 0xa, 0x90,
    0xa1, 0xc0, 0x29, 0x0, 0x29, 0x0, 0x0, 0xfd,
    0xdf, 0xd9, 0x0, 0x0, 0x0, 0xc0, 0x0, 0x0,

    /* U+96C0 "雀" */
    0x0, 0x2, 0x20, 0xd0, 0x22, 0x0, 0x0, 0x1d,
    0x20, 0xd0, 0x4d, 0x30, 0x1, 0xc6, 0x0, 0xd6,
    0xb3, 0xd2, 0x2, 0x50, 0x4, 0xf8, 0x0, 0x20,
    0x0, 0x48, 0xd9, 0x2c, 0x0, 0x0, 0x1d, 0xaf,
    0xbb, 0xbf, 0xbb, 0xb2, 0x0, 0xe, 0x55, 0x5d,
    0x55, 0x30, 0x0, 0xe, 0x44, 0x4d, 0x44, 0x20,
    0x0, 0xf, 0xaa, 0xae, 0xaa, 0x60, 0x0, 0xd,
    0x0, 0xc, 0x0, 0x0, 0x0, 0xf, 0xbb, 0xbb,
    0xbb, 0xb3,

    /* U+96C5 "雅" */
    0x0, 0x0, 0x0, 0x6, 0x12, 0x0, 0x1d, 0xdd,
    0xf8, 0x2c, 0x39, 0x0, 0x2, 0x11, 0xb0, 0x87,
    0xb, 0x0, 0xa, 0x21, 0xb1, 0xfd, 0xce, 0xc4,
    0xc, 0x1, 0xba, 0xf3, 0xc, 0x0, 0xf, 0xab,
    0xeb, 0xab, 0xae, 0xa1, 0x2, 0x4e, 0xc1, 0x95,
    0x1d, 0x10, 0x0, 0x97, 0xb0, 0x93, 0xc, 0x0,
    0x3, 0xd2, 0xb0, 0x9d, 0xcf, 0xc1, 0x2e, 0x41,
    0xb0, 0x93, 0xc, 0x0, 0x67, 0x2, 0xb0, 0x9d,
    0xcf, 0xc5, 0x0, 0x9d, 0x70, 0x94, 0x0, 0x0,
    0x0, 0x0, 0x0, 0x0, 0x0, 0x0,

    /* U+96E8 "雨" */
    0x2e, 0xee, 0xee, 0xfe, 0xee, 0xe8, 0x0, 0x0,
    0x4, 0x90, 0x0, 0x0, 0x0, 0x0, 0x4, 0x90,
    0x0, 0x0, 0x7, 0xdd, 0xde, 0xfd, 0xdd, 0xd0,
    0x9, 0x41, 0x4, 0x92, 0x0, 0xd0, 0x9, 0x5a,
    0x84, 0x97, 0xb2, 0xd0, 0x9, 0x40, 0x55, 0x90,
    0x24, 0xd0, 0x9, 0x6a, 0x14, 0x9a, 0x40, 0xd0,
    0x9, 0x42, 0xc6, 0x90, 0xa6, 0xd0, 0x9, 0x40,
    0x4, 0x90, 0x0, 0xd0, 0x9, 0x40, 0x3, 0x80,
    0x8c, 0xb0,

    /* U+96EA "雪" */
    0x3b, 0xbb, 0xce, 0xbb, 0xb5, 0x0, 0x0, 0x2,
    0xb0, 0x0, 0x0, 0xfb, 0xbb, 0xce, 0xbb, 0xbe,
    0x2d, 0x48, 0x84, 0xb6, 0x86, 0xa2, 0x81, 0x11,
    0x3b, 0x11, 0x16, 0x10, 0x8a, 0xa3, 0x47, 0xaa,
    0x0, 0xd, 0xdd, 0xdd, 0xdd, 0xf0, 0x0, 0x0,
    0x0, 0x0, 0xd, 0x0, 0x7, 0xbb, 0xbb, 0xbb,
    0xf0, 0x0, 0x0, 0x0, 0x0, 0xe, 0x0, 0x1b,
    0xbb, 0xbb, 0xbb, 0xf0, 0x0,

    /* U+96F6 "零" */
    0x3, 0xaa, 0xab, 0xea, 0xaa, 0x30, 0x0, 0x0,
    0x2, 0xb0, 0x0, 0x0, 0xe, 0x99, 0x9a, 0xe9,
    0x99, 0xe0, 0xd, 0x48, 0x84, 0x96, 0x85, 0xd0,
    0x1, 0x79, 0x92, 0x47, 0x98, 0x10, 0x0, 0x1,
    0x7b, 0xb8, 0x20, 0x0, 0x28, 0xca, 0x43, 0x82,
    0x9b, 0xa3, 0x3, 0x9a, 0xaa, 0xdb, 0xa8, 0x20,
    0x0, 0x0, 0x30, 0x4, 0xb2, 0x0, 0x0, 0x1,
    0x7c, 0xcc, 0x0, 0x0, 0x0, 0x0, 0x0, 0x29,
    0x60, 0x0,

    /* U+96F7 "雷" */
    0x3b, 0xbb, 0xce, 0xbb, 0xb4, 0x5, 0x55, 0x57,
    0xd5, 0x55, 0x50, 0xe7, 0x77, 0x9d, 0x77, 0x7d,
    0x1d, 0x5a, 0xa4, 0xb7, 0xa7, 0xb1, 0x73, 0x44,
    0x3b, 0x34, 0x46, 0x10, 0x22, 0x21, 0x52, 0x22,
    0x0, 0xb, 0xbb, 0xbb, 0xbb, 0xb1, 0x0, 0xe0,
    0x2, 0xb0, 0xc, 0x10, 0xe, 0xbb, 0xce, 0xbb,
    0xf1, 0x0, 0xe0, 0x2, 0xb0, 0xc, 0x10, 0xe,
    0xbb, 0xbb, 0xbb, 0xd1, 0x0,

    /* U+96FE "雾" */
    0x3, 0xaa, 0xab, 0xea, 0xaa, 0x40, 0xb, 0xaa,
    0xab, 0xea, 0xaa, 0xb0, 0xd, 0x48, 0x83, 0xb5,
    0x75, 0xd0, 0x8, 0x36, 0x63, 0xb4, 0x64, 0x80,
    0x0, 0x6, 0xa0, 0x20, 0x0, 0x0, 0x2, 0xaf,
    0xa9, 0x9a, 0xdb, 0x0, 0x5, 0x34, 0xba, 0x8c,
    0x82, 0x10, 0x3a, 0xa8, 0x56, 0x55, 0x78, 0x93,
    0x3, 0xaa, 0xad, 0xca, 0xaa, 0x0, 0x0, 0x2,
    0xb8, 0x0, 0xc, 0x0, 0x7, 0xb9, 0x40, 0x7,
    0xb7, 0x0, 0x0, 0x0, 0x0, 0x0, 0x0, 0x0,

    /* U+9700 "需" */
    0x4, 0xbb, 0xbd, 0xdb, 0xbb, 0x40, 0x0, 0x0,
    0x7, 0x60, 0x0, 0x0, 0x1e, 0xaa, 0xad, 0xca,
    0xaa, 0xe1, 0x1b, 0x69, 0x87, 0x69, 0x96, 0xb1,
    0x3, 0x99, 0x86, 0x59, 0x99, 0x30, 0x29, 0x99,
    0x99, 0x99, 0x99, 0x92, 0x3, 0x33, 0x3b, 0x63,
    0x33, 0x30, 0x3, 0xbb, 0xbf, 0xcb, 0xbb, 0x60,
    0x4, 0x80, 0xa2, 0xc, 0x4, 0x90, 0x4, 0x80,
    0xa2, 0xc, 0x4, 0x90, 0x4, 0x80, 0x92, 0xb,
    0x4c, 0x60, 0x0, 0x0, 0x0, 0x0, 0x0, 0x0,

    /* U+9707 "震" */
    0x3, 0xaa, 0xad, 0xca, 0xaa, 0x30, 0x7, 0x77,
    0x7b, 0xa7, 0x77, 0x70, 0xe, 0x33, 0x39, 0x83,
    0x33, 0xd1, 0xa, 0x58, 0x87, 0x68, 0x86, 0xa0,
    0x0, 0x44, 0x43, 0x34, 0x44, 0x0, 0x3, 0xba,
    0xaa, 0xaa, 0xaa, 0xa0, 0x4, 0x77, 0x88, 0x88,
    0x88, 0x10, 0x6, 0xc9, 0x99, 0x99, 0x99, 0x93,
    0x8, 0x49, 0x40, 0x78, 0x2a, 0x30, 0xd, 0xc,
    0x76, 0x86, 0xda, 0x51, 0x35, 0xa, 0x75, 0x20,
    0x2, 0x62,

    /* U+971E "霞" */
    0x3a, 0xaa, 0xce, 0xaa, 0xa6, 0x1, 0x11, 0x15,
    0xa1, 0x11, 0x10, 0xe8, 0x88, 0xad, 0x88, 0x8c,
    0x4c, 0x48, 0x85, 0x95, 0x86, 0x84, 0x2b, 0xdd,
    0x54, 0xad, 0xd4, 0x8, 0x96, 0x6d, 0x26, 0x66,
    0xd0, 0x8b, 0x99, 0xd4, 0x99, 0x9d, 0x8, 0x73,
    0x32, 0x35, 0x55, 0x50, 0x8a, 0x77, 0x43, 0xd5,
    0xaa, 0x8, 0xca, 0xa7, 0x7, 0xed, 0x10, 0x84,
    0x0, 0x3c, 0x83, 0x6b, 0x60,

    /* U+9732 "露" */
    0x3, 0xaa, 0xab, 0xea, 0xaa, 0x70, 0x1, 0x11,
    0x14, 0xb1, 0x11, 0x10, 0xe, 0x88, 0x89, 0xd8,
    0x88, 0xc5, 0xc, 0x48, 0x83, 0xb5, 0x87, 0x75,
    0x3, 0xce, 0xe4, 0x2d, 0xfc, 0x40, 0x7, 0x63,
    0x88, 0x8d, 0x5a, 0x80, 0x7, 0xa9, 0xbb, 0x55,
    0xba, 0x0, 0x4, 0x1c, 0x1, 0x6c, 0x8c, 0xb5,
    0x9, 0x1e, 0xba, 0xac, 0x99, 0xc5, 0x9, 0x1c,
    0x0, 0x47, 0x1, 0xb0, 0x1c, 0xac, 0xb7, 0x4c,
    0x9a, 0xb0,

    /* U+9752 "青" */
    0x3, 0xbb, 0xbc, 0xeb, 0xbb, 0x90, 0x0, 0x0,
    0x4, 0xa0, 0x0, 0x0, 0x0, 0xab, 0xbc, 0xeb,
    0xbb, 0x40, 0x3, 0x33, 0x36, 0xb3, 0x33, 0x31,
    0x8, 0x88, 0x88, 0x88, 0x88, 0x84, 0x0, 0x4b,
    0xbb, 0xbb, 0xba, 0x0, 0x0, 0x69, 0x22, 0x22,
    0x2e, 0x0, 0x0, 0x6b, 0x77, 0x77, 0x7e, 0x0,
    0x0, 0x6d, 0xaa, 0xaa, 0xae, 0x0, 0x0, 0x67,
    0x0, 0x0, 0xe, 0x0, 0x0, 0x67, 0x0, 0x8,
    0xba, 0x0,

    /* U+9759 "静" */
    0x0, 0x0, 0x0, 0x0, 0x0, 0x0, 0x0, 0x2b,
    0x0, 0xa, 0x30, 0x0, 0x1a, 0xbe, 0xa8, 0x3e,
    0xbe, 0x20, 0x9, 0xae, 0x96, 0xd2, 0x3a, 0x0,
    0x13, 0x5c, 0x34, 0xbc, 0xec, 0xd0, 0x37, 0x77,
    0x77, 0x0, 0xd0, 0xc0, 0x8, 0xba, 0xb7, 0xbb,
    0xfb, 0xf8, 0xb, 0x54, 0xa5, 0x0, 0xd0, 0xc0,
    0xb, 0x65, 0xa5, 0x8b, 0xfb, 0xe0, 0xb, 0xaa,
    0xd5, 0x0, 0xd0, 0x70, 0xb, 0x10, 0x75, 0x0,
    0xd0, 0x0, 0xb, 0x17, 0xd3, 0x6d, 0x90, 0x0,

    /* U+975E "非" */
    0x0, 0x0, 0x0, 0x0, 0x0, 0x0, 0x0, 0x0,
    0xe0, 0xe, 0x0, 0x0, 0x0, 0x0, 0xe0, 0xe,
    0x0, 0x0, 0x2d, 0xdd, 0xf0, 0xf, 0xdd, 0xd4,
    0x0, 0x0, 0xe0, 0xe, 0x0, 0x0, 0xc, 0xcc,
    0xf0, 0xf, 0xcc, 0xc1, 0x1, 0x11, 0xe0, 0xe,
    0x11, 0x10, 0x0, 0x0, 0xe0, 0xe, 0x0, 0x0,
    0x6d, 0xdd, 0xf0, 0xf, 0xee, 0xe7, 0x0, 0x0,
    0xe0, 0xe, 0x0, 0x0, 0x0, 0x0, 0xe0, 0xe,
    0x0, 0x0, 0x0, 0x0, 0xe0, 0xe, 0x0, 0x0,

    /* U+9760 "靠" */
    0x0, 0x9a, 0xac, 0xda, 0xaa, 0x30, 0x19, 0xb5,
    0x5a, 0xa5, 0x55, 0x51, 0x18, 0x88, 0x88, 0x88,
    0x88, 0x81, 0x0, 0x99, 0x99, 0x99, 0x9a, 0x10,
    0x0, 0xe1, 0x11, 0x11, 0x1c, 0x20, 0x0, 0x78,
    0xb9, 0x8b, 0x88, 0x10, 0x19, 0x99, 0xe2, 0x2e,
    0xaa, 0xa1, 0x3, 0x33, 0xc2, 0x2c, 0x33, 0x30,
    0x5, 0x66, 0xd2, 0x2d, 0x55, 0x50, 0x49, 0x99,
    0xe2, 0x2e, 0xaa, 0xa5, 0x0, 0x0, 0xb2, 0x2b,
    0x0, 0x0,

    /* U+9762 "面" */
    0x1d, 0xdd, 0xde, 0xfd, 0xdd, 0xd7, 0x0, 0x0,
    0x8, 0x70, 0x0, 0x0, 0x0, 0x0, 0xb, 0x40,
    0x0, 0x0, 0x7, 0xdd, 0xee, 0xdd, 0xdd, 0xd0,
    0x8, 0x50, 0xd0, 0x8, 0x40, 0xe0, 0x8, 0x50,
    0xeb, 0xbe, 0x40, 0xe0, 0x8, 0x50, 0xd0, 0x8,
    0x40, 0xe0, 0x8, 0x50, 0xeb, 0xbe, 0x40, 0xe0,
    0x8, 0x50, 0xd0, 0x8, 0x40, 0xe0, 0x8, 0xdb,
    0xfb, 0xbe, 0xcb, 0xf0, 0x8, 0x61, 0x11, 0x11,
    0x11, 0xe0,

    /* U+978B "鞋" */
    0x7, 0x71, 0xd1, 0x0, 0xd0, 0x0, 0x3b, 0xb8,
    0xe9, 0x8a, 0xfa, 0xa0, 0x5, 0xa6, 0xe0, 0x12,
    0xe2, 0x20, 0x2, 0x7d, 0x50, 0x0, 0xd0, 0x0,
    0xc, 0xce, 0xb6, 0xdd, 0xed, 0xd3, 0xb, 0xa,
    0x38, 0x0, 0x60, 0x0, 0xd, 0x8d, 0x98, 0x0,
    0xe0, 0x0, 0x2, 0x4c, 0x21, 0x9b, 0xfb, 0xb0,
    0x6c, 0xcf, 0xcb, 0x0, 0xd0, 0x0, 0x0, 0x1b,
    0x0, 0x11, 0xe1, 0x10, 0x0, 0x1b, 0x4, 0xbb,
    0xbb, 0xb4,

    /* U+97F3 "音" */
    0x0, 0x0, 0x0, 0x0, 0x0, 0x0, 0x0, 0x0,
    0x5, 0xa0, 0x0, 0x0, 0x5, 0xcd, 0xdd, 0xdc,
    0xdc, 0xc0, 0x0, 0xa, 0x40, 0x0, 0xc3, 0x0,
    0x0, 0x4, 0xa0, 0x3, 0xc0, 0x0, 0x1c, 0xcc,
    0xcc, 0xcc, 0xcc, 0xc7, 0x0, 0x1, 0x11, 0x11,
    0x11, 0x0, 0x0, 0x7d, 0xaa, 0xaa, 0xaf, 0x0,
    0x0, 0x77, 0x0, 0x0, 0xe, 0x0, 0x0, 0x7c,
    0xaa, 0xaa, 0xaf, 0x0, 0x0, 0x77, 0x0, 0x0,
    0xe, 0x0, 0x0, 0x7d, 0xbb, 0xbb, 0xbf, 0x0,

    /* U+9875 "页" */
    0x1d, 0xdd, 0xdf, 0xed, 0xdd, 0xd2, 0x0, 0x0,
    0xc, 0x30, 0x0, 0x0, 0x0, 0x0, 0xd, 0x0,
    0x0, 0x0, 0x0, 0xfd, 0xdd, 0xdd, 0xdf, 0x0,
    0x0, 0xe0, 0x2, 0x30, 0xd, 0x0, 0x0, 0xe0,
    0x6, 0x70, 0xd, 0x0, 0x0, 0xe0, 0x7, 0x70,
    0xd, 0x0, 0x0, 0xe0, 0x9, 0x60, 0xd, 0x0,
    0x0, 0x90, 0x2e, 0x39, 0x18, 0x0, 0x0, 0x28,
    0xd3, 0x5, 0xc9, 0x10, 0x1c, 0xb6, 0x0, 0x0,
    0x6, 0xd0, 0x0, 0x0, 0x0, 0x0, 0x0, 0x0,

    /* U+9876 "顶" */
    0x4a, 0xaa, 0xa9, 0xcd, 0xfc, 0xc6, 0x13, 0xa8,
    0x30, 0x5, 0x90, 0x0, 0x0, 0x85, 0x3, 0xbd,
    0xdb, 0xb0, 0x0, 0x85, 0x4, 0xa1, 0x31, 0xe0,
    0x0, 0x85, 0x4, 0x90, 0xe0, 0xd0, 0x0, 0x85,
    0x4, 0x90, 0xe0, 0xd0, 0x0, 0x85, 0x4, 0x90,
    0xd0, 0xd0, 0x0, 0x85, 0x4, 0x82, 0xc0, 0xc0,
    0x0, 0x85, 0x0, 0x8, 0x97, 0x0, 0x2, 0xa5,
    0x0, 0x7b, 0x1b, 0x80, 0x1b, 0x91, 0xd, 0x80,
    0x0, 0xb4, 0x0, 0x0, 0x0, 0x0, 0x0, 0x0,

    /* U+9879 "项" */
    0x11, 0x11, 0x8c, 0xdf, 0xdc, 0xc6, 0x9e, 0xfe,
    0x20, 0x2d, 0x0, 0x0, 0x2, 0xb0, 0x2b, 0xce,
    0xbb, 0x70, 0x2, 0xb0, 0x3a, 0x14, 0x14, 0xa0,
    0x2, 0xb0, 0x39, 0xe, 0x3, 0xa0, 0x2, 0xb0,
    0x39, 0xe, 0x3, 0xa0, 0x2, 0xc6, 0x69, 0xe,
    0x3, 0xa0, 0x7d, 0xc6, 0x49, 0x1d, 0x2, 0xa0,
    0x42, 0x0, 0x0, 0xa6, 0x85, 0x0, 0x0, 0x0,
    0x5c, 0x70, 0x1a, 0xa0, 0x0, 0x1, 0x81, 0x0,
    0x0, 0x63,

    /* U+987A "顺" */
    0xb, 0x0, 0xc2, 0xcc, 0xfc, 0xc5, 0xc, 0x45,
    0xc0, 0x1, 0xc0, 0x0, 0xc, 0x45, 0xc0, 0xce,
    0xed, 0xe0, 0xc, 0x45, 0xc0, 0xc0, 0x10, 0xd0,
    0xc, 0x45, 0xc0, 0xc0, 0xd0, 0xd0, 0xc, 0x45,
    0xc0, 0xc0, 0xd0, 0xd0, 0xc, 0x45, 0xc0, 0xc0,
    0xd0, 0xd0, 0xc, 0x45, 0xc0, 0xc0, 0xc0, 0xd0,
    0x1b, 0x45, 0xc0, 0x24, 0xd6, 0x20, 0x57, 0x0,
    0xc0, 0x2d, 0x1a, 0x60, 0x83, 0x0, 0xc5, 0xd3,
    0x0, 0xc3, 0x0, 0x0, 0x1, 0x10, 0x0, 0x10,

    /* U+987B "须" */
    0x0, 0x2, 0x0, 0x0, 0x0, 0x0, 0x0, 0x89,
    0x7d, 0xdf, 0xdd, 0xd1, 0x7, 0xb0, 0x0, 0xe,
    0x0, 0x0, 0x29, 0x0, 0xb, 0xcf, 0xbb, 0x60,
    0x0, 0x1b, 0x1e, 0x12, 0x17, 0x80, 0x2, 0xc5,
    0xe, 0xa, 0x36, 0x80, 0x3d, 0x30, 0xe, 0xa,
    0x36, 0x80, 0x0, 0x3, 0x2e, 0xa, 0x36, 0x80,
    0x0, 0x2d, 0x1e, 0xd, 0x15, 0x80, 0x3, 0xd3,
    0x0, 0x5a, 0x85, 0x0, 0x5d, 0x30, 0x18, 0xb0,
    0x9, 0xb1, 0x1, 0x0, 0x75, 0x0, 0x0, 0x62,

    /* U+987E "顾" */
    0xc, 0xcc, 0xc9, 0x9c, 0xec, 0xc4, 0xc, 0x0,
    0x0, 0x0, 0xc0, 0x0, 0xc, 0x2a, 0xa8, 0x6b,
    0xdb, 0xc0, 0xc, 0x39, 0x1b, 0x83, 0x10, 0xc0,
    0xc, 0x38, 0xb, 0x83, 0xc0, 0xc0, 0xc, 0x38,
    0xb, 0x83, 0xc0, 0xc0, 0xc, 0x38, 0x98, 0x83,
    0xc0, 0xc0, 0xc, 0x38, 0x0, 0x73, 0xc0, 0xb0,
    0x2a, 0x49, 0x56, 0x5, 0x97, 0x0, 0x66, 0x7e,
    0x70, 0x4c, 0x5, 0xb1, 0x42, 0x20, 0x0, 0x80,
    0x0, 0x42,

    /* U+987F "顿" */
    0x1, 0x2c, 0x11, 0xbc, 0xed, 0xc7, 0x3e, 0xef,
    0xea, 0x0, 0xc1, 0x0, 0x0, 0x1b, 0x0, 0x5a,
    0xf9, 0x91, 0xa, 0x1b, 0x28, 0x85, 0x32, 0xa2,
    0xb, 0x1b, 0x29, 0x84, 0x93, 0xa2, 0xb, 0x1b,
    0x29, 0x84, 0x92, 0xa2, 0xe, 0xcf, 0xc9, 0x84,
    0xb1, 0xa2, 0x0, 0x1b, 0x0, 0x74, 0xc0, 0x82,
    0x0, 0x1c, 0x69, 0x6, 0x99, 0x10, 0x0, 0x5e,
    0x71, 0x7c, 0x3, 0xc2, 0x0, 0x11, 0x4, 0x60,
    0x0, 0x25,

    /* U+9881 "颁" */
    0x0, 0x31, 0x10, 0x0, 0x0, 0x0, 0x2, 0xb5,
    0x92, 0xdd, 0xfd, 0xd4, 0x7, 0x70, 0xd0, 0x0,
    0xd0, 0x0, 0xd, 0x10, 0x85, 0xac, 0xec, 0xc0,
    0x68, 0x0, 0x2a, 0xd2, 0x22, 0xd0, 0x2a, 0xec,
    0xe2, 0xd0, 0xd0, 0xd0, 0x0, 0xc0, 0xc0, 0xd0,
    0xd0, 0xd0, 0x0, 0xc0, 0xd0, 0xd0, 0xd0, 0xd0,
    0x2, 0xa0, 0xd0, 0xd0, 0xd0, 0xd0, 0x5, 0x70,
    0xd0, 0x33, 0xa4, 0x20, 0xb, 0x20, 0xd0, 0x1c,
    0x3b, 0x60, 0x58, 0x6d, 0x75, 0xc3, 0x0, 0xc2,
    0x0, 0x0, 0x1, 0x0, 0x0, 0x10,

    /* U+9884 "预" */
    0x0, 0x0, 0x0, 0x0, 0x0, 0x0, 0x9c, 0xce,
    0x9a, 0xcd, 0xec, 0xc0, 0x1, 0xc, 0x20, 0x7,
    0x60, 0x0, 0x1d, 0xc6, 0x6, 0xef, 0xee, 0x80,
    0x1, 0xb9, 0x6, 0x61, 0x14, 0x90, 0x6c, 0xcf,
    0xc7, 0x66, 0x74, 0x90, 0x0, 0xc1, 0xb6, 0x66,
    0x74, 0x90, 0x0, 0xc4, 0x76, 0x66, 0x64, 0x90,
    0x0, 0xc1, 0x6, 0x68, 0x54, 0x90, 0x0, 0xc1,
    0x1, 0x2d, 0x52, 0x10, 0x0, 0xc1, 0x2, 0xc4,
    0x3d, 0x30, 0x5d, 0xc0, 0x3b, 0x20, 0x2, 0xb0,
    0x0, 0x0, 0x0, 0x0, 0x0, 0x0,

    /* U+9886 "领" */
    0x0, 0x8, 0x0, 0x0, 0x0, 0x0, 0x0, 0x5d,
    0x0, 0xbc, 0xed, 0xc5, 0x0, 0xb8, 0x70, 0x0,
    0xc0, 0x0, 0x6, 0x80, 0xa3, 0x12, 0xd1, 0x10,
    0x3c, 0x44, 0x1b, 0x9a, 0x99, 0xe0, 0x21, 0x8,
    0x0, 0x92, 0xa1, 0xc0, 0x9, 0xcc, 0xc4, 0x92,
    0xb0, 0xc0, 0x0, 0x0, 0xd1, 0x92, 0xb0, 0xc0,
    0x0, 0x6, 0x90, 0x92, 0xc0, 0xc0, 0x5, 0xad,
    0x10, 0x53, 0xa2, 0x60, 0x0, 0x7b, 0x0, 0xb,
    0x3b, 0x60, 0x0, 0x8, 0x45, 0xc5, 0x0, 0xa5,
    0x0, 0x0, 0x0, 0x0, 0x0, 0x0,

    /* U+9891 "频" */
    0x0, 0xc, 0x0, 0xac, 0xed, 0xc4, 0x8, 0x1c,
    0xc9, 0x0, 0xc1, 0x0, 0x9, 0x1c, 0x0, 0x25,
    0xe5, 0x50, 0x1a, 0x3d, 0x21, 0x8a, 0x88, 0xe0,
    0x5a, 0xbe, 0xaa, 0x83, 0x90, 0xc0, 0x4, 0x2c,
    0x4, 0x73, 0xc0, 0xc0, 0xc, 0x1c, 0x3a, 0x73,
    0xc0, 0xc0, 0x59, 0xc, 0xa3, 0x73, 0xc0, 0xc0,
    0x0, 0xa, 0x90, 0x25, 0xa3, 0x40, 0x1, 0x9a,
    0x0, 0x2c, 0x2a, 0x70, 0x2c, 0x50, 0x5, 0xa2,
    0x0, 0x84,

    /* U+9897 "颗" */
    0xe, 0xbe, 0xbb, 0x9c, 0xec, 0xc5, 0xb, 0x1b,
    0xb, 0x0, 0xc0, 0x0, 0xe, 0xae, 0xab, 0x49,
    0xd8, 0x80, 0xb, 0x1b, 0xb, 0x76, 0x22, 0xd0,
    0xd, 0xbe, 0xba, 0x73, 0xa0, 0xd0, 0x0, 0x1b,
    0x0, 0x73, 0xb0, 0xd0, 0x4c, 0xdf, 0xcc, 0x83,
    0xc0, 0xd0, 0x0, 0xce, 0x90, 0x73, 0xc0, 0xd0,
    0xa, 0x6b, 0x68, 0x13, 0xa4, 0x20, 0x56, 0x1b,
    0x0, 0x1c, 0x28, 0x90, 0x0, 0x1b, 0x2, 0xb2,
    0x0, 0x65, 0x0, 0x0, 0x0, 0x0, 0x0, 0x0,

    /* U+9898 "题" */
    0xb, 0xba, 0xc6, 0xbb, 0xeb, 0xb5, 0xb, 0x42,
    0x86, 0x0, 0xc0, 0x0, 0xb, 0x99, 0xc6, 0x5b,
    0xea, 0x90, 0xb, 0x98, 0xb6, 0x83, 0x40, 0xc0,
    0x1, 0x22, 0x21, 0x83, 0xb0, 0xc0, 0x4b, 0xbd,
    0xbb, 0x83, 0xc0, 0xc0, 0x5, 0x2c, 0x0, 0x84,
    0xb0, 0xc0, 0xa, 0x2e, 0xa8, 0x36, 0x97, 0x40,
    0xb, 0x8c, 0x0, 0x4c, 0x7, 0xa0, 0x1b, 0x8d,
    0x14, 0x91, 0x0, 0x62, 0x75, 0x5, 0xbc, 0xcc,
    0xbc, 0xc4, 0x0, 0x0, 0x0, 0x0, 0x0, 0x0,

    /* U+989C "颜" */
    0x0, 0x16, 0x0, 0x0, 0x0, 0x0, 0x0, 0xc,
    0x0, 0x9b, 0xec, 0xb4, 0x2b, 0xcd, 0xcb, 0x0,
    0xc0, 0x0, 0x2, 0x90, 0x92, 0x37, 0xd6, 0x60,
    0x9, 0xda, 0xe9, 0x94, 0x62, 0xc0, 0xd, 0x12,
    0x94, 0x91, 0xb0, 0xb0, 0xd, 0x6c, 0x60, 0x91,
    0xb0, 0xb0, 0xd, 0x41, 0xa5, 0x91, 0xb0, 0xb0,
    0xd, 0x6c, 0x51, 0x92, 0xb0, 0xb0, 0x1a, 0x61,
    0xa8, 0x35, 0x83, 0x30, 0x57, 0x6c, 0x60, 0x3c,
    0x19, 0x80, 0x65, 0x71, 0x7, 0x91, 0x0, 0x74,

    /* U+989D "额" */
    0x0, 0x7, 0x0, 0x0, 0x0, 0x0, 0x0, 0xd,
    0x20, 0x5c, 0xed, 0xc7, 0xd, 0xbc, 0xcd, 0x50,
    0x93, 0x0, 0xa, 0x46, 0x6, 0x64, 0xd5, 0x40,
    0x2, 0xdb, 0xca, 0x4a, 0x66, 0xc2, 0x1c, 0x72,
    0xc2, 0x46, 0x73, 0xa2, 0x0, 0x8f, 0xc1, 0x46,
    0x93, 0xa2, 0x1c, 0x91, 0x4d, 0x66, 0xa2, 0xa2,
    0x5, 0xcb, 0xb9, 0x46, 0xc0, 0xa2, 0x4, 0x90,
    0x2b, 0x13, 0xb4, 0x30, 0x4, 0xa0, 0x2b, 0x9,
    0x46, 0xa0, 0x4, 0xea, 0xbb, 0xb6, 0x0, 0x48,
    0x0, 0x0, 0x0, 0x0, 0x0, 0x0,

    /* U+98CE "风" */
    0x0, 0xfd, 0xdd, 0xdd, 0xdf, 0x10, 0x0, 0xe0,
    0x0, 0x1, 0xc, 0x10, 0x0, 0xe3, 0x40, 0xd,
    0xc, 0x10, 0x0, 0xe1, 0xd2, 0x49, 0xc, 0x10,
    0x1, 0xd0, 0x4d, 0xb2, 0xc, 0x10, 0x2, 0xc0,
    0x8, 0xd0, 0xc, 0x10, 0x3, 0xb0, 0xd, 0xd4,
    0xb, 0x20, 0x5, 0x90, 0x99, 0x2e, 0x1a, 0x20,
    0x9, 0x58, 0xc0, 0x8, 0x99, 0x45, 0xe, 0x17,
    0x0, 0x0, 0x46, 0x79, 0x39, 0x0, 0x0, 0x0,
    0x1, 0xd6, 0x0, 0x0, 0x0, 0x0, 0x0, 0x0,

    /* U+98DE "飞" */
    0x3e, 0xee, 0xee, 0xee, 0x0, 0x0, 0x0, 0x0,
    0x0, 0xe, 0x1, 0xc1, 0x0, 0x0, 0x0, 0xe,
    0x1c, 0x40, 0x0, 0x0, 0x0, 0xd, 0xd4, 0x0,
    0x0, 0x0, 0x0, 0xc, 0xe4, 0x0, 0x0, 0x0,
    0x0, 0xb, 0x5c, 0xa0, 0x0, 0x0, 0x0, 0x9,
    0x50, 0x84, 0x0, 0x0, 0x0, 0x6, 0x80, 0x0,
    0x0, 0x0, 0x0, 0x2, 0xd0, 0xa, 0x0, 0x0,
    0x0, 0x0, 0xb7, 0x29, 0x0, 0x0, 0x0, 0x0,
    0x1b, 0xe4,

    /* U+98DF "食" */
    0x0, 0x0, 0x0, 0x0, 0x0, 0x0, 0x0, 0x0,
    0x0, 0x5e, 0x0, 0x0, 0x0, 0x0, 0x0, 0x6b,
    0x6c, 0x20, 0x0, 0x0, 0x4, 0xb8, 0x67, 0x2b,
    0x93, 0x0, 0x1c, 0xde, 0xbc, 0xeb, 0xbe, 0xcc,
    0x0, 0x23, 0xb0, 0x0, 0x0, 0xd0, 0x0, 0x0,
    0x2e, 0xbb, 0xbb, 0xbd, 0x0, 0x0, 0x2, 0xb1,
    0x11, 0x12, 0xd0, 0x0, 0x0, 0x2e, 0xaa, 0xba,
    0xac, 0x70, 0x0, 0x2, 0xb0, 0x3c, 0x79, 0xa1,
    0x0, 0x0, 0x3b, 0x25, 0x56, 0xe7, 0x0, 0x0,
    0x6, 0xeb, 0x73, 0x0, 0x9a, 0x0, 0x0, 0x0,
    0x0, 0x0, 0x0, 0x0, 0x0,

    /* U+9910 "餐" */
    0x0, 0x0, 0x0, 0x0, 0x0, 0x0, 0x0, 0x0,
    0xaa, 0x94, 0x99, 0xaf, 0x10, 0x0, 0xde, 0x95,
    0x19, 0x27, 0x90, 0x1, 0xb6, 0xb, 0x30, 0x4f,
    0xe1, 0x0, 0x2, 0x8d, 0x65, 0xac, 0x77, 0xc1,
    0x0, 0x8b, 0x38, 0x98, 0xa2, 0x3, 0x0, 0x4,
    0x7d, 0x66, 0x73, 0xbb, 0x61, 0x0, 0xc8, 0xf8,
    0x88, 0x89, 0xc7, 0x80, 0x0, 0xe, 0x77, 0x77,
    0x8b, 0x0, 0x0, 0x0, 0xf8, 0x9d, 0xa9, 0xa7,
    0x0, 0x0, 0xe, 0x24, 0x7a, 0xbd, 0x10, 0x0,
    0x5, 0xb8, 0x61, 0x1, 0x6a, 0x0,

    /* U+9968 "饨" */
    0x0, 0x0, 0x0, 0x0, 0x0, 0x0, 0x4, 0x80,
    0x0, 0x5, 0x80, 0x0, 0x8, 0x94, 0x38, 0x8b,
    0xc8, 0x83, 0xc, 0x7a, 0xa3, 0x38, 0xa3, 0x31,
    0x49, 0x9, 0x48, 0x15, 0x80, 0xa0, 0x72, 0xb2,
    0xb, 0x15, 0x80, 0xd0, 0x0, 0xd0, 0xb, 0x15,
    0x80, 0xd0, 0x0, 0xd0, 0xb, 0x8a, 0xc7, 0xe0,
    0x0, 0xd0, 0x4, 0x59, 0xb5, 0xe0, 0x0, 0xd6,
    0x80, 0x5, 0x80, 0x42, 0x1, 0xfa, 0x0, 0x5,
    0x80, 0x48, 0x6, 0x60, 0x0, 0x2, 0xdd, 0xd3,

    /* U+996D "饭" */
    0x0, 0x0, 0x0, 0x0, 0x0, 0x0, 0x4, 0x80,
    0x0, 0x13, 0x58, 0x90, 0x8, 0x83, 0x2d, 0xb9,
    0x74, 0x0, 0xc, 0x8a, 0x8d, 0x0, 0x0, 0x0,
    0x4a, 0x1a, 0x2d, 0xcb, 0xbb, 0x80, 0x63, 0xd1,
    0xd, 0x85, 0x6, 0x70, 0x0, 0xd0, 0xd, 0x3b,
    0xa, 0x30, 0x0, 0xd0, 0xc, 0xd, 0x4c, 0x0,
    0x0, 0xd0, 0x3a, 0x5, 0xf4, 0x0, 0x0, 0xeb,
    0x86, 0x9, 0xf5, 0x0, 0x5, 0xd2, 0xd4, 0xb9,
    0x1d, 0x70, 0x3, 0x10, 0x65, 0x40, 0x0, 0x81,

    /* U+996E "饮" */
    0x3, 0x70, 0x0, 0x38, 0x0, 0x0, 0x7, 0x60,
    0x0, 0x88, 0x0, 0x0, 0xb, 0xdd, 0xf3, 0xcc,
    0xcc, 0xe7, 0x2c, 0x0, 0xd4, 0xc0, 0x30, 0xa3,
    0x96, 0x92, 0x5a, 0x42, 0xb0, 0x90, 0x10, 0xd0,
    0x0, 0x3, 0xc0, 0x0, 0x0, 0xd0, 0x0, 0x6,
    0xf0, 0x0, 0x0, 0xd0, 0x0, 0xb, 0xb5, 0x0,
    0x0, 0xd1, 0x70, 0x4d, 0x1c, 0x0, 0x0, 0xfd,
    0x42, 0xd3, 0x7, 0x90, 0x4, 0x90, 0x3d, 0x30,
    0x0, 0x7a, 0x0, 0x0, 0x1, 0x0, 0x0, 0x0,

    /* U+9971 "饱" */
    0x0, 0x0, 0x0, 0x0, 0x0, 0x0, 0x5, 0x80,
    0x0, 0xc0, 0x0, 0x0, 0x8, 0x84, 0x26, 0xec,
    0xcc, 0xa0, 0xc, 0x7a, 0x8c, 0x0, 0x0, 0xd0,
    0x3a, 0xb, 0xbc, 0xbb, 0xb0, 0xd0, 0x64, 0xc2,
    0xb, 0x10, 0xc0, 0xd0, 0x0, 0xd0, 0xb, 0x10,
    0xc0, 0xc0, 0x0, 0xd0, 0xb, 0xcc, 0xe1, 0xb0,
    0x0, 0xd0, 0xb, 0x10, 0x7d, 0x60, 0x0, 0xd7,
    0x4b, 0x10, 0x0, 0x21, 0x0, 0xfa, 0xb, 0x20,
    0x0, 0x66, 0x3, 0x90, 0x6, 0xdc, 0xcc, 0xd2,
    0x0, 0x0, 0x0, 0x0, 0x0, 0x0,

    /* U+997C "饼" */
    0x0, 0x10, 0x0, 0x0, 0x0, 0x10, 0x5, 0x80,
    0x0, 0xd1, 0x6, 0xa0, 0x8, 0xa6, 0x60, 0x68,
    0xd, 0x20, 0xc, 0x67, 0xd9, 0xcc, 0xcf, 0xb4,
    0x2c, 0x7, 0x71, 0x68, 0x1d, 0x10, 0x75, 0xb3,
    0x10, 0x58, 0xd, 0x0, 0x0, 0xd0, 0x0, 0x58,
    0xd, 0x0, 0x0, 0xd0, 0x2c, 0xee, 0xcf, 0xc8,
    0x0, 0xd0, 0x0, 0x84, 0xd, 0x0, 0x0, 0xd3,
    0x70, 0xd1, 0xd, 0x0, 0x0, 0xfc, 0x26, 0xa0,
    0xd, 0x0, 0x3, 0x80, 0x3c, 0x0, 0xd, 0x0,
    0x0, 0x0, 0x0, 0x0, 0x0, 0x0,

    /* U+997F "饿" */
    0x0, 0x0, 0x0, 0x0, 0x0, 0x0, 0x4, 0x90,
    0x3, 0x97, 0xc6, 0x10, 0x7, 0x94, 0xac, 0x70,
    0xc3, 0xb0, 0xc, 0x7c, 0x36, 0x60, 0xc0, 0x40,
    0x3a, 0xb, 0xad, 0xdb, 0xfb, 0xb2, 0x63, 0x61,
    0x17, 0x71, 0xd1, 0x60, 0x0, 0xd0, 0x6, 0x60,
    0xd3, 0xa0, 0x0, 0xd0, 0x6c, 0xe8, 0xcb, 0x30,
    0x0, 0xd0, 0x69, 0x60, 0xab, 0x0, 0x0, 0xd1,
    0x16, 0x60, 0xc7, 0x22, 0x1, 0xfc, 0x27, 0x7c,
    0x9b, 0x64, 0x3, 0x80, 0xbd, 0x67, 0x8, 0xd1,
    0x0, 0x0, 0x0, 0x0, 0x0, 0x0,

    /* U+9984 "馄" */
    0x1, 0x30, 0x0, 0x0, 0x0, 0x0, 0x6, 0x80,
    0xe, 0xbb, 0xbb, 0xf0, 0x9, 0x95, 0x3d, 0x0,
    0x0, 0xf0, 0xd, 0xac, 0x7e, 0xaa, 0xaa, 0xf0,
    0x3c, 0xb, 0x1d, 0x0, 0x0, 0xf0, 0x86, 0x34,
    0xc, 0xbb, 0xbb, 0xd0, 0x0, 0xd0, 0x6, 0x0,
    0x70, 0x0, 0x0, 0xd0, 0xd, 0x0, 0xd0, 0x54,
    0x0, 0xd0, 0xd, 0xc9, 0xdb, 0x71, 0x0, 0xd0,
    0x2d, 0x0, 0xd0, 0x0, 0x0, 0xed, 0x4d, 0x24,
    0xd0, 0xb, 0x3, 0xb1, 0x2f, 0xa5, 0x9c, 0xc6,
    0x0, 0x0, 0x0, 0x0, 0x0, 0x0,

    /* U+9985 "馅" */
    0x3, 0x70, 0x0, 0x29, 0x0, 0x0, 0x77, 0x0,
    0x9, 0xc8, 0x84, 0xb, 0xdd, 0xb2, 0xd4, 0x4c,
    0x61, 0xd0, 0x86, 0xd4, 0x3, 0xc0, 0x66, 0x95,
    0x36, 0x56, 0x42, 0x0, 0xd, 0x0, 0xd7, 0x1b,
    0xce, 0x0, 0xd0, 0xd, 0x0, 0x0, 0xd0, 0xd,
    0x0, 0xeb, 0x88, 0xbe, 0x0, 0xd6, 0x5d, 0x0,
    0x0, 0xd0, 0x3f, 0x70, 0xea, 0xaa, 0xae, 0x3,
    0x20, 0xe, 0x11, 0x11, 0xe0,

    /* U+998B "馋" */
    0x3, 0x50, 0x0, 0x62, 0x0, 0x0, 0x7, 0x60,
    0x1, 0xdb, 0xda, 0x0, 0xa, 0xba, 0x5b, 0x40,
    0xb4, 0x0, 0xd, 0x8c, 0xdf, 0xaa, 0xfa, 0xa0,
    0x4b, 0xb, 0x2c, 0x9, 0x30, 0xc0, 0x85, 0xa4,
    0xb, 0xae, 0xca, 0xd0, 0x0, 0xd0, 0x0, 0xa5,
    0xc0, 0x3, 0x0, 0xd0, 0x7d, 0x50, 0x9b, 0xc6,
    0x0, 0xd0, 0x10, 0x1c, 0x82, 0x0, 0x0, 0xe9,
    0x53, 0x51, 0x45, 0x0, 0x4, 0xf6, 0x1, 0x6b,
    0xb5, 0x0, 0x3, 0x20, 0x0, 0x0, 0x18, 0x20,

    /* U+9996 "首" */
    0x0, 0x2, 0x0, 0x0, 0x21, 0x0, 0x0, 0xa,
    0x60, 0x0, 0xd3, 0x0, 0x1a, 0xab, 0xea, 0xac,
    0xea, 0xa6, 0x3, 0x33, 0x38, 0xb3, 0x33, 0x31,
    0x0, 0x8a, 0xad, 0xda, 0xaa, 0x20, 0x0, 0xc3,
    0x11, 0x11, 0x1c, 0x30, 0x0, 0xcb, 0xaa, 0xaa,
    0xae, 0x30, 0x0, 0xc2, 0x0, 0x0, 0xb, 0x30,
    0x0, 0xcc, 0xbb, 0xbb, 0xbe, 0x30, 0x0, 0xc1,
    0x0, 0x0, 0xb, 0x30, 0x0, 0xcc, 0xbb, 0xbb,
    0xbe, 0x30, 0x0, 0xc2, 0x0, 0x0, 0xb, 0x30,

    /* U+9999 "香" */
    0x0, 0x1, 0x23, 0x57, 0xab, 0x0, 0x0, 0xcb,
    0xab, 0xd5, 0x30, 0x0, 0x1, 0x11, 0x15, 0xb1,
    0x11, 0x10, 0x1b, 0xbb, 0xdf, 0xff, 0xbb, 0xb6,
    0x0, 0x5, 0xc5, 0xa7, 0xa1, 0x0, 0x3, 0xaa,
    0x3, 0x90, 0x4c, 0x81, 0x1b, 0x7c, 0xbb, 0xbb,
    0xbc, 0x65, 0x0, 0x48, 0x0, 0x0, 0xe, 0x0,
    0x0, 0x4d, 0xaa, 0xaa, 0xae, 0x0, 0x0, 0x48,
    0x0, 0x0, 0xe, 0x0, 0x0, 0x4e, 0xbb, 0xbb,
    0xbe, 0x0,

    /* U+9A6C "马" */
    0x0, 0x0, 0x0, 0x0, 0x0, 0x0, 0x2, 0xdd,
    0xdd, 0xdd, 0xe9, 0x0, 0x0, 0x0, 0x0, 0x0,
    0x67, 0x0, 0x0, 0x18, 0x0, 0x0, 0x76, 0x0,
    0x0, 0x2b, 0x0, 0x0, 0x94, 0x0, 0x0, 0x49,
    0x0, 0x0, 0xb3, 0x0, 0x0, 0x6e, 0xdd, 0xdd,
    0xfe, 0xd2, 0x0, 0x0, 0x0, 0x0, 0x0, 0xc1,
    0x2, 0x22, 0x22, 0x22, 0x20, 0xe0, 0x1a, 0xaa,
    0xaa, 0xaa, 0x80, 0xd0, 0x0, 0x0, 0x0, 0x0,
    0x5, 0xa0, 0x0, 0x0, 0x0, 0xa, 0xdd, 0x30,
    0x0, 0x0, 0x0, 0x0, 0x0, 0x0,

    /* U+9A73 "驳" */
    0x0, 0x0, 0x0, 0x0, 0x1, 0x30, 0x3c, 0xcc,
    0xc1, 0xc3, 0xb, 0x60, 0x0, 0x1, 0xa0, 0x4e,
    0xbb, 0x0, 0xa, 0x22, 0x90, 0x19, 0xdb, 0x10,
    0xb, 0x14, 0x86, 0xd5, 0x5, 0xd0, 0xc, 0x5,
    0x71, 0x60, 0x2, 0x40, 0xe, 0xac, 0xc1, 0x86,
    0xb, 0x50, 0x1, 0x11, 0xb1, 0xd, 0x3e, 0x0,
    0x1, 0x54, 0xb0, 0x7, 0xe5, 0x0, 0x6c, 0x72,
    0xc0, 0xa, 0xf6, 0x0, 0x0, 0x0, 0xc3, 0xc8,
    0x1c, 0x80, 0x0, 0x8c, 0x7b, 0x40, 0x0, 0x94,
    0x0, 0x0, 0x0, 0x0, 0x0, 0x0,

    /* U+9A76 "驶" */
    0xc, 0xcd, 0xa0, 0x0, 0xd0, 0x0, 0x0, 0x3,
    0x90, 0x0, 0xd0, 0x0, 0xb, 0x5, 0x86, 0xdc,
    0xfc, 0xf0, 0xb, 0x6, 0x66, 0x60, 0xd0, 0xd0,
    0xb, 0x8, 0x56, 0x71, 0xd1, 0xd0, 0xe, 0xbe,
    0xc5, 0x9a, 0xe9, 0x90, 0x0, 0x0, 0xc3, 0xa3,
    0xa0, 0x0, 0x0, 0x47, 0xd0, 0x8c, 0x70, 0x0,
    0x5d, 0x94, 0xd0, 0x1f, 0x70, 0x0, 0x0, 0x2,
    0xb1, 0xb6, 0xba, 0x20, 0x0, 0xbc, 0x5b, 0x50,
    0x6, 0xd2, 0x0, 0x0, 0x0, 0x0, 0x0, 0x0,

    /* U+9A7E "驾" */
    0x0, 0x2b, 0x0, 0x4d, 0xaa, 0xd0, 0x2b, 0xdd,
    0xbe, 0x49, 0x0, 0xd0, 0x0, 0xd1, 0xc, 0x49,
    0x0, 0xd0, 0x3c, 0x43, 0x94, 0x29, 0x99, 0x80,
    0x0, 0x9b, 0xbb, 0xbb, 0xc5, 0x0, 0x0, 0xa,
    0x10, 0x0, 0x95, 0x0, 0x0, 0x2e, 0x22, 0x22,
    0xd4, 0x20, 0x0, 0x28, 0x88, 0x88, 0x88, 0xf0,
    0xa, 0xaa, 0xaa, 0xaa, 0x80, 0xe0, 0x1, 0x11,
    0x11, 0x11, 0x12, 0xc0, 0x0, 0x0, 0x0, 0x0,
    0xbc, 0x50, 0x0, 0x0, 0x0, 0x0, 0x0, 0x0,

    /* U+9A82 "骂" */
    0x9, 0xba, 0xd6, 0x7c, 0xaa, 0xd0, 0x9, 0x20,
    0x76, 0x75, 0x0, 0xd0, 0x9, 0xcb, 0xd6, 0x7c,
    0xbb, 0xd0, 0x1, 0x22, 0x21, 0x12, 0x22, 0x10,
    0x2, 0xcc, 0xcc, 0xcc, 0xe8, 0x0, 0x0, 0x1a,
    0x0, 0x0, 0xb5, 0x0, 0x0, 0x5d, 0x77, 0x77,
    0xe8, 0x71, 0x0, 0x24, 0x44, 0x44, 0x44, 0xd2,
    0xc, 0xcc, 0xcc, 0xcc, 0x50, 0xd1, 0x0, 0x0,
    0x0, 0x0, 0x0, 0xe0, 0x0, 0x0, 0x0, 0x3,
    0xcd, 0x70, 0x0, 0x0, 0x0, 0x0, 0x0, 0x0,

    /* U+9A84 "骄" */
    0x0, 0x0, 0x0, 0x0, 0x0, 0x20, 0xc, 0xcd,
    0x80, 0x14, 0x8e, 0xa0, 0x0, 0x6, 0x70, 0xa7,
    0xc3, 0x0, 0x9, 0x7, 0x50, 0x3, 0x80, 0x0,
    0x9, 0x9, 0x48, 0xcf, 0xdf, 0xc7, 0x9, 0xb,
    0x20, 0x3b, 0x9, 0x40, 0xd, 0xae, 0xb3, 0xc1,
    0x0, 0xb4, 0x0, 0x0, 0xe4, 0x1c, 0xa, 0x21,
    0x1, 0x56, 0xd0, 0x1c, 0xc, 0x10, 0x5c, 0x74,
    0xc0, 0x49, 0xc, 0x10, 0x0, 0x4, 0xa0, 0xb4,
    0xc, 0x10, 0x3, 0xbc, 0x48, 0x70, 0xc, 0x10,
    0x0, 0x0, 0x0, 0x0, 0x0, 0x0,

    /* U+9A8C "验" */
    0x0, 0x0, 0x0, 0x0, 0x30, 0x0, 0x2c, 0xcd,
    0x60, 0x9, 0xb0, 0x0, 0x0, 0x6, 0x50, 0x3a,
    0x86, 0x0, 0xc, 0x7, 0x43, 0xc1, 0xa, 0x60,
    0xc, 0x9, 0x6d, 0x79, 0x99, 0xa7, 0xc, 0xa,
    0x21, 0x13, 0x33, 0x1, 0xe, 0xae, 0xa3, 0x42,
    0x70, 0x81, 0x0, 0x0, 0xc1, 0xb0, 0xb1, 0xc0,
    0x4, 0x86, 0xc0, 0xc0, 0xb6, 0x60, 0x68, 0x31,
    0xb0, 0x20, 0xc, 0x0, 0x0, 0x3, 0x98, 0xaa,
    0xbd, 0xa3, 0x1, 0xbc, 0x31, 0x22, 0x22, 0x20,
    0x0, 0x0, 0x0, 0x0, 0x0, 0x0,

    /* U+9A97 "骗" */
    0x0, 0x0, 0x0, 0x6, 0x0, 0x0, 0x3c, 0xce,
    0x20, 0xa, 0x60, 0x0, 0x0, 0xa, 0x19, 0xcd,
    0xec, 0xc0, 0xb, 0xb, 0xb, 0x0, 0x0, 0xc0,
    0xb, 0xc, 0xc, 0xcc, 0xcc, 0xe0, 0xb, 0xc,
    0xc, 0x11, 0x11, 0x10, 0x1e, 0xae, 0x5c, 0xcd,
    0x9d, 0xc2, 0x1, 0x16, 0x7c, 0x99, 0x9, 0x82,
    0x15, 0x98, 0x6c, 0xdd, 0xad, 0xd2, 0x67, 0x17,
    0x79, 0x99, 0x9, 0x92, 0x0, 0xa, 0x95, 0x99,
    0x9, 0x82, 0x2, 0xab, 0x70, 0x95, 0x6, 0xc0,
    0x0, 0x0, 0x0, 0x0, 0x0, 0x0,

    /* U+9AD8 "高" */
    0x0, 0x0, 0x3, 0x0, 0x0, 0x0, 0x0, 0x0,
    0xb, 0x50, 0x0, 0x0, 0x5b, 0xbb, 0xbb, 0xbb,
    0xbb, 0xb0, 0x0, 0x69, 0x99, 0x99, 0x93, 0x0,
    0x0, 0xa5, 0x11, 0x11, 0x96, 0x0, 0x0, 0xab,
    0xaa, 0xaa, 0xd6, 0x0, 0x4, 0x44, 0x44, 0x44,
    0x44, 0x30, 0xe, 0x77, 0x77, 0x77, 0x79, 0xa0,
    0xd, 0xa, 0xaa, 0xab, 0x33, 0xa0, 0xd, 0xc,
    0x0, 0x8, 0x43, 0xa0, 0xd, 0xc, 0xaa, 0xaa,
    0x33, 0xa0, 0xd, 0x3, 0x0, 0x0, 0x5b, 0x70,

    /* U+9B42 "魂" */
    0x0, 0x0, 0x0, 0x0, 0x0, 0x0, 0x0, 0x0,
    0x0, 0x6, 0x90, 0x0, 0xc, 0xcc, 0x78, 0xcd,
    0xeb, 0xc0, 0x0, 0x0, 0x9, 0x40, 0xc0, 0xd0,
    0x13, 0x33, 0x39, 0xcb, 0xeb, 0xe0, 0x48, 0xe8,
    0x89, 0x43, 0x90, 0xd0, 0x3, 0x94, 0x9, 0xdd,
    0xec, 0xe0, 0x8, 0x47, 0x50, 0xa, 0x63, 0x0,
    0xc, 0x26, 0xb0, 0x1f, 0xb8, 0x40, 0x4e, 0xa7,
    0xc0, 0x8a, 0xcb, 0xc0, 0x0, 0x0, 0x14, 0xe2,
    0xb3, 0x44, 0x0, 0x0, 0x4c, 0x10, 0xcb, 0xc5,
    0x0, 0x0, 0x0, 0x0, 0x0, 0x0,

    /* U+9B45 "魅" */
    0x0, 0x1, 0x0, 0x0, 0x0, 0x0, 0x0, 0xd,
    0x0, 0x0, 0xc0, 0x0, 0xc, 0xce, 0xba, 0x25,
    0xd5, 0x50, 0xb, 0xb, 0xc, 0x36, 0xd7, 0x60,
    0xe, 0xae, 0xac, 0x0, 0xc1, 0x0, 0xb, 0xb,
    0xc, 0x9c, 0xfd, 0xb3, 0xd, 0xce, 0xbb, 0x8,
    0xec, 0x0, 0x0, 0x5b, 0x24, 0x1a, 0xc6, 0x80,
    0x0, 0xac, 0x87, 0xa2, 0xc1, 0xa4, 0x1, 0xd8,
    0xb8, 0x50, 0xc0, 0x0, 0xa, 0x68, 0x30, 0x0,
    0x10, 0x56, 0x3a, 0x4, 0xcb, 0xbb, 0xbb, 0xd2,
    0x0, 0x0, 0x0, 0x0, 0x0, 0x0,

    /* U+9C7C "鱼" */
    0x0, 0x0, 0x0, 0x0, 0x0, 0x0, 0x0, 0x2,
    0xd1, 0x0, 0x0, 0x0, 0x0, 0xd, 0xcc, 0xcf,
    0x60, 0x0, 0x1, 0xc7, 0x0, 0x4c, 0x0, 0x0,
    0xd, 0xfc, 0xcc, 0xec, 0xcd, 0x50, 0x0, 0xc0,
    0x3, 0xa0, 0x8, 0x50, 0x0, 0xcb, 0xbc, 0xeb,
    0xbd, 0x50, 0x0, 0xc0, 0x3, 0xa0, 0x8, 0x50,
    0x0, 0xc8, 0x79, 0xd7, 0x7c, 0x50, 0x0, 0x33,
    0x33, 0x33, 0x33, 0x10, 0xa, 0xaa, 0xaa, 0xaa,
    0xaa, 0xa4, 0x3, 0x33, 0x33, 0x33, 0x33, 0x31,

    /* U+9C9C "鲜" */
    0x0, 0x0, 0x0, 0x0, 0x0, 0x0, 0x0, 0xd1,
    0x0, 0x43, 0x4, 0x70, 0x4, 0xdb, 0xe4, 0x19,
    0xb, 0x20, 0xd, 0x12, 0xb0, 0x9b, 0xbf, 0xa2,
    0x4e, 0xbe, 0xba, 0x11, 0xd1, 0x10, 0xb, 0xa,
    0x1a, 0x12, 0xe2, 0x20, 0xd, 0xae, 0xba, 0x6a,
    0xfa, 0x90, 0xb, 0xa, 0x1a, 0x0, 0xd0, 0x0,
    0xd, 0xbe, 0xba, 0xcc, 0xfc, 0xc5, 0x0, 0x0,
    0x0, 0x0, 0xd0, 0x0, 0x3a, 0xbd, 0xda, 0x0,
    0xd0, 0x0, 0x13, 0x20, 0x0, 0x0, 0xd0, 0x0,

    /* U+9E1F "鸟" */
    0x0, 0x0, 0x0, 0x0, 0x0, 0x0, 0x0, 0x0,
    0xb, 0x50, 0x0, 0x0, 0x0, 0x8d, 0xde, 0xdd,
    0xda, 0x0, 0x0, 0x94, 0x53, 0x0, 0x9, 0x0,
    0x0, 0x94, 0x19, 0xa0, 0x47, 0x0, 0x0, 0x94,
    0x0, 0x6, 0xa1, 0x0, 0x0, 0x9c, 0xaa, 0xaa,
    0xaa, 0xa0, 0x0, 0x11, 0x11, 0x11, 0x11, 0xe0,
    0x0, 0x0, 0x0, 0x0, 0x0, 0xd0, 0x2c, 0xcc,
    0xcc, 0xcc, 0xb1, 0xc0, 0x0, 0x0, 0x0, 0x0,
    0x4, 0xa0, 0x0, 0x0, 0x0, 0x1, 0xcd, 0x40,

    /* U+9E21 "鸡" */
    0x0, 0x0, 0x0, 0x1, 0x0, 0x0, 0x0, 0x0,
    0x0, 0xc, 0x30, 0x0, 0x5c, 0xcc, 0x98, 0xca,
    0xad, 0x60, 0x0, 0x3, 0x98, 0x58, 0x8, 0x50,
    0xc, 0x7, 0x68, 0x54, 0x79, 0x30, 0x7, 0x8b,
    0x28, 0x50, 0x8d, 0x10, 0x0, 0xcd, 0x8, 0x50,
    0x21, 0x0, 0x0, 0x8b, 0x6, 0xbb, 0xbb, 0xe1,
    0x1, 0xdc, 0x30, 0x0, 0x0, 0xc0, 0xb, 0x53,
    0x5b, 0xcc, 0xc7, 0xd0, 0x68, 0x0, 0x0, 0x0,
    0x0, 0xd0, 0x0, 0x0, 0x0, 0x0, 0x8c, 0x80,
    0x0, 0x0, 0x0, 0x0, 0x0, 0x0,

    /* U+9E23 "鸣" */
    0x0, 0x0, 0x0, 0x0, 0x0, 0x0, 0x0, 0x0,
    0x9, 0x50, 0x0, 0xfd, 0xf0, 0xcb, 0xcb, 0xc9,
    0xd, 0xd, 0xd, 0x16, 0x3, 0x90, 0xd0, 0xd0,
    0xd0, 0x77, 0x58, 0xd, 0xd, 0xd, 0x0, 0x6b,
    0x50, 0xd0, 0xd0, 0xd0, 0x2, 0x20, 0xd, 0xd,
    0x9, 0xbb, 0xbb, 0xd5, 0xfb, 0xf0, 0x0, 0x0,
    0x8, 0x5d, 0x22, 0x4c, 0xcc, 0xcb, 0x94, 0x10,
    0x0, 0x0, 0x0, 0xb, 0x20, 0x0, 0x0, 0x0,
    0x6b, 0xb0, 0x0, 0x0, 0x0, 0x0, 0x0, 0x0,

    /* U+9EBB "麻" */
    0x0, 0x0, 0x0, 0x10, 0x0, 0x0, 0x0, 0x0,
    0x3, 0xc0, 0x0, 0x0, 0xb, 0xdd, 0xdd, 0xfd,
    0xdd, 0xd4, 0xd, 0x0, 0x60, 0x0, 0x42, 0x0,
    0xd, 0x0, 0xc0, 0x0, 0x84, 0x0, 0xd, 0x8c,
    0xfc, 0x8c, 0xed, 0xc3, 0xe, 0x3, 0xf5, 0x0,
    0xed, 0x0, 0xd, 0xa, 0xea, 0x47, 0xdc, 0x40,
    0xd, 0x3a, 0xc1, 0x4b, 0x86, 0xc0, 0x2b, 0xc2,
    0xc0, 0xc3, 0x84, 0x76, 0x77, 0x10, 0xc0, 0x20,
    0x84, 0x0, 0x82, 0x0, 0xc0, 0x0, 0x84, 0x0,

    /* U+9EC4 "黄" */
    0x0, 0x2, 0xc0, 0x4, 0x90, 0x0, 0x3, 0xdd,
    0xfd, 0xde, 0xed, 0xa0, 0x1, 0x13, 0xc1, 0x16,
    0xa1, 0x11, 0x19, 0x99, 0x9b, 0xe9, 0x99, 0x95,
    0x0, 0x79, 0x9a, 0xd9, 0x99, 0x30, 0x0, 0xd2,
    0x15, 0xb1, 0x19, 0x50, 0x0, 0xda, 0xab, 0xea,
    0xad, 0x50, 0x0, 0xd0, 0x3, 0xa0, 0x8, 0x50,
    0x0, 0x9a, 0xab, 0xba, 0xab, 0x40, 0x0, 0x29,
    0xb0, 0x4, 0xb7, 0x10, 0xa, 0xa5, 0x0, 0x0,
    0x5, 0xc2,

    /* U+9ECE "黎" */
    0x0, 0x0, 0x0, 0x0, 0x0, 0x0, 0x6, 0x8a,
    0xb4, 0xc, 0x0, 0x0, 0x4, 0x2d, 0x0, 0x4f,
    0xcc, 0xc3, 0x2b, 0xcf, 0xbb, 0xc1, 0xc1, 0x93,
    0x0, 0xce, 0xb2, 0x25, 0xa0, 0xb2, 0x1b, 0x4c,
    0x26, 0x6c, 0x12, 0xd0, 0x14, 0x8, 0x6c, 0xb9,
    0x29, 0x50, 0x1, 0x7d, 0x74, 0x64, 0xc9, 0x40,
    0x2c, 0x6a, 0x25, 0x80, 0xa5, 0x95, 0x0, 0x3,
    0xbc, 0xed, 0x50, 0x0, 0x2, 0x9b, 0x65, 0x84,
    0xba, 0x10, 0x1, 0x30, 0x5c, 0x50, 0x3, 0x20,

    /* U+9ED1 "黑" */
    0x0, 0xeb, 0xbc, 0xeb, 0xbe, 0x40, 0x0, 0xd3,
    0x53, 0xa0, 0x89, 0x40, 0x0, 0xd0, 0xb3, 0xa6,
    0x59, 0x40, 0x0, 0xd0, 0x54, 0xa7, 0x9, 0x40,
    0x0, 0xab, 0xbc, 0xeb, 0xbb, 0x30, 0x0, 0x66,
    0x68, 0xc6, 0x66, 0x30, 0x0, 0x33, 0x36, 0xb3,
    0x33, 0x20, 0x1c, 0xcc, 0xcd, 0xec, 0xcc, 0xc7,
    0x0, 0x60, 0x20, 0x3, 0x4, 0x20, 0x4, 0xb0,
    0xa3, 0xd, 0x3, 0xd0, 0xa, 0x10, 0x63, 0x8,
    0x20, 0x74,

    /* U+9ED8 "默" */
    0xd, 0xad, 0xac, 0x0, 0xc7, 0x0, 0xb, 0x59,
    0x6b, 0x0, 0xc4, 0x90, 0xb, 0x79, 0x8b, 0x0,
    0xc0, 0x70, 0xb, 0x29, 0x3b, 0x89, 0xe9, 0x94,
    0x9, 0xae, 0xa8, 0x34, 0xf5, 0x41, 0x7, 0x7e,
    0x76, 0x1, 0xf5, 0x0, 0x3, 0x3d, 0x32, 0x4,
    0xc9, 0x0, 0x3c, 0xcd, 0xbb, 0x8, 0x4b, 0x0,
    0x6, 0x32, 0x25, 0xd, 0x8, 0x50, 0x28, 0x84,
    0x69, 0x95, 0x1, 0xc2, 0x52, 0x41, 0x31, 0x90,
    0x0, 0x37,

    /* U+9F50 "齐" */
    0x0, 0x0, 0x0, 0x0, 0x0, 0x0, 0x0, 0x0,
    0x8, 0x70, 0x0, 0x0, 0x3c, 0xcd, 0xcc, 0xec,
    0xdc, 0xc2, 0x0, 0xa, 0x50, 0x7, 0xa0, 0x0,
    0x0, 0x0, 0xb8, 0x8b, 0x0, 0x0, 0x0, 0x3,
    0x8e, 0xe9, 0x40, 0x0, 0x3c, 0xdb, 0x50, 0x4,
    0xad, 0xd4, 0x2, 0xc, 0x10, 0x2, 0xc0, 0x0,
    0x0, 0xd, 0x0, 0x2, 0xc0, 0x0, 0x0, 0xe,
    0x0, 0x2, 0xc0, 0x0, 0x0, 0x89, 0x0, 0x2,
    0xc0, 0x0, 0x3, 0xb1, 0x0, 0x2, 0xc0, 0x0,

    /* U+9F84 "龄" */
    0x0, 0x0, 0x0, 0x0, 0x10, 0x0, 0x8, 0x3b,
    0x0, 0x0, 0xd5, 0x0, 0x8, 0x3b, 0xb8, 0x5,
    0xbd, 0x0, 0x8, 0x3b, 0x0, 0x2e, 0x28, 0x90,
    0x3d, 0xbe, 0xa9, 0xd8, 0x90, 0xd8, 0x1, 0x13,
    0x12, 0x80, 0x84, 0x25, 0xb, 0xb, 0xa, 0x5a,
    0xbb, 0xa1, 0xb, 0x2a, 0xa, 0x1, 0x14, 0xc0,
    0xb, 0x8a, 0x4a, 0x3, 0xc, 0x40, 0xc, 0x90,
    0x6a, 0x1c, 0xb9, 0x0, 0xd, 0xaa, 0xba, 0x1,
    0xc9, 0x0, 0x2, 0x10, 0x1a, 0x0, 0x1c, 0x0,
    0x0, 0x0, 0x0, 0x0, 0x0, 0x0,

    /* U+FF0C "，" */
    0x9, 0x70, 0xae, 0x2, 0xb2, 0xb2, 0x0, 0x0,

    /* U+FF1A "：" */
    0x55, 0xcc, 0x0, 0x0, 0x0, 0x0, 0x77, 0xbb,
    0x0,

    /* U+FF1F "？" */
    0x0, 0x0, 0x0, 0x1a, 0xde, 0xb0, 0x46, 0x0,
    0xc6, 0x0, 0x0, 0xa6, 0x0, 0x5, 0xc0, 0x0,
    0x3d, 0x10, 0x0, 0x96, 0x0, 0x0, 0x0, 0x0,
    0x0, 0x52, 0x0, 0x0, 0xc7, 0x0, 0x0, 0x0,
    0x0
};


/*---------------------
 *  GLYPH DESCRIPTION
 *--------------------*/

static const lv_font_fmt_txt_glyph_dsc_t glyph_dsc[] = {
    {.bitmap_index = 0, .adv_w = 0, .box_w = 0, .box_h = 0, .ofs_x = 0, .ofs_y = 0} /* id = 0 reserved */,
    {.bitmap_index = 0, .adv_w = 43, .box_w = 0, .box_h = 0, .ofs_x = 0, .ofs_y = 0},
    {.bitmap_index = 0, .adv_w = 62, .box_w = 2, .box_h = 9, .ofs_x = 1, .ofs_y = 0},
    {.bitmap_index = 9, .adv_w = 91, .box_w = 4, .box_h = 4, .ofs_x = 1, .ofs_y = 6},
    {.bitmap_index = 17, .adv_w = 107, .box_w = 7, .box_h = 9, .ofs_x = 0, .ofs_y = 0},
    {.bitmap_index = 49, .adv_w = 107, .box_w = 6, .box_h = 12, .ofs_x = 0, .ofs_y = -2},
    {.bitmap_index = 85, .adv_w = 177, .box_w = 11, .box_h = 9, .ofs_x = 0, .ofs_y = 0},
    {.bitmap_index = 135, .adv_w = 131, .box_w = 8, .box_h = 9, .ofs_x = 0, .ofs_y = 0},
    {.bitmap_index = 171, .adv_w = 53, .box_w = 2, .box_h = 4, .ofs_x = 1, .ofs_y = 6},
    {.bitmap_index = 175, .adv_w = 65, .box_w = 3, .box_h = 14, .ofs_x = 1, .ofs_y = -3},
    {.bitmap_index = 196, .adv_w = 65, .box_w = 3, .box_h = 14, .ofs_x = 0, .ofs_y = -3},
    {.bitmap_index = 217, .adv_w = 90, .box_w = 5, .box_h = 5, .ofs_x = 0, .ofs_y = 5},
    {.bitmap_index = 230, .adv_w = 107, .box_w = 7, .box_h = 7, .ofs_x = 0, .ofs_y = 1},
    {.bitmap_index = 255, .adv_w = 53, .box_w = 3, .box_h = 5, .ofs_x = 0, .ofs_y = -3},
    {.bitmap_index = 263, .adv_w = 67, .box_w = 4, .box_h = 1, .ofs_x = 0, .ofs_y = 3},
    {.bitmap_index = 265, .adv_w = 53, .box_w = 3, .box_h = 2, .ofs_x = 0, .ofs_y = 0},
    {.bitmap_index = 268, .adv_w = 75, .box_w = 5, .box_h = 12, .ofs_x = 0, .ofs_y = -2},
    {.bitmap_index = 298, .adv_w = 107, .box_w = 7, .box_h = 9, .ofs_x = 0, .ofs_y = 0},
    {.bitmap_index = 330, .adv_w = 107, .box_w = 5, .box_h = 9, .ofs_x = 1, .ofs_y = 0},
    {.bitmap_index = 353, .adv_w = 107, .box_w = 7, .box_h = 9, .ofs_x = 0, .ofs_y = 0},
    {.bitmap_index = 385, .adv_w = 107, .box_w = 6, .box_h = 9, .ofs_x = 0, .ofs_y = 0},
    {.bitmap_index = 412, .adv_w = 107, .box_w = 7, .box_h = 9, .ofs_x = 0, .ofs_y = 0},
    {.bitmap_index = 444, .adv_w = 107, .box_w = 7, .box_h = 9, .ofs_x = 0, .ofs_y = 0},
    {.bitmap_index = 476, .adv_w = 107, .box_w = 7, .box_h = 9, .ofs_x = 0, .ofs_y = 0},
    {.bitmap_index = 508, .adv_w = 107, .box_w = 7, .box_h = 9, .ofs_x = 0, .ofs_y = 0},
    {.bitmap_index = 540, .adv_w = 107, .box_w = 7, .box_h = 9, .ofs_x = 0, .ofs_y = 0},
    {.bitmap_index = 572, .adv_w = 107, .box_w = 7, .box_h = 9, .ofs_x = 0, .ofs_y = 0},
    {.bitmap_index = 604, .adv_w = 53, .box_w = 3, .box_h = 7, .ofs_x = 0, .ofs_y = 0},
    {.bitmap_index = 615, .adv_w = 53, .box_w = 3, .box_h = 10, .ofs_x = 0, .ofs_y = -3},
    {.bitmap_index = 630, .adv_w = 107, .box_w = 7, .box_h = 7, .ofs_x = 0, .ofs_y = 1},
    {.bitmap_index = 655, .adv_w = 107, .box_w = 7, .box_h = 4, .ofs_x = 0, .ofs_y = 3},
    {.bitmap_index = 669, .adv_w = 107, .box_w = 7, .box_h = 7, .ofs_x = 0, .ofs_y = 1},
    {.bitmap_index = 694, .adv_w = 91, .box_w = 6, .box_h = 9, .ofs_x = 0, .ofs_y = 0},
    {.bitmap_index = 721, .adv_w = 182, .box_w = 11, .box_h = 11, .ofs_x = 0, .ofs_y = -2},
    {.bitmap_index = 782, .adv_w = 117, .box_w = 8, .box_h = 9, .ofs_x = 0, .ofs_y = 0},
    {.bitmap_index = 818, .adv_w = 126, .box_w = 7, .box_h = 9, .ofs_x = 1, .ofs_y = 0},
    {.bitmap_index = 850, .adv_w = 122, .box_w = 8, .box_h = 9, .ofs_x = 0, .ofs_y = 0},
    {.bitmap_index = 886, .adv_w = 132, .box_w = 7, .box_h = 9, .ofs_x = 1, .ofs_y = 0},
    {.bitmap_index = 918, .adv_w = 113, .box_w = 6, .box_h = 9, .ofs_x = 1, .ofs_y = 0},
    {.bitmap_index = 945, .adv_w = 106, .box_w = 6, .box_h = 9, .ofs_x = 1, .ofs_y = 0},
    {.bitmap_index = 972, .adv_w = 132, .box_w = 8, .box_h = 9, .ofs_x = 0, .ofs_y = 0},
    {.bitmap_index = 1008, .adv_w = 140, .box_w = 7, .box_h = 9, .ofs_x = 1, .ofs_y = 0},
    {.bitmap_index = 1040, .adv_w = 56, .box_w = 2, .box_h = 9, .ofs_x = 1, .ofs_y = 0},
    {.bitmap_index = 1049, .adv_w = 103, .box_w = 6, .box_h = 9, .ofs_x = 0, .ofs_y = 0},
    {.bitmap_index = 1076, .adv_w = 124, .box_w = 7, .box_h = 9, .ofs_x = 1, .ofs_y = 0},
    {.bitmap_index = 1108, .adv_w = 104, .box_w = 6, .box_h = 9, .ofs_x = 1, .ofs_y = 0},
    {.bitmap_index = 1135, .adv_w = 156, .box_w = 8, .box_h = 9, .ofs_x = 1, .ofs_y = 0},
    {.bitmap_index = 1171, .adv_w = 139, .box_w = 7, .box_h = 9, .ofs_x = 1, .ofs_y = 0},
    {.bitmap_index = 1203, .adv_w = 142, .box_w = 9, .box_h = 9, .ofs_x = 0, .ofs_y = 0},
    {.bitmap_index = 1244, .adv_w = 122, .box_w = 7, .box_h = 9, .ofs_x = 1, .ofs_y = 0},
    {.bitmap_index = 1276, .adv_w = 142, .box_w = 9, .box_h = 12, .ofs_x = 0, .ofs_y = -3},
    {.bitmap_index = 1330, .adv_w = 122, .box_w = 7, .box_h = 9, .ofs_x = 1, .ofs_y = 0},
    {.bitmap_index = 1362, .adv_w = 114, .box_w = 7, .box_h = 9, .ofs_x = 0, .ofs_y = 0},
    {.bitmap_index = 1394, .adv_w = 115, .box_w = 7, .box_h = 9, .ofs_x = 0, .ofs_y = 0},
    {.bitmap_index = 1426, .adv_w = 138, .box_w = 7, .box_h = 9, .ofs_x = 1, .ofs_y = 0},
    {.bitmap_index = 1458, .adv_w = 110, .box_w = 7, .box_h = 9, .ofs_x = 0, .ofs_y = 0},
    {.bitmap_index = 1490, .adv_w = 169, .box_w = 11, .box_h = 9, .ofs_x = 0, .ofs_y = 0},
    {.bitmap_index = 1540, .adv_w = 110, .box_w = 7, .box_h = 9, .ofs_x = 0, .ofs_y = 0},
    {.bitmap_index = 1572, .adv_w = 102, .box_w = 8, .box_h = 9, .ofs_x = -1, .ofs_y = 0},
    {.bitmap_index = 1608, .adv_w = 116, .box_w = 7, .box_h = 9, .ofs_x = 0, .ofs_y = 0},
    {.bitmap_index = 1640, .adv_w = 65, .box_w = 3, .box_h = 12, .ofs_x = 1, .ofs_y = -2},
    {.bitmap_index = 1658, .adv_w = 75, .box_w = 5, .box_h = 12, .ofs_x = 0, .ofs_y = -2},
    {.bitmap_index = 1688, .adv_w = 65, .box_w = 3, .box_h = 12, .ofs_x = 0, .ofs_y = -2},
    {.bitmap_index = 1706, .adv_w = 107, .box_w = 6, .box_h = 6, .ofs_x = 0, .ofs_y = 4},
    {.bitmap_index = 1724, .adv_w = 107, .box_w = 7, .box_h = 1, .ofs_x = 0, .ofs_y = -2},
    {.bitmap_index = 1728, .adv_w = 116, .box_w = 4, .box_h = 3, .ofs_x = 1, .ofs_y = 8},
    {.bitmap_index = 1734, .adv_w = 108, .box_w = 6, .box_h = 7, .ofs_x = 0, .ofs_y = 0},
    {.bitmap_index = 1755, .adv_w = 119, .box_w = 6, .box_h = 10, .ofs_x = 1, .ofs_y = 0},
    {.bitmap_index = 1785, .adv_w = 98, .box_w = 6, .box_h = 7, .ofs_x = 0, .ofs_y = 0},
    {.bitmap_index = 1806, .adv_w = 119, .box_w = 7, .box_h = 10, .ofs_x = 0, .ofs_y = 0},
    {.bitmap_index = 1841, .adv_w = 106, .box_w = 7, .box_h = 7, .ofs_x = 0, .ofs_y = 0},
    {.bitmap_index = 1866, .adv_w = 62, .box_w = 5, .box_h = 10, .ofs_x = 0, .ofs_y = 0},
    {.bitmap_index = 1891, .adv_w = 108, .box_w = 7, .box_h = 10, .ofs_x = 0, .ofs_y = -3},
    {.bitmap_index = 1926, .adv_w = 117, .box_w = 6, .box_h = 10, .ofs_x = 1, .ofs_y = 0},
    {.bitmap_index = 1956, .adv_w = 53, .box_w = 3, .box_h = 10, .ofs_x = 0, .ofs_y = 0},
    {.bitmap_index = 1971, .adv_w = 53, .box_w = 4, .box_h = 13, .ofs_x = -1, .ofs_y = -3},
    {.bitmap_index = 1997, .adv_w = 106, .box_w = 6, .box_h = 10, .ofs_x = 1, .ofs_y = 0},
    {.bitmap_index = 2027, .adv_w = 55, .box_w = 2, .box_h = 10, .ofs_x = 1, .ofs_y = 0},
    {.bitmap_index = 2037, .adv_w = 178, .box_w = 10, .box_h = 7, .ofs_x = 1, .ofs_y = 0},
    {.bitmap_index = 2072, .adv_w = 117, .box_w = 6, .box_h = 7, .ofs_x = 1, .ofs_y = 0},
    {.bitmap_index = 2093, .adv_w = 116, .box_w = 7, .box_h = 7, .ofs_x = 0, .ofs_y = 0},
    {.bitmap_index = 2118, .adv_w = 119, .box_w = 6, .box_h = 10, .ofs_x = 1, .ofs_y = -3},
    {.bitmap_index = 2148, .adv_w = 119, .box_w = 7, .box_h = 10, .ofs_x = 0, .ofs_y = -3},
    {.bitmap_index = 2183, .adv_w = 74, .box_w = 4, .box_h = 7, .ofs_x = 1, .ofs_y = 0},
    {.bitmap_index = 2197, .adv_w = 90, .box_w = 6, .box_h = 7, .ofs_x = 0, .ofs_y = 0},
    {.bitmap_index = 2218, .adv_w = 72, .box_w = 5, .box_h = 9, .ofs_x = 0, .ofs_y = 0},
    {.bitmap_index = 2241, .adv_w = 117, .box_w = 6, .box_h = 7, .ofs_x = 1, .ofs_y = 0},
    {.bitmap_index = 2262, .adv_w = 100, .box_w = 7, .box_h = 7, .ofs_x = 0, .ofs_y = 0},
    {.bitmap_index = 2287, .adv_w = 154, .box_w = 10, .box_h = 7, .ofs_x = 0, .ofs_y = 0},
    {.bitmap_index = 2322, .adv_w = 96, .box_w = 6, .box_h = 7, .ofs_x = 0, .ofs_y = 0},
    {.bitmap_index = 2343, .adv_w = 100, .box_w = 7, .box_h = 10, .ofs_x = 0, .ofs_y = -3},
    {.bitmap_index = 2378, .adv_w = 91, .box_w = 6, .box_h = 7, .ofs_x = 0, .ofs_y = 0},
    {.bitmap_index = 2399, .adv_w = 65, .box_w = 4, .box_h = 12, .ofs_x = 0, .ofs_y = -2},
    {.bitmap_index = 2423, .adv_w = 52, .box_w = 1, .box_h = 14, .ofs_x = 1, .ofs_y = -3},
    {.bitmap_index = 2430, .adv_w = 65, .box_w = 4, .box_h = 12, .ofs_x = 0, .ofs_y = -2},
    {.bitmap_index = 2454, .adv_w = 107, .box_w = 7, .box_h = 2, .ofs_x = 0, .ofs_y = 4},
    {.bitmap_index = 2461, .adv_w = 192, .box_w = 4, .box_h = 3, .ofs_x = 4, .ofs_y = 3},
    {.bitmap_index = 2467, .adv_w = 192, .box_w = 5, .box_h = 4, .ofs_x = 0, .ofs_y = -1},
    {.bitmap_index = 2477, .adv_w = 192, .box_w = 4, .box_h = 4, .ofs_x = 0, .ofs_y = -1},
    {.bitmap_index = 2485, .adv_w = 192, .box_w = 12, .box_h = 2, .ofs_x = 0, .ofs_y = 4},
    {.bitmap_index = 2497, .adv_w = 192, .box_w = 12, .box_h = 10, .ofs_x = 0, .ofs_y = -1},
    {.bitmap_index = 2557, .adv_w = 192, .box_w = 12, .box_h = 11, .ofs_x = 0, .ofs_y = -2},
    {.bitmap_index = 2623, .adv_w = 192, .box_w = 12, .box_h = 11, .ofs_x = 0, .ofs_y = -1},
    {.bitmap_index = 2689, .adv_w = 192, .box_w = 12, .box_h = 9, .ofs_x = 0, .ofs_y = 0},
    {.bitmap_index = 2743, .adv_w = 192, .box_w = 12, .box_h = 11, .ofs_x = 0, .ofs_y = -1},
    {.bitmap_index = 2809, .adv_w = 192, .box_w = 12, .box_h = 10, .ofs_x = 0, .ofs_y = -1},
    {.bitmap_index = 2869, .adv_w = 192, .box_w = 12, .box_h = 11, .ofs_x = 0, .ofs_y = -1},
    {.bitmap_index = 2935, .adv_w = 192, .box_w = 11, .box_h = 12, .ofs_x = 0, .ofs_y = -2},
    {.bitmap_index = 3001, .adv_w = 192, .box_w = 12, .box_h = 13, .ofs_x = 0, .ofs_y = -2},
    {.bitmap_index = 3079, .adv_w = 192, .box_w = 12, .box_h = 11, .ofs_x = 0, .ofs_y = 0},
    {.bitmap_index = 3145, .adv_w = 192, .box_w = 12, .box_h = 11, .ofs_x = 0, .ofs_y = -1},
    {.bitmap_index = 3211, .adv_w = 192, .box_w = 12, .box_h = 12, .ofs_x = 0, .ofs_y = -1},
    {.bitmap_index = 3283, .adv_w = 192, .box_w = 12, .box_h = 12, .ofs_x = 0, .ofs_y = -1},
    {.bitmap_index = 3355, .adv_w = 192, .box_w = 12, .box_h = 11, .ofs_x = 0, .ofs_y = -1},
    {.bitmap_index = 3421, .adv_w = 192, .box_w = 12, .box_h = 11, .ofs_x = 0, .ofs_y = -1},
    {.bitmap_index = 3487, .adv_w = 192, .box_w = 12, .box_h = 11, .ofs_x = 0, .ofs_y = -1},
    {.bitmap_index = 3553, .adv_w = 192, .box_w = 12, .box_h = 12, .ofs_x = 0, .ofs_y = -1},
    {.bitmap_index = 3625, .adv_w = 192, .box_w = 10, .box_h = 11, .ofs_x = 1, .ofs_y = -1},
    {.bitmap_index = 3680, .adv_w = 192, .box_w = 12, .box_h = 11, .ofs_x = 0, .ofs_y = -1},
    {.bitmap_index = 3746, .adv_w = 192, .box_w = 10, .box_h = 11, .ofs_x = 1, .ofs_y = -1},
    {.bitmap_index = 3801, .adv_w = 192, .box_w = 11, .box_h = 13, .ofs_x = 1, .ofs_y = -2},
    {.bitmap_index = 3873, .adv_w = 192, .box_w = 11, .box_h = 12, .ofs_x = 0, .ofs_y = -2},
    {.bitmap_index = 3939, .adv_w = 192, .box_w = 12, .box_h = 12, .ofs_x = 0, .ofs_y = -1},
    {.bitmap_index = 4011, .adv_w = 192, .box_w = 12, .box_h = 12, .ofs_x = 0, .ofs_y = -1},
    {.bitmap_index = 4083, .adv_w = 192, .box_w = 12, .box_h = 12, .ofs_x = 0, .ofs_y = -2},
    {.bitmap_index = 4155, .adv_w = 192, .box_w = 12, .box_h = 11, .ofs_x = 0, .ofs_y = -1},
    {.bitmap_index = 4221, .adv_w = 192, .box_w = 12, .box_h = 12, .ofs_x = 0, .ofs_y = -1},
    {.bitmap_index = 4293, .adv_w = 192, .box_w = 12, .box_h = 12, .ofs_x = 0, .ofs_y = -1},
    {.bitmap_index = 4365, .adv_w = 192, .box_w = 12, .box_h = 11, .ofs_x = 0, .ofs_y = -1},
    {.bitmap_index = 4431, .adv_w = 192, .box_w = 12, .box_h = 12, .ofs_x = 0, .ofs_y = -1},
    {.bitmap_index = 4503, .adv_w = 192, .box_w = 12, .box_h = 12, .ofs_x = 0, .ofs_y = -1},
    {.bitmap_index = 4575, .adv_w = 192, .box_w = 12, .box_h = 12, .ofs_x = 0, .ofs_y = -2},
    {.bitmap_index = 4647, .adv_w = 192, .box_w = 12, .box_h = 11, .ofs_x = 0, .ofs_y = -1},
    {.bitmap_index = 4713, .adv_w = 192, .box_w = 10, .box_h = 11, .ofs_x = 1, .ofs_y = -2},
    {.bitmap_index = 4768, .adv_w = 192, .box_w = 12, .box_h = 11, .ofs_x = 0, .ofs_y = -1},
    {.bitmap_index = 4834, .adv_w = 192, .box_w = 12, .box_h = 12, .ofs_x = 0, .ofs_y = -1},
    {.bitmap_index = 4906, .adv_w = 192, .box_w = 12, .box_h = 12, .ofs_x = 0, .ofs_y = -1},
    {.bitmap_index = 4978, .adv_w = 192, .box_w = 10, .box_h = 11, .ofs_x = 1, .ofs_y = -1},
    {.bitmap_index = 5033, .adv_w = 192, .box_w = 12, .box_h = 12, .ofs_x = 0, .ofs_y = -1},
    {.bitmap_index = 5105, .adv_w = 192, .box_w = 12, .box_h = 12, .ofs_x = 0, .ofs_y = -1},
    {.bitmap_index = 5177, .adv_w = 192, .box_w = 12, .box_h = 11, .ofs_x = 0, .ofs_y = -1},
    {.bitmap_index = 5243, .adv_w = 192, .box_w = 12, .box_h = 9, .ofs_x = 0, .ofs_y = 0},
    {.bitmap_index = 5297, .adv_w = 192, .box_w = 12, .box_h = 11, .ofs_x = 0, .ofs_y = -1},
    {.bitmap_index = 5363, .adv_w = 192, .box_w = 12, .box_h = 12, .ofs_x = 0, .ofs_y = -2},
    {.bitmap_index = 5435, .adv_w = 192, .box_w = 12, .box_h = 10, .ofs_x = 0, .ofs_y = -1},
    {.bitmap_index = 5495, .adv_w = 192, .box_w = 12, .box_h = 11, .ofs_x = 0, .ofs_y = -1},
    {.bitmap_index = 5561, .adv_w = 192, .box_w = 12, .box_h = 10, .ofs_x = 0, .ofs_y = -1},
    {.bitmap_index = 5621, .adv_w = 192, .box_w = 12, .box_h = 12, .ofs_x = 0, .ofs_y = -2},
    {.bitmap_index = 5693, .adv_w = 192, .box_w = 12, .box_h = 11, .ofs_x = 0, .ofs_y = -1},
    {.bitmap_index = 5759, .adv_w = 192, .box_w = 12, .box_h = 12, .ofs_x = 0, .ofs_y = -2},
    {.bitmap_index = 5831, .adv_w = 192, .box_w = 12, .box_h = 12, .ofs_x = 0, .ofs_y = -1},
    {.bitmap_index = 5903, .adv_w = 192, .box_w = 12, .box_h = 12, .ofs_x = 0, .ofs_y = -1},
    {.bitmap_index = 5975, .adv_w = 192, .box_w = 12, .box_h = 13, .ofs_x = 0, .ofs_y = -2},
    {.bitmap_index = 6053, .adv_w = 192, .box_w = 12, .box_h = 12, .ofs_x = 0, .ofs_y = -1},
    {.bitmap_index = 6125, .adv_w = 192, .box_w = 12, .box_h = 11, .ofs_x = 0, .ofs_y = -1},
    {.bitmap_index = 6191, .adv_w = 192, .box_w = 12, .box_h = 13, .ofs_x = 0, .ofs_y = -2},
    {.bitmap_index = 6269, .adv_w = 192, .box_w = 12, .box_h = 13, .ofs_x = 0, .ofs_y = -2},
    {.bitmap_index = 6347, .adv_w = 192, .box_w = 12, .box_h = 12, .ofs_x = 0, .ofs_y = -2},
    {.bitmap_index = 6419, .adv_w = 192, .box_w = 12, .box_h = 12, .ofs_x = 0, .ofs_y = -1},
    {.bitmap_index = 6491, .adv_w = 192, .box_w = 12, .box_h = 12, .ofs_x = 0, .ofs_y = -2},
    {.bitmap_index = 6563, .adv_w = 192, .box_w = 12, .box_h = 12, .ofs_x = 0, .ofs_y = -1},
    {.bitmap_index = 6635, .adv_w = 192, .box_w = 12, .box_h = 12, .ofs_x = 0, .ofs_y = -1},
    {.bitmap_index = 6707, .adv_w = 192, .box_w = 12, .box_h = 11, .ofs_x = 0, .ofs_y = -1},
    {.bitmap_index = 6773, .adv_w = 192, .box_w = 12, .box_h = 12, .ofs_x = 0, .ofs_y = -2},
    {.bitmap_index = 6845, .adv_w = 192, .box_w = 12, .box_h = 12, .ofs_x = 0, .ofs_y = -1},
    {.bitmap_index = 6917, .adv_w = 192, .box_w = 11, .box_h = 12, .ofs_x = 0, .ofs_y = -1},
    {.bitmap_index = 6983, .adv_w = 192, .box_w = 12, .box_h = 13, .ofs_x = 0, .ofs_y = -2},
    {.bitmap_index = 7061, .adv_w = 192, .box_w = 11, .box_h = 12, .ofs_x = 1, .ofs_y = -1},
    {.bitmap_index = 7127, .adv_w = 192, .box_w = 12, .box_h = 12, .ofs_x = 0, .ofs_y = -2},
    {.bitmap_index = 7199, .adv_w = 192, .box_w = 12, .box_h = 12, .ofs_x = 0, .ofs_y = -1},
    {.bitmap_index = 7271, .adv_w = 192, .box_w = 12, .box_h = 12, .ofs_x = 0, .ofs_y = -1},
    {.bitmap_index = 7343, .adv_w = 192, .box_w = 12, .box_h = 13, .ofs_x = 0, .ofs_y = -2},
    {.bitmap_index = 7421, .adv_w = 192, .box_w = 12, .box_h = 12, .ofs_x = 0, .ofs_y = -1},
    {.bitmap_index = 7493, .adv_w = 192, .box_w = 12, .box_h = 12, .ofs_x = 0, .ofs_y = -2},
    {.bitmap_index = 7565, .adv_w = 192, .box_w = 12, .box_h = 12, .ofs_x = 0, .ofs_y = -1},
    {.bitmap_index = 7637, .adv_w = 192, .box_w = 12, .box_h = 12, .ofs_x = 0, .ofs_y = -1},
    {.bitmap_index = 7709, .adv_w = 192, .box_w = 12, .box_h = 12, .ofs_x = 0, .ofs_y = -1},
    {.bitmap_index = 7781, .adv_w = 192, .box_w = 12, .box_h = 12, .ofs_x = 0, .ofs_y = -1},
    {.bitmap_index = 7853, .adv_w = 192, .box_w = 12, .box_h = 11, .ofs_x = 0, .ofs_y = -1},
    {.bitmap_index = 7919, .adv_w = 192, .box_w = 12, .box_h = 12, .ofs_x = 0, .ofs_y = -1},
    {.bitmap_index = 7991, .adv_w = 192, .box_w = 12, .box_h = 12, .ofs_x = 0, .ofs_y = -2},
    {.bitmap_index = 8063, .adv_w = 192, .box_w = 12, .box_h = 13, .ofs_x = 0, .ofs_y = -2},
    {.bitmap_index = 8141, .adv_w = 192, .box_w = 12, .box_h = 12, .ofs_x = 0, .ofs_y = -2},
    {.bitmap_index = 8213, .adv_w = 192, .box_w = 12, .box_h = 12, .ofs_x = 0, .ofs_y = -1},
    {.bitmap_index = 8285, .adv_w = 192, .box_w = 12, .box_h = 11, .ofs_x = 0, .ofs_y = -1},
    {.bitmap_index = 8351, .adv_w = 192, .box_w = 12, .box_h = 11, .ofs_x = 0, .ofs_y = -1},
    {.bitmap_index = 8417, .adv_w = 192, .box_w = 12, .box_h = 12, .ofs_x = 0, .ofs_y = -1},
    {.bitmap_index = 8489, .adv_w = 192, .box_w = 12, .box_h = 13, .ofs_x = 0, .ofs_y = -2},
    {.bitmap_index = 8567, .adv_w = 192, .box_w = 12, .box_h = 12, .ofs_x = 0, .ofs_y = -1},
    {.bitmap_index = 8639, .adv_w = 192, .box_w = 12, .box_h = 12, .ofs_x = 0, .ofs_y = -1},
    {.bitmap_index = 8711, .adv_w = 192, .box_w = 12, .box_h = 13, .ofs_x = 0, .ofs_y = -2},
    {.bitmap_index = 8789, .adv_w = 192, .box_w = 12, .box_h = 12, .ofs_x = 0, .ofs_y = -2},
    {.bitmap_index = 8861, .adv_w = 192, .box_w = 12, .box_h = 11, .ofs_x = 0, .ofs_y = -1},
    {.bitmap_index = 8927, .adv_w = 192, .box_w = 12, .box_h = 13, .ofs_x = 0, .ofs_y = -2},
    {.bitmap_index = 9005, .adv_w = 192, .box_w = 12, .box_h = 11, .ofs_x = 0, .ofs_y = -1},
    {.bitmap_index = 9071, .adv_w = 192, .box_w = 12, .box_h = 12, .ofs_x = 0, .ofs_y = -1},
    {.bitmap_index = 9143, .adv_w = 192, .box_w = 12, .box_h = 13, .ofs_x = 0, .ofs_y = -2},
    {.bitmap_index = 9221, .adv_w = 192, .box_w = 12, .box_h = 13, .ofs_x = 0, .ofs_y = -2},
    {.bitmap_index = 9299, .adv_w = 192, .box_w = 12, .box_h = 13, .ofs_x = 0, .ofs_y = -2},
    {.bitmap_index = 9377, .adv_w = 192, .box_w = 12, .box_h = 13, .ofs_x = 0, .ofs_y = -2},
    {.bitmap_index = 9455, .adv_w = 192, .box_w = 12, .box_h = 12, .ofs_x = 0, .ofs_y = -1},
    {.bitmap_index = 9527, .adv_w = 192, .box_w = 12, .box_h = 12, .ofs_x = 0, .ofs_y = -2},
    {.bitmap_index = 9599, .adv_w = 192, .box_w = 12, .box_h = 12, .ofs_x = 0, .ofs_y = -1},
    {.bitmap_index = 9671, .adv_w = 192, .box_w = 12, .box_h = 12, .ofs_x = 0, .ofs_y = -1},
    {.bitmap_index = 9743, .adv_w = 192, .box_w = 12, .box_h = 13, .ofs_x = 0, .ofs_y = -2},
    {.bitmap_index = 9821, .adv_w = 192, .box_w = 12, .box_h = 13, .ofs_x = 0, .ofs_y = -2},
    {.bitmap_index = 9899, .adv_w = 192, .box_w = 12, .box_h = 12, .ofs_x = 0, .ofs_y = -1},
    {.bitmap_index = 9971, .adv_w = 192, .box_w = 12, .box_h = 13, .ofs_x = 0, .ofs_y = -2},
    {.bitmap_index = 10049, .adv_w = 192, .box_w = 12, .box_h = 12, .ofs_x = 0, .ofs_y = -2},
    {.bitmap_index = 10121, .adv_w = 192, .box_w = 12, .box_h = 12, .ofs_x = 0, .ofs_y = -1},
    {.bitmap_index = 10193, .adv_w = 192, .box_w = 12, .box_h = 13, .ofs_x = 0, .ofs_y = -2},
    {.bitmap_index = 10271, .adv_w = 192, .box_w = 12, .box_h = 12, .ofs_x = 0, .ofs_y = -1},
    {.bitmap_index = 10343, .adv_w = 192, .box_w = 12, .box_h = 13, .ofs_x = 0, .ofs_y = -2},
    {.bitmap_index = 10421, .adv_w = 192, .box_w = 12, .box_h = 13, .ofs_x = 0, .ofs_y = -2},
    {.bitmap_index = 10499, .adv_w = 192, .box_w = 12, .box_h = 13, .ofs_x = 0, .ofs_y = -2},
    {.bitmap_index = 10577, .adv_w = 192, .box_w = 12, .box_h = 12, .ofs_x = 0, .ofs_y = -1},
    {.bitmap_index = 10649, .adv_w = 192, .box_w = 12, .box_h = 13, .ofs_x = 0, .ofs_y = -2},
    {.bitmap_index = 10727, .adv_w = 192, .box_w = 12, .box_h = 11, .ofs_x = 0, .ofs_y = -1},
    {.bitmap_index = 10793, .adv_w = 192, .box_w = 12, .box_h = 13, .ofs_x = 0, .ofs_y = -2},
    {.bitmap_index = 10871, .adv_w = 192, .box_w = 12, .box_h = 13, .ofs_x = 0, .ofs_y = -2},
    {.bitmap_index = 10949, .adv_w = 192, .box_w = 12, .box_h = 13, .ofs_x = 0, .ofs_y = -2},
    {.bitmap_index = 11027, .adv_w = 192, .box_w = 12, .box_h = 13, .ofs_x = 0, .ofs_y = -2},
    {.bitmap_index = 11105, .adv_w = 192, .box_w = 12, .box_h = 12, .ofs_x = 0, .ofs_y = -1},
    {.bitmap_index = 11177, .adv_w = 192, .box_w = 12, .box_h = 13, .ofs_x = 0, .ofs_y = -2},
    {.bitmap_index = 11255, .adv_w = 192, .box_w = 12, .box_h = 12, .ofs_x = 0, .ofs_y = -2},
    {.bitmap_index = 11327, .adv_w = 192, .box_w = 12, .box_h = 12, .ofs_x = 0, .ofs_y = -2},
    {.bitmap_index = 11399, .adv_w = 192, .box_w = 12, .box_h = 12, .ofs_x = 0, .ofs_y = -2},
    {.bitmap_index = 11471, .adv_w = 192, .box_w = 12, .box_h = 12, .ofs_x = 0, .ofs_y = -2},
    {.bitmap_index = 11543, .adv_w = 192, .box_w = 12, .box_h = 12, .ofs_x = 0, .ofs_y = -2},
    {.bitmap_index = 11615, .adv_w = 192, .box_w = 12, .box_h = 12, .ofs_x = 0, .ofs_y = -2},
    {.bitmap_index = 11687, .adv_w = 192, .box_w = 12, .box_h = 13, .ofs_x = 0, .ofs_y = -2},
    {.bitmap_index = 11765, .adv_w = 192, .box_w = 12, .box_h = 11, .ofs_x = 0, .ofs_y = -1},
    {.bitmap_index = 11831, .adv_w = 192, .box_w = 12, .box_h = 12, .ofs_x = 0, .ofs_y = -1},
    {.bitmap_index = 11903, .adv_w = 192, .box_w = 12, .box_h = 11, .ofs_x = 0, .ofs_y = -1},
    {.bitmap_index = 11969, .adv_w = 192, .box_w = 12, .box_h = 12, .ofs_x = 0, .ofs_y = -2},
    {.bitmap_index = 12041, .adv_w = 192, .box_w = 12, .box_h = 12, .ofs_x = 0, .ofs_y = -1},
    {.bitmap_index = 12113, .adv_w = 192, .box_w = 12, .box_h = 11, .ofs_x = 0, .ofs_y = -1},
    {.bitmap_index = 12179, .adv_w = 192, .box_w = 12, .box_h = 12, .ofs_x = 0, .ofs_y = -1},
    {.bitmap_index = 12251, .adv_w = 192, .box_w = 12, .box_h = 12, .ofs_x = 0, .ofs_y = -2},
    {.bitmap_index = 12323, .adv_w = 192, .box_w = 12, .box_h = 13, .ofs_x = 0, .ofs_y = -2},
    {.bitmap_index = 12401, .adv_w = 192, .box_w = 12, .box_h = 11, .ofs_x = 0, .ofs_y = -1},
    {.bitmap_index = 12467, .adv_w = 192, .box_w = 12, .box_h = 11, .ofs_x = 0, .ofs_y = -1},
    {.bitmap_index = 12533, .adv_w = 192, .box_w = 12, .box_h = 13, .ofs_x = 0, .ofs_y = -2},
    {.bitmap_index = 12611, .adv_w = 192, .box_w = 12, .box_h = 12, .ofs_x = 0, .ofs_y = -1},
    {.bitmap_index = 12683, .adv_w = 192, .box_w = 12, .box_h = 12, .ofs_x = 0, .ofs_y = -1},
    {.bitmap_index = 12755, .adv_w = 192, .box_w = 10, .box_h = 11, .ofs_x = 1, .ofs_y = -1},
    {.bitmap_index = 12810, .adv_w = 192, .box_w = 12, .box_h = 12, .ofs_x = 0, .ofs_y = -2},
    {.bitmap_index = 12882, .adv_w = 192, .box_w = 12, .box_h = 11, .ofs_x = 0, .ofs_y = -1},
    {.bitmap_index = 12948, .adv_w = 192, .box_w = 10, .box_h = 11, .ofs_x = 1, .ofs_y = -1},
    {.bitmap_index = 13003, .adv_w = 192, .box_w = 10, .box_h = 12, .ofs_x = 1, .ofs_y = -2},
    {.bitmap_index = 13063, .adv_w = 192, .box_w = 12, .box_h = 13, .ofs_x = 0, .ofs_y = -2},
    {.bitmap_index = 13141, .adv_w = 192, .box_w = 12, .box_h = 12, .ofs_x = 0, .ofs_y = -2},
    {.bitmap_index = 13213, .adv_w = 192, .box_w = 11, .box_h = 11, .ofs_x = 0, .ofs_y = -1},
    {.bitmap_index = 13274, .adv_w = 192, .box_w = 12, .box_h = 11, .ofs_x = 0, .ofs_y = -1},
    {.bitmap_index = 13340, .adv_w = 192, .box_w = 12, .box_h = 12, .ofs_x = 0, .ofs_y = -2},
    {.bitmap_index = 13412, .adv_w = 192, .box_w = 12, .box_h = 12, .ofs_x = 0, .ofs_y = -1},
    {.bitmap_index = 13484, .adv_w = 192, .box_w = 12, .box_h = 13, .ofs_x = 0, .ofs_y = -2},
    {.bitmap_index = 13562, .adv_w = 192, .box_w = 12, .box_h = 11, .ofs_x = 0, .ofs_y = -1},
    {.bitmap_index = 13628, .adv_w = 192, .box_w = 12, .box_h = 12, .ofs_x = 0, .ofs_y = -1},
    {.bitmap_index = 13700, .adv_w = 192, .box_w = 12, .box_h = 11, .ofs_x = 0, .ofs_y = -1},
    {.bitmap_index = 13766, .adv_w = 192, .box_w = 12, .box_h = 13, .ofs_x = 0, .ofs_y = -2},
    {.bitmap_index = 13844, .adv_w = 192, .box_w = 12, .box_h = 13, .ofs_x = 0, .ofs_y = -2},
    {.bitmap_index = 13922, .adv_w = 192, .box_w = 12, .box_h = 12, .ofs_x = 0, .ofs_y = -2},
    {.bitmap_index = 13994, .adv_w = 192, .box_w = 12, .box_h = 12, .ofs_x = 0, .ofs_y = -2},
    {.bitmap_index = 14066, .adv_w = 192, .box_w = 12, .box_h = 13, .ofs_x = 0, .ofs_y = -2},
    {.bitmap_index = 14144, .adv_w = 192, .box_w = 10, .box_h = 11, .ofs_x = 1, .ofs_y = -1},
    {.bitmap_index = 14199, .adv_w = 192, .box_w = 10, .box_h = 11, .ofs_x = 1, .ofs_y = -1},
    {.bitmap_index = 14254, .adv_w = 192, .box_w = 12, .box_h = 11, .ofs_x = 0, .ofs_y = -1},
    {.bitmap_index = 14320, .adv_w = 192, .box_w = 12, .box_h = 13, .ofs_x = 0, .ofs_y = -2},
    {.bitmap_index = 14398, .adv_w = 192, .box_w = 12, .box_h = 12, .ofs_x = 0, .ofs_y = -2},
    {.bitmap_index = 14470, .adv_w = 192, .box_w = 11, .box_h = 13, .ofs_x = 0, .ofs_y = -2},
    {.bitmap_index = 14542, .adv_w = 192, .box_w = 11, .box_h = 12, .ofs_x = 0, .ofs_y = -2},
    {.bitmap_index = 14608, .adv_w = 192, .box_w = 10, .box_h = 12, .ofs_x = 1, .ofs_y = -2},
    {.bitmap_index = 14668, .adv_w = 192, .box_w = 11, .box_h = 13, .ofs_x = 0, .ofs_y = -2},
    {.bitmap_index = 14740, .adv_w = 192, .box_w = 11, .box_h = 12, .ofs_x = 0, .ofs_y = -2},
    {.bitmap_index = 14806, .adv_w = 192, .box_w = 11, .box_h = 12, .ofs_x = 0, .ofs_y = -2},
    {.bitmap_index = 14872, .adv_w = 192, .box_w = 11, .box_h = 13, .ofs_x = 0, .ofs_y = -2},
    {.bitmap_index = 14944, .adv_w = 192, .box_w = 11, .box_h = 12, .ofs_x = 0, .ofs_y = -2},
    {.bitmap_index = 15010, .adv_w = 192, .box_w = 11, .box_h = 11, .ofs_x = 0, .ofs_y = -1},
    {.bitmap_index = 15071, .adv_w = 192, .box_w = 11, .box_h = 12, .ofs_x = 0, .ofs_y = -1},
    {.bitmap_index = 15137, .adv_w = 192, .box_w = 11, .box_h = 12, .ofs_x = 0, .ofs_y = -2},
    {.bitmap_index = 15203, .adv_w = 192, .box_w = 12, .box_h = 13, .ofs_x = 0, .ofs_y = -2},
    {.bitmap_index = 15281, .adv_w = 192, .box_w = 11, .box_h = 12, .ofs_x = 0, .ofs_y = -2},
    {.bitmap_index = 15347, .adv_w = 192, .box_w = 11, .box_h = 13, .ofs_x = 0, .ofs_y = -2},
    {.bitmap_index = 15419, .adv_w = 192, .box_w = 12, .box_h = 12, .ofs_x = 0, .ofs_y = -2},
    {.bitmap_index = 15491, .adv_w = 192, .box_w = 11, .box_h = 13, .ofs_x = 0, .ofs_y = -2},
    {.bitmap_index = 15563, .adv_w = 192, .box_w = 11, .box_h = 12, .ofs_x = 0, .ofs_y = -2},
    {.bitmap_index = 15629, .adv_w = 192, .box_w = 12, .box_h = 13, .ofs_x = 0, .ofs_y = -2},
    {.bitmap_index = 15707, .adv_w = 192, .box_w = 12, .box_h = 13, .ofs_x = 0, .ofs_y = -2},
    {.bitmap_index = 15785, .adv_w = 192, .box_w = 12, .box_h = 12, .ofs_x = 0, .ofs_y = -2},
    {.bitmap_index = 15857, .adv_w = 192, .box_w = 11, .box_h = 12, .ofs_x = 0, .ofs_y = -2},
    {.bitmap_index = 15923, .adv_w = 192, .box_w = 12, .box_h = 12, .ofs_x = 0, .ofs_y = -2},
    {.bitmap_index = 15995, .adv_w = 192, .box_w = 12, .box_h = 12, .ofs_x = 0, .ofs_y = -2},
    {.bitmap_index = 16067, .adv_w = 192, .box_w = 12, .box_h = 12, .ofs_x = 0, .ofs_y = -2},
    {.bitmap_index = 16139, .adv_w = 192, .box_w = 11, .box_h = 12, .ofs_x = 0, .ofs_y = -2},
    {.bitmap_index = 16205, .adv_w = 192, .box_w = 12, .box_h = 13, .ofs_x = 0, .ofs_y = -2},
    {.bitmap_index = 16283, .adv_w = 192, .box_w = 12, .box_h = 12, .ofs_x = 0, .ofs_y = -2},
    {.bitmap_index = 16355, .adv_w = 192, .box_w = 12, .box_h = 12, .ofs_x = 0, .ofs_y = -2},
    {.bitmap_index = 16427, .adv_w = 192, .box_w = 12, .box_h = 13, .ofs_x = 0, .ofs_y = -2},
    {.bitmap_index = 16505, .adv_w = 192, .box_w = 12, .box_h = 12, .ofs_x = 0, .ofs_y = -2},
    {.bitmap_index = 16577, .adv_w = 192, .box_w = 12, .box_h = 13, .ofs_x = 0, .ofs_y = -2},
    {.bitmap_index = 16655, .adv_w = 192, .box_w = 12, .box_h = 12, .ofs_x = 0, .ofs_y = -2},
    {.bitmap_index = 16727, .adv_w = 192, .box_w = 12, .box_h = 12, .ofs_x = 0, .ofs_y = -2},
    {.bitmap_index = 16799, .adv_w = 192, .box_w = 11, .box_h = 13, .ofs_x = 0, .ofs_y = -2},
    {.bitmap_index = 16871, .adv_w = 192, .box_w = 12, .box_h = 13, .ofs_x = 0, .ofs_y = -2},
    {.bitmap_index = 16949, .adv_w = 192, .box_w = 12, .box_h = 12, .ofs_x = 0, .ofs_y = -2},
    {.bitmap_index = 17021, .adv_w = 192, .box_w = 12, .box_h = 12, .ofs_x = 0, .ofs_y = -2},
    {.bitmap_index = 17093, .adv_w = 192, .box_w = 12, .box_h = 11, .ofs_x = 0, .ofs_y = -1},
    {.bitmap_index = 17159, .adv_w = 192, .box_w = 12, .box_h = 12, .ofs_x = 0, .ofs_y = -1},
    {.bitmap_index = 17231, .adv_w = 192, .box_w = 12, .box_h = 12, .ofs_x = 0, .ofs_y = -1},
    {.bitmap_index = 17303, .adv_w = 192, .box_w = 12, .box_h = 12, .ofs_x = 0, .ofs_y = -2},
    {.bitmap_index = 17375, .adv_w = 192, .box_w = 11, .box_h = 11, .ofs_x = 1, .ofs_y = -1},
    {.bitmap_index = 17436, .adv_w = 192, .box_w = 12, .box_h = 11, .ofs_x = 0, .ofs_y = -1},
    {.bitmap_index = 17502, .adv_w = 192, .box_w = 12, .box_h = 12, .ofs_x = 0, .ofs_y = -2},
    {.bitmap_index = 17574, .adv_w = 192, .box_w = 12, .box_h = 12, .ofs_x = 0, .ofs_y = -1},
    {.bitmap_index = 17646, .adv_w = 192, .box_w = 12, .box_h = 11, .ofs_x = 0, .ofs_y = -1},
    {.bitmap_index = 17712, .adv_w = 192, .box_w = 12, .box_h = 12, .ofs_x = 0, .ofs_y = -2},
    {.bitmap_index = 17784, .adv_w = 192, .box_w = 12, .box_h = 12, .ofs_x = 0, .ofs_y = -1},
    {.bitmap_index = 17856, .adv_w = 192, .box_w = 12, .box_h = 12, .ofs_x = 0, .ofs_y = -1},
    {.bitmap_index = 17928, .adv_w = 192, .box_w = 12, .box_h = 11, .ofs_x = 0, .ofs_y = -1},
    {.bitmap_index = 17994, .adv_w = 192, .box_w = 12, .box_h = 11, .ofs_x = 0, .ofs_y = -1},
    {.bitmap_index = 18060, .adv_w = 192, .box_w = 10, .box_h = 11, .ofs_x = 2, .ofs_y = -1},
    {.bitmap_index = 18115, .adv_w = 192, .box_w = 12, .box_h = 11, .ofs_x = 0, .ofs_y = -1},
    {.bitmap_index = 18181, .adv_w = 192, .box_w = 11, .box_h = 11, .ofs_x = 0, .ofs_y = -1},
    {.bitmap_index = 18242, .adv_w = 192, .box_w = 11, .box_h = 11, .ofs_x = 0, .ofs_y = -1},
    {.bitmap_index = 18303, .adv_w = 192, .box_w = 12, .box_h = 11, .ofs_x = 0, .ofs_y = -1},
    {.bitmap_index = 18369, .adv_w = 192, .box_w = 12, .box_h = 12, .ofs_x = 0, .ofs_y = -1},
    {.bitmap_index = 18441, .adv_w = 192, .box_w = 12, .box_h = 12, .ofs_x = 0, .ofs_y = -1},
    {.bitmap_index = 18513, .adv_w = 192, .box_w = 12, .box_h = 12, .ofs_x = 0, .ofs_y = -2},
    {.bitmap_index = 18585, .adv_w = 192, .box_w = 12, .box_h = 11, .ofs_x = 0, .ofs_y = -1},
    {.bitmap_index = 18651, .adv_w = 192, .box_w = 12, .box_h = 12, .ofs_x = 0, .ofs_y = -2},
    {.bitmap_index = 18723, .adv_w = 192, .box_w = 12, .box_h = 12, .ofs_x = 0, .ofs_y = -2},
    {.bitmap_index = 18795, .adv_w = 192, .box_w = 12, .box_h = 12, .ofs_x = 0, .ofs_y = -2},
    {.bitmap_index = 18867, .adv_w = 192, .box_w = 12, .box_h = 12, .ofs_x = 0, .ofs_y = -2},
    {.bitmap_index = 18939, .adv_w = 192, .box_w = 12, .box_h = 12, .ofs_x = 0, .ofs_y = -2},
    {.bitmap_index = 19011, .adv_w = 192, .box_w = 12, .box_h = 11, .ofs_x = 0, .ofs_y = -1},
    {.bitmap_index = 19077, .adv_w = 192, .box_w = 12, .box_h = 12, .ofs_x = 0, .ofs_y = -2},
    {.bitmap_index = 19149, .adv_w = 192, .box_w = 12, .box_h = 11, .ofs_x = 0, .ofs_y = -1},
    {.bitmap_index = 19215, .adv_w = 192, .box_w = 12, .box_h = 12, .ofs_x = 0, .ofs_y = -2},
    {.bitmap_index = 19287, .adv_w = 192, .box_w = 12, .box_h = 12, .ofs_x = 0, .ofs_y = -2},
    {.bitmap_index = 19359, .adv_w = 192, .box_w = 12, .box_h = 11, .ofs_x = 0, .ofs_y = -1},
    {.bitmap_index = 19425, .adv_w = 192, .box_w = 12, .box_h = 11, .ofs_x = 0, .ofs_y = -1},
    {.bitmap_index = 19491, .adv_w = 192, .box_w = 12, .box_h = 12, .ofs_x = 0, .ofs_y = -2},
    {.bitmap_index = 19563, .adv_w = 192, .box_w = 12, .box_h = 12, .ofs_x = 0, .ofs_y = -2},
    {.bitmap_index = 19635, .adv_w = 192, .box_w = 12, .box_h = 12, .ofs_x = 0, .ofs_y = -2},
    {.bitmap_index = 19707, .adv_w = 192, .box_w = 12, .box_h = 12, .ofs_x = 0, .ofs_y = -2},
    {.bitmap_index = 19779, .adv_w = 192, .box_w = 12, .box_h = 12, .ofs_x = 0, .ofs_y = -1},
    {.bitmap_index = 19851, .adv_w = 192, .box_w = 12, .box_h = 13, .ofs_x = 0, .ofs_y = -2},
    {.bitmap_index = 19929, .adv_w = 192, .box_w = 12, .box_h = 13, .ofs_x = 0, .ofs_y = -2},
    {.bitmap_index = 20007, .adv_w = 192, .box_w = 12, .box_h = 12, .ofs_x = 0, .ofs_y = -1},
    {.bitmap_index = 20079, .adv_w = 192, .box_w = 12, .box_h = 12, .ofs_x = 0, .ofs_y = -1},
    {.bitmap_index = 20151, .adv_w = 192, .box_w = 10, .box_h = 10, .ofs_x = 1, .ofs_y = -1},
    {.bitmap_index = 20201, .adv_w = 192, .box_w = 12, .box_h = 12, .ofs_x = 0, .ofs_y = -2},
    {.bitmap_index = 20273, .adv_w = 192, .box_w = 11, .box_h = 12, .ofs_x = 0, .ofs_y = -2},
    {.bitmap_index = 20339, .adv_w = 192, .box_w = 12, .box_h = 10, .ofs_x = 0, .ofs_y = -1},
    {.bitmap_index = 20399, .adv_w = 192, .box_w = 10, .box_h = 11, .ofs_x = 1, .ofs_y = -1},
    {.bitmap_index = 20454, .adv_w = 192, .box_w = 12, .box_h = 11, .ofs_x = 0, .ofs_y = -1},
    {.bitmap_index = 20520, .adv_w = 192, .box_w = 11, .box_h = 11, .ofs_x = 1, .ofs_y = -1},
    {.bitmap_index = 20581, .adv_w = 192, .box_w = 11, .box_h = 12, .ofs_x = 0, .ofs_y = -2},
    {.bitmap_index = 20647, .adv_w = 192, .box_w = 11, .box_h = 11, .ofs_x = 1, .ofs_y = -1},
    {.bitmap_index = 20708, .adv_w = 192, .box_w = 12, .box_h = 12, .ofs_x = 0, .ofs_y = -2},
    {.bitmap_index = 20780, .adv_w = 192, .box_w = 11, .box_h = 11, .ofs_x = 1, .ofs_y = -1},
    {.bitmap_index = 20841, .adv_w = 192, .box_w = 11, .box_h = 11, .ofs_x = 1, .ofs_y = -1},
    {.bitmap_index = 20902, .adv_w = 192, .box_w = 12, .box_h = 12, .ofs_x = 0, .ofs_y = -1},
    {.bitmap_index = 20974, .adv_w = 192, .box_w = 12, .box_h = 11, .ofs_x = 0, .ofs_y = -1},
    {.bitmap_index = 21040, .adv_w = 192, .box_w = 10, .box_h = 11, .ofs_x = 1, .ofs_y = -1},
    {.bitmap_index = 21095, .adv_w = 192, .box_w = 10, .box_h = 12, .ofs_x = 0, .ofs_y = -1},
    {.bitmap_index = 21155, .adv_w = 192, .box_w = 12, .box_h = 12, .ofs_x = 0, .ofs_y = -2},
    {.bitmap_index = 21227, .adv_w = 192, .box_w = 10, .box_h = 12, .ofs_x = 1, .ofs_y = -1},
    {.bitmap_index = 21287, .adv_w = 192, .box_w = 11, .box_h = 11, .ofs_x = 1, .ofs_y = -1},
    {.bitmap_index = 21348, .adv_w = 192, .box_w = 12, .box_h = 11, .ofs_x = 0, .ofs_y = -1},
    {.bitmap_index = 21414, .adv_w = 192, .box_w = 12, .box_h = 11, .ofs_x = 0, .ofs_y = -1},
    {.bitmap_index = 21480, .adv_w = 192, .box_w = 12, .box_h = 12, .ofs_x = 0, .ofs_y = -1},
    {.bitmap_index = 21552, .adv_w = 192, .box_w = 11, .box_h = 12, .ofs_x = 1, .ofs_y = -1},
    {.bitmap_index = 21618, .adv_w = 192, .box_w = 11, .box_h = 12, .ofs_x = 0, .ofs_y = -2},
    {.bitmap_index = 21684, .adv_w = 192, .box_w = 11, .box_h = 11, .ofs_x = 1, .ofs_y = -1},
    {.bitmap_index = 21745, .adv_w = 192, .box_w = 11, .box_h = 11, .ofs_x = 1, .ofs_y = -1},
    {.bitmap_index = 21806, .adv_w = 192, .box_w = 11, .box_h = 12, .ofs_x = 1, .ofs_y = -1},
    {.bitmap_index = 21872, .adv_w = 192, .box_w = 11, .box_h = 11, .ofs_x = 1, .ofs_y = -1},
    {.bitmap_index = 21933, .adv_w = 192, .box_w = 12, .box_h = 11, .ofs_x = 0, .ofs_y = -1},
    {.bitmap_index = 21999, .adv_w = 192, .box_w = 12, .box_h = 11, .ofs_x = 0, .ofs_y = -1},
    {.bitmap_index = 22065, .adv_w = 192, .box_w = 12, .box_h = 11, .ofs_x = 0, .ofs_y = -1},
    {.bitmap_index = 22131, .adv_w = 192, .box_w = 11, .box_h = 12, .ofs_x = 1, .ofs_y = -2},
    {.bitmap_index = 22197, .adv_w = 192, .box_w = 11, .box_h = 12, .ofs_x = 0, .ofs_y = -2},
    {.bitmap_index = 22263, .adv_w = 192, .box_w = 11, .box_h = 11, .ofs_x = 1, .ofs_y = -1},
    {.bitmap_index = 22324, .adv_w = 192, .box_w = 11, .box_h = 12, .ofs_x = 1, .ofs_y = -2},
    {.bitmap_index = 22390, .adv_w = 192, .box_w = 12, .box_h = 12, .ofs_x = 0, .ofs_y = -1},
    {.bitmap_index = 22462, .adv_w = 192, .box_w = 11, .box_h = 11, .ofs_x = 0, .ofs_y = -1},
    {.bitmap_index = 22523, .adv_w = 192, .box_w = 11, .box_h = 12, .ofs_x = 1, .ofs_y = -2},
    {.bitmap_index = 22589, .adv_w = 192, .box_w = 12, .box_h = 12, .ofs_x = 0, .ofs_y = -2},
    {.bitmap_index = 22661, .adv_w = 192, .box_w = 11, .box_h = 11, .ofs_x = 1, .ofs_y = -1},
    {.bitmap_index = 22722, .adv_w = 192, .box_w = 10, .box_h = 11, .ofs_x = 1, .ofs_y = -1},
    {.bitmap_index = 22777, .adv_w = 192, .box_w = 11, .box_h = 11, .ofs_x = 1, .ofs_y = -1},
    {.bitmap_index = 22838, .adv_w = 192, .box_w = 11, .box_h = 13, .ofs_x = 1, .ofs_y = -2},
    {.bitmap_index = 22910, .adv_w = 192, .box_w = 11, .box_h = 12, .ofs_x = 1, .ofs_y = -1},
    {.bitmap_index = 22976, .adv_w = 192, .box_w = 11, .box_h = 13, .ofs_x = 1, .ofs_y = -2},
    {.bitmap_index = 23048, .adv_w = 192, .box_w = 11, .box_h = 12, .ofs_x = 1, .ofs_y = -1},
    {.bitmap_index = 23114, .adv_w = 192, .box_w = 11, .box_h = 12, .ofs_x = 1, .ofs_y = -1},
    {.bitmap_index = 23180, .adv_w = 192, .box_w = 11, .box_h = 12, .ofs_x = 0, .ofs_y = -1},
    {.bitmap_index = 23246, .adv_w = 192, .box_w = 11, .box_h = 12, .ofs_x = 1, .ofs_y = -1},
    {.bitmap_index = 23312, .adv_w = 192, .box_w = 11, .box_h = 11, .ofs_x = 1, .ofs_y = -1},
    {.bitmap_index = 23373, .adv_w = 192, .box_w = 12, .box_h = 12, .ofs_x = 0, .ofs_y = -1},
    {.bitmap_index = 23445, .adv_w = 192, .box_w = 11, .box_h = 12, .ofs_x = 1, .ofs_y = -2},
    {.bitmap_index = 23511, .adv_w = 192, .box_w = 11, .box_h = 12, .ofs_x = 1, .ofs_y = -2},
    {.bitmap_index = 23577, .adv_w = 192, .box_w = 12, .box_h = 12, .ofs_x = 0, .ofs_y = -1},
    {.bitmap_index = 23649, .adv_w = 192, .box_w = 12, .box_h = 11, .ofs_x = 0, .ofs_y = -1},
    {.bitmap_index = 23715, .adv_w = 192, .box_w = 11, .box_h = 12, .ofs_x = 1, .ofs_y = -2},
    {.bitmap_index = 23781, .adv_w = 192, .box_w = 11, .box_h = 12, .ofs_x = 1, .ofs_y = -1},
    {.bitmap_index = 23847, .adv_w = 192, .box_w = 11, .box_h = 12, .ofs_x = 1, .ofs_y = -2},
    {.bitmap_index = 23913, .adv_w = 192, .box_w = 11, .box_h = 12, .ofs_x = 1, .ofs_y = -2},
    {.bitmap_index = 23979, .adv_w = 192, .box_w = 12, .box_h = 11, .ofs_x = 0, .ofs_y = -1},
    {.bitmap_index = 24045, .adv_w = 192, .box_w = 11, .box_h = 11, .ofs_x = 1, .ofs_y = -1},
    {.bitmap_index = 24106, .adv_w = 192, .box_w = 10, .box_h = 10, .ofs_x = 1, .ofs_y = -1},
    {.bitmap_index = 24156, .adv_w = 192, .box_w = 11, .box_h = 11, .ofs_x = 1, .ofs_y = -1},
    {.bitmap_index = 24217, .adv_w = 192, .box_w = 10, .box_h = 11, .ofs_x = 1, .ofs_y = -1},
    {.bitmap_index = 24272, .adv_w = 192, .box_w = 10, .box_h = 11, .ofs_x = 1, .ofs_y = -1},
    {.bitmap_index = 24327, .adv_w = 192, .box_w = 11, .box_h = 11, .ofs_x = 1, .ofs_y = -1},
    {.bitmap_index = 24388, .adv_w = 192, .box_w = 10, .box_h = 11, .ofs_x = 1, .ofs_y = -1},
    {.bitmap_index = 24443, .adv_w = 192, .box_w = 10, .box_h = 11, .ofs_x = 1, .ofs_y = -1},
    {.bitmap_index = 24498, .adv_w = 192, .box_w = 10, .box_h = 11, .ofs_x = 1, .ofs_y = -1},
    {.bitmap_index = 24553, .adv_w = 192, .box_w = 10, .box_h = 11, .ofs_x = 1, .ofs_y = -1},
    {.bitmap_index = 24608, .adv_w = 192, .box_w = 10, .box_h = 11, .ofs_x = 1, .ofs_y = -1},
    {.bitmap_index = 24663, .adv_w = 192, .box_w = 11, .box_h = 11, .ofs_x = 1, .ofs_y = -1},
    {.bitmap_index = 24724, .adv_w = 192, .box_w = 12, .box_h = 11, .ofs_x = 0, .ofs_y = -1},
    {.bitmap_index = 24790, .adv_w = 192, .box_w = 12, .box_h = 11, .ofs_x = 0, .ofs_y = -1},
    {.bitmap_index = 24856, .adv_w = 192, .box_w = 12, .box_h = 11, .ofs_x = 0, .ofs_y = -1},
    {.bitmap_index = 24922, .adv_w = 192, .box_w = 12, .box_h = 13, .ofs_x = 0, .ofs_y = -2},
    {.bitmap_index = 25000, .adv_w = 192, .box_w = 12, .box_h = 11, .ofs_x = 0, .ofs_y = -1},
    {.bitmap_index = 25066, .adv_w = 192, .box_w = 11, .box_h = 13, .ofs_x = 0, .ofs_y = -2},
    {.bitmap_index = 25138, .adv_w = 192, .box_w = 12, .box_h = 11, .ofs_x = 0, .ofs_y = -1},
    {.bitmap_index = 25204, .adv_w = 192, .box_w = 12, .box_h = 11, .ofs_x = 0, .ofs_y = -1},
    {.bitmap_index = 25270, .adv_w = 192, .box_w = 12, .box_h = 13, .ofs_x = 0, .ofs_y = -2},
    {.bitmap_index = 25348, .adv_w = 192, .box_w = 12, .box_h = 11, .ofs_x = 0, .ofs_y = -1},
    {.bitmap_index = 25414, .adv_w = 192, .box_w = 12, .box_h = 12, .ofs_x = 0, .ofs_y = -1},
    {.bitmap_index = 25486, .adv_w = 192, .box_w = 12, .box_h = 12, .ofs_x = 0, .ofs_y = -2},
    {.bitmap_index = 25558, .adv_w = 192, .box_w = 12, .box_h = 11, .ofs_x = 0, .ofs_y = -1},
    {.bitmap_index = 25624, .adv_w = 192, .box_w = 12, .box_h = 12, .ofs_x = 0, .ofs_y = -1},
    {.bitmap_index = 25696, .adv_w = 192, .box_w = 12, .box_h = 11, .ofs_x = 0, .ofs_y = -1},
    {.bitmap_index = 25762, .adv_w = 192, .box_w = 12, .box_h = 12, .ofs_x = 0, .ofs_y = -1},
    {.bitmap_index = 25834, .adv_w = 192, .box_w = 12, .box_h = 11, .ofs_x = 0, .ofs_y = -1},
    {.bitmap_index = 25900, .adv_w = 192, .box_w = 12, .box_h = 13, .ofs_x = 0, .ofs_y = -2},
    {.bitmap_index = 25978, .adv_w = 192, .box_w = 12, .box_h = 12, .ofs_x = 0, .ofs_y = -1},
    {.bitmap_index = 26050, .adv_w = 192, .box_w = 12, .box_h = 11, .ofs_x = 0, .ofs_y = -1},
    {.bitmap_index = 26116, .adv_w = 192, .box_w = 12, .box_h = 12, .ofs_x = 0, .ofs_y = -1},
    {.bitmap_index = 26188, .adv_w = 192, .box_w = 12, .box_h = 12, .ofs_x = 0, .ofs_y = -1},
    {.bitmap_index = 26260, .adv_w = 192, .box_w = 12, .box_h = 11, .ofs_x = 0, .ofs_y = -1},
    {.bitmap_index = 26326, .adv_w = 192, .box_w = 12, .box_h = 12, .ofs_x = 0, .ofs_y = -1},
    {.bitmap_index = 26398, .adv_w = 192, .box_w = 12, .box_h = 13, .ofs_x = 0, .ofs_y = -2},
    {.bitmap_index = 26476, .adv_w = 192, .box_w = 12, .box_h = 13, .ofs_x = 0, .ofs_y = -2},
    {.bitmap_index = 26554, .adv_w = 192, .box_w = 12, .box_h = 11, .ofs_x = 0, .ofs_y = -1},
    {.bitmap_index = 26620, .adv_w = 192, .box_w = 11, .box_h = 12, .ofs_x = 0, .ofs_y = -1},
    {.bitmap_index = 26686, .adv_w = 192, .box_w = 12, .box_h = 11, .ofs_x = 0, .ofs_y = -1},
    {.bitmap_index = 26752, .adv_w = 192, .box_w = 12, .box_h = 12, .ofs_x = 0, .ofs_y = -1},
    {.bitmap_index = 26824, .adv_w = 192, .box_w = 12, .box_h = 11, .ofs_x = 0, .ofs_y = -1},
    {.bitmap_index = 26890, .adv_w = 192, .box_w = 12, .box_h = 11, .ofs_x = 0, .ofs_y = -1},
    {.bitmap_index = 26956, .adv_w = 192, .box_w = 12, .box_h = 11, .ofs_x = 0, .ofs_y = -1},
    {.bitmap_index = 27022, .adv_w = 192, .box_w = 12, .box_h = 11, .ofs_x = 0, .ofs_y = -1},
    {.bitmap_index = 27088, .adv_w = 192, .box_w = 12, .box_h = 12, .ofs_x = 0, .ofs_y = -2},
    {.bitmap_index = 27160, .adv_w = 192, .box_w = 12, .box_h = 12, .ofs_x = 0, .ofs_y = -1},
    {.bitmap_index = 27232, .adv_w = 192, .box_w = 12, .box_h = 13, .ofs_x = 0, .ofs_y = -2},
    {.bitmap_index = 27310, .adv_w = 192, .box_w = 12, .box_h = 11, .ofs_x = 0, .ofs_y = -1},
    {.bitmap_index = 27376, .adv_w = 192, .box_w = 11, .box_h = 12, .ofs_x = 0, .ofs_y = -2},
    {.bitmap_index = 27442, .adv_w = 192, .box_w = 12, .box_h = 11, .ofs_x = 0, .ofs_y = -1},
    {.bitmap_index = 27508, .adv_w = 192, .box_w = 12, .box_h = 12, .ofs_x = 0, .ofs_y = -1},
    {.bitmap_index = 27580, .adv_w = 192, .box_w = 12, .box_h = 13, .ofs_x = 0, .ofs_y = -2},
    {.bitmap_index = 27658, .adv_w = 192, .box_w = 12, .box_h = 13, .ofs_x = 0, .ofs_y = -2},
    {.bitmap_index = 27736, .adv_w = 192, .box_w = 12, .box_h = 11, .ofs_x = 0, .ofs_y = -1},
    {.bitmap_index = 27802, .adv_w = 192, .box_w = 12, .box_h = 10, .ofs_x = 0, .ofs_y = -1},
    {.bitmap_index = 27862, .adv_w = 192, .box_w = 12, .box_h = 11, .ofs_x = 0, .ofs_y = -1},
    {.bitmap_index = 27928, .adv_w = 192, .box_w = 12, .box_h = 11, .ofs_x = 0, .ofs_y = -1},
    {.bitmap_index = 27994, .adv_w = 192, .box_w = 12, .box_h = 11, .ofs_x = 0, .ofs_y = -1},
    {.bitmap_index = 28060, .adv_w = 192, .box_w = 12, .box_h = 13, .ofs_x = 0, .ofs_y = -2},
    {.bitmap_index = 28138, .adv_w = 192, .box_w = 12, .box_h = 12, .ofs_x = 0, .ofs_y = -2},
    {.bitmap_index = 28210, .adv_w = 192, .box_w = 12, .box_h = 11, .ofs_x = 0, .ofs_y = -1},
    {.bitmap_index = 28276, .adv_w = 192, .box_w = 12, .box_h = 11, .ofs_x = 0, .ofs_y = -1},
    {.bitmap_index = 28342, .adv_w = 192, .box_w = 12, .box_h = 12, .ofs_x = 0, .ofs_y = -1},
    {.bitmap_index = 28414, .adv_w = 192, .box_w = 12, .box_h = 11, .ofs_x = 0, .ofs_y = -1},
    {.bitmap_index = 28480, .adv_w = 192, .box_w = 12, .box_h = 13, .ofs_x = 0, .ofs_y = -2},
    {.bitmap_index = 28558, .adv_w = 192, .box_w = 12, .box_h = 13, .ofs_x = 0, .ofs_y = -2},
    {.bitmap_index = 28636, .adv_w = 192, .box_w = 12, .box_h = 12, .ofs_x = 0, .ofs_y = -1},
    {.bitmap_index = 28708, .adv_w = 192, .box_w = 12, .box_h = 13, .ofs_x = 0, .ofs_y = -2},
    {.bitmap_index = 28786, .adv_w = 192, .box_w = 12, .box_h = 13, .ofs_x = 0, .ofs_y = -2},
    {.bitmap_index = 28864, .adv_w = 192, .box_w = 11, .box_h = 13, .ofs_x = 0, .ofs_y = -2},
    {.bitmap_index = 28936, .adv_w = 192, .box_w = 12, .box_h = 13, .ofs_x = 0, .ofs_y = -2},
    {.bitmap_index = 29014, .adv_w = 192, .box_w = 12, .box_h = 13, .ofs_x = 0, .ofs_y = -2},
    {.bitmap_index = 29092, .adv_w = 192, .box_w = 12, .box_h = 12, .ofs_x = 0, .ofs_y = -1},
    {.bitmap_index = 29164, .adv_w = 192, .box_w = 12, .box_h = 12, .ofs_x = 0, .ofs_y = -1},
    {.bitmap_index = 29236, .adv_w = 192, .box_w = 12, .box_h = 12, .ofs_x = 0, .ofs_y = -1},
    {.bitmap_index = 29308, .adv_w = 192, .box_w = 12, .box_h = 13, .ofs_x = 0, .ofs_y = -2},
    {.bitmap_index = 29386, .adv_w = 192, .box_w = 12, .box_h = 13, .ofs_x = 0, .ofs_y = -2},
    {.bitmap_index = 29464, .adv_w = 192, .box_w = 12, .box_h = 12, .ofs_x = 0, .ofs_y = -1},
    {.bitmap_index = 29536, .adv_w = 192, .box_w = 12, .box_h = 11, .ofs_x = 0, .ofs_y = -1},
    {.bitmap_index = 29602, .adv_w = 192, .box_w = 12, .box_h = 12, .ofs_x = 0, .ofs_y = -1},
    {.bitmap_index = 29674, .adv_w = 192, .box_w = 12, .box_h = 12, .ofs_x = 0, .ofs_y = -1},
    {.bitmap_index = 29746, .adv_w = 192, .box_w = 12, .box_h = 12, .ofs_x = 0, .ofs_y = -1},
    {.bitmap_index = 29818, .adv_w = 192, .box_w = 12, .box_h = 12, .ofs_x = 0, .ofs_y = -1},
    {.bitmap_index = 29890, .adv_w = 192, .box_w = 12, .box_h = 13, .ofs_x = 0, .ofs_y = -2},
    {.bitmap_index = 29968, .adv_w = 192, .box_w = 12, .box_h = 12, .ofs_x = 0, .ofs_y = -1},
    {.bitmap_index = 30040, .adv_w = 192, .box_w = 12, .box_h = 13, .ofs_x = 0, .ofs_y = -2},
    {.bitmap_index = 30118, .adv_w = 192, .box_w = 12, .box_h = 11, .ofs_x = 0, .ofs_y = -1},
    {.bitmap_index = 30184, .adv_w = 192, .box_w = 10, .box_h = 12, .ofs_x = 1, .ofs_y = -1},
    {.bitmap_index = 30244, .adv_w = 192, .box_w = 12, .box_h = 12, .ofs_x = 0, .ofs_y = -1},
    {.bitmap_index = 30316, .adv_w = 192, .box_w = 12, .box_h = 12, .ofs_x = 0, .ofs_y = -1},
    {.bitmap_index = 30388, .adv_w = 192, .box_w = 12, .box_h = 13, .ofs_x = 0, .ofs_y = -2},
    {.bitmap_index = 30466, .adv_w = 192, .box_w = 12, .box_h = 13, .ofs_x = 0, .ofs_y = -2},
    {.bitmap_index = 30544, .adv_w = 192, .box_w = 12, .box_h = 12, .ofs_x = 0, .ofs_y = -1},
    {.bitmap_index = 30616, .adv_w = 192, .box_w = 11, .box_h = 12, .ofs_x = 1, .ofs_y = -1},
    {.bitmap_index = 30682, .adv_w = 192, .box_w = 10, .box_h = 12, .ofs_x = 1, .ofs_y = -1},
    {.bitmap_index = 30742, .adv_w = 192, .box_w = 12, .box_h = 13, .ofs_x = 0, .ofs_y = -2},
    {.bitmap_index = 30820, .adv_w = 192, .box_w = 12, .box_h = 12, .ofs_x = 0, .ofs_y = -1},
    {.bitmap_index = 30892, .adv_w = 192, .box_w = 12, .box_h = 12, .ofs_x = 0, .ofs_y = -1},
    {.bitmap_index = 30964, .adv_w = 192, .box_w = 12, .box_h = 12, .ofs_x = 0, .ofs_y = -1},
    {.bitmap_index = 31036, .adv_w = 192, .box_w = 12, .box_h = 13, .ofs_x = 0, .ofs_y = -2},
    {.bitmap_index = 31114, .adv_w = 192, .box_w = 10, .box_h = 12, .ofs_x = 1, .ofs_y = -1},
    {.bitmap_index = 31174, .adv_w = 192, .box_w = 12, .box_h = 12, .ofs_x = 0, .ofs_y = -1},
    {.bitmap_index = 31246, .adv_w = 192, .box_w = 12, .box_h = 12, .ofs_x = 0, .ofs_y = -1},
    {.bitmap_index = 31318, .adv_w = 192, .box_w = 12, .box_h = 12, .ofs_x = 0, .ofs_y = -1},
    {.bitmap_index = 31390, .adv_w = 192, .box_w = 11, .box_h = 12, .ofs_x = 1, .ofs_y = -1},
    {.bitmap_index = 31456, .adv_w = 192, .box_w = 12, .box_h = 13, .ofs_x = 0, .ofs_y = -2},
    {.bitmap_index = 31534, .adv_w = 192, .box_w = 12, .box_h = 12, .ofs_x = 0, .ofs_y = -1},
    {.bitmap_index = 31606, .adv_w = 192, .box_w = 12, .box_h = 13, .ofs_x = 0, .ofs_y = -2},
    {.bitmap_index = 31684, .adv_w = 192, .box_w = 12, .box_h = 12, .ofs_x = 0, .ofs_y = -1},
    {.bitmap_index = 31756, .adv_w = 192, .box_w = 12, .box_h = 13, .ofs_x = 0, .ofs_y = -2},
    {.bitmap_index = 31834, .adv_w = 192, .box_w = 12, .box_h = 12, .ofs_x = 0, .ofs_y = -1},
    {.bitmap_index = 31906, .adv_w = 192, .box_w = 12, .box_h = 12, .ofs_x = 0, .ofs_y = -1},
    {.bitmap_index = 31978, .adv_w = 192, .box_w = 10, .box_h = 12, .ofs_x = 1, .ofs_y = -1},
    {.bitmap_index = 32038, .adv_w = 192, .box_w = 12, .box_h = 12, .ofs_x = 0, .ofs_y = -2},
    {.bitmap_index = 32110, .adv_w = 192, .box_w = 12, .box_h = 12, .ofs_x = 0, .ofs_y = -1},
    {.bitmap_index = 32182, .adv_w = 192, .box_w = 12, .box_h = 12, .ofs_x = 0, .ofs_y = -2},
    {.bitmap_index = 32254, .adv_w = 192, .box_w = 12, .box_h = 12, .ofs_x = 0, .ofs_y = -2},
    {.bitmap_index = 32326, .adv_w = 192, .box_w = 12, .box_h = 11, .ofs_x = 0, .ofs_y = -1},
    {.bitmap_index = 32392, .adv_w = 192, .box_w = 12, .box_h = 13, .ofs_x = 0, .ofs_y = -2},
    {.bitmap_index = 32470, .adv_w = 192, .box_w = 12, .box_h = 11, .ofs_x = 0, .ofs_y = -1},
    {.bitmap_index = 32536, .adv_w = 192, .box_w = 12, .box_h = 12, .ofs_x = 0, .ofs_y = -1},
    {.bitmap_index = 32608, .adv_w = 192, .box_w = 12, .box_h = 12, .ofs_x = 0, .ofs_y = -2},
    {.bitmap_index = 32680, .adv_w = 192, .box_w = 12, .box_h = 12, .ofs_x = 0, .ofs_y = -2},
    {.bitmap_index = 32752, .adv_w = 192, .box_w = 12, .box_h = 12, .ofs_x = 0, .ofs_y = -1},
    {.bitmap_index = 32824, .adv_w = 192, .box_w = 12, .box_h = 11, .ofs_x = 0, .ofs_y = -1},
    {.bitmap_index = 32890, .adv_w = 192, .box_w = 12, .box_h = 11, .ofs_x = 0, .ofs_y = -1},
    {.bitmap_index = 32956, .adv_w = 192, .box_w = 10, .box_h = 11, .ofs_x = 1, .ofs_y = -1},
    {.bitmap_index = 33011, .adv_w = 192, .box_w = 12, .box_h = 11, .ofs_x = 0, .ofs_y = -1},
    {.bitmap_index = 33077, .adv_w = 192, .box_w = 12, .box_h = 12, .ofs_x = 0, .ofs_y = -2},
    {.bitmap_index = 33149, .adv_w = 192, .box_w = 12, .box_h = 13, .ofs_x = 0, .ofs_y = -2},
    {.bitmap_index = 33227, .adv_w = 192, .box_w = 12, .box_h = 11, .ofs_x = 0, .ofs_y = -1},
    {.bitmap_index = 33293, .adv_w = 192, .box_w = 12, .box_h = 11, .ofs_x = 0, .ofs_y = -1},
    {.bitmap_index = 33359, .adv_w = 192, .box_w = 12, .box_h = 12, .ofs_x = 0, .ofs_y = -2},
    {.bitmap_index = 33431, .adv_w = 192, .box_w = 12, .box_h = 11, .ofs_x = 0, .ofs_y = -1},
    {.bitmap_index = 33497, .adv_w = 192, .box_w = 12, .box_h = 12, .ofs_x = 0, .ofs_y = -2},
    {.bitmap_index = 33569, .adv_w = 192, .box_w = 12, .box_h = 12, .ofs_x = 0, .ofs_y = -2},
    {.bitmap_index = 33641, .adv_w = 192, .box_w = 12, .box_h = 11, .ofs_x = 0, .ofs_y = -1},
    {.bitmap_index = 33707, .adv_w = 192, .box_w = 12, .box_h = 12, .ofs_x = 0, .ofs_y = -2},
    {.bitmap_index = 33779, .adv_w = 192, .box_w = 12, .box_h = 11, .ofs_x = 0, .ofs_y = -1},
    {.bitmap_index = 33845, .adv_w = 192, .box_w = 12, .box_h = 12, .ofs_x = 0, .ofs_y = -2},
    {.bitmap_index = 33917, .adv_w = 192, .box_w = 12, .box_h = 12, .ofs_x = 0, .ofs_y = -2},
    {.bitmap_index = 33989, .adv_w = 192, .box_w = 12, .box_h = 11, .ofs_x = 0, .ofs_y = -1},
    {.bitmap_index = 34055, .adv_w = 192, .box_w = 12, .box_h = 12, .ofs_x = 0, .ofs_y = -2},
    {.bitmap_index = 34127, .adv_w = 192, .box_w = 10, .box_h = 11, .ofs_x = 1, .ofs_y = -1},
    {.bitmap_index = 34182, .adv_w = 192, .box_w = 11, .box_h = 12, .ofs_x = 1, .ofs_y = -2},
    {.bitmap_index = 34248, .adv_w = 192, .box_w = 12, .box_h = 11, .ofs_x = 0, .ofs_y = -1},
    {.bitmap_index = 34314, .adv_w = 192, .box_w = 10, .box_h = 11, .ofs_x = 1, .ofs_y = -1},
    {.bitmap_index = 34369, .adv_w = 192, .box_w = 10, .box_h = 12, .ofs_x = 1, .ofs_y = -1},
    {.bitmap_index = 34429, .adv_w = 192, .box_w = 12, .box_h = 11, .ofs_x = 0, .ofs_y = -1},
    {.bitmap_index = 34495, .adv_w = 192, .box_w = 11, .box_h = 12, .ofs_x = 1, .ofs_y = -1},
    {.bitmap_index = 34561, .adv_w = 192, .box_w = 11, .box_h = 12, .ofs_x = 0, .ofs_y = -2},
    {.bitmap_index = 34627, .adv_w = 192, .box_w = 12, .box_h = 9, .ofs_x = 0, .ofs_y = 0},
    {.bitmap_index = 34681, .adv_w = 192, .box_w = 12, .box_h = 12, .ofs_x = 0, .ofs_y = -2},
    {.bitmap_index = 34753, .adv_w = 192, .box_w = 12, .box_h = 12, .ofs_x = 0, .ofs_y = -1},
    {.bitmap_index = 34825, .adv_w = 192, .box_w = 11, .box_h = 11, .ofs_x = 1, .ofs_y = -1},
    {.bitmap_index = 34886, .adv_w = 192, .box_w = 11, .box_h = 11, .ofs_x = 1, .ofs_y = -1},
    {.bitmap_index = 34947, .adv_w = 192, .box_w = 12, .box_h = 11, .ofs_x = 0, .ofs_y = -1},
    {.bitmap_index = 35013, .adv_w = 192, .box_w = 12, .box_h = 11, .ofs_x = 0, .ofs_y = -1},
    {.bitmap_index = 35079, .adv_w = 192, .box_w = 12, .box_h = 11, .ofs_x = 0, .ofs_y = -1},
    {.bitmap_index = 35145, .adv_w = 192, .box_w = 11, .box_h = 12, .ofs_x = 1, .ofs_y = -2},
    {.bitmap_index = 35211, .adv_w = 192, .box_w = 11, .box_h = 12, .ofs_x = 1, .ofs_y = -2},
    {.bitmap_index = 35277, .adv_w = 192, .box_w = 12, .box_h = 11, .ofs_x = 0, .ofs_y = -1},
    {.bitmap_index = 35343, .adv_w = 192, .box_w = 11, .box_h = 12, .ofs_x = 1, .ofs_y = -1},
    {.bitmap_index = 35409, .adv_w = 192, .box_w = 11, .box_h = 11, .ofs_x = 1, .ofs_y = -1},
    {.bitmap_index = 35470, .adv_w = 192, .box_w = 12, .box_h = 11, .ofs_x = 0, .ofs_y = -1},
    {.bitmap_index = 35536, .adv_w = 192, .box_w = 11, .box_h = 12, .ofs_x = 1, .ofs_y = -2},
    {.bitmap_index = 35602, .adv_w = 192, .box_w = 12, .box_h = 13, .ofs_x = 0, .ofs_y = -2},
    {.bitmap_index = 35680, .adv_w = 192, .box_w = 12, .box_h = 12, .ofs_x = 0, .ofs_y = -1},
    {.bitmap_index = 35752, .adv_w = 192, .box_w = 10, .box_h = 11, .ofs_x = 1, .ofs_y = -1},
    {.bitmap_index = 35807, .adv_w = 192, .box_w = 11, .box_h = 11, .ofs_x = 1, .ofs_y = -1},
    {.bitmap_index = 35868, .adv_w = 192, .box_w = 11, .box_h = 11, .ofs_x = 1, .ofs_y = -1},
    {.bitmap_index = 35929, .adv_w = 192, .box_w = 12, .box_h = 11, .ofs_x = 0, .ofs_y = -1},
    {.bitmap_index = 35995, .adv_w = 192, .box_w = 12, .box_h = 11, .ofs_x = 0, .ofs_y = -1},
    {.bitmap_index = 36061, .adv_w = 192, .box_w = 12, .box_h = 11, .ofs_x = 0, .ofs_y = -1},
    {.bitmap_index = 36127, .adv_w = 192, .box_w = 12, .box_h = 12, .ofs_x = 0, .ofs_y = -1},
    {.bitmap_index = 36199, .adv_w = 192, .box_w = 12, .box_h = 13, .ofs_x = 0, .ofs_y = -2},
    {.bitmap_index = 36277, .adv_w = 192, .box_w = 12, .box_h = 11, .ofs_x = 0, .ofs_y = -1},
    {.bitmap_index = 36343, .adv_w = 192, .box_w = 12, .box_h = 12, .ofs_x = 0, .ofs_y = -1},
    {.bitmap_index = 36415, .adv_w = 192, .box_w = 12, .box_h = 12, .ofs_x = 0, .ofs_y = -2},
    {.bitmap_index = 36487, .adv_w = 192, .box_w = 12, .box_h = 13, .ofs_x = 0, .ofs_y = -2},
    {.bitmap_index = 36565, .adv_w = 192, .box_w = 12, .box_h = 13, .ofs_x = 0, .ofs_y = -2},
    {.bitmap_index = 36643, .adv_w = 192, .box_w = 12, .box_h = 12, .ofs_x = 0, .ofs_y = -1},
    {.bitmap_index = 36715, .adv_w = 192, .box_w = 12, .box_h = 13, .ofs_x = 0, .ofs_y = -2},
    {.bitmap_index = 36793, .adv_w = 192, .box_w = 12, .box_h = 13, .ofs_x = 0, .ofs_y = -2},
    {.bitmap_index = 36871, .adv_w = 192, .box_w = 12, .box_h = 12, .ofs_x = 0, .ofs_y = -1},
    {.bitmap_index = 36943, .adv_w = 192, .box_w = 12, .box_h = 13, .ofs_x = 0, .ofs_y = -2},
    {.bitmap_index = 37021, .adv_w = 192, .box_w = 12, .box_h = 13, .ofs_x = 0, .ofs_y = -2},
    {.bitmap_index = 37099, .adv_w = 192, .box_w = 12, .box_h = 12, .ofs_x = 0, .ofs_y = -1},
    {.bitmap_index = 37171, .adv_w = 192, .box_w = 12, .box_h = 13, .ofs_x = 0, .ofs_y = -2},
    {.bitmap_index = 37249, .adv_w = 192, .box_w = 12, .box_h = 13, .ofs_x = 0, .ofs_y = -2},
    {.bitmap_index = 37327, .adv_w = 192, .box_w = 12, .box_h = 13, .ofs_x = 0, .ofs_y = -2},
    {.bitmap_index = 37405, .adv_w = 192, .box_w = 12, .box_h = 13, .ofs_x = 0, .ofs_y = -2},
    {.bitmap_index = 37483, .adv_w = 192, .box_w = 12, .box_h = 13, .ofs_x = 0, .ofs_y = -2},
    {.bitmap_index = 37561, .adv_w = 192, .box_w = 12, .box_h = 12, .ofs_x = 0, .ofs_y = -2},
    {.bitmap_index = 37633, .adv_w = 192, .box_w = 12, .box_h = 12, .ofs_x = 0, .ofs_y = -2},
    {.bitmap_index = 37705, .adv_w = 192, .box_w = 12, .box_h = 12, .ofs_x = 0, .ofs_y = -2},
    {.bitmap_index = 37777, .adv_w = 192, .box_w = 12, .box_h = 13, .ofs_x = 0, .ofs_y = -2},
    {.bitmap_index = 37855, .adv_w = 192, .box_w = 12, .box_h = 11, .ofs_x = 0, .ofs_y = -1},
    {.bitmap_index = 37921, .adv_w = 192, .box_w = 12, .box_h = 11, .ofs_x = 0, .ofs_y = -1},
    {.bitmap_index = 37987, .adv_w = 192, .box_w = 11, .box_h = 12, .ofs_x = 1, .ofs_y = -2},
    {.bitmap_index = 38053, .adv_w = 192, .box_w = 12, .box_h = 13, .ofs_x = 0, .ofs_y = -2},
    {.bitmap_index = 38131, .adv_w = 192, .box_w = 11, .box_h = 12, .ofs_x = 0, .ofs_y = -2},
    {.bitmap_index = 38197, .adv_w = 192, .box_w = 12, .box_h = 13, .ofs_x = 0, .ofs_y = -2},
    {.bitmap_index = 38275, .adv_w = 192, .box_w = 12, .box_h = 12, .ofs_x = 0, .ofs_y = -2},
    {.bitmap_index = 38347, .adv_w = 192, .box_w = 10, .box_h = 12, .ofs_x = 1, .ofs_y = -2},
    {.bitmap_index = 38407, .adv_w = 192, .box_w = 10, .box_h = 11, .ofs_x = 1, .ofs_y = -1},
    {.bitmap_index = 38462, .adv_w = 192, .box_w = 12, .box_h = 13, .ofs_x = 0, .ofs_y = -2},
    {.bitmap_index = 38540, .adv_w = 192, .box_w = 12, .box_h = 12, .ofs_x = 0, .ofs_y = -2},
    {.bitmap_index = 38612, .adv_w = 192, .box_w = 12, .box_h = 12, .ofs_x = 0, .ofs_y = -1},
    {.bitmap_index = 38684, .adv_w = 192, .box_w = 12, .box_h = 13, .ofs_x = 0, .ofs_y = -2},
    {.bitmap_index = 38762, .adv_w = 192, .box_w = 12, .box_h = 12, .ofs_x = 0, .ofs_y = -1},
    {.bitmap_index = 38834, .adv_w = 192, .box_w = 12, .box_h = 12, .ofs_x = 0, .ofs_y = -1},
    {.bitmap_index = 38906, .adv_w = 192, .box_w = 12, .box_h = 12, .ofs_x = 0, .ofs_y = -1},
    {.bitmap_index = 38978, .adv_w = 192, .box_w = 12, .box_h = 13, .ofs_x = 0, .ofs_y = -2},
    {.bitmap_index = 39056, .adv_w = 192, .box_w = 12, .box_h = 12, .ofs_x = 0, .ofs_y = -1},
    {.bitmap_index = 39128, .adv_w = 192, .box_w = 12, .box_h = 11, .ofs_x = 0, .ofs_y = -1},
    {.bitmap_index = 39194, .adv_w = 192, .box_w = 12, .box_h = 12, .ofs_x = 0, .ofs_y = -1},
    {.bitmap_index = 39266, .adv_w = 192, .box_w = 12, .box_h = 12, .ofs_x = 0, .ofs_y = -2},
    {.bitmap_index = 39338, .adv_w = 192, .box_w = 12, .box_h = 13, .ofs_x = 0, .ofs_y = -2},
    {.bitmap_index = 39416, .adv_w = 192, .box_w = 12, .box_h = 13, .ofs_x = 0, .ofs_y = -2},
    {.bitmap_index = 39494, .adv_w = 192, .box_w = 12, .box_h = 11, .ofs_x = 0, .ofs_y = -1},
    {.bitmap_index = 39560, .adv_w = 192, .box_w = 12, .box_h = 11, .ofs_x = 0, .ofs_y = -1},
    {.bitmap_index = 39626, .adv_w = 192, .box_w = 12, .box_h = 11, .ofs_x = 0, .ofs_y = -1},
    {.bitmap_index = 39692, .adv_w = 192, .box_w = 12, .box_h = 11, .ofs_x = 0, .ofs_y = -1},
    {.bitmap_index = 39758, .adv_w = 192, .box_w = 12, .box_h = 11, .ofs_x = 0, .ofs_y = -1},
    {.bitmap_index = 39824, .adv_w = 192, .box_w = 12, .box_h = 12, .ofs_x = 0, .ofs_y = -1},
    {.bitmap_index = 39896, .adv_w = 192, .box_w = 12, .box_h = 11, .ofs_x = 0, .ofs_y = -1},
    {.bitmap_index = 39962, .adv_w = 192, .box_w = 12, .box_h = 11, .ofs_x = 0, .ofs_y = -1},
    {.bitmap_index = 40028, .adv_w = 192, .box_w = 12, .box_h = 12, .ofs_x = 0, .ofs_y = -2},
    {.bitmap_index = 40100, .adv_w = 192, .box_w = 12, .box_h = 12, .ofs_x = 0, .ofs_y = -1},
    {.bitmap_index = 40172, .adv_w = 192, .box_w = 12, .box_h = 11, .ofs_x = 0, .ofs_y = -1},
    {.bitmap_index = 40238, .adv_w = 192, .box_w = 12, .box_h = 12, .ofs_x = 0, .ofs_y = -1},
    {.bitmap_index = 40310, .adv_w = 192, .box_w = 11, .box_h = 11, .ofs_x = 0, .ofs_y = -1},
    {.bitmap_index = 40371, .adv_w = 192, .box_w = 12, .box_h = 12, .ofs_x = 0, .ofs_y = -1},
    {.bitmap_index = 40443, .adv_w = 192, .box_w = 12, .box_h = 11, .ofs_x = 0, .ofs_y = -1},
    {.bitmap_index = 40509, .adv_w = 192, .box_w = 12, .box_h = 11, .ofs_x = 0, .ofs_y = -1},
    {.bitmap_index = 40575, .adv_w = 192, .box_w = 12, .box_h = 11, .ofs_x = 0, .ofs_y = -1},
    {.bitmap_index = 40641, .adv_w = 192, .box_w = 12, .box_h = 12, .ofs_x = 0, .ofs_y = -1},
    {.bitmap_index = 40713, .adv_w = 192, .box_w = 12, .box_h = 12, .ofs_x = 0, .ofs_y = -1},
    {.bitmap_index = 40785, .adv_w = 192, .box_w = 12, .box_h = 11, .ofs_x = 0, .ofs_y = -1},
    {.bitmap_index = 40851, .adv_w = 192, .box_w = 12, .box_h = 12, .ofs_x = 0, .ofs_y = -1},
    {.bitmap_index = 40923, .adv_w = 192, .box_w = 12, .box_h = 13, .ofs_x = 0, .ofs_y = -2},
    {.bitmap_index = 41001, .adv_w = 192, .box_w = 12, .box_h = 12, .ofs_x = 0, .ofs_y = -1},
    {.bitmap_index = 41073, .adv_w = 192, .box_w = 12, .box_h = 13, .ofs_x = 0, .ofs_y = -2},
    {.bitmap_index = 41151, .adv_w = 192, .box_w = 12, .box_h = 11, .ofs_x = 0, .ofs_y = -1},
    {.bitmap_index = 41217, .adv_w = 192, .box_w = 12, .box_h = 12, .ofs_x = 0, .ofs_y = -1},
    {.bitmap_index = 41289, .adv_w = 192, .box_w = 12, .box_h = 12, .ofs_x = 0, .ofs_y = -1},
    {.bitmap_index = 41361, .adv_w = 192, .box_w = 12, .box_h = 12, .ofs_x = 0, .ofs_y = -2},
    {.bitmap_index = 41433, .adv_w = 192, .box_w = 12, .box_h = 12, .ofs_x = 0, .ofs_y = -1},
    {.bitmap_index = 41505, .adv_w = 192, .box_w = 12, .box_h = 11, .ofs_x = 0, .ofs_y = -1},
    {.bitmap_index = 41571, .adv_w = 192, .box_w = 12, .box_h = 11, .ofs_x = 0, .ofs_y = -1},
    {.bitmap_index = 41637, .adv_w = 192, .box_w = 12, .box_h = 11, .ofs_x = 0, .ofs_y = -1},
    {.bitmap_index = 41703, .adv_w = 192, .box_w = 12, .box_h = 12, .ofs_x = 0, .ofs_y = -1},
    {.bitmap_index = 41775, .adv_w = 192, .box_w = 12, .box_h = 12, .ofs_x = 0, .ofs_y = -2},
    {.bitmap_index = 41847, .adv_w = 192, .box_w = 12, .box_h = 11, .ofs_x = 0, .ofs_y = -1},
    {.bitmap_index = 41913, .adv_w = 192, .box_w = 12, .box_h = 12, .ofs_x = 0, .ofs_y = -1},
    {.bitmap_index = 41985, .adv_w = 192, .box_w = 12, .box_h = 12, .ofs_x = 0, .ofs_y = -2},
    {.bitmap_index = 42057, .adv_w = 192, .box_w = 12, .box_h = 12, .ofs_x = 0, .ofs_y = -1},
    {.bitmap_index = 42129, .adv_w = 192, .box_w = 12, .box_h = 12, .ofs_x = 0, .ofs_y = -1},
    {.bitmap_index = 42201, .adv_w = 192, .box_w = 12, .box_h = 11, .ofs_x = 0, .ofs_y = -1},
    {.bitmap_index = 42267, .adv_w = 192, .box_w = 12, .box_h = 11, .ofs_x = 0, .ofs_y = -1},
    {.bitmap_index = 42333, .adv_w = 192, .box_w = 12, .box_h = 11, .ofs_x = 0, .ofs_y = -1},
    {.bitmap_index = 42399, .adv_w = 192, .box_w = 12, .box_h = 12, .ofs_x = 0, .ofs_y = -1},
    {.bitmap_index = 42471, .adv_w = 192, .box_w = 12, .box_h = 12, .ofs_x = 0, .ofs_y = -1},
    {.bitmap_index = 42543, .adv_w = 192, .box_w = 12, .box_h = 12, .ofs_x = 0, .ofs_y = -2},
    {.bitmap_index = 42615, .adv_w = 192, .box_w = 12, .box_h = 12, .ofs_x = 0, .ofs_y = -2},
    {.bitmap_index = 42687, .adv_w = 192, .box_w = 12, .box_h = 12, .ofs_x = 0, .ofs_y = -1},
    {.bitmap_index = 42759, .adv_w = 192, .box_w = 12, .box_h = 11, .ofs_x = 0, .ofs_y = -1},
    {.bitmap_index = 42825, .adv_w = 192, .box_w = 12, .box_h = 12, .ofs_x = 0, .ofs_y = -2},
    {.bitmap_index = 42897, .adv_w = 192, .box_w = 12, .box_h = 11, .ofs_x = 0, .ofs_y = -1},
    {.bitmap_index = 42963, .adv_w = 192, .box_w = 12, .box_h = 12, .ofs_x = 0, .ofs_y = -1},
    {.bitmap_index = 43035, .adv_w = 192, .box_w = 12, .box_h = 11, .ofs_x = 0, .ofs_y = -1},
    {.bitmap_index = 43101, .adv_w = 192, .box_w = 12, .box_h = 13, .ofs_x = 0, .ofs_y = -2},
    {.bitmap_index = 43179, .adv_w = 192, .box_w = 12, .box_h = 11, .ofs_x = 0, .ofs_y = -1},
    {.bitmap_index = 43245, .adv_w = 192, .box_w = 12, .box_h = 12, .ofs_x = 0, .ofs_y = -2},
    {.bitmap_index = 43317, .adv_w = 192, .box_w = 12, .box_h = 12, .ofs_x = 0, .ofs_y = -2},
    {.bitmap_index = 43389, .adv_w = 192, .box_w = 12, .box_h = 11, .ofs_x = 0, .ofs_y = -1},
    {.bitmap_index = 43455, .adv_w = 192, .box_w = 11, .box_h = 12, .ofs_x = 1, .ofs_y = -2},
    {.bitmap_index = 43521, .adv_w = 192, .box_w = 12, .box_h = 12, .ofs_x = 0, .ofs_y = -2},
    {.bitmap_index = 43593, .adv_w = 192, .box_w = 12, .box_h = 12, .ofs_x = 0, .ofs_y = -2},
    {.bitmap_index = 43665, .adv_w = 192, .box_w = 10, .box_h = 12, .ofs_x = 0, .ofs_y = -2},
    {.bitmap_index = 43725, .adv_w = 192, .box_w = 12, .box_h = 13, .ofs_x = 0, .ofs_y = -2},
    {.bitmap_index = 43803, .adv_w = 192, .box_w = 12, .box_h = 12, .ofs_x = 0, .ofs_y = -2},
    {.bitmap_index = 43875, .adv_w = 192, .box_w = 12, .box_h = 13, .ofs_x = 0, .ofs_y = -2},
    {.bitmap_index = 43953, .adv_w = 192, .box_w = 12, .box_h = 11, .ofs_x = 0, .ofs_y = -1},
    {.bitmap_index = 44019, .adv_w = 192, .box_w = 12, .box_h = 11, .ofs_x = 0, .ofs_y = -1},
    {.bitmap_index = 44085, .adv_w = 192, .box_w = 12, .box_h = 12, .ofs_x = 0, .ofs_y = -1},
    {.bitmap_index = 44157, .adv_w = 192, .box_w = 12, .box_h = 12, .ofs_x = 0, .ofs_y = -2},
    {.bitmap_index = 44229, .adv_w = 192, .box_w = 12, .box_h = 11, .ofs_x = 0, .ofs_y = -1},
    {.bitmap_index = 44295, .adv_w = 192, .box_w = 12, .box_h = 12, .ofs_x = 0, .ofs_y = -2},
    {.bitmap_index = 44367, .adv_w = 192, .box_w = 11, .box_h = 11, .ofs_x = 0, .ofs_y = -1},
    {.bitmap_index = 44428, .adv_w = 192, .box_w = 12, .box_h = 13, .ofs_x = 0, .ofs_y = -2},
    {.bitmap_index = 44506, .adv_w = 192, .box_w = 12, .box_h = 12, .ofs_x = 0, .ofs_y = -2},
    {.bitmap_index = 44578, .adv_w = 192, .box_w = 11, .box_h = 12, .ofs_x = 0, .ofs_y = -2},
    {.bitmap_index = 44644, .adv_w = 192, .box_w = 12, .box_h = 12, .ofs_x = 0, .ofs_y = -2},
    {.bitmap_index = 44716, .adv_w = 192, .box_w = 12, .box_h = 13, .ofs_x = 0, .ofs_y = -2},
    {.bitmap_index = 44794, .adv_w = 192, .box_w = 12, .box_h = 12, .ofs_x = 0, .ofs_y = -1},
    {.bitmap_index = 44866, .adv_w = 192, .box_w = 12, .box_h = 11, .ofs_x = 0, .ofs_y = -1},
    {.bitmap_index = 44932, .adv_w = 192, .box_w = 13, .box_h = 12, .ofs_x = 0, .ofs_y = -2},
    {.bitmap_index = 45010, .adv_w = 192, .box_w = 12, .box_h = 13, .ofs_x = 0, .ofs_y = -2},
    {.bitmap_index = 45088, .adv_w = 192, .box_w = 12, .box_h = 12, .ofs_x = 0, .ofs_y = -2},
    {.bitmap_index = 45160, .adv_w = 192, .box_w = 12, .box_h = 11, .ofs_x = 0, .ofs_y = -1},
    {.bitmap_index = 45226, .adv_w = 192, .box_w = 12, .box_h = 12, .ofs_x = 0, .ofs_y = -2},
    {.bitmap_index = 45298, .adv_w = 192, .box_w = 12, .box_h = 13, .ofs_x = 0, .ofs_y = -2},
    {.bitmap_index = 45376, .adv_w = 192, .box_w = 12, .box_h = 12, .ofs_x = 0, .ofs_y = -2},
    {.bitmap_index = 45448, .adv_w = 192, .box_w = 12, .box_h = 13, .ofs_x = 0, .ofs_y = -2},
    {.bitmap_index = 45526, .adv_w = 192, .box_w = 12, .box_h = 12, .ofs_x = 0, .ofs_y = -2},
    {.bitmap_index = 45598, .adv_w = 192, .box_w = 12, .box_h = 12, .ofs_x = 0, .ofs_y = -2},
    {.bitmap_index = 45670, .adv_w = 192, .box_w = 12, .box_h = 13, .ofs_x = 0, .ofs_y = -2},
    {.bitmap_index = 45748, .adv_w = 192, .box_w = 12, .box_h = 12, .ofs_x = 0, .ofs_y = -1},
    {.bitmap_index = 45820, .adv_w = 192, .box_w = 12, .box_h = 13, .ofs_x = 0, .ofs_y = -2},
    {.bitmap_index = 45898, .adv_w = 192, .box_w = 12, .box_h = 12, .ofs_x = 0, .ofs_y = -2},
    {.bitmap_index = 45970, .adv_w = 192, .box_w = 12, .box_h = 12, .ofs_x = 0, .ofs_y = -1},
    {.bitmap_index = 46042, .adv_w = 192, .box_w = 11, .box_h = 11, .ofs_x = 0, .ofs_y = -1},
    {.bitmap_index = 46103, .adv_w = 192, .box_w = 11, .box_h = 11, .ofs_x = 0, .ofs_y = -1},
    {.bitmap_index = 46164, .adv_w = 192, .box_w = 12, .box_h = 11, .ofs_x = 0, .ofs_y = -1},
    {.bitmap_index = 46230, .adv_w = 192, .box_w = 12, .box_h = 11, .ofs_x = 0, .ofs_y = -1},
    {.bitmap_index = 46296, .adv_w = 192, .box_w = 12, .box_h = 13, .ofs_x = 0, .ofs_y = -2},
    {.bitmap_index = 46374, .adv_w = 192, .box_w = 11, .box_h = 11, .ofs_x = 0, .ofs_y = -1},
    {.bitmap_index = 46435, .adv_w = 192, .box_w = 12, .box_h = 12, .ofs_x = 0, .ofs_y = -2},
    {.bitmap_index = 46507, .adv_w = 192, .box_w = 12, .box_h = 11, .ofs_x = 0, .ofs_y = -1},
    {.bitmap_index = 46573, .adv_w = 192, .box_w = 12, .box_h = 13, .ofs_x = 0, .ofs_y = -2},
    {.bitmap_index = 46651, .adv_w = 192, .box_w = 12, .box_h = 12, .ofs_x = 0, .ofs_y = -1},
    {.bitmap_index = 46723, .adv_w = 192, .box_w = 12, .box_h = 12, .ofs_x = 0, .ofs_y = -1},
    {.bitmap_index = 46795, .adv_w = 192, .box_w = 12, .box_h = 11, .ofs_x = 0, .ofs_y = -1},
    {.bitmap_index = 46861, .adv_w = 192, .box_w = 12, .box_h = 11, .ofs_x = 0, .ofs_y = -1},
    {.bitmap_index = 46927, .adv_w = 192, .box_w = 11, .box_h = 12, .ofs_x = 0, .ofs_y = -2},
    {.bitmap_index = 46993, .adv_w = 192, .box_w = 12, .box_h = 12, .ofs_x = 0, .ofs_y = -2},
    {.bitmap_index = 47065, .adv_w = 192, .box_w = 12, .box_h = 13, .ofs_x = 0, .ofs_y = -2},
    {.bitmap_index = 47143, .adv_w = 192, .box_w = 12, .box_h = 12, .ofs_x = 0, .ofs_y = -1},
    {.bitmap_index = 47215, .adv_w = 192, .box_w = 12, .box_h = 11, .ofs_x = 0, .ofs_y = -1},
    {.bitmap_index = 47281, .adv_w = 192, .box_w = 12, .box_h = 12, .ofs_x = 0, .ofs_y = -1},
    {.bitmap_index = 47353, .adv_w = 192, .box_w = 12, .box_h = 13, .ofs_x = 0, .ofs_y = -2},
    {.bitmap_index = 47431, .adv_w = 192, .box_w = 12, .box_h = 12, .ofs_x = 0, .ofs_y = -2},
    {.bitmap_index = 47503, .adv_w = 192, .box_w = 12, .box_h = 12, .ofs_x = 0, .ofs_y = -2},
    {.bitmap_index = 47575, .adv_w = 192, .box_w = 12, .box_h = 12, .ofs_x = 0, .ofs_y = -1},
    {.bitmap_index = 47647, .adv_w = 192, .box_w = 12, .box_h = 12, .ofs_x = 0, .ofs_y = -1},
    {.bitmap_index = 47719, .adv_w = 192, .box_w = 12, .box_h = 11, .ofs_x = 0, .ofs_y = -1},
    {.bitmap_index = 47785, .adv_w = 192, .box_w = 12, .box_h = 12, .ofs_x = 0, .ofs_y = -1},
    {.bitmap_index = 47857, .adv_w = 192, .box_w = 12, .box_h = 13, .ofs_x = 0, .ofs_y = -2},
    {.bitmap_index = 47935, .adv_w = 192, .box_w = 12, .box_h = 11, .ofs_x = 0, .ofs_y = -1},
    {.bitmap_index = 48001, .adv_w = 192, .box_w = 12, .box_h = 12, .ofs_x = 0, .ofs_y = -1},
    {.bitmap_index = 48073, .adv_w = 192, .box_w = 12, .box_h = 13, .ofs_x = 0, .ofs_y = -2},
    {.bitmap_index = 48151, .adv_w = 192, .box_w = 12, .box_h = 12, .ofs_x = 0, .ofs_y = -1},
    {.bitmap_index = 48223, .adv_w = 192, .box_w = 12, .box_h = 11, .ofs_x = 0, .ofs_y = -1},
    {.bitmap_index = 48289, .adv_w = 192, .box_w = 12, .box_h = 13, .ofs_x = 0, .ofs_y = -2},
    {.bitmap_index = 48367, .adv_w = 192, .box_w = 12, .box_h = 13, .ofs_x = 0, .ofs_y = -2},
    {.bitmap_index = 48445, .adv_w = 192, .box_w = 12, .box_h = 12, .ofs_x = 0, .ofs_y = -2},
    {.bitmap_index = 48517, .adv_w = 192, .box_w = 12, .box_h = 12, .ofs_x = 0, .ofs_y = -2},
    {.bitmap_index = 48589, .adv_w = 192, .box_w = 12, .box_h = 12, .ofs_x = 0, .ofs_y = -1},
    {.bitmap_index = 48661, .adv_w = 192, .box_w = 12, .box_h = 13, .ofs_x = 0, .ofs_y = -2},
    {.bitmap_index = 48739, .adv_w = 192, .box_w = 12, .box_h = 11, .ofs_x = 0, .ofs_y = -1},
    {.bitmap_index = 48805, .adv_w = 192, .box_w = 12, .box_h = 12, .ofs_x = 0, .ofs_y = -2},
    {.bitmap_index = 48877, .adv_w = 192, .box_w = 12, .box_h = 12, .ofs_x = 0, .ofs_y = -1},
    {.bitmap_index = 48949, .adv_w = 192, .box_w = 12, .box_h = 12, .ofs_x = 0, .ofs_y = -2},
    {.bitmap_index = 49021, .adv_w = 192, .box_w = 12, .box_h = 11, .ofs_x = 0, .ofs_y = -1},
    {.bitmap_index = 49087, .adv_w = 192, .box_w = 12, .box_h = 11, .ofs_x = 0, .ofs_y = -1},
    {.bitmap_index = 49153, .adv_w = 192, .box_w = 12, .box_h = 12, .ofs_x = 0, .ofs_y = -2},
    {.bitmap_index = 49225, .adv_w = 192, .box_w = 12, .box_h = 11, .ofs_x = 0, .ofs_y = -1},
    {.bitmap_index = 49291, .adv_w = 192, .box_w = 12, .box_h = 12, .ofs_x = 0, .ofs_y = -2},
    {.bitmap_index = 49363, .adv_w = 192, .box_w = 12, .box_h = 13, .ofs_x = 0, .ofs_y = -2},
    {.bitmap_index = 49441, .adv_w = 192, .box_w = 12, .box_h = 12, .ofs_x = 0, .ofs_y = -2},
    {.bitmap_index = 49513, .adv_w = 192, .box_w = 12, .box_h = 11, .ofs_x = 0, .ofs_y = -1},
    {.bitmap_index = 49579, .adv_w = 192, .box_w = 12, .box_h = 12, .ofs_x = 0, .ofs_y = -2},
    {.bitmap_index = 49651, .adv_w = 192, .box_w = 12, .box_h = 13, .ofs_x = 0, .ofs_y = -2},
    {.bitmap_index = 49729, .adv_w = 192, .box_w = 12, .box_h = 12, .ofs_x = 0, .ofs_y = -2},
    {.bitmap_index = 49801, .adv_w = 192, .box_w = 12, .box_h = 13, .ofs_x = 0, .ofs_y = -2},
    {.bitmap_index = 49879, .adv_w = 192, .box_w = 12, .box_h = 13, .ofs_x = 0, .ofs_y = -2},
    {.bitmap_index = 49957, .adv_w = 192, .box_w = 12, .box_h = 12, .ofs_x = 0, .ofs_y = -2},
    {.bitmap_index = 50029, .adv_w = 192, .box_w = 12, .box_h = 12, .ofs_x = 0, .ofs_y = -2},
    {.bitmap_index = 50101, .adv_w = 192, .box_w = 12, .box_h = 11, .ofs_x = 0, .ofs_y = -1},
    {.bitmap_index = 50167, .adv_w = 192, .box_w = 12, .box_h = 12, .ofs_x = 0, .ofs_y = -1},
    {.bitmap_index = 50239, .adv_w = 192, .box_w = 12, .box_h = 12, .ofs_x = 0, .ofs_y = -2},
    {.bitmap_index = 50311, .adv_w = 192, .box_w = 12, .box_h = 11, .ofs_x = 0, .ofs_y = -1},
    {.bitmap_index = 50377, .adv_w = 192, .box_w = 12, .box_h = 13, .ofs_x = 0, .ofs_y = -2},
    {.bitmap_index = 50455, .adv_w = 192, .box_w = 12, .box_h = 13, .ofs_x = 0, .ofs_y = -2},
    {.bitmap_index = 50533, .adv_w = 192, .box_w = 12, .box_h = 12, .ofs_x = 0, .ofs_y = -1},
    {.bitmap_index = 50605, .adv_w = 192, .box_w = 12, .box_h = 13, .ofs_x = 0, .ofs_y = -2},
    {.bitmap_index = 50683, .adv_w = 192, .box_w = 12, .box_h = 13, .ofs_x = 0, .ofs_y = -2},
    {.bitmap_index = 50761, .adv_w = 192, .box_w = 12, .box_h = 13, .ofs_x = 0, .ofs_y = -2},
    {.bitmap_index = 50839, .adv_w = 192, .box_w = 12, .box_h = 12, .ofs_x = 0, .ofs_y = -1},
    {.bitmap_index = 50911, .adv_w = 192, .box_w = 12, .box_h = 11, .ofs_x = 0, .ofs_y = -1},
    {.bitmap_index = 50977, .adv_w = 192, .box_w = 12, .box_h = 12, .ofs_x = 0, .ofs_y = -1},
    {.bitmap_index = 51049, .adv_w = 192, .box_w = 12, .box_h = 12, .ofs_x = 0, .ofs_y = -1},
    {.bitmap_index = 51121, .adv_w = 192, .box_w = 12, .box_h = 12, .ofs_x = 0, .ofs_y = -1},
    {.bitmap_index = 51193, .adv_w = 192, .box_w = 12, .box_h = 13, .ofs_x = 0, .ofs_y = -2},
    {.bitmap_index = 51271, .adv_w = 192, .box_w = 12, .box_h = 11, .ofs_x = 0, .ofs_y = -1},
    {.bitmap_index = 51337, .adv_w = 192, .box_w = 12, .box_h = 12, .ofs_x = 0, .ofs_y = -1},
    {.bitmap_index = 51409, .adv_w = 192, .box_w = 12, .box_h = 13, .ofs_x = 0, .ofs_y = -2},
    {.bitmap_index = 51487, .adv_w = 192, .box_w = 12, .box_h = 12, .ofs_x = 0, .ofs_y = -2},
    {.bitmap_index = 51559, .adv_w = 192, .box_w = 12, .box_h = 12, .ofs_x = 0, .ofs_y = -2},
    {.bitmap_index = 51631, .adv_w = 192, .box_w = 12, .box_h = 13, .ofs_x = 0, .ofs_y = -2},
    {.bitmap_index = 51709, .adv_w = 192, .box_w = 12, .box_h = 13, .ofs_x = 0, .ofs_y = -2},
    {.bitmap_index = 51787, .adv_w = 192, .box_w = 12, .box_h = 12, .ofs_x = 0, .ofs_y = -2},
    {.bitmap_index = 51859, .adv_w = 192, .box_w = 12, .box_h = 11, .ofs_x = 0, .ofs_y = -1},
    {.bitmap_index = 51925, .adv_w = 192, .box_w = 12, .box_h = 11, .ofs_x = 0, .ofs_y = -1},
    {.bitmap_index = 51991, .adv_w = 192, .box_w = 12, .box_h = 12, .ofs_x = 0, .ofs_y = -1},
    {.bitmap_index = 52063, .adv_w = 192, .box_w = 12, .box_h = 12, .ofs_x = 0, .ofs_y = -1},
    {.bitmap_index = 52135, .adv_w = 192, .box_w = 12, .box_h = 11, .ofs_x = 0, .ofs_y = -1},
    {.bitmap_index = 52201, .adv_w = 192, .box_w = 12, .box_h = 12, .ofs_x = 0, .ofs_y = -1},
    {.bitmap_index = 52273, .adv_w = 192, .box_w = 11, .box_h = 13, .ofs_x = 1, .ofs_y = -2},
    {.bitmap_index = 52345, .adv_w = 192, .box_w = 12, .box_h = 12, .ofs_x = 0, .ofs_y = -1},
    {.bitmap_index = 52417, .adv_w = 192, .box_w = 12, .box_h = 13, .ofs_x = 0, .ofs_y = -2},
    {.bitmap_index = 52495, .adv_w = 192, .box_w = 12, .box_h = 13, .ofs_x = 0, .ofs_y = -2},
    {.bitmap_index = 52573, .adv_w = 192, .box_w = 12, .box_h = 12, .ofs_x = 0, .ofs_y = -2},
    {.bitmap_index = 52645, .adv_w = 192, .box_w = 12, .box_h = 12, .ofs_x = 0, .ofs_y = -2},
    {.bitmap_index = 52717, .adv_w = 192, .box_w = 12, .box_h = 13, .ofs_x = 0, .ofs_y = -2},
    {.bitmap_index = 52795, .adv_w = 192, .box_w = 12, .box_h = 12, .ofs_x = 0, .ofs_y = -2},
    {.bitmap_index = 52867, .adv_w = 192, .box_w = 8, .box_h = 11, .ofs_x = 2, .ofs_y = -1},
    {.bitmap_index = 52911, .adv_w = 192, .box_w = 10, .box_h = 11, .ofs_x = 1, .ofs_y = -1},
    {.bitmap_index = 52966, .adv_w = 192, .box_w = 12, .box_h = 11, .ofs_x = 0, .ofs_y = -1},
    {.bitmap_index = 53032, .adv_w = 192, .box_w = 11, .box_h = 11, .ofs_x = 1, .ofs_y = -1},
    {.bitmap_index = 53093, .adv_w = 192, .box_w = 11, .box_h = 12, .ofs_x = 1, .ofs_y = -2},
    {.bitmap_index = 53159, .adv_w = 192, .box_w = 10, .box_h = 12, .ofs_x = 1, .ofs_y = -2},
    {.bitmap_index = 53219, .adv_w = 192, .box_w = 11, .box_h = 12, .ofs_x = 1, .ofs_y = -1},
    {.bitmap_index = 53285, .adv_w = 192, .box_w = 11, .box_h = 12, .ofs_x = 0, .ofs_y = -2},
    {.bitmap_index = 53351, .adv_w = 192, .box_w = 12, .box_h = 11, .ofs_x = 0, .ofs_y = -1},
    {.bitmap_index = 53417, .adv_w = 192, .box_w = 11, .box_h = 11, .ofs_x = 1, .ofs_y = -1},
    {.bitmap_index = 53478, .adv_w = 192, .box_w = 12, .box_h = 12, .ofs_x = 0, .ofs_y = -1},
    {.bitmap_index = 53550, .adv_w = 192, .box_w = 11, .box_h = 11, .ofs_x = 1, .ofs_y = -1},
    {.bitmap_index = 53611, .adv_w = 192, .box_w = 12, .box_h = 12, .ofs_x = 0, .ofs_y = -2},
    {.bitmap_index = 53683, .adv_w = 192, .box_w = 12, .box_h = 11, .ofs_x = 0, .ofs_y = -1},
    {.bitmap_index = 53749, .adv_w = 192, .box_w = 12, .box_h = 12, .ofs_x = 0, .ofs_y = -2},
    {.bitmap_index = 53821, .adv_w = 192, .box_w = 11, .box_h = 11, .ofs_x = 1, .ofs_y = -1},
    {.bitmap_index = 53882, .adv_w = 192, .box_w = 11, .box_h = 11, .ofs_x = 1, .ofs_y = -1},
    {.bitmap_index = 53943, .adv_w = 192, .box_w = 11, .box_h = 13, .ofs_x = 1, .ofs_y = -2},
    {.bitmap_index = 54015, .adv_w = 192, .box_w = 12, .box_h = 12, .ofs_x = 0, .ofs_y = -2},
    {.bitmap_index = 54087, .adv_w = 192, .box_w = 12, .box_h = 12, .ofs_x = 0, .ofs_y = -1},
    {.bitmap_index = 54159, .adv_w = 192, .box_w = 12, .box_h = 11, .ofs_x = 0, .ofs_y = -1},
    {.bitmap_index = 54225, .adv_w = 192, .box_w = 11, .box_h = 11, .ofs_x = 1, .ofs_y = -1},
    {.bitmap_index = 54286, .adv_w = 192, .box_w = 11, .box_h = 11, .ofs_x = 1, .ofs_y = -1},
    {.bitmap_index = 54347, .adv_w = 192, .box_w = 11, .box_h = 11, .ofs_x = 0, .ofs_y = -1},
    {.bitmap_index = 54408, .adv_w = 192, .box_w = 11, .box_h = 11, .ofs_x = 1, .ofs_y = -1},
    {.bitmap_index = 54469, .adv_w = 192, .box_w = 12, .box_h = 12, .ofs_x = 0, .ofs_y = -1},
    {.bitmap_index = 54541, .adv_w = 192, .box_w = 11, .box_h = 12, .ofs_x = 1, .ofs_y = -1},
    {.bitmap_index = 54607, .adv_w = 192, .box_w = 11, .box_h = 13, .ofs_x = 1, .ofs_y = -2},
    {.bitmap_index = 54679, .adv_w = 192, .box_w = 11, .box_h = 12, .ofs_x = 1, .ofs_y = -1},
    {.bitmap_index = 54745, .adv_w = 192, .box_w = 12, .box_h = 11, .ofs_x = 0, .ofs_y = -1},
    {.bitmap_index = 54811, .adv_w = 192, .box_w = 12, .box_h = 11, .ofs_x = 0, .ofs_y = -1},
    {.bitmap_index = 54877, .adv_w = 192, .box_w = 10, .box_h = 11, .ofs_x = 1, .ofs_y = -1},
    {.bitmap_index = 54932, .adv_w = 192, .box_w = 12, .box_h = 12, .ofs_x = 0, .ofs_y = -2},
    {.bitmap_index = 55004, .adv_w = 192, .box_w = 10, .box_h = 12, .ofs_x = 1, .ofs_y = -1},
    {.bitmap_index = 55064, .adv_w = 192, .box_w = 12, .box_h = 11, .ofs_x = 0, .ofs_y = -1},
    {.bitmap_index = 55130, .adv_w = 192, .box_w = 12, .box_h = 11, .ofs_x = 0, .ofs_y = -1},
    {.bitmap_index = 55196, .adv_w = 192, .box_w = 10, .box_h = 12, .ofs_x = 0, .ofs_y = -2},
    {.bitmap_index = 55256, .adv_w = 192, .box_w = 12, .box_h = 12, .ofs_x = 0, .ofs_y = -1},
    {.bitmap_index = 55328, .adv_w = 192, .box_w = 11, .box_h = 12, .ofs_x = 0, .ofs_y = -2},
    {.bitmap_index = 55394, .adv_w = 192, .box_w = 12, .box_h = 12, .ofs_x = 0, .ofs_y = -2},
    {.bitmap_index = 55466, .adv_w = 192, .box_w = 12, .box_h = 12, .ofs_x = 0, .ofs_y = -1},
    {.bitmap_index = 55538, .adv_w = 192, .box_w = 11, .box_h = 12, .ofs_x = 0, .ofs_y = -2},
    {.bitmap_index = 55604, .adv_w = 192, .box_w = 12, .box_h = 12, .ofs_x = 0, .ofs_y = -2},
    {.bitmap_index = 55676, .adv_w = 192, .box_w = 12, .box_h = 11, .ofs_x = 0, .ofs_y = -1},
    {.bitmap_index = 55742, .adv_w = 192, .box_w = 12, .box_h = 11, .ofs_x = 0, .ofs_y = -1},
    {.bitmap_index = 55808, .adv_w = 192, .box_w = 12, .box_h = 11, .ofs_x = 0, .ofs_y = -1},
    {.bitmap_index = 55874, .adv_w = 192, .box_w = 12, .box_h = 11, .ofs_x = 0, .ofs_y = -1},
    {.bitmap_index = 55940, .adv_w = 192, .box_w = 12, .box_h = 11, .ofs_x = 0, .ofs_y = -1},
    {.bitmap_index = 56006, .adv_w = 192, .box_w = 12, .box_h = 11, .ofs_x = 0, .ofs_y = -1},
    {.bitmap_index = 56072, .adv_w = 192, .box_w = 12, .box_h = 12, .ofs_x = 0, .ofs_y = -2},
    {.bitmap_index = 56144, .adv_w = 192, .box_w = 12, .box_h = 11, .ofs_x = 0, .ofs_y = -1},
    {.bitmap_index = 56210, .adv_w = 192, .box_w = 12, .box_h = 13, .ofs_x = 0, .ofs_y = -2},
    {.bitmap_index = 56288, .adv_w = 192, .box_w = 12, .box_h = 11, .ofs_x = 0, .ofs_y = -1},
    {.bitmap_index = 56354, .adv_w = 192, .box_w = 12, .box_h = 12, .ofs_x = 0, .ofs_y = -1},
    {.bitmap_index = 56426, .adv_w = 192, .box_w = 12, .box_h = 11, .ofs_x = 0, .ofs_y = -1},
    {.bitmap_index = 56492, .adv_w = 192, .box_w = 12, .box_h = 11, .ofs_x = 0, .ofs_y = -1},
    {.bitmap_index = 56558, .adv_w = 192, .box_w = 12, .box_h = 11, .ofs_x = 0, .ofs_y = -1},
    {.bitmap_index = 56624, .adv_w = 192, .box_w = 12, .box_h = 12, .ofs_x = 0, .ofs_y = -2},
    {.bitmap_index = 56696, .adv_w = 192, .box_w = 12, .box_h = 11, .ofs_x = 0, .ofs_y = -1},
    {.bitmap_index = 56762, .adv_w = 192, .box_w = 12, .box_h = 11, .ofs_x = 0, .ofs_y = -1},
    {.bitmap_index = 56828, .adv_w = 192, .box_w = 12, .box_h = 11, .ofs_x = 0, .ofs_y = -1},
    {.bitmap_index = 56894, .adv_w = 192, .box_w = 12, .box_h = 11, .ofs_x = 0, .ofs_y = -1},
    {.bitmap_index = 56960, .adv_w = 192, .box_w = 13, .box_h = 12, .ofs_x = 0, .ofs_y = -2},
    {.bitmap_index = 57038, .adv_w = 192, .box_w = 12, .box_h = 12, .ofs_x = 0, .ofs_y = -1},
    {.bitmap_index = 57110, .adv_w = 192, .box_w = 12, .box_h = 11, .ofs_x = 0, .ofs_y = -1},
    {.bitmap_index = 57176, .adv_w = 192, .box_w = 12, .box_h = 11, .ofs_x = 0, .ofs_y = -1},
    {.bitmap_index = 57242, .adv_w = 192, .box_w = 12, .box_h = 12, .ofs_x = 0, .ofs_y = -2},
    {.bitmap_index = 57314, .adv_w = 192, .box_w = 12, .box_h = 12, .ofs_x = 0, .ofs_y = -1},
    {.bitmap_index = 57386, .adv_w = 192, .box_w = 12, .box_h = 11, .ofs_x = 0, .ofs_y = -1},
    {.bitmap_index = 57452, .adv_w = 192, .box_w = 12, .box_h = 11, .ofs_x = 0, .ofs_y = -1},
    {.bitmap_index = 57518, .adv_w = 192, .box_w = 12, .box_h = 11, .ofs_x = 0, .ofs_y = -1},
    {.bitmap_index = 57584, .adv_w = 192, .box_w = 12, .box_h = 11, .ofs_x = 0, .ofs_y = -1},
    {.bitmap_index = 57650, .adv_w = 192, .box_w = 12, .box_h = 11, .ofs_x = 0, .ofs_y = -1},
    {.bitmap_index = 57716, .adv_w = 192, .box_w = 12, .box_h = 13, .ofs_x = 0, .ofs_y = -2},
    {.bitmap_index = 57794, .adv_w = 192, .box_w = 12, .box_h = 11, .ofs_x = 0, .ofs_y = -1},
    {.bitmap_index = 57860, .adv_w = 192, .box_w = 12, .box_h = 12, .ofs_x = 0, .ofs_y = -1},
    {.bitmap_index = 57932, .adv_w = 192, .box_w = 12, .box_h = 13, .ofs_x = 0, .ofs_y = -2},
    {.bitmap_index = 58010, .adv_w = 192, .box_w = 12, .box_h = 12, .ofs_x = 0, .ofs_y = -2},
    {.bitmap_index = 58082, .adv_w = 192, .box_w = 12, .box_h = 13, .ofs_x = 0, .ofs_y = -2},
    {.bitmap_index = 58160, .adv_w = 192, .box_w = 12, .box_h = 12, .ofs_x = 0, .ofs_y = -2},
    {.bitmap_index = 58232, .adv_w = 192, .box_w = 12, .box_h = 11, .ofs_x = 0, .ofs_y = -1},
    {.bitmap_index = 58298, .adv_w = 192, .box_w = 12, .box_h = 11, .ofs_x = 0, .ofs_y = -1},
    {.bitmap_index = 58364, .adv_w = 192, .box_w = 12, .box_h = 11, .ofs_x = 0, .ofs_y = -1},
    {.bitmap_index = 58430, .adv_w = 192, .box_w = 12, .box_h = 12, .ofs_x = 0, .ofs_y = -2},
    {.bitmap_index = 58502, .adv_w = 192, .box_w = 12, .box_h = 12, .ofs_x = 0, .ofs_y = -1},
    {.bitmap_index = 58574, .adv_w = 192, .box_w = 12, .box_h = 12, .ofs_x = 0, .ofs_y = -2},
    {.bitmap_index = 58646, .adv_w = 192, .box_w = 12, .box_h = 12, .ofs_x = 0, .ofs_y = -1},
    {.bitmap_index = 58718, .adv_w = 192, .box_w = 12, .box_h = 12, .ofs_x = 0, .ofs_y = -2},
    {.bitmap_index = 58790, .adv_w = 192, .box_w = 12, .box_h = 11, .ofs_x = 0, .ofs_y = -1},
    {.bitmap_index = 58856, .adv_w = 192, .box_w = 12, .box_h = 11, .ofs_x = 0, .ofs_y = -1},
    {.bitmap_index = 58922, .adv_w = 192, .box_w = 12, .box_h = 11, .ofs_x = 0, .ofs_y = -1},
    {.bitmap_index = 58988, .adv_w = 192, .box_w = 12, .box_h = 12, .ofs_x = 0, .ofs_y = -1},
    {.bitmap_index = 59060, .adv_w = 192, .box_w = 12, .box_h = 12, .ofs_x = 0, .ofs_y = -2},
    {.bitmap_index = 59132, .adv_w = 192, .box_w = 12, .box_h = 12, .ofs_x = 0, .ofs_y = -2},
    {.bitmap_index = 59204, .adv_w = 192, .box_w = 12, .box_h = 11, .ofs_x = 0, .ofs_y = -1},
    {.bitmap_index = 59270, .adv_w = 192, .box_w = 12, .box_h = 12, .ofs_x = 0, .ofs_y = -2},
    {.bitmap_index = 59342, .adv_w = 192, .box_w = 12, .box_h = 13, .ofs_x = 0, .ofs_y = -2},
    {.bitmap_index = 59420, .adv_w = 192, .box_w = 12, .box_h = 12, .ofs_x = 0, .ofs_y = -1},
    {.bitmap_index = 59492, .adv_w = 192, .box_w = 12, .box_h = 12, .ofs_x = 0, .ofs_y = -1},
    {.bitmap_index = 59564, .adv_w = 192, .box_w = 12, .box_h = 11, .ofs_x = 0, .ofs_y = -1},
    {.bitmap_index = 59630, .adv_w = 192, .box_w = 12, .box_h = 12, .ofs_x = 0, .ofs_y = -2},
    {.bitmap_index = 59702, .adv_w = 192, .box_w = 12, .box_h = 12, .ofs_x = 0, .ofs_y = -1},
    {.bitmap_index = 59774, .adv_w = 192, .box_w = 12, .box_h = 12, .ofs_x = 0, .ofs_y = -1},
    {.bitmap_index = 59846, .adv_w = 192, .box_w = 12, .box_h = 13, .ofs_x = 0, .ofs_y = -2},
    {.bitmap_index = 59924, .adv_w = 192, .box_w = 12, .box_h = 13, .ofs_x = 0, .ofs_y = -2},
    {.bitmap_index = 60002, .adv_w = 192, .box_w = 12, .box_h = 12, .ofs_x = 0, .ofs_y = -2},
    {.bitmap_index = 60074, .adv_w = 192, .box_w = 12, .box_h = 13, .ofs_x = 0, .ofs_y = -2},
    {.bitmap_index = 60152, .adv_w = 192, .box_w = 12, .box_h = 13, .ofs_x = 0, .ofs_y = -2},
    {.bitmap_index = 60230, .adv_w = 192, .box_w = 12, .box_h = 13, .ofs_x = 0, .ofs_y = -2},
    {.bitmap_index = 60308, .adv_w = 192, .box_w = 12, .box_h = 13, .ofs_x = 0, .ofs_y = -2},
    {.bitmap_index = 60386, .adv_w = 192, .box_w = 12, .box_h = 12, .ofs_x = 0, .ofs_y = -2},
    {.bitmap_index = 60458, .adv_w = 192, .box_w = 12, .box_h = 13, .ofs_x = 0, .ofs_y = -2},
    {.bitmap_index = 60536, .adv_w = 192, .box_w = 12, .box_h = 11, .ofs_x = 0, .ofs_y = -1},
    {.bitmap_index = 60602, .adv_w = 192, .box_w = 12, .box_h = 10, .ofs_x = 0, .ofs_y = -1},
    {.bitmap_index = 60662, .adv_w = 192, .box_w = 12, .box_h = 11, .ofs_x = 0, .ofs_y = -1},
    {.bitmap_index = 60728, .adv_w = 192, .box_w = 12, .box_h = 12, .ofs_x = 0, .ofs_y = -2},
    {.bitmap_index = 60800, .adv_w = 192, .box_w = 12, .box_h = 11, .ofs_x = 0, .ofs_y = -1},
    {.bitmap_index = 60866, .adv_w = 192, .box_w = 12, .box_h = 11, .ofs_x = 0, .ofs_y = -1},
    {.bitmap_index = 60932, .adv_w = 192, .box_w = 12, .box_h = 12, .ofs_x = 0, .ofs_y = -2},
    {.bitmap_index = 61004, .adv_w = 192, .box_w = 12, .box_h = 13, .ofs_x = 0, .ofs_y = -2},
    {.bitmap_index = 61082, .adv_w = 192, .box_w = 12, .box_h = 12, .ofs_x = 0, .ofs_y = -1},
    {.bitmap_index = 61154, .adv_w = 192, .box_w = 12, .box_h = 13, .ofs_x = 0, .ofs_y = -2},
    {.bitmap_index = 61232, .adv_w = 192, .box_w = 11, .box_h = 13, .ofs_x = 1, .ofs_y = -2},
    {.bitmap_index = 61304, .adv_w = 192, .box_w = 12, .box_h = 12, .ofs_x = 0, .ofs_y = -1},
    {.bitmap_index = 61376, .adv_w = 192, .box_w = 12, .box_h = 11, .ofs_x = 0, .ofs_y = -1},
    {.bitmap_index = 61442, .adv_w = 192, .box_w = 12, .box_h = 12, .ofs_x = 0, .ofs_y = -1},
    {.bitmap_index = 61514, .adv_w = 192, .box_w = 12, .box_h = 12, .ofs_x = 0, .ofs_y = -1},
    {.bitmap_index = 61586, .adv_w = 192, .box_w = 12, .box_h = 12, .ofs_x = 0, .ofs_y = -1},
    {.bitmap_index = 61658, .adv_w = 192, .box_w = 12, .box_h = 12, .ofs_x = 0, .ofs_y = -2},
    {.bitmap_index = 61730, .adv_w = 192, .box_w = 12, .box_h = 12, .ofs_x = 0, .ofs_y = -2},
    {.bitmap_index = 61802, .adv_w = 192, .box_w = 12, .box_h = 12, .ofs_x = 0, .ofs_y = -1},
    {.bitmap_index = 61874, .adv_w = 192, .box_w = 12, .box_h = 12, .ofs_x = 0, .ofs_y = -2},
    {.bitmap_index = 61946, .adv_w = 192, .box_w = 12, .box_h = 12, .ofs_x = 0, .ofs_y = -1},
    {.bitmap_index = 62018, .adv_w = 192, .box_w = 12, .box_h = 11, .ofs_x = 0, .ofs_y = -1},
    {.bitmap_index = 62084, .adv_w = 192, .box_w = 12, .box_h = 13, .ofs_x = 0, .ofs_y = -2},
    {.bitmap_index = 62162, .adv_w = 192, .box_w = 12, .box_h = 13, .ofs_x = 0, .ofs_y = -2},
    {.bitmap_index = 62240, .adv_w = 192, .box_w = 12, .box_h = 11, .ofs_x = 0, .ofs_y = -1},
    {.bitmap_index = 62306, .adv_w = 192, .box_w = 12, .box_h = 13, .ofs_x = 0, .ofs_y = -2},
    {.bitmap_index = 62384, .adv_w = 192, .box_w = 12, .box_h = 12, .ofs_x = 0, .ofs_y = -2},
    {.bitmap_index = 62456, .adv_w = 192, .box_w = 12, .box_h = 12, .ofs_x = 0, .ofs_y = -2},
    {.bitmap_index = 62528, .adv_w = 192, .box_w = 12, .box_h = 12, .ofs_x = 0, .ofs_y = -1},
    {.bitmap_index = 62600, .adv_w = 192, .box_w = 12, .box_h = 12, .ofs_x = 0, .ofs_y = -1},
    {.bitmap_index = 62672, .adv_w = 192, .box_w = 11, .box_h = 11, .ofs_x = 0, .ofs_y = -1},
    {.bitmap_index = 62733, .adv_w = 192, .box_w = 11, .box_h = 12, .ofs_x = 0, .ofs_y = -1},
    {.bitmap_index = 62799, .adv_w = 192, .box_w = 12, .box_h = 12, .ofs_x = 0, .ofs_y = -1},
    {.bitmap_index = 62871, .adv_w = 192, .box_w = 11, .box_h = 12, .ofs_x = 0, .ofs_y = -1},
    {.bitmap_index = 62937, .adv_w = 192, .box_w = 12, .box_h = 11, .ofs_x = 0, .ofs_y = -1},
    {.bitmap_index = 63003, .adv_w = 192, .box_w = 12, .box_h = 12, .ofs_x = 0, .ofs_y = -1},
    {.bitmap_index = 63075, .adv_w = 192, .box_w = 12, .box_h = 12, .ofs_x = 0, .ofs_y = -2},
    {.bitmap_index = 63147, .adv_w = 192, .box_w = 12, .box_h = 13, .ofs_x = 0, .ofs_y = -2},
    {.bitmap_index = 63225, .adv_w = 192, .box_w = 12, .box_h = 13, .ofs_x = 0, .ofs_y = -2},
    {.bitmap_index = 63303, .adv_w = 192, .box_w = 12, .box_h = 12, .ofs_x = 0, .ofs_y = -1},
    {.bitmap_index = 63375, .adv_w = 192, .box_w = 12, .box_h = 12, .ofs_x = 0, .ofs_y = -2},
    {.bitmap_index = 63447, .adv_w = 192, .box_w = 12, .box_h = 12, .ofs_x = 0, .ofs_y = -1},
    {.bitmap_index = 63519, .adv_w = 192, .box_w = 12, .box_h = 13, .ofs_x = 0, .ofs_y = -2},
    {.bitmap_index = 63597, .adv_w = 192, .box_w = 12, .box_h = 13, .ofs_x = 0, .ofs_y = -2},
    {.bitmap_index = 63675, .adv_w = 192, .box_w = 12, .box_h = 12, .ofs_x = 0, .ofs_y = -2},
    {.bitmap_index = 63747, .adv_w = 192, .box_w = 12, .box_h = 13, .ofs_x = 0, .ofs_y = -2},
    {.bitmap_index = 63825, .adv_w = 192, .box_w = 12, .box_h = 12, .ofs_x = 0, .ofs_y = -1},
    {.bitmap_index = 63897, .adv_w = 192, .box_w = 12, .box_h = 13, .ofs_x = 0, .ofs_y = -2},
    {.bitmap_index = 63975, .adv_w = 192, .box_w = 12, .box_h = 11, .ofs_x = 0, .ofs_y = -1},
    {.bitmap_index = 64041, .adv_w = 192, .box_w = 12, .box_h = 13, .ofs_x = 0, .ofs_y = -2},
    {.bitmap_index = 64119, .adv_w = 192, .box_w = 12, .box_h = 11, .ofs_x = 0, .ofs_y = -1},
    {.bitmap_index = 64185, .adv_w = 192, .box_w = 12, .box_h = 11, .ofs_x = 0, .ofs_y = -1},
    {.bitmap_index = 64251, .adv_w = 192, .box_w = 12, .box_h = 12, .ofs_x = 0, .ofs_y = -2},
    {.bitmap_index = 64323, .adv_w = 192, .box_w = 12, .box_h = 12, .ofs_x = 0, .ofs_y = -2},
    {.bitmap_index = 64395, .adv_w = 192, .box_w = 12, .box_h = 12, .ofs_x = 0, .ofs_y = -1},
    {.bitmap_index = 64467, .adv_w = 192, .box_w = 12, .box_h = 13, .ofs_x = 0, .ofs_y = -2},
    {.bitmap_index = 64545, .adv_w = 192, .box_w = 12, .box_h = 12, .ofs_x = 0, .ofs_y = -1},
    {.bitmap_index = 64617, .adv_w = 192, .box_w = 12, .box_h = 11, .ofs_x = 0, .ofs_y = -1},
    {.bitmap_index = 64683, .adv_w = 192, .box_w = 12, .box_h = 12, .ofs_x = 0, .ofs_y = -1},
    {.bitmap_index = 64755, .adv_w = 192, .box_w = 12, .box_h = 13, .ofs_x = 0, .ofs_y = -2},
    {.bitmap_index = 64833, .adv_w = 192, .box_w = 12, .box_h = 11, .ofs_x = 0, .ofs_y = -1},
    {.bitmap_index = 64899, .adv_w = 192, .box_w = 11, .box_h = 13, .ofs_x = 0, .ofs_y = -2},
    {.bitmap_index = 64971, .adv_w = 192, .box_w = 12, .box_h = 11, .ofs_x = 0, .ofs_y = -1},
    {.bitmap_index = 65037, .adv_w = 192, .box_w = 11, .box_h = 13, .ofs_x = 0, .ofs_y = -2},
    {.bitmap_index = 65109, .adv_w = 192, .box_w = 12, .box_h = 12, .ofs_x = 0, .ofs_y = -1},
    {.bitmap_index = 65181, .adv_w = 192, .box_w = 12, .box_h = 13, .ofs_x = 0, .ofs_y = -2},
    {.bitmap_index = 65259, .adv_w = 192, .box_w = 12, .box_h = 11, .ofs_x = 0, .ofs_y = -1},
    {.bitmap_index = 65325, .adv_w = 192, .box_w = 12, .box_h = 12, .ofs_x = 0, .ofs_y = -1},
    {.bitmap_index = 65397, .adv_w = 192, .box_w = 12, .box_h = 13, .ofs_x = 0, .ofs_y = -2},
    {.bitmap_index = 65475, .adv_w = 192, .box_w = 12, .box_h = 12, .ofs_x = 0, .ofs_y = -1},
    {.bitmap_index = 65547, .adv_w = 192, .box_w = 12, .box_h = 13, .ofs_x = 0, .ofs_y = -2},
    {.bitmap_index = 65625, .adv_w = 192, .box_w = 12, .box_h = 12, .ofs_x = 0, .ofs_y = -1},
    {.bitmap_index = 65697, .adv_w = 192, .box_w = 12, .box_h = 11, .ofs_x = 0, .ofs_y = -1},
    {.bitmap_index = 65763, .adv_w = 192, .box_w = 12, .box_h = 12, .ofs_x = 0, .ofs_y = -2},
    {.bitmap_index = 65835, .adv_w = 192, .box_w = 12, .box_h = 12, .ofs_x = 0, .ofs_y = -1},
    {.bitmap_index = 65907, .adv_w = 192, .box_w = 12, .box_h = 12, .ofs_x = 0, .ofs_y = -1},
    {.bitmap_index = 65979, .adv_w = 192, .box_w = 12, .box_h = 12, .ofs_x = 0, .ofs_y = -1},
    {.bitmap_index = 66051, .adv_w = 192, .box_w = 12, .box_h = 12, .ofs_x = 0, .ofs_y = -1},
    {.bitmap_index = 66123, .adv_w = 192, .box_w = 12, .box_h = 13, .ofs_x = 0, .ofs_y = -2},
    {.bitmap_index = 66201, .adv_w = 192, .box_w = 12, .box_h = 12, .ofs_x = 0, .ofs_y = -1},
    {.bitmap_index = 66273, .adv_w = 192, .box_w = 11, .box_h = 12, .ofs_x = 0, .ofs_y = -2},
    {.bitmap_index = 66339, .adv_w = 192, .box_w = 12, .box_h = 13, .ofs_x = 0, .ofs_y = -2},
    {.bitmap_index = 66417, .adv_w = 192, .box_w = 12, .box_h = 13, .ofs_x = 0, .ofs_y = -2},
    {.bitmap_index = 66495, .adv_w = 192, .box_w = 12, .box_h = 12, .ofs_x = 0, .ofs_y = -1},
    {.bitmap_index = 66567, .adv_w = 192, .box_w = 12, .box_h = 13, .ofs_x = 0, .ofs_y = -2},
    {.bitmap_index = 66645, .adv_w = 192, .box_w = 12, .box_h = 12, .ofs_x = 0, .ofs_y = -1},
    {.bitmap_index = 66717, .adv_w = 192, .box_w = 12, .box_h = 11, .ofs_x = 0, .ofs_y = -1},
    {.bitmap_index = 66783, .adv_w = 192, .box_w = 12, .box_h = 11, .ofs_x = 0, .ofs_y = -1},
    {.bitmap_index = 66849, .adv_w = 192, .box_w = 12, .box_h = 12, .ofs_x = 0, .ofs_y = -2},
    {.bitmap_index = 66921, .adv_w = 192, .box_w = 12, .box_h = 12, .ofs_x = 0, .ofs_y = -1},
    {.bitmap_index = 66993, .adv_w = 192, .box_w = 12, .box_h = 12, .ofs_x = 0, .ofs_y = -2},
    {.bitmap_index = 67065, .adv_w = 192, .box_w = 12, .box_h = 11, .ofs_x = 0, .ofs_y = -1},
    {.bitmap_index = 67131, .adv_w = 192, .box_w = 12, .box_h = 12, .ofs_x = 0, .ofs_y = -2},
    {.bitmap_index = 67203, .adv_w = 192, .box_w = 11, .box_h = 13, .ofs_x = 0, .ofs_y = -2},
    {.bitmap_index = 67275, .adv_w = 192, .box_w = 12, .box_h = 13, .ofs_x = 0, .ofs_y = -2},
    {.bitmap_index = 67353, .adv_w = 192, .box_w = 12, .box_h = 12, .ofs_x = 0, .ofs_y = -2},
    {.bitmap_index = 67425, .adv_w = 192, .box_w = 12, .box_h = 13, .ofs_x = 0, .ofs_y = -2},
    {.bitmap_index = 67503, .adv_w = 192, .box_w = 12, .box_h = 13, .ofs_x = 0, .ofs_y = -2},
    {.bitmap_index = 67581, .adv_w = 192, .box_w = 12, .box_h = 11, .ofs_x = 0, .ofs_y = -1},
    {.bitmap_index = 67647, .adv_w = 192, .box_w = 12, .box_h = 11, .ofs_x = 0, .ofs_y = -1},
    {.bitmap_index = 67713, .adv_w = 192, .box_w = 12, .box_h = 12, .ofs_x = 0, .ofs_y = -2},
    {.bitmap_index = 67785, .adv_w = 192, .box_w = 12, .box_h = 12, .ofs_x = 0, .ofs_y = -1},
    {.bitmap_index = 67857, .adv_w = 192, .box_w = 12, .box_h = 11, .ofs_x = 0, .ofs_y = -1},
    {.bitmap_index = 67923, .adv_w = 192, .box_w = 11, .box_h = 12, .ofs_x = 0, .ofs_y = -2},
    {.bitmap_index = 67989, .adv_w = 192, .box_w = 12, .box_h = 13, .ofs_x = 0, .ofs_y = -2},
    {.bitmap_index = 68067, .adv_w = 192, .box_w = 12, .box_h = 11, .ofs_x = 0, .ofs_y = -1},
    {.bitmap_index = 68133, .adv_w = 192, .box_w = 12, .box_h = 13, .ofs_x = 0, .ofs_y = -2},
    {.bitmap_index = 68211, .adv_w = 192, .box_w = 12, .box_h = 12, .ofs_x = 0, .ofs_y = -1},
    {.bitmap_index = 68283, .adv_w = 192, .box_w = 12, .box_h = 13, .ofs_x = 0, .ofs_y = -2},
    {.bitmap_index = 68361, .adv_w = 192, .box_w = 12, .box_h = 12, .ofs_x = 0, .ofs_y = -1},
    {.bitmap_index = 68433, .adv_w = 192, .box_w = 12, .box_h = 12, .ofs_x = 0, .ofs_y = -1},
    {.bitmap_index = 68505, .adv_w = 192, .box_w = 12, .box_h = 12, .ofs_x = 0, .ofs_y = -1},
    {.bitmap_index = 68577, .adv_w = 192, .box_w = 12, .box_h = 12, .ofs_x = 0, .ofs_y = -1},
    {.bitmap_index = 68649, .adv_w = 192, .box_w = 12, .box_h = 11, .ofs_x = 0, .ofs_y = -1},
    {.bitmap_index = 68715, .adv_w = 192, .box_w = 12, .box_h = 13, .ofs_x = 0, .ofs_y = -2},
    {.bitmap_index = 68793, .adv_w = 192, .box_w = 12, .box_h = 12, .ofs_x = 0, .ofs_y = -1},
    {.bitmap_index = 68865, .adv_w = 192, .box_w = 12, .box_h = 13, .ofs_x = 0, .ofs_y = -2},
    {.bitmap_index = 68943, .adv_w = 192, .box_w = 12, .box_h = 12, .ofs_x = 0, .ofs_y = -1},
    {.bitmap_index = 69015, .adv_w = 192, .box_w = 12, .box_h = 12, .ofs_x = 0, .ofs_y = -2},
    {.bitmap_index = 69087, .adv_w = 192, .box_w = 12, .box_h = 12, .ofs_x = 0, .ofs_y = -2},
    {.bitmap_index = 69159, .adv_w = 192, .box_w = 12, .box_h = 13, .ofs_x = 0, .ofs_y = -2},
    {.bitmap_index = 69237, .adv_w = 192, .box_w = 11, .box_h = 12, .ofs_x = 0, .ofs_y = -2},
    {.bitmap_index = 69303, .adv_w = 192, .box_w = 12, .box_h = 12, .ofs_x = 0, .ofs_y = -2},
    {.bitmap_index = 69375, .adv_w = 192, .box_w = 12, .box_h = 13, .ofs_x = 0, .ofs_y = -2},
    {.bitmap_index = 69453, .adv_w = 192, .box_w = 12, .box_h = 12, .ofs_x = 0, .ofs_y = -2},
    {.bitmap_index = 69525, .adv_w = 192, .box_w = 12, .box_h = 11, .ofs_x = 0, .ofs_y = -1},
    {.bitmap_index = 69591, .adv_w = 192, .box_w = 12, .box_h = 12, .ofs_x = 0, .ofs_y = -1},
    {.bitmap_index = 69663, .adv_w = 192, .box_w = 12, .box_h = 13, .ofs_x = 0, .ofs_y = -2},
    {.bitmap_index = 69741, .adv_w = 192, .box_w = 12, .box_h = 11, .ofs_x = 0, .ofs_y = -1},
    {.bitmap_index = 69807, .adv_w = 192, .box_w = 12, .box_h = 11, .ofs_x = 0, .ofs_y = -1},
    {.bitmap_index = 69873, .adv_w = 192, .box_w = 12, .box_h = 12, .ofs_x = 0, .ofs_y = -2},
    {.bitmap_index = 69945, .adv_w = 192, .box_w = 12, .box_h = 12, .ofs_x = 0, .ofs_y = -2},
    {.bitmap_index = 70017, .adv_w = 192, .box_w = 12, .box_h = 12, .ofs_x = 0, .ofs_y = -1},
    {.bitmap_index = 70089, .adv_w = 192, .box_w = 12, .box_h = 12, .ofs_x = 0, .ofs_y = -2},
    {.bitmap_index = 70161, .adv_w = 192, .box_w = 12, .box_h = 12, .ofs_x = 0, .ofs_y = -2},
    {.bitmap_index = 70233, .adv_w = 192, .box_w = 12, .box_h = 12, .ofs_x = 0, .ofs_y = -2},
    {.bitmap_index = 70305, .adv_w = 192, .box_w = 12, .box_h = 12, .ofs_x = 0, .ofs_y = -2},
    {.bitmap_index = 70377, .adv_w = 192, .box_w = 12, .box_h = 11, .ofs_x = 0, .ofs_y = -1},
    {.bitmap_index = 70443, .adv_w = 192, .box_w = 12, .box_h = 12, .ofs_x = 0, .ofs_y = -2},
    {.bitmap_index = 70515, .adv_w = 192, .box_w = 12, .box_h = 12, .ofs_x = 0, .ofs_y = -1},
    {.bitmap_index = 70587, .adv_w = 192, .box_w = 12, .box_h = 11, .ofs_x = 0, .ofs_y = -1},
    {.bitmap_index = 70653, .adv_w = 192, .box_w = 12, .box_h = 12, .ofs_x = 0, .ofs_y = -2},
    {.bitmap_index = 70725, .adv_w = 192, .box_w = 12, .box_h = 12, .ofs_x = 0, .ofs_y = -1},
    {.bitmap_index = 70797, .adv_w = 192, .box_w = 12, .box_h = 11, .ofs_x = 0, .ofs_y = -1},
    {.bitmap_index = 70863, .adv_w = 192, .box_w = 12, .box_h = 12, .ofs_x = 0, .ofs_y = -2},
    {.bitmap_index = 70935, .adv_w = 192, .box_w = 12, .box_h = 11, .ofs_x = 0, .ofs_y = -1},
    {.bitmap_index = 71001, .adv_w = 192, .box_w = 12, .box_h = 12, .ofs_x = 0, .ofs_y = -2},
    {.bitmap_index = 71073, .adv_w = 192, .box_w = 12, .box_h = 12, .ofs_x = 0, .ofs_y = -2},
    {.bitmap_index = 71145, .adv_w = 192, .box_w = 12, .box_h = 11, .ofs_x = 0, .ofs_y = -1},
    {.bitmap_index = 71211, .adv_w = 192, .box_w = 12, .box_h = 13, .ofs_x = 0, .ofs_y = -2},
    {.bitmap_index = 71289, .adv_w = 192, .box_w = 12, .box_h = 11, .ofs_x = 0, .ofs_y = -1},
    {.bitmap_index = 71355, .adv_w = 192, .box_w = 12, .box_h = 13, .ofs_x = 0, .ofs_y = -2},
    {.bitmap_index = 71433, .adv_w = 192, .box_w = 12, .box_h = 11, .ofs_x = 0, .ofs_y = -1},
    {.bitmap_index = 71499, .adv_w = 192, .box_w = 12, .box_h = 12, .ofs_x = 0, .ofs_y = -2},
    {.bitmap_index = 71571, .adv_w = 192, .box_w = 12, .box_h = 11, .ofs_x = 0, .ofs_y = -1},
    {.bitmap_index = 71637, .adv_w = 192, .box_w = 11, .box_h = 12, .ofs_x = 0, .ofs_y = -2},
    {.bitmap_index = 71703, .adv_w = 192, .box_w = 9, .box_h = 11, .ofs_x = 1, .ofs_y = -1},
    {.bitmap_index = 71753, .adv_w = 192, .box_w = 10, .box_h = 11, .ofs_x = 1, .ofs_y = -1},
    {.bitmap_index = 71808, .adv_w = 192, .box_w = 11, .box_h = 11, .ofs_x = 1, .ofs_y = -1},
    {.bitmap_index = 71869, .adv_w = 192, .box_w = 10, .box_h = 11, .ofs_x = 1, .ofs_y = -1},
    {.bitmap_index = 71924, .adv_w = 192, .box_w = 12, .box_h = 11, .ofs_x = 0, .ofs_y = -1},
    {.bitmap_index = 71990, .adv_w = 192, .box_w = 12, .box_h = 12, .ofs_x = 0, .ofs_y = -2},
    {.bitmap_index = 72062, .adv_w = 192, .box_w = 11, .box_h = 12, .ofs_x = 0, .ofs_y = -1},
    {.bitmap_index = 72128, .adv_w = 192, .box_w = 11, .box_h = 12, .ofs_x = 1, .ofs_y = -1},
    {.bitmap_index = 72194, .adv_w = 192, .box_w = 12, .box_h = 11, .ofs_x = 0, .ofs_y = -1},
    {.bitmap_index = 72260, .adv_w = 192, .box_w = 12, .box_h = 13, .ofs_x = 0, .ofs_y = -2},
    {.bitmap_index = 72338, .adv_w = 192, .box_w = 12, .box_h = 13, .ofs_x = 0, .ofs_y = -2},
    {.bitmap_index = 72416, .adv_w = 192, .box_w = 12, .box_h = 13, .ofs_x = 0, .ofs_y = -2},
    {.bitmap_index = 72494, .adv_w = 192, .box_w = 12, .box_h = 13, .ofs_x = 0, .ofs_y = -2},
    {.bitmap_index = 72572, .adv_w = 192, .box_w = 12, .box_h = 13, .ofs_x = 0, .ofs_y = -2},
    {.bitmap_index = 72650, .adv_w = 192, .box_w = 12, .box_h = 12, .ofs_x = 0, .ofs_y = -1},
    {.bitmap_index = 72722, .adv_w = 192, .box_w = 12, .box_h = 12, .ofs_x = 0, .ofs_y = -1},
    {.bitmap_index = 72794, .adv_w = 192, .box_w = 12, .box_h = 12, .ofs_x = 0, .ofs_y = -1},
    {.bitmap_index = 72866, .adv_w = 192, .box_w = 12, .box_h = 12, .ofs_x = 0, .ofs_y = -1},
    {.bitmap_index = 72938, .adv_w = 192, .box_w = 10, .box_h = 11, .ofs_x = 1, .ofs_y = -1},
    {.bitmap_index = 72993, .adv_w = 192, .box_w = 11, .box_h = 12, .ofs_x = 1, .ofs_y = -2},
    {.bitmap_index = 73059, .adv_w = 192, .box_w = 12, .box_h = 12, .ofs_x = 0, .ofs_y = -2},
    {.bitmap_index = 73131, .adv_w = 192, .box_w = 12, .box_h = 12, .ofs_x = 0, .ofs_y = -1},
    {.bitmap_index = 73203, .adv_w = 192, .box_w = 12, .box_h = 12, .ofs_x = 0, .ofs_y = -1},
    {.bitmap_index = 73275, .adv_w = 192, .box_w = 12, .box_h = 12, .ofs_x = 0, .ofs_y = -1},
    {.bitmap_index = 73347, .adv_w = 192, .box_w = 12, .box_h = 12, .ofs_x = 0, .ofs_y = -1},
    {.bitmap_index = 73419, .adv_w = 192, .box_w = 12, .box_h = 12, .ofs_x = 0, .ofs_y = -1},
    {.bitmap_index = 73491, .adv_w = 192, .box_w = 12, .box_h = 12, .ofs_x = 0, .ofs_y = -1},
    {.bitmap_index = 73563, .adv_w = 192, .box_w = 12, .box_h = 12, .ofs_x = 0, .ofs_y = -1},
    {.bitmap_index = 73635, .adv_w = 192, .box_w = 9, .box_h = 11, .ofs_x = 2, .ofs_y = -1},
    {.bitmap_index = 73685, .adv_w = 192, .box_w = 12, .box_h = 12, .ofs_x = 0, .ofs_y = -1},
    {.bitmap_index = 73757, .adv_w = 192, .box_w = 11, .box_h = 12, .ofs_x = 0, .ofs_y = -2},
    {.bitmap_index = 73823, .adv_w = 192, .box_w = 12, .box_h = 11, .ofs_x = 0, .ofs_y = -1},
    {.bitmap_index = 73889, .adv_w = 192, .box_w = 11, .box_h = 11, .ofs_x = 0, .ofs_y = -1},
    {.bitmap_index = 73950, .adv_w = 192, .box_w = 12, .box_h = 12, .ofs_x = 0, .ofs_y = -1},
    {.bitmap_index = 74022, .adv_w = 192, .box_w = 12, .box_h = 13, .ofs_x = 0, .ofs_y = -2},
    {.bitmap_index = 74100, .adv_w = 192, .box_w = 11, .box_h = 11, .ofs_x = 1, .ofs_y = -1},
    {.bitmap_index = 74161, .adv_w = 192, .box_w = 11, .box_h = 11, .ofs_x = 1, .ofs_y = -1},
    {.bitmap_index = 74222, .adv_w = 192, .box_w = 12, .box_h = 12, .ofs_x = 0, .ofs_y = -1},
    {.bitmap_index = 74294, .adv_w = 192, .box_w = 11, .box_h = 11, .ofs_x = 1, .ofs_y = -1},
    {.bitmap_index = 74355, .adv_w = 192, .box_w = 11, .box_h = 12, .ofs_x = 1, .ofs_y = -1},
    {.bitmap_index = 74421, .adv_w = 192, .box_w = 11, .box_h = 12, .ofs_x = 1, .ofs_y = -1},
    {.bitmap_index = 74487, .adv_w = 192, .box_w = 11, .box_h = 12, .ofs_x = 1, .ofs_y = -1},
    {.bitmap_index = 74553, .adv_w = 192, .box_w = 11, .box_h = 13, .ofs_x = 0, .ofs_y = -2},
    {.bitmap_index = 74625, .adv_w = 192, .box_w = 12, .box_h = 13, .ofs_x = 0, .ofs_y = -2},
    {.bitmap_index = 74703, .adv_w = 192, .box_w = 12, .box_h = 10, .ofs_x = 0, .ofs_y = -1},
    {.bitmap_index = 74763, .adv_w = 192, .box_w = 12, .box_h = 12, .ofs_x = 0, .ofs_y = -1},
    {.bitmap_index = 74835, .adv_w = 192, .box_w = 12, .box_h = 12, .ofs_x = 0, .ofs_y = -1},
    {.bitmap_index = 74907, .adv_w = 192, .box_w = 12, .box_h = 11, .ofs_x = 0, .ofs_y = -1},
    {.bitmap_index = 74973, .adv_w = 192, .box_w = 12, .box_h = 11, .ofs_x = 0, .ofs_y = -1},
    {.bitmap_index = 75039, .adv_w = 192, .box_w = 12, .box_h = 11, .ofs_x = 0, .ofs_y = -1},
    {.bitmap_index = 75105, .adv_w = 192, .box_w = 12, .box_h = 13, .ofs_x = 0, .ofs_y = -2},
    {.bitmap_index = 75183, .adv_w = 192, .box_w = 12, .box_h = 13, .ofs_x = 0, .ofs_y = -2},
    {.bitmap_index = 75261, .adv_w = 192, .box_w = 12, .box_h = 11, .ofs_x = 0, .ofs_y = -1},
    {.bitmap_index = 75327, .adv_w = 192, .box_w = 12, .box_h = 12, .ofs_x = 0, .ofs_y = -1},
    {.bitmap_index = 75399, .adv_w = 192, .box_w = 12, .box_h = 13, .ofs_x = 0, .ofs_y = -2},
    {.bitmap_index = 75477, .adv_w = 192, .box_w = 12, .box_h = 12, .ofs_x = 0, .ofs_y = -1},
    {.bitmap_index = 75549, .adv_w = 192, .box_w = 12, .box_h = 13, .ofs_x = 0, .ofs_y = -2},
    {.bitmap_index = 75627, .adv_w = 192, .box_w = 12, .box_h = 10, .ofs_x = 0, .ofs_y = -1},
    {.bitmap_index = 75687, .adv_w = 192, .box_w = 12, .box_h = 12, .ofs_x = 0, .ofs_y = -1},
    {.bitmap_index = 75759, .adv_w = 192, .box_w = 12, .box_h = 11, .ofs_x = 0, .ofs_y = -1},
    {.bitmap_index = 75825, .adv_w = 192, .box_w = 12, .box_h = 13, .ofs_x = 0, .ofs_y = -2},
    {.bitmap_index = 75903, .adv_w = 192, .box_w = 11, .box_h = 11, .ofs_x = 0, .ofs_y = -1},
    {.bitmap_index = 75964, .adv_w = 192, .box_w = 12, .box_h = 11, .ofs_x = 0, .ofs_y = -1},
    {.bitmap_index = 76030, .adv_w = 192, .box_w = 12, .box_h = 11, .ofs_x = 0, .ofs_y = -1},
    {.bitmap_index = 76096, .adv_w = 192, .box_w = 12, .box_h = 13, .ofs_x = 0, .ofs_y = -2},
    {.bitmap_index = 76174, .adv_w = 192, .box_w = 12, .box_h = 13, .ofs_x = 0, .ofs_y = -2},
    {.bitmap_index = 76252, .adv_w = 192, .box_w = 12, .box_h = 13, .ofs_x = 0, .ofs_y = -2},
    {.bitmap_index = 76330, .adv_w = 192, .box_w = 12, .box_h = 12, .ofs_x = 0, .ofs_y = -1},
    {.bitmap_index = 76402, .adv_w = 192, .box_w = 12, .box_h = 12, .ofs_x = 0, .ofs_y = -2},
    {.bitmap_index = 76474, .adv_w = 192, .box_w = 12, .box_h = 11, .ofs_x = 0, .ofs_y = -1},
    {.bitmap_index = 76540, .adv_w = 192, .box_w = 12, .box_h = 11, .ofs_x = 0, .ofs_y = -1},
    {.bitmap_index = 76606, .adv_w = 192, .box_w = 12, .box_h = 11, .ofs_x = 0, .ofs_y = -1},
    {.bitmap_index = 76672, .adv_w = 192, .box_w = 12, .box_h = 11, .ofs_x = 0, .ofs_y = -1},
    {.bitmap_index = 76738, .adv_w = 192, .box_w = 12, .box_h = 12, .ofs_x = 0, .ofs_y = -2},
    {.bitmap_index = 76810, .adv_w = 192, .box_w = 12, .box_h = 11, .ofs_x = 0, .ofs_y = -1},
    {.bitmap_index = 76876, .adv_w = 192, .box_w = 12, .box_h = 12, .ofs_x = 0, .ofs_y = -1},
    {.bitmap_index = 76948, .adv_w = 192, .box_w = 12, .box_h = 13, .ofs_x = 0, .ofs_y = -2},
    {.bitmap_index = 77026, .adv_w = 192, .box_w = 12, .box_h = 12, .ofs_x = 0, .ofs_y = -1},
    {.bitmap_index = 77098, .adv_w = 192, .box_w = 12, .box_h = 11, .ofs_x = 0, .ofs_y = -1},
    {.bitmap_index = 77164, .adv_w = 192, .box_w = 12, .box_h = 13, .ofs_x = 0, .ofs_y = -2},
    {.bitmap_index = 77242, .adv_w = 192, .box_w = 12, .box_h = 11, .ofs_x = 0, .ofs_y = -1},
    {.bitmap_index = 77308, .adv_w = 192, .box_w = 12, .box_h = 12, .ofs_x = 0, .ofs_y = -1},
    {.bitmap_index = 77380, .adv_w = 192, .box_w = 11, .box_h = 12, .ofs_x = 1, .ofs_y = -1},
    {.bitmap_index = 77446, .adv_w = 192, .box_w = 11, .box_h = 12, .ofs_x = 0, .ofs_y = -1},
    {.bitmap_index = 77512, .adv_w = 192, .box_w = 12, .box_h = 12, .ofs_x = 0, .ofs_y = -1},
    {.bitmap_index = 77584, .adv_w = 192, .box_w = 12, .box_h = 12, .ofs_x = 0, .ofs_y = -1},
    {.bitmap_index = 77656, .adv_w = 192, .box_w = 10, .box_h = 12, .ofs_x = 1, .ofs_y = -1},
    {.bitmap_index = 77716, .adv_w = 192, .box_w = 12, .box_h = 12, .ofs_x = 0, .ofs_y = -1},
    {.bitmap_index = 77788, .adv_w = 192, .box_w = 12, .box_h = 12, .ofs_x = 0, .ofs_y = -1},
    {.bitmap_index = 77860, .adv_w = 192, .box_w = 12, .box_h = 11, .ofs_x = 0, .ofs_y = -1},
    {.bitmap_index = 77926, .adv_w = 192, .box_w = 12, .box_h = 13, .ofs_x = 0, .ofs_y = -2},
    {.bitmap_index = 78004, .adv_w = 192, .box_w = 12, .box_h = 12, .ofs_x = 0, .ofs_y = -1},
    {.bitmap_index = 78076, .adv_w = 192, .box_w = 12, .box_h = 12, .ofs_x = 0, .ofs_y = -1},
    {.bitmap_index = 78148, .adv_w = 192, .box_w = 12, .box_h = 12, .ofs_x = 0, .ofs_y = -2},
    {.bitmap_index = 78220, .adv_w = 192, .box_w = 12, .box_h = 12, .ofs_x = 0, .ofs_y = -1},
    {.bitmap_index = 78292, .adv_w = 192, .box_w = 12, .box_h = 12, .ofs_x = 0, .ofs_y = -1},
    {.bitmap_index = 78364, .adv_w = 192, .box_w = 12, .box_h = 12, .ofs_x = 0, .ofs_y = -1},
    {.bitmap_index = 78436, .adv_w = 192, .box_w = 12, .box_h = 12, .ofs_x = 0, .ofs_y = -1},
    {.bitmap_index = 78508, .adv_w = 192, .box_w = 12, .box_h = 12, .ofs_x = 0, .ofs_y = -1},
    {.bitmap_index = 78580, .adv_w = 192, .box_w = 11, .box_h = 13, .ofs_x = 0, .ofs_y = -2},
    {.bitmap_index = 78652, .adv_w = 192, .box_w = 12, .box_h = 12, .ofs_x = 0, .ofs_y = -1},
    {.bitmap_index = 78724, .adv_w = 192, .box_w = 12, .box_h = 12, .ofs_x = 0, .ofs_y = -1},
    {.bitmap_index = 78796, .adv_w = 192, .box_w = 12, .box_h = 12, .ofs_x = 0, .ofs_y = -1},
    {.bitmap_index = 78868, .adv_w = 192, .box_w = 12, .box_h = 12, .ofs_x = 0, .ofs_y = -1},
    {.bitmap_index = 78940, .adv_w = 192, .box_w = 12, .box_h = 12, .ofs_x = 0, .ofs_y = -1},
    {.bitmap_index = 79012, .adv_w = 192, .box_w = 12, .box_h = 12, .ofs_x = 0, .ofs_y = -1},
    {.bitmap_index = 79084, .adv_w = 192, .box_w = 12, .box_h = 12, .ofs_x = 0, .ofs_y = -1},
    {.bitmap_index = 79156, .adv_w = 192, .box_w = 12, .box_h = 12, .ofs_x = 0, .ofs_y = -2},
    {.bitmap_index = 79228, .adv_w = 192, .box_w = 11, .box_h = 12, .ofs_x = 0, .ofs_y = -1},
    {.bitmap_index = 79294, .adv_w = 192, .box_w = 12, .box_h = 12, .ofs_x = 0, .ofs_y = -2},
    {.bitmap_index = 79366, .adv_w = 192, .box_w = 12, .box_h = 12, .ofs_x = 0, .ofs_y = -1},
    {.bitmap_index = 79438, .adv_w = 192, .box_w = 12, .box_h = 13, .ofs_x = 0, .ofs_y = -2},
    {.bitmap_index = 79516, .adv_w = 192, .box_w = 12, .box_h = 12, .ofs_x = 0, .ofs_y = -1},
    {.bitmap_index = 79588, .adv_w = 192, .box_w = 12, .box_h = 12, .ofs_x = 0, .ofs_y = -2},
    {.bitmap_index = 79660, .adv_w = 192, .box_w = 12, .box_h = 11, .ofs_x = 0, .ofs_y = -1},
    {.bitmap_index = 79726, .adv_w = 192, .box_w = 12, .box_h = 11, .ofs_x = 0, .ofs_y = -1},
    {.bitmap_index = 79792, .adv_w = 192, .box_w = 12, .box_h = 12, .ofs_x = 0, .ofs_y = -1},
    {.bitmap_index = 79864, .adv_w = 192, .box_w = 12, .box_h = 13, .ofs_x = 0, .ofs_y = -2},
    {.bitmap_index = 79942, .adv_w = 192, .box_w = 12, .box_h = 11, .ofs_x = 0, .ofs_y = -1},
    {.bitmap_index = 80008, .adv_w = 192, .box_w = 12, .box_h = 12, .ofs_x = 0, .ofs_y = -1},
    {.bitmap_index = 80080, .adv_w = 192, .box_w = 11, .box_h = 11, .ofs_x = 1, .ofs_y = -1},
    {.bitmap_index = 80141, .adv_w = 192, .box_w = 12, .box_h = 11, .ofs_x = 0, .ofs_y = -1},
    {.bitmap_index = 80207, .adv_w = 192, .box_w = 12, .box_h = 12, .ofs_x = 0, .ofs_y = -1},
    {.bitmap_index = 80279, .adv_w = 192, .box_w = 12, .box_h = 11, .ofs_x = 0, .ofs_y = -1},
    {.bitmap_index = 80345, .adv_w = 192, .box_w = 12, .box_h = 12, .ofs_x = 0, .ofs_y = -1},
    {.bitmap_index = 80417, .adv_w = 192, .box_w = 12, .box_h = 12, .ofs_x = 0, .ofs_y = -1},
    {.bitmap_index = 80489, .adv_w = 192, .box_w = 12, .box_h = 12, .ofs_x = 0, .ofs_y = -1},
    {.bitmap_index = 80561, .adv_w = 192, .box_w = 12, .box_h = 13, .ofs_x = 0, .ofs_y = -2},
    {.bitmap_index = 80639, .adv_w = 192, .box_w = 12, .box_h = 12, .ofs_x = 0, .ofs_y = -1},
    {.bitmap_index = 80711, .adv_w = 192, .box_w = 11, .box_h = 12, .ofs_x = 0, .ofs_y = -1},
    {.bitmap_index = 80777, .adv_w = 192, .box_w = 12, .box_h = 12, .ofs_x = 0, .ofs_y = -2},
    {.bitmap_index = 80849, .adv_w = 192, .box_w = 12, .box_h = 13, .ofs_x = 0, .ofs_y = -2},
    {.bitmap_index = 80927, .adv_w = 192, .box_w = 12, .box_h = 12, .ofs_x = 0, .ofs_y = -1},
    {.bitmap_index = 80999, .adv_w = 192, .box_w = 12, .box_h = 11, .ofs_x = 0, .ofs_y = -1},
    {.bitmap_index = 81065, .adv_w = 192, .box_w = 12, .box_h = 12, .ofs_x = 0, .ofs_y = -1},
    {.bitmap_index = 81137, .adv_w = 192, .box_w = 12, .box_h = 12, .ofs_x = 0, .ofs_y = -1},
    {.bitmap_index = 81209, .adv_w = 192, .box_w = 11, .box_h = 12, .ofs_x = 0, .ofs_y = -1},
    {.bitmap_index = 81275, .adv_w = 192, .box_w = 12, .box_h = 11, .ofs_x = 0, .ofs_y = -1},
    {.bitmap_index = 81341, .adv_w = 192, .box_w = 12, .box_h = 12, .ofs_x = 0, .ofs_y = -1},
    {.bitmap_index = 81413, .adv_w = 192, .box_w = 12, .box_h = 12, .ofs_x = 0, .ofs_y = -1},
    {.bitmap_index = 81485, .adv_w = 192, .box_w = 12, .box_h = 12, .ofs_x = 0, .ofs_y = -1},
    {.bitmap_index = 81557, .adv_w = 192, .box_w = 12, .box_h = 13, .ofs_x = 0, .ofs_y = -2},
    {.bitmap_index = 81635, .adv_w = 192, .box_w = 12, .box_h = 11, .ofs_x = 0, .ofs_y = -1},
    {.bitmap_index = 81701, .adv_w = 192, .box_w = 12, .box_h = 13, .ofs_x = 0, .ofs_y = -2},
    {.bitmap_index = 81779, .adv_w = 192, .box_w = 12, .box_h = 11, .ofs_x = 0, .ofs_y = -1},
    {.bitmap_index = 81845, .adv_w = 192, .box_w = 12, .box_h = 12, .ofs_x = 0, .ofs_y = -1},
    {.bitmap_index = 81917, .adv_w = 192, .box_w = 12, .box_h = 12, .ofs_x = 0, .ofs_y = -1},
    {.bitmap_index = 81989, .adv_w = 192, .box_w = 12, .box_h = 12, .ofs_x = 0, .ofs_y = -2},
    {.bitmap_index = 82061, .adv_w = 192, .box_w = 12, .box_h = 12, .ofs_x = 0, .ofs_y = -1},
    {.bitmap_index = 82133, .adv_w = 192, .box_w = 12, .box_h = 12, .ofs_x = 0, .ofs_y = -1},
    {.bitmap_index = 82205, .adv_w = 192, .box_w = 12, .box_h = 11, .ofs_x = 0, .ofs_y = -1},
    {.bitmap_index = 82271, .adv_w = 192, .box_w = 12, .box_h = 11, .ofs_x = 0, .ofs_y = -1},
    {.bitmap_index = 82337, .adv_w = 192, .box_w = 12, .box_h = 12, .ofs_x = 0, .ofs_y = -1},
    {.bitmap_index = 82409, .adv_w = 192, .box_w = 12, .box_h = 12, .ofs_x = 0, .ofs_y = -1},
    {.bitmap_index = 82481, .adv_w = 192, .box_w = 12, .box_h = 13, .ofs_x = 0, .ofs_y = -2},
    {.bitmap_index = 82559, .adv_w = 192, .box_w = 12, .box_h = 12, .ofs_x = 0, .ofs_y = -1},
    {.bitmap_index = 82631, .adv_w = 192, .box_w = 12, .box_h = 12, .ofs_x = 0, .ofs_y = -1},
    {.bitmap_index = 82703, .adv_w = 192, .box_w = 12, .box_h = 13, .ofs_x = 0, .ofs_y = -2},
    {.bitmap_index = 82781, .adv_w = 192, .box_w = 12, .box_h = 13, .ofs_x = 0, .ofs_y = -2},
    {.bitmap_index = 82859, .adv_w = 192, .box_w = 12, .box_h = 12, .ofs_x = 0, .ofs_y = -2},
    {.bitmap_index = 82931, .adv_w = 192, .box_w = 12, .box_h = 12, .ofs_x = 0, .ofs_y = -1},
    {.bitmap_index = 83003, .adv_w = 192, .box_w = 12, .box_h = 12, .ofs_x = 0, .ofs_y = -1},
    {.bitmap_index = 83075, .adv_w = 192, .box_w = 10, .box_h = 11, .ofs_x = 1, .ofs_y = -1},
    {.bitmap_index = 83130, .adv_w = 192, .box_w = 11, .box_h = 11, .ofs_x = 0, .ofs_y = -1},
    {.bitmap_index = 83191, .adv_w = 192, .box_w = 11, .box_h = 11, .ofs_x = 0, .ofs_y = -1},
    {.bitmap_index = 83252, .adv_w = 192, .box_w = 12, .box_h = 11, .ofs_x = 0, .ofs_y = -1},
    {.bitmap_index = 83318, .adv_w = 192, .box_w = 12, .box_h = 11, .ofs_x = 0, .ofs_y = -1},
    {.bitmap_index = 83384, .adv_w = 192, .box_w = 12, .box_h = 12, .ofs_x = 0, .ofs_y = -1},
    {.bitmap_index = 83456, .adv_w = 192, .box_w = 12, .box_h = 12, .ofs_x = 0, .ofs_y = -1},
    {.bitmap_index = 83528, .adv_w = 192, .box_w = 12, .box_h = 13, .ofs_x = 0, .ofs_y = -2},
    {.bitmap_index = 83606, .adv_w = 192, .box_w = 12, .box_h = 12, .ofs_x = 0, .ofs_y = -1},
    {.bitmap_index = 83678, .adv_w = 192, .box_w = 12, .box_h = 13, .ofs_x = 0, .ofs_y = -2},
    {.bitmap_index = 83756, .adv_w = 192, .box_w = 12, .box_h = 12, .ofs_x = 0, .ofs_y = -1},
    {.bitmap_index = 83828, .adv_w = 192, .box_w = 12, .box_h = 11, .ofs_x = 0, .ofs_y = -1},
    {.bitmap_index = 83894, .adv_w = 192, .box_w = 12, .box_h = 11, .ofs_x = 0, .ofs_y = -1},
    {.bitmap_index = 83960, .adv_w = 192, .box_w = 12, .box_h = 12, .ofs_x = 0, .ofs_y = -2},
    {.bitmap_index = 84032, .adv_w = 192, .box_w = 12, .box_h = 11, .ofs_x = 0, .ofs_y = -1},
    {.bitmap_index = 84098, .adv_w = 192, .box_w = 12, .box_h = 11, .ofs_x = 0, .ofs_y = -1},
    {.bitmap_index = 84164, .adv_w = 192, .box_w = 12, .box_h = 11, .ofs_x = 0, .ofs_y = -1},
    {.bitmap_index = 84230, .adv_w = 192, .box_w = 12, .box_h = 11, .ofs_x = 0, .ofs_y = -1},
    {.bitmap_index = 84296, .adv_w = 192, .box_w = 12, .box_h = 11, .ofs_x = 0, .ofs_y = -1},
    {.bitmap_index = 84362, .adv_w = 192, .box_w = 12, .box_h = 12, .ofs_x = 0, .ofs_y = -2},
    {.bitmap_index = 84434, .adv_w = 192, .box_w = 12, .box_h = 13, .ofs_x = 0, .ofs_y = -2},
    {.bitmap_index = 84512, .adv_w = 192, .box_w = 12, .box_h = 11, .ofs_x = 0, .ofs_y = -1},
    {.bitmap_index = 84578, .adv_w = 192, .box_w = 12, .box_h = 13, .ofs_x = 0, .ofs_y = -2},
    {.bitmap_index = 84656, .adv_w = 192, .box_w = 12, .box_h = 12, .ofs_x = 0, .ofs_y = -2},
    {.bitmap_index = 84728, .adv_w = 192, .box_w = 10, .box_h = 12, .ofs_x = 1, .ofs_y = -2},
    {.bitmap_index = 84788, .adv_w = 192, .box_w = 12, .box_h = 12, .ofs_x = 0, .ofs_y = -2},
    {.bitmap_index = 84860, .adv_w = 192, .box_w = 12, .box_h = 12, .ofs_x = 0, .ofs_y = -2},
    {.bitmap_index = 84932, .adv_w = 192, .box_w = 12, .box_h = 12, .ofs_x = 0, .ofs_y = -2},
    {.bitmap_index = 85004, .adv_w = 192, .box_w = 12, .box_h = 12, .ofs_x = 0, .ofs_y = -2},
    {.bitmap_index = 85076, .adv_w = 192, .box_w = 11, .box_h = 12, .ofs_x = 0, .ofs_y = -1},
    {.bitmap_index = 85142, .adv_w = 192, .box_w = 12, .box_h = 12, .ofs_x = 0, .ofs_y = -2},
    {.bitmap_index = 85214, .adv_w = 192, .box_w = 10, .box_h = 11, .ofs_x = 1, .ofs_y = -1},
    {.bitmap_index = 85269, .adv_w = 192, .box_w = 12, .box_h = 12, .ofs_x = 0, .ofs_y = -2},
    {.bitmap_index = 85341, .adv_w = 192, .box_w = 12, .box_h = 12, .ofs_x = 0, .ofs_y = -2},
    {.bitmap_index = 85413, .adv_w = 192, .box_w = 12, .box_h = 12, .ofs_x = 0, .ofs_y = -2},
    {.bitmap_index = 85485, .adv_w = 192, .box_w = 11, .box_h = 12, .ofs_x = 0, .ofs_y = -2},
    {.bitmap_index = 85551, .adv_w = 192, .box_w = 12, .box_h = 13, .ofs_x = 0, .ofs_y = -2},
    {.bitmap_index = 85629, .adv_w = 192, .box_w = 12, .box_h = 13, .ofs_x = 0, .ofs_y = -2},
    {.bitmap_index = 85707, .adv_w = 192, .box_w = 12, .box_h = 12, .ofs_x = 0, .ofs_y = -1},
    {.bitmap_index = 85779, .adv_w = 192, .box_w = 12, .box_h = 13, .ofs_x = 0, .ofs_y = -2},
    {.bitmap_index = 85857, .adv_w = 192, .box_w = 12, .box_h = 13, .ofs_x = 0, .ofs_y = -2},
    {.bitmap_index = 85935, .adv_w = 192, .box_w = 12, .box_h = 13, .ofs_x = 0, .ofs_y = -2},
    {.bitmap_index = 86013, .adv_w = 192, .box_w = 12, .box_h = 13, .ofs_x = 0, .ofs_y = -2},
    {.bitmap_index = 86091, .adv_w = 192, .box_w = 11, .box_h = 12, .ofs_x = 0, .ofs_y = -2},
    {.bitmap_index = 86157, .adv_w = 192, .box_w = 12, .box_h = 13, .ofs_x = 0, .ofs_y = -2},
    {.bitmap_index = 86235, .adv_w = 192, .box_w = 12, .box_h = 13, .ofs_x = 0, .ofs_y = -2},
    {.bitmap_index = 86313, .adv_w = 192, .box_w = 12, .box_h = 13, .ofs_x = 0, .ofs_y = -2},
    {.bitmap_index = 86391, .adv_w = 192, .box_w = 12, .box_h = 12, .ofs_x = 0, .ofs_y = -2},
    {.bitmap_index = 86463, .adv_w = 192, .box_w = 12, .box_h = 13, .ofs_x = 0, .ofs_y = -2},
    {.bitmap_index = 86541, .adv_w = 192, .box_w = 12, .box_h = 13, .ofs_x = 0, .ofs_y = -2},
    {.bitmap_index = 86619, .adv_w = 192, .box_w = 12, .box_h = 12, .ofs_x = 0, .ofs_y = -2},
    {.bitmap_index = 86691, .adv_w = 192, .box_w = 12, .box_h = 13, .ofs_x = 0, .ofs_y = -2},
    {.bitmap_index = 86769, .adv_w = 192, .box_w = 12, .box_h = 11, .ofs_x = 0, .ofs_y = -1},
    {.bitmap_index = 86835, .adv_w = 192, .box_w = 12, .box_h = 12, .ofs_x = 0, .ofs_y = -1},
    {.bitmap_index = 86907, .adv_w = 192, .box_w = 9, .box_h = 12, .ofs_x = 2, .ofs_y = -1},
    {.bitmap_index = 86961, .adv_w = 192, .box_w = 12, .box_h = 11, .ofs_x = 0, .ofs_y = -1},
    {.bitmap_index = 87027, .adv_w = 192, .box_w = 12, .box_h = 12, .ofs_x = 0, .ofs_y = -1},
    {.bitmap_index = 87099, .adv_w = 192, .box_w = 12, .box_h = 12, .ofs_x = 0, .ofs_y = -1},
    {.bitmap_index = 87171, .adv_w = 192, .box_w = 12, .box_h = 12, .ofs_x = 0, .ofs_y = -1},
    {.bitmap_index = 87243, .adv_w = 192, .box_w = 12, .box_h = 12, .ofs_x = 0, .ofs_y = -1},
    {.bitmap_index = 87315, .adv_w = 192, .box_w = 12, .box_h = 13, .ofs_x = 0, .ofs_y = -2},
    {.bitmap_index = 87393, .adv_w = 192, .box_w = 12, .box_h = 13, .ofs_x = 0, .ofs_y = -2},
    {.bitmap_index = 87471, .adv_w = 192, .box_w = 12, .box_h = 13, .ofs_x = 0, .ofs_y = -2},
    {.bitmap_index = 87549, .adv_w = 192, .box_w = 11, .box_h = 12, .ofs_x = 1, .ofs_y = -1},
    {.bitmap_index = 87615, .adv_w = 192, .box_w = 12, .box_h = 12, .ofs_x = 0, .ofs_y = -1},
    {.bitmap_index = 87687, .adv_w = 192, .box_w = 12, .box_h = 12, .ofs_x = 0, .ofs_y = -1},
    {.bitmap_index = 87759, .adv_w = 192, .box_w = 12, .box_h = 11, .ofs_x = 0, .ofs_y = -1},
    {.bitmap_index = 87825, .adv_w = 192, .box_w = 12, .box_h = 11, .ofs_x = 0, .ofs_y = -1},
    {.bitmap_index = 87891, .adv_w = 192, .box_w = 12, .box_h = 12, .ofs_x = 0, .ofs_y = -2},
    {.bitmap_index = 87963, .adv_w = 192, .box_w = 12, .box_h = 11, .ofs_x = 0, .ofs_y = -1},
    {.bitmap_index = 88029, .adv_w = 192, .box_w = 12, .box_h = 11, .ofs_x = 0, .ofs_y = -1},
    {.bitmap_index = 88095, .adv_w = 192, .box_w = 12, .box_h = 11, .ofs_x = 0, .ofs_y = -1},
    {.bitmap_index = 88161, .adv_w = 192, .box_w = 12, .box_h = 11, .ofs_x = 0, .ofs_y = -1},
    {.bitmap_index = 88227, .adv_w = 192, .box_w = 12, .box_h = 11, .ofs_x = 0, .ofs_y = -1},
    {.bitmap_index = 88293, .adv_w = 192, .box_w = 12, .box_h = 12, .ofs_x = 0, .ofs_y = -2},
    {.bitmap_index = 88365, .adv_w = 192, .box_w = 12, .box_h = 12, .ofs_x = 0, .ofs_y = -2},
    {.bitmap_index = 88437, .adv_w = 192, .box_w = 12, .box_h = 11, .ofs_x = 0, .ofs_y = -1},
    {.bitmap_index = 88503, .adv_w = 192, .box_w = 11, .box_h = 12, .ofs_x = 0, .ofs_y = -2},
    {.bitmap_index = 88569, .adv_w = 192, .box_w = 12, .box_h = 11, .ofs_x = 0, .ofs_y = -1},
    {.bitmap_index = 88635, .adv_w = 192, .box_w = 12, .box_h = 11, .ofs_x = 0, .ofs_y = -1},
    {.bitmap_index = 88701, .adv_w = 192, .box_w = 12, .box_h = 12, .ofs_x = 0, .ofs_y = -2},
    {.bitmap_index = 88773, .adv_w = 192, .box_w = 12, .box_h = 12, .ofs_x = 0, .ofs_y = -2},
    {.bitmap_index = 88845, .adv_w = 192, .box_w = 12, .box_h = 11, .ofs_x = 0, .ofs_y = -1},
    {.bitmap_index = 88911, .adv_w = 192, .box_w = 12, .box_h = 12, .ofs_x = 0, .ofs_y = -2},
    {.bitmap_index = 88983, .adv_w = 192, .box_w = 12, .box_h = 11, .ofs_x = 0, .ofs_y = -1},
    {.bitmap_index = 89049, .adv_w = 192, .box_w = 12, .box_h = 11, .ofs_x = 0, .ofs_y = -1},
    {.bitmap_index = 89115, .adv_w = 192, .box_w = 12, .box_h = 12, .ofs_x = 0, .ofs_y = -2},
    {.bitmap_index = 89187, .adv_w = 192, .box_w = 12, .box_h = 11, .ofs_x = 0, .ofs_y = -1},
    {.bitmap_index = 89253, .adv_w = 192, .box_w = 12, .box_h = 11, .ofs_x = 0, .ofs_y = -1},
    {.bitmap_index = 89319, .adv_w = 192, .box_w = 12, .box_h = 11, .ofs_x = 0, .ofs_y = -1},
    {.bitmap_index = 89385, .adv_w = 192, .box_w = 12, .box_h = 11, .ofs_x = 0, .ofs_y = -1},
    {.bitmap_index = 89451, .adv_w = 192, .box_w = 12, .box_h = 11, .ofs_x = 0, .ofs_y = -1},
    {.bitmap_index = 89517, .adv_w = 192, .box_w = 12, .box_h = 11, .ofs_x = 0, .ofs_y = -1},
    {.bitmap_index = 89583, .adv_w = 192, .box_w = 12, .box_h = 12, .ofs_x = 0, .ofs_y = -2},
    {.bitmap_index = 89655, .adv_w = 192, .box_w = 12, .box_h = 11, .ofs_x = 0, .ofs_y = -1},
    {.bitmap_index = 89721, .adv_w = 192, .box_w = 12, .box_h = 12, .ofs_x = 0, .ofs_y = -2},
    {.bitmap_index = 89793, .adv_w = 192, .box_w = 12, .box_h = 12, .ofs_x = 0, .ofs_y = -2},
    {.bitmap_index = 89865, .adv_w = 192, .box_w = 12, .box_h = 13, .ofs_x = 0, .ofs_y = -2},
    {.bitmap_index = 89943, .adv_w = 192, .box_w = 12, .box_h = 12, .ofs_x = 0, .ofs_y = -2},
    {.bitmap_index = 90015, .adv_w = 192, .box_w = 12, .box_h = 11, .ofs_x = 0, .ofs_y = -1},
    {.bitmap_index = 90081, .adv_w = 192, .box_w = 12, .box_h = 12, .ofs_x = 0, .ofs_y = -2},
    {.bitmap_index = 90153, .adv_w = 192, .box_w = 12, .box_h = 13, .ofs_x = 0, .ofs_y = -2},
    {.bitmap_index = 90231, .adv_w = 192, .box_w = 12, .box_h = 13, .ofs_x = 0, .ofs_y = -2},
    {.bitmap_index = 90309, .adv_w = 192, .box_w = 12, .box_h = 12, .ofs_x = 0, .ofs_y = -1},
    {.bitmap_index = 90381, .adv_w = 192, .box_w = 12, .box_h = 12, .ofs_x = 0, .ofs_y = -2},
    {.bitmap_index = 90453, .adv_w = 192, .box_w = 12, .box_h = 12, .ofs_x = 0, .ofs_y = -1},
    {.bitmap_index = 90525, .adv_w = 192, .box_w = 12, .box_h = 13, .ofs_x = 0, .ofs_y = -2},
    {.bitmap_index = 90603, .adv_w = 192, .box_w = 12, .box_h = 13, .ofs_x = 0, .ofs_y = -2},
    {.bitmap_index = 90681, .adv_w = 192, .box_w = 12, .box_h = 13, .ofs_x = 0, .ofs_y = -2},
    {.bitmap_index = 90759, .adv_w = 192, .box_w = 12, .box_h = 12, .ofs_x = 0, .ofs_y = -2},
    {.bitmap_index = 90831, .adv_w = 192, .box_w = 12, .box_h = 11, .ofs_x = 0, .ofs_y = -1},
    {.bitmap_index = 90897, .adv_w = 192, .box_w = 12, .box_h = 11, .ofs_x = 0, .ofs_y = -1},
    {.bitmap_index = 90963, .adv_w = 192, .box_w = 12, .box_h = 11, .ofs_x = 0, .ofs_y = -1},
    {.bitmap_index = 91029, .adv_w = 192, .box_w = 12, .box_h = 11, .ofs_x = 0, .ofs_y = -1},
    {.bitmap_index = 91095, .adv_w = 192, .box_w = 12, .box_h = 13, .ofs_x = 0, .ofs_y = -2},
    {.bitmap_index = 91173, .adv_w = 192, .box_w = 12, .box_h = 13, .ofs_x = 0, .ofs_y = -2},
    {.bitmap_index = 91251, .adv_w = 192, .box_w = 12, .box_h = 11, .ofs_x = 0, .ofs_y = -1},
    {.bitmap_index = 91317, .adv_w = 192, .box_w = 12, .box_h = 11, .ofs_x = 0, .ofs_y = -1},
    {.bitmap_index = 91383, .adv_w = 192, .box_w = 12, .box_h = 13, .ofs_x = 0, .ofs_y = -2},
    {.bitmap_index = 91461, .adv_w = 192, .box_w = 12, .box_h = 11, .ofs_x = 0, .ofs_y = -1},
    {.bitmap_index = 91527, .adv_w = 192, .box_w = 12, .box_h = 11, .ofs_x = 0, .ofs_y = -1},
    {.bitmap_index = 91593, .adv_w = 192, .box_w = 12, .box_h = 12, .ofs_x = 0, .ofs_y = -2},
    {.bitmap_index = 91665, .adv_w = 192, .box_w = 12, .box_h = 12, .ofs_x = 0, .ofs_y = -2},
    {.bitmap_index = 91737, .adv_w = 192, .box_w = 12, .box_h = 12, .ofs_x = 0, .ofs_y = -2},
    {.bitmap_index = 91809, .adv_w = 192, .box_w = 12, .box_h = 12, .ofs_x = 0, .ofs_y = -2},
    {.bitmap_index = 91881, .adv_w = 192, .box_w = 12, .box_h = 13, .ofs_x = 0, .ofs_y = -2},
    {.bitmap_index = 91959, .adv_w = 192, .box_w = 12, .box_h = 13, .ofs_x = 0, .ofs_y = -2},
    {.bitmap_index = 92037, .adv_w = 192, .box_w = 11, .box_h = 13, .ofs_x = 0, .ofs_y = -2},
    {.bitmap_index = 92109, .adv_w = 192, .box_w = 12, .box_h = 13, .ofs_x = 0, .ofs_y = -2},
    {.bitmap_index = 92187, .adv_w = 192, .box_w = 12, .box_h = 13, .ofs_x = 0, .ofs_y = -2},
    {.bitmap_index = 92265, .adv_w = 192, .box_w = 12, .box_h = 12, .ofs_x = 0, .ofs_y = -1},
    {.bitmap_index = 92337, .adv_w = 192, .box_w = 12, .box_h = 12, .ofs_x = 0, .ofs_y = -1},
    {.bitmap_index = 92409, .adv_w = 192, .box_w = 12, .box_h = 11, .ofs_x = 0, .ofs_y = -1},
    {.bitmap_index = 92475, .adv_w = 192, .box_w = 12, .box_h = 12, .ofs_x = 0, .ofs_y = -2},
    {.bitmap_index = 92547, .adv_w = 192, .box_w = 13, .box_h = 12, .ofs_x = 0, .ofs_y = -2},
    {.bitmap_index = 92625, .adv_w = 192, .box_w = 12, .box_h = 12, .ofs_x = 0, .ofs_y = -2},
    {.bitmap_index = 92697, .adv_w = 192, .box_w = 12, .box_h = 12, .ofs_x = 0, .ofs_y = -2},
    {.bitmap_index = 92769, .adv_w = 192, .box_w = 11, .box_h = 13, .ofs_x = 0, .ofs_y = -2},
    {.bitmap_index = 92841, .adv_w = 192, .box_w = 12, .box_h = 12, .ofs_x = 0, .ofs_y = -2},
    {.bitmap_index = 92913, .adv_w = 192, .box_w = 12, .box_h = 13, .ofs_x = 0, .ofs_y = -2},
    {.bitmap_index = 92991, .adv_w = 192, .box_w = 12, .box_h = 11, .ofs_x = 0, .ofs_y = -1},
    {.bitmap_index = 93057, .adv_w = 192, .box_w = 12, .box_h = 12, .ofs_x = 0, .ofs_y = -2},
    {.bitmap_index = 93129, .adv_w = 192, .box_w = 12, .box_h = 11, .ofs_x = 0, .ofs_y = -1},
    {.bitmap_index = 93195, .adv_w = 192, .box_w = 12, .box_h = 12, .ofs_x = 0, .ofs_y = -2},
    {.bitmap_index = 93267, .adv_w = 192, .box_w = 12, .box_h = 12, .ofs_x = 0, .ofs_y = -1},
    {.bitmap_index = 93339, .adv_w = 192, .box_w = 12, .box_h = 13, .ofs_x = 0, .ofs_y = -2},
    {.bitmap_index = 93417, .adv_w = 192, .box_w = 12, .box_h = 11, .ofs_x = 0, .ofs_y = -1},
    {.bitmap_index = 93483, .adv_w = 192, .box_w = 12, .box_h = 12, .ofs_x = 0, .ofs_y = -1},
    {.bitmap_index = 93555, .adv_w = 192, .box_w = 12, .box_h = 11, .ofs_x = 0, .ofs_y = -1},
    {.bitmap_index = 93621, .adv_w = 192, .box_w = 12, .box_h = 11, .ofs_x = 0, .ofs_y = -1},
    {.bitmap_index = 93687, .adv_w = 192, .box_w = 12, .box_h = 12, .ofs_x = 0, .ofs_y = -2},
    {.bitmap_index = 93759, .adv_w = 192, .box_w = 11, .box_h = 12, .ofs_x = 0, .ofs_y = -1},
    {.bitmap_index = 93825, .adv_w = 192, .box_w = 12, .box_h = 12, .ofs_x = 0, .ofs_y = -1},
    {.bitmap_index = 93897, .adv_w = 192, .box_w = 12, .box_h = 12, .ofs_x = 0, .ofs_y = -2},
    {.bitmap_index = 93969, .adv_w = 192, .box_w = 12, .box_h = 11, .ofs_x = 0, .ofs_y = -1},
    {.bitmap_index = 94035, .adv_w = 192, .box_w = 12, .box_h = 12, .ofs_x = 0, .ofs_y = -2},
    {.bitmap_index = 94107, .adv_w = 192, .box_w = 12, .box_h = 11, .ofs_x = 0, .ofs_y = -1},
    {.bitmap_index = 94173, .adv_w = 192, .box_w = 12, .box_h = 12, .ofs_x = 0, .ofs_y = -1},
    {.bitmap_index = 94245, .adv_w = 192, .box_w = 12, .box_h = 12, .ofs_x = 0, .ofs_y = -1},
    {.bitmap_index = 94317, .adv_w = 192, .box_w = 12, .box_h = 12, .ofs_x = 0, .ofs_y = -1},
    {.bitmap_index = 94389, .adv_w = 192, .box_w = 12, .box_h = 13, .ofs_x = 0, .ofs_y = -2},
    {.bitmap_index = 94467, .adv_w = 192, .box_w = 12, .box_h = 13, .ofs_x = 0, .ofs_y = -2},
    {.bitmap_index = 94545, .adv_w = 192, .box_w = 12, .box_h = 11, .ofs_x = 0, .ofs_y = -1},
    {.bitmap_index = 94611, .adv_w = 192, .box_w = 12, .box_h = 11, .ofs_x = 0, .ofs_y = -1},
    {.bitmap_index = 94677, .adv_w = 192, .box_w = 12, .box_h = 12, .ofs_x = 0, .ofs_y = -2},
    {.bitmap_index = 94749, .adv_w = 192, .box_w = 12, .box_h = 12, .ofs_x = 0, .ofs_y = -1},
    {.bitmap_index = 94821, .adv_w = 192, .box_w = 12, .box_h = 11, .ofs_x = 0, .ofs_y = -1},
    {.bitmap_index = 94887, .adv_w = 192, .box_w = 12, .box_h = 12, .ofs_x = 0, .ofs_y = -1},
    {.bitmap_index = 94959, .adv_w = 192, .box_w = 12, .box_h = 13, .ofs_x = 0, .ofs_y = -2},
    {.bitmap_index = 95037, .adv_w = 192, .box_w = 12, .box_h = 12, .ofs_x = 0, .ofs_y = -1},
    {.bitmap_index = 95109, .adv_w = 192, .box_w = 12, .box_h = 12, .ofs_x = 0, .ofs_y = -2},
    {.bitmap_index = 95181, .adv_w = 192, .box_w = 12, .box_h = 12, .ofs_x = 0, .ofs_y = -1},
    {.bitmap_index = 95253, .adv_w = 192, .box_w = 12, .box_h = 13, .ofs_x = 0, .ofs_y = -2},
    {.bitmap_index = 95331, .adv_w = 192, .box_w = 12, .box_h = 12, .ofs_x = 0, .ofs_y = -2},
    {.bitmap_index = 95403, .adv_w = 192, .box_w = 12, .box_h = 13, .ofs_x = 0, .ofs_y = -2},
    {.bitmap_index = 95481, .adv_w = 192, .box_w = 12, .box_h = 12, .ofs_x = 0, .ofs_y = -1},
    {.bitmap_index = 95553, .adv_w = 192, .box_w = 12, .box_h = 12, .ofs_x = 0, .ofs_y = -1},
    {.bitmap_index = 95625, .adv_w = 192, .box_w = 12, .box_h = 12, .ofs_x = 0, .ofs_y = -2},
    {.bitmap_index = 95697, .adv_w = 192, .box_w = 12, .box_h = 11, .ofs_x = 0, .ofs_y = -1},
    {.bitmap_index = 95763, .adv_w = 192, .box_w = 12, .box_h = 12, .ofs_x = 0, .ofs_y = -1},
    {.bitmap_index = 95835, .adv_w = 192, .box_w = 12, .box_h = 12, .ofs_x = 0, .ofs_y = -1},
    {.bitmap_index = 95907, .adv_w = 192, .box_w = 12, .box_h = 12, .ofs_x = 0, .ofs_y = -1},
    {.bitmap_index = 95979, .adv_w = 192, .box_w = 12, .box_h = 11, .ofs_x = 0, .ofs_y = -1},
    {.bitmap_index = 96045, .adv_w = 192, .box_w = 12, .box_h = 13, .ofs_x = 0, .ofs_y = -2},
    {.bitmap_index = 96123, .adv_w = 192, .box_w = 12, .box_h = 13, .ofs_x = 0, .ofs_y = -2},
    {.bitmap_index = 96201, .adv_w = 192, .box_w = 12, .box_h = 12, .ofs_x = 0, .ofs_y = -2},
    {.bitmap_index = 96273, .adv_w = 192, .box_w = 12, .box_h = 11, .ofs_x = 0, .ofs_y = -1},
    {.bitmap_index = 96339, .adv_w = 192, .box_w = 12, .box_h = 11, .ofs_x = 0, .ofs_y = -1},
    {.bitmap_index = 96405, .adv_w = 192, .box_w = 12, .box_h = 12, .ofs_x = 0, .ofs_y = -1},
    {.bitmap_index = 96477, .adv_w = 192, .box_w = 12, .box_h = 11, .ofs_x = 0, .ofs_y = -1},
    {.bitmap_index = 96543, .adv_w = 192, .box_w = 12, .box_h = 13, .ofs_x = 0, .ofs_y = -2},
    {.bitmap_index = 96621, .adv_w = 192, .box_w = 12, .box_h = 12, .ofs_x = 0, .ofs_y = -1},
    {.bitmap_index = 96693, .adv_w = 192, .box_w = 12, .box_h = 11, .ofs_x = 0, .ofs_y = -1},
    {.bitmap_index = 96759, .adv_w = 192, .box_w = 12, .box_h = 11, .ofs_x = 0, .ofs_y = -1},
    {.bitmap_index = 96825, .adv_w = 192, .box_w = 12, .box_h = 12, .ofs_x = 0, .ofs_y = -1},
    {.bitmap_index = 96897, .adv_w = 192, .box_w = 12, .box_h = 13, .ofs_x = 0, .ofs_y = -2},
    {.bitmap_index = 96975, .adv_w = 192, .box_w = 13, .box_h = 12, .ofs_x = 0, .ofs_y = -2},
    {.bitmap_index = 97053, .adv_w = 192, .box_w = 12, .box_h = 12, .ofs_x = 0, .ofs_y = -2},
    {.bitmap_index = 97125, .adv_w = 192, .box_w = 12, .box_h = 12, .ofs_x = 0, .ofs_y = -2},
    {.bitmap_index = 97197, .adv_w = 192, .box_w = 12, .box_h = 12, .ofs_x = 0, .ofs_y = -2},
    {.bitmap_index = 97269, .adv_w = 192, .box_w = 12, .box_h = 12, .ofs_x = 0, .ofs_y = -2},
    {.bitmap_index = 97341, .adv_w = 192, .box_w = 12, .box_h = 12, .ofs_x = 0, .ofs_y = -2},
    {.bitmap_index = 97413, .adv_w = 192, .box_w = 12, .box_h = 12, .ofs_x = 0, .ofs_y = -2},
    {.bitmap_index = 97485, .adv_w = 192, .box_w = 12, .box_h = 12, .ofs_x = 0, .ofs_y = -2},
    {.bitmap_index = 97557, .adv_w = 192, .box_w = 12, .box_h = 13, .ofs_x = 0, .ofs_y = -2},
    {.bitmap_index = 97635, .adv_w = 192, .box_w = 12, .box_h = 12, .ofs_x = 0, .ofs_y = -2},
    {.bitmap_index = 97707, .adv_w = 192, .box_w = 12, .box_h = 12, .ofs_x = 0, .ofs_y = -1},
    {.bitmap_index = 97779, .adv_w = 192, .box_w = 12, .box_h = 11, .ofs_x = 0, .ofs_y = -1},
    {.bitmap_index = 97845, .adv_w = 192, .box_w = 12, .box_h = 12, .ofs_x = 0, .ofs_y = -2},
    {.bitmap_index = 97917, .adv_w = 192, .box_w = 12, .box_h = 13, .ofs_x = 0, .ofs_y = -2},
    {.bitmap_index = 97995, .adv_w = 192, .box_w = 12, .box_h = 12, .ofs_x = 0, .ofs_y = -1},
    {.bitmap_index = 98067, .adv_w = 192, .box_w = 12, .box_h = 12, .ofs_x = 0, .ofs_y = -2},
    {.bitmap_index = 98139, .adv_w = 192, .box_w = 12, .box_h = 11, .ofs_x = 0, .ofs_y = -1},
    {.bitmap_index = 98205, .adv_w = 192, .box_w = 12, .box_h = 12, .ofs_x = 0, .ofs_y = -1},
    {.bitmap_index = 98277, .adv_w = 192, .box_w = 11, .box_h = 13, .ofs_x = 0, .ofs_y = -2},
    {.bitmap_index = 98349, .adv_w = 192, .box_w = 12, .box_h = 12, .ofs_x = 0, .ofs_y = -1},
    {.bitmap_index = 98421, .adv_w = 192, .box_w = 12, .box_h = 11, .ofs_x = 0, .ofs_y = -1},
    {.bitmap_index = 98487, .adv_w = 192, .box_w = 12, .box_h = 13, .ofs_x = 0, .ofs_y = -2},
    {.bitmap_index = 98565, .adv_w = 192, .box_w = 12, .box_h = 12, .ofs_x = 0, .ofs_y = -1},
    {.bitmap_index = 98637, .adv_w = 192, .box_w = 12, .box_h = 12, .ofs_x = 0, .ofs_y = -2},
    {.bitmap_index = 98709, .adv_w = 192, .box_w = 12, .box_h = 11, .ofs_x = 0, .ofs_y = -1},
    {.bitmap_index = 98775, .adv_w = 192, .box_w = 12, .box_h = 12, .ofs_x = 0, .ofs_y = -1},
    {.bitmap_index = 98847, .adv_w = 192, .box_w = 12, .box_h = 13, .ofs_x = 0, .ofs_y = -2},
    {.bitmap_index = 98925, .adv_w = 192, .box_w = 12, .box_h = 12, .ofs_x = 0, .ofs_y = -2},
    {.bitmap_index = 98997, .adv_w = 192, .box_w = 12, .box_h = 12, .ofs_x = 0, .ofs_y = -2},
    {.bitmap_index = 99069, .adv_w = 192, .box_w = 12, .box_h = 12, .ofs_x = 0, .ofs_y = -1},
    {.bitmap_index = 99141, .adv_w = 192, .box_w = 12, .box_h = 11, .ofs_x = 0, .ofs_y = -1},
    {.bitmap_index = 99207, .adv_w = 192, .box_w = 12, .box_h = 13, .ofs_x = 0, .ofs_y = -2},
    {.bitmap_index = 99285, .adv_w = 192, .box_w = 12, .box_h = 13, .ofs_x = 0, .ofs_y = -2},
    {.bitmap_index = 99363, .adv_w = 192, .box_w = 12, .box_h = 12, .ofs_x = 0, .ofs_y = -2},
    {.bitmap_index = 99435, .adv_w = 192, .box_w = 12, .box_h = 12, .ofs_x = 0, .ofs_y = -2},
    {.bitmap_index = 99507, .adv_w = 192, .box_w = 12, .box_h = 11, .ofs_x = 0, .ofs_y = -1},
    {.bitmap_index = 99573, .adv_w = 192, .box_w = 12, .box_h = 11, .ofs_x = 0, .ofs_y = -1},
    {.bitmap_index = 99639, .adv_w = 192, .box_w = 12, .box_h = 11, .ofs_x = 0, .ofs_y = -1},
    {.bitmap_index = 99705, .adv_w = 192, .box_w = 12, .box_h = 13, .ofs_x = 0, .ofs_y = -2},
    {.bitmap_index = 99783, .adv_w = 192, .box_w = 12, .box_h = 12, .ofs_x = 0, .ofs_y = -2},
    {.bitmap_index = 99855, .adv_w = 192, .box_w = 12, .box_h = 13, .ofs_x = 0, .ofs_y = -2},
    {.bitmap_index = 99933, .adv_w = 192, .box_w = 12, .box_h = 12, .ofs_x = 0, .ofs_y = -1},
    {.bitmap_index = 100005, .adv_w = 192, .box_w = 12, .box_h = 11, .ofs_x = 0, .ofs_y = -1},
    {.bitmap_index = 100071, .adv_w = 192, .box_w = 12, .box_h = 12, .ofs_x = 0, .ofs_y = -2},
    {.bitmap_index = 100143, .adv_w = 192, .box_w = 12, .box_h = 12, .ofs_x = 0, .ofs_y = -2},
    {.bitmap_index = 100215, .adv_w = 192, .box_w = 12, .box_h = 12, .ofs_x = 0, .ofs_y = -2},
    {.bitmap_index = 100287, .adv_w = 192, .box_w = 12, .box_h = 13, .ofs_x = 0, .ofs_y = -2},
    {.bitmap_index = 100365, .adv_w = 192, .box_w = 12, .box_h = 12, .ofs_x = 0, .ofs_y = -2},
    {.bitmap_index = 100437, .adv_w = 192, .box_w = 12, .box_h = 12, .ofs_x = 0, .ofs_y = -1},
    {.bitmap_index = 100509, .adv_w = 192, .box_w = 12, .box_h = 13, .ofs_x = 0, .ofs_y = -2},
    {.bitmap_index = 100587, .adv_w = 192, .box_w = 12, .box_h = 12, .ofs_x = 0, .ofs_y = -2},
    {.bitmap_index = 100659, .adv_w = 192, .box_w = 12, .box_h = 12, .ofs_x = 0, .ofs_y = -2},
    {.bitmap_index = 100731, .adv_w = 192, .box_w = 12, .box_h = 13, .ofs_x = 0, .ofs_y = -2},
    {.bitmap_index = 100809, .adv_w = 192, .box_w = 12, .box_h = 12, .ofs_x = 0, .ofs_y = -1},
    {.bitmap_index = 100881, .adv_w = 192, .box_w = 12, .box_h = 13, .ofs_x = 0, .ofs_y = -2},
    {.bitmap_index = 100959, .adv_w = 192, .box_w = 12, .box_h = 11, .ofs_x = 0, .ofs_y = -1},
    {.bitmap_index = 101025, .adv_w = 192, .box_w = 12, .box_h = 13, .ofs_x = 0, .ofs_y = -2},
    {.bitmap_index = 101103, .adv_w = 192, .box_w = 12, .box_h = 12, .ofs_x = 0, .ofs_y = -2},
    {.bitmap_index = 101175, .adv_w = 192, .box_w = 12, .box_h = 13, .ofs_x = 0, .ofs_y = -2},
    {.bitmap_index = 101253, .adv_w = 192, .box_w = 12, .box_h = 12, .ofs_x = 0, .ofs_y = -1},
    {.bitmap_index = 101325, .adv_w = 192, .box_w = 12, .box_h = 12, .ofs_x = 0, .ofs_y = -1},
    {.bitmap_index = 101397, .adv_w = 192, .box_w = 12, .box_h = 13, .ofs_x = 0, .ofs_y = -2},
    {.bitmap_index = 101475, .adv_w = 192, .box_w = 12, .box_h = 13, .ofs_x = 0, .ofs_y = -2},
    {.bitmap_index = 101553, .adv_w = 192, .box_w = 12, .box_h = 13, .ofs_x = 0, .ofs_y = -2},
    {.bitmap_index = 101631, .adv_w = 192, .box_w = 12, .box_h = 12, .ofs_x = 0, .ofs_y = -1},
    {.bitmap_index = 101703, .adv_w = 192, .box_w = 12, .box_h = 12, .ofs_x = 0, .ofs_y = -2},
    {.bitmap_index = 101775, .adv_w = 192, .box_w = 12, .box_h = 12, .ofs_x = 0, .ofs_y = -2},
    {.bitmap_index = 101847, .adv_w = 192, .box_w = 12, .box_h = 12, .ofs_x = 0, .ofs_y = -2},
    {.bitmap_index = 101919, .adv_w = 192, .box_w = 12, .box_h = 12, .ofs_x = 0, .ofs_y = -2},
    {.bitmap_index = 101991, .adv_w = 192, .box_w = 12, .box_h = 12, .ofs_x = 0, .ofs_y = -2},
    {.bitmap_index = 102063, .adv_w = 192, .box_w = 12, .box_h = 13, .ofs_x = 0, .ofs_y = -2},
    {.bitmap_index = 102141, .adv_w = 192, .box_w = 12, .box_h = 13, .ofs_x = 0, .ofs_y = -2},
    {.bitmap_index = 102219, .adv_w = 192, .box_w = 12, .box_h = 12, .ofs_x = 0, .ofs_y = -2},
    {.bitmap_index = 102291, .adv_w = 192, .box_w = 12, .box_h = 13, .ofs_x = 0, .ofs_y = -2},
    {.bitmap_index = 102369, .adv_w = 192, .box_w = 12, .box_h = 12, .ofs_x = 0, .ofs_y = -1},
    {.bitmap_index = 102441, .adv_w = 192, .box_w = 12, .box_h = 13, .ofs_x = 0, .ofs_y = -2},
    {.bitmap_index = 102519, .adv_w = 192, .box_w = 12, .box_h = 12, .ofs_x = 0, .ofs_y = -1},
    {.bitmap_index = 102591, .adv_w = 192, .box_w = 12, .box_h = 12, .ofs_x = 0, .ofs_y = -2},
    {.bitmap_index = 102663, .adv_w = 192, .box_w = 11, .box_h = 12, .ofs_x = 1, .ofs_y = -1},
    {.bitmap_index = 102729, .adv_w = 192, .box_w = 12, .box_h = 12, .ofs_x = 0, .ofs_y = -1},
    {.bitmap_index = 102801, .adv_w = 192, .box_w = 12, .box_h = 12, .ofs_x = 0, .ofs_y = -1},
    {.bitmap_index = 102873, .adv_w = 192, .box_w = 12, .box_h = 12, .ofs_x = 0, .ofs_y = -1},
    {.bitmap_index = 102945, .adv_w = 192, .box_w = 12, .box_h = 13, .ofs_x = 0, .ofs_y = -2},
    {.bitmap_index = 103023, .adv_w = 192, .box_w = 12, .box_h = 13, .ofs_x = 0, .ofs_y = -2},
    {.bitmap_index = 103101, .adv_w = 192, .box_w = 12, .box_h = 13, .ofs_x = 0, .ofs_y = -2},
    {.bitmap_index = 103179, .adv_w = 192, .box_w = 12, .box_h = 11, .ofs_x = 0, .ofs_y = -1},
    {.bitmap_index = 103245, .adv_w = 192, .box_w = 12, .box_h = 12, .ofs_x = 0, .ofs_y = -1},
    {.bitmap_index = 103317, .adv_w = 192, .box_w = 12, .box_h = 11, .ofs_x = 0, .ofs_y = -1},
    {.bitmap_index = 103383, .adv_w = 192, .box_w = 12, .box_h = 12, .ofs_x = 0, .ofs_y = -1},
    {.bitmap_index = 103455, .adv_w = 192, .box_w = 12, .box_h = 12, .ofs_x = 0, .ofs_y = -1},
    {.bitmap_index = 103527, .adv_w = 192, .box_w = 12, .box_h = 11, .ofs_x = 0, .ofs_y = -1},
    {.bitmap_index = 103593, .adv_w = 192, .box_w = 12, .box_h = 12, .ofs_x = 0, .ofs_y = -1},
    {.bitmap_index = 103665, .adv_w = 192, .box_w = 12, .box_h = 12, .ofs_x = 0, .ofs_y = -1},
    {.bitmap_index = 103737, .adv_w = 192, .box_w = 11, .box_h = 13, .ofs_x = 0, .ofs_y = -2},
    {.bitmap_index = 103809, .adv_w = 192, .box_w = 12, .box_h = 13, .ofs_x = 0, .ofs_y = -2},
    {.bitmap_index = 103887, .adv_w = 192, .box_w = 12, .box_h = 11, .ofs_x = 0, .ofs_y = -1},
    {.bitmap_index = 103953, .adv_w = 192, .box_w = 12, .box_h = 13, .ofs_x = 0, .ofs_y = -2},
    {.bitmap_index = 104031, .adv_w = 192, .box_w = 12, .box_h = 13, .ofs_x = 0, .ofs_y = -2},
    {.bitmap_index = 104109, .adv_w = 192, .box_w = 12, .box_h = 13, .ofs_x = 0, .ofs_y = -2},
    {.bitmap_index = 104187, .adv_w = 192, .box_w = 12, .box_h = 12, .ofs_x = 0, .ofs_y = -1},
    {.bitmap_index = 104259, .adv_w = 192, .box_w = 12, .box_h = 12, .ofs_x = 0, .ofs_y = -1},
    {.bitmap_index = 104331, .adv_w = 192, .box_w = 12, .box_h = 11, .ofs_x = 0, .ofs_y = -1},
    {.bitmap_index = 104397, .adv_w = 192, .box_w = 12, .box_h = 12, .ofs_x = 0, .ofs_y = -1},
    {.bitmap_index = 104469, .adv_w = 192, .box_w = 13, .box_h = 12, .ofs_x = 0, .ofs_y = -1},
    {.bitmap_index = 104547, .adv_w = 192, .box_w = 12, .box_h = 12, .ofs_x = 0, .ofs_y = -1},
    {.bitmap_index = 104619, .adv_w = 192, .box_w = 12, .box_h = 13, .ofs_x = 0, .ofs_y = -2},
    {.bitmap_index = 104697, .adv_w = 192, .box_w = 12, .box_h = 13, .ofs_x = 0, .ofs_y = -2},
    {.bitmap_index = 104775, .adv_w = 192, .box_w = 12, .box_h = 13, .ofs_x = 0, .ofs_y = -2},
    {.bitmap_index = 104853, .adv_w = 192, .box_w = 12, .box_h = 12, .ofs_x = 0, .ofs_y = -1},
    {.bitmap_index = 104925, .adv_w = 192, .box_w = 12, .box_h = 12, .ofs_x = 0, .ofs_y = -2},
    {.bitmap_index = 104997, .adv_w = 192, .box_w = 10, .box_h = 12, .ofs_x = 1, .ofs_y = -1},
    {.bitmap_index = 105057, .adv_w = 192, .box_w = 10, .box_h = 12, .ofs_x = 1, .ofs_y = -1},
    {.bitmap_index = 105117, .adv_w = 192, .box_w = 10, .box_h = 13, .ofs_x = 1, .ofs_y = -2},
    {.bitmap_index = 105182, .adv_w = 192, .box_w = 10, .box_h = 12, .ofs_x = 1, .ofs_y = -1},
    {.bitmap_index = 105242, .adv_w = 192, .box_w = 10, .box_h = 12, .ofs_x = 1, .ofs_y = -1},
    {.bitmap_index = 105302, .adv_w = 192, .box_w = 10, .box_h = 12, .ofs_x = 1, .ofs_y = -1},
    {.bitmap_index = 105362, .adv_w = 192, .box_w = 10, .box_h = 12, .ofs_x = 1, .ofs_y = -1},
    {.bitmap_index = 105422, .adv_w = 192, .box_w = 10, .box_h = 12, .ofs_x = 1, .ofs_y = -1},
    {.bitmap_index = 105482, .adv_w = 192, .box_w = 10, .box_h = 12, .ofs_x = 1, .ofs_y = -1},
    {.bitmap_index = 105542, .adv_w = 192, .box_w = 11, .box_h = 13, .ofs_x = 1, .ofs_y = -2},
    {.bitmap_index = 105614, .adv_w = 192, .box_w = 11, .box_h = 13, .ofs_x = 1, .ofs_y = -2},
    {.bitmap_index = 105686, .adv_w = 192, .box_w = 11, .box_h = 13, .ofs_x = 1, .ofs_y = -2},
    {.bitmap_index = 105758, .adv_w = 192, .box_w = 10, .box_h = 13, .ofs_x = 1, .ofs_y = -2},
    {.bitmap_index = 105823, .adv_w = 192, .box_w = 10, .box_h = 13, .ofs_x = 1, .ofs_y = -2},
    {.bitmap_index = 105888, .adv_w = 192, .box_w = 11, .box_h = 12, .ofs_x = 1, .ofs_y = -1},
    {.bitmap_index = 105954, .adv_w = 192, .box_w = 11, .box_h = 13, .ofs_x = 1, .ofs_y = -2},
    {.bitmap_index = 106026, .adv_w = 192, .box_w = 11, .box_h = 13, .ofs_x = 1, .ofs_y = -2},
    {.bitmap_index = 106098, .adv_w = 192, .box_w = 11, .box_h = 12, .ofs_x = 1, .ofs_y = -1},
    {.bitmap_index = 106164, .adv_w = 192, .box_w = 11, .box_h = 12, .ofs_x = 1, .ofs_y = -1},
    {.bitmap_index = 106230, .adv_w = 192, .box_w = 11, .box_h = 12, .ofs_x = 1, .ofs_y = -1},
    {.bitmap_index = 106296, .adv_w = 192, .box_w = 11, .box_h = 12, .ofs_x = 1, .ofs_y = -1},
    {.bitmap_index = 106362, .adv_w = 192, .box_w = 11, .box_h = 13, .ofs_x = 1, .ofs_y = -2},
    {.bitmap_index = 106434, .adv_w = 192, .box_w = 11, .box_h = 13, .ofs_x = 1, .ofs_y = -2},
    {.bitmap_index = 106506, .adv_w = 192, .box_w = 11, .box_h = 12, .ofs_x = 1, .ofs_y = -1},
    {.bitmap_index = 106572, .adv_w = 192, .box_w = 10, .box_h = 12, .ofs_x = 1, .ofs_y = -1},
    {.bitmap_index = 106632, .adv_w = 192, .box_w = 11, .box_h = 13, .ofs_x = 1, .ofs_y = -2},
    {.bitmap_index = 106704, .adv_w = 192, .box_w = 11, .box_h = 13, .ofs_x = 1, .ofs_y = -2},
    {.bitmap_index = 106776, .adv_w = 192, .box_w = 11, .box_h = 13, .ofs_x = 1, .ofs_y = -2},
    {.bitmap_index = 106848, .adv_w = 192, .box_w = 11, .box_h = 12, .ofs_x = 1, .ofs_y = -1},
    {.bitmap_index = 106914, .adv_w = 192, .box_w = 11, .box_h = 12, .ofs_x = 1, .ofs_y = -1},
    {.bitmap_index = 106980, .adv_w = 192, .box_w = 12, .box_h = 12, .ofs_x = 0, .ofs_y = -1},
    {.bitmap_index = 107052, .adv_w = 192, .box_w = 12, .box_h = 11, .ofs_x = 0, .ofs_y = -1},
    {.bitmap_index = 107118, .adv_w = 192, .box_w = 12, .box_h = 13, .ofs_x = 0, .ofs_y = -2},
    {.bitmap_index = 107196, .adv_w = 192, .box_w = 12, .box_h = 11, .ofs_x = 0, .ofs_y = -1},
    {.bitmap_index = 107262, .adv_w = 192, .box_w = 11, .box_h = 11, .ofs_x = 1, .ofs_y = -1},
    {.bitmap_index = 107323, .adv_w = 192, .box_w = 12, .box_h = 11, .ofs_x = 0, .ofs_y = -1},
    {.bitmap_index = 107389, .adv_w = 192, .box_w = 11, .box_h = 11, .ofs_x = 1, .ofs_y = -1},
    {.bitmap_index = 107450, .adv_w = 192, .box_w = 12, .box_h = 12, .ofs_x = 0, .ofs_y = -2},
    {.bitmap_index = 107522, .adv_w = 192, .box_w = 12, .box_h = 12, .ofs_x = 0, .ofs_y = -2},
    {.bitmap_index = 107594, .adv_w = 192, .box_w = 12, .box_h = 11, .ofs_x = 0, .ofs_y = -1},
    {.bitmap_index = 107660, .adv_w = 192, .box_w = 11, .box_h = 11, .ofs_x = 1, .ofs_y = -1},
    {.bitmap_index = 107721, .adv_w = 192, .box_w = 12, .box_h = 11, .ofs_x = 0, .ofs_y = -1},
    {.bitmap_index = 107787, .adv_w = 192, .box_w = 12, .box_h = 11, .ofs_x = 0, .ofs_y = -1},
    {.bitmap_index = 107853, .adv_w = 192, .box_w = 12, .box_h = 12, .ofs_x = 0, .ofs_y = -1},
    {.bitmap_index = 107925, .adv_w = 192, .box_w = 12, .box_h = 12, .ofs_x = 0, .ofs_y = -1},
    {.bitmap_index = 107997, .adv_w = 192, .box_w = 12, .box_h = 11, .ofs_x = 0, .ofs_y = -1},
    {.bitmap_index = 108063, .adv_w = 192, .box_w = 12, .box_h = 11, .ofs_x = 0, .ofs_y = -1},
    {.bitmap_index = 108129, .adv_w = 192, .box_w = 12, .box_h = 11, .ofs_x = 0, .ofs_y = -1},
    {.bitmap_index = 108195, .adv_w = 192, .box_w = 12, .box_h = 12, .ofs_x = 0, .ofs_y = -1},
    {.bitmap_index = 108267, .adv_w = 192, .box_w = 12, .box_h = 12, .ofs_x = 0, .ofs_y = -2},
    {.bitmap_index = 108339, .adv_w = 192, .box_w = 12, .box_h = 12, .ofs_x = 0, .ofs_y = -2},
    {.bitmap_index = 108411, .adv_w = 192, .box_w = 12, .box_h = 11, .ofs_x = 0, .ofs_y = -1},
    {.bitmap_index = 108477, .adv_w = 192, .box_w = 12, .box_h = 12, .ofs_x = 0, .ofs_y = -2},
    {.bitmap_index = 108549, .adv_w = 192, .box_w = 12, .box_h = 12, .ofs_x = 0, .ofs_y = -1},
    {.bitmap_index = 108621, .adv_w = 192, .box_w = 12, .box_h = 11, .ofs_x = 0, .ofs_y = -1},
    {.bitmap_index = 108687, .adv_w = 192, .box_w = 12, .box_h = 11, .ofs_x = 0, .ofs_y = -1},
    {.bitmap_index = 108753, .adv_w = 192, .box_w = 12, .box_h = 13, .ofs_x = 0, .ofs_y = -2},
    {.bitmap_index = 108831, .adv_w = 192, .box_w = 12, .box_h = 13, .ofs_x = 0, .ofs_y = -2},
    {.bitmap_index = 108909, .adv_w = 192, .box_w = 12, .box_h = 13, .ofs_x = 0, .ofs_y = -2},
    {.bitmap_index = 108987, .adv_w = 192, .box_w = 12, .box_h = 11, .ofs_x = 0, .ofs_y = -1},
    {.bitmap_index = 109053, .adv_w = 192, .box_w = 12, .box_h = 12, .ofs_x = 0, .ofs_y = -2},
    {.bitmap_index = 109125, .adv_w = 192, .box_w = 12, .box_h = 12, .ofs_x = 0, .ofs_y = -2},
    {.bitmap_index = 109197, .adv_w = 192, .box_w = 12, .box_h = 12, .ofs_x = 0, .ofs_y = -1},
    {.bitmap_index = 109269, .adv_w = 192, .box_w = 12, .box_h = 13, .ofs_x = 0, .ofs_y = -2},
    {.bitmap_index = 109347, .adv_w = 192, .box_w = 12, .box_h = 12, .ofs_x = 0, .ofs_y = -2},
    {.bitmap_index = 109419, .adv_w = 192, .box_w = 12, .box_h = 11, .ofs_x = 0, .ofs_y = -1},
    {.bitmap_index = 109485, .adv_w = 192, .box_w = 13, .box_h = 13, .ofs_x = 0, .ofs_y = -2},
    {.bitmap_index = 109570, .adv_w = 192, .box_w = 13, .box_h = 12, .ofs_x = 0, .ofs_y = -1},
    {.bitmap_index = 109648, .adv_w = 192, .box_w = 12, .box_h = 12, .ofs_x = 0, .ofs_y = -1},
    {.bitmap_index = 109720, .adv_w = 192, .box_w = 12, .box_h = 12, .ofs_x = 0, .ofs_y = -1},
    {.bitmap_index = 109792, .adv_w = 192, .box_w = 12, .box_h = 12, .ofs_x = 0, .ofs_y = -2},
    {.bitmap_index = 109864, .adv_w = 192, .box_w = 12, .box_h = 13, .ofs_x = 0, .ofs_y = -2},
    {.bitmap_index = 109942, .adv_w = 192, .box_w = 12, .box_h = 13, .ofs_x = 0, .ofs_y = -2},
    {.bitmap_index = 110020, .adv_w = 192, .box_w = 12, .box_h = 13, .ofs_x = 0, .ofs_y = -2},
    {.bitmap_index = 110098, .adv_w = 192, .box_w = 12, .box_h = 13, .ofs_x = 0, .ofs_y = -2},
    {.bitmap_index = 110176, .adv_w = 192, .box_w = 11, .box_h = 11, .ofs_x = 0, .ofs_y = -1},
    {.bitmap_index = 110237, .adv_w = 192, .box_w = 12, .box_h = 12, .ofs_x = 0, .ofs_y = -1},
    {.bitmap_index = 110309, .adv_w = 192, .box_w = 12, .box_h = 12, .ofs_x = 0, .ofs_y = -1},
    {.bitmap_index = 110381, .adv_w = 192, .box_w = 12, .box_h = 11, .ofs_x = 0, .ofs_y = -1},
    {.bitmap_index = 110447, .adv_w = 192, .box_w = 12, .box_h = 13, .ofs_x = 0, .ofs_y = -2},
    {.bitmap_index = 110525, .adv_w = 192, .box_w = 12, .box_h = 13, .ofs_x = 0, .ofs_y = -2},
    {.bitmap_index = 110603, .adv_w = 192, .box_w = 12, .box_h = 12, .ofs_x = 0, .ofs_y = -2},
    {.bitmap_index = 110675, .adv_w = 192, .box_w = 12, .box_h = 12, .ofs_x = 0, .ofs_y = -2},
    {.bitmap_index = 110747, .adv_w = 192, .box_w = 12, .box_h = 12, .ofs_x = 0, .ofs_y = -2},
    {.bitmap_index = 110819, .adv_w = 192, .box_w = 12, .box_h = 13, .ofs_x = 0, .ofs_y = -2},
    {.bitmap_index = 110897, .adv_w = 192, .box_w = 12, .box_h = 13, .ofs_x = 0, .ofs_y = -2},
    {.bitmap_index = 110975, .adv_w = 192, .box_w = 12, .box_h = 13, .ofs_x = 0, .ofs_y = -2},
    {.bitmap_index = 111053, .adv_w = 192, .box_w = 12, .box_h = 12, .ofs_x = 0, .ofs_y = -1},
    {.bitmap_index = 111125, .adv_w = 192, .box_w = 12, .box_h = 13, .ofs_x = 0, .ofs_y = -2},
    {.bitmap_index = 111203, .adv_w = 192, .box_w = 12, .box_h = 13, .ofs_x = 0, .ofs_y = -2},
    {.bitmap_index = 111281, .adv_w = 192, .box_w = 12, .box_h = 12, .ofs_x = 0, .ofs_y = -1},
    {.bitmap_index = 111353, .adv_w = 192, .box_w = 12, .box_h = 12, .ofs_x = 0, .ofs_y = -1},
    {.bitmap_index = 111425, .adv_w = 192, .box_w = 12, .box_h = 12, .ofs_x = 0, .ofs_y = -1},
    {.bitmap_index = 111497, .adv_w = 192, .box_w = 12, .box_h = 13, .ofs_x = 0, .ofs_y = -2},
    {.bitmap_index = 111575, .adv_w = 192, .box_w = 11, .box_h = 13, .ofs_x = 1, .ofs_y = -2},
    {.bitmap_index = 111647, .adv_w = 192, .box_w = 12, .box_h = 12, .ofs_x = 0, .ofs_y = -1},
    {.bitmap_index = 111719, .adv_w = 192, .box_w = 12, .box_h = 11, .ofs_x = 0, .ofs_y = -1},
    {.bitmap_index = 111785, .adv_w = 192, .box_w = 12, .box_h = 12, .ofs_x = 0, .ofs_y = -1},
    {.bitmap_index = 111857, .adv_w = 192, .box_w = 12, .box_h = 11, .ofs_x = 0, .ofs_y = -1},
    {.bitmap_index = 111923, .adv_w = 192, .box_w = 12, .box_h = 11, .ofs_x = 0, .ofs_y = -1},
    {.bitmap_index = 111989, .adv_w = 192, .box_w = 12, .box_h = 12, .ofs_x = 0, .ofs_y = -1},
    {.bitmap_index = 112061, .adv_w = 192, .box_w = 12, .box_h = 13, .ofs_x = 0, .ofs_y = -2},
    {.bitmap_index = 112139, .adv_w = 192, .box_w = 3, .box_h = 5, .ofs_x = 1, .ofs_y = -2},
    {.bitmap_index = 112147, .adv_w = 192, .box_w = 2, .box_h = 9, .ofs_x = 2, .ofs_y = -1},
    {.bitmap_index = 112156, .adv_w = 192, .box_w = 6, .box_h = 11, .ofs_x = 0, .ofs_y = -1}
};

/*---------------------
 *  CHARACTER MAPPING
 *--------------------*/

static const uint16_t unicode_list_1[] = {
    0x0, 0x2f4a, 0x2f4b, 0x4d49, 0x4d4a, 0x4d50, 0x4d51, 0x4d52,
    0x4d53, 0x4d54, 0x4d56, 0x4d57, 0x4d5c, 0x4d5f, 0x4d63, 0x4d64,
    0x4d65, 0x4d6b, 0x4d6d, 0x4d6e, 0x4d73, 0x4d76, 0x4d79, 0x4d7b,
    0x4d7d, 0x4d83, 0x4d84, 0x4d87, 0x4d8e, 0x4d91, 0x4d92, 0x4d94,
    0x4d97, 0x4d99, 0x4da1, 0x4da6, 0x4da8, 0x4da9, 0x4daf, 0x4db9,
    0x4dba, 0x4dcf, 0x4dd1, 0x4dd2, 0x4dd4, 0x4dd5, 0x4dd7, 0x4dd8,
    0x4dda, 0x4ddb, 0x4ddd, 0x4dde, 0x4de4, 0x4ded, 0x4df0, 0x4df4,
    0x4df7, 0x4dfb, 0x4e03, 0x4e09, 0x4e0e, 0x4e13, 0x4e14, 0x4e16,
    0x4e17, 0x4e1c, 0x4e1d, 0x4e1f, 0x4e21, 0x4e22, 0x4e2c, 0x4e2e,
    0x4e33, 0x4e35, 0x4e3f, 0x4e40, 0x4e44, 0x4e46, 0x4e5a, 0x4e60,
    0x4e61, 0x4e62, 0x4e63, 0x4e67, 0x4e68, 0x4e69, 0x4e6d, 0x4e7d,
    0x4e81, 0x4e8f, 0x4e96, 0x4e97, 0x4e98, 0x4e9c, 0x4e9e, 0x4ea2,
    0x4ea5, 0x4ea9, 0x4eb5, 0x4ec8, 0x4ee4, 0x4ee6, 0x4f08, 0x4f0c,
    0x4f26, 0x4f2a, 0x4f37, 0x4f56, 0x4f5b, 0x4f62, 0x4f68, 0x4f6f,
    0x4f83, 0x4f85, 0x4f90, 0x4f98, 0x4fa3, 0x4fa5, 0x4fae, 0x4fbf,
    0x4fc0, 0x4fc8, 0x4fd6, 0x4ff5, 0x4ffb, 0x5004, 0x5018, 0x5088,
    0x508a, 0x508e, 0x5091, 0x5092, 0x5094, 0x5096, 0x509a, 0x50ae,
    0x50b1, 0x50b4, 0x50b5, 0x50b6, 0x50ba, 0x50bc, 0x50bd, 0x50be,
    0x50bf, 0x50c0, 0x50c4, 0x50c5, 0x50c6, 0x50ce, 0x50d5, 0x50d6,
    0x50db, 0x50e2, 0x50f5, 0x50f9, 0x50fb, 0x50fc, 0x50fe, 0x5100,
    0x5109, 0x510f, 0x5112, 0x5115, 0x5118, 0x511a, 0x5129, 0x512a,
    0x5136, 0x513f, 0x5143, 0x5144, 0x514f, 0x5150, 0x515b, 0x5160,
    0x5163, 0x5164, 0x5169, 0x516d, 0x5172, 0x5174, 0x5179, 0x517f,
    0x5180, 0x5181, 0x5183, 0x5184, 0x5196, 0x51ae, 0x51b0, 0x51b2,
    0x51b3, 0x51b8, 0x51e4, 0x51e6, 0x51e7, 0x51e8, 0x51e9, 0x51ea,
    0x51f1, 0x51f2, 0x51f3, 0x51fa, 0x51fb, 0x51fc, 0x5208, 0x5210,
    0x5212, 0x5214, 0x522d, 0x5248, 0x524e, 0x525f, 0x5262, 0x5283,
    0x528a, 0x5290, 0x5291, 0x5293, 0x5298, 0x529a, 0x529e, 0x529f,
    0x52a0, 0x52a9, 0x52aa, 0x52b9, 0x52bc, 0x52bd, 0x52c0, 0x52c1,
    0x52cb, 0x52ce, 0x52cf, 0x52d2, 0x52d4, 0x52e1, 0x52e3, 0x52e8,
    0x52f1, 0x5304, 0x530b, 0x5311, 0x5313, 0x5314, 0x5315, 0x5316,
    0x531a, 0x531f, 0x5320, 0x5321, 0x5322, 0x5324, 0x5329, 0x532c,
    0x532e, 0x532f, 0x5333, 0x5334, 0x5338, 0x5339, 0x533b, 0x533f,
    0x5340, 0x5342, 0x534c, 0x534d, 0x5351, 0x5355, 0x5356, 0x5357,
    0x535a, 0x535b, 0x535c, 0x536f, 0x5374, 0x5375, 0x5378, 0x537e,
    0x5381, 0x5382, 0x5384, 0x538f, 0x5393, 0x53a1, 0x53ab, 0x53b1,
    0x53bc, 0x53c5, 0x53c6, 0x53d5, 0x53df, 0x5401, 0x5406, 0x540a,
    0x540d, 0x5416, 0x5420, 0x5433, 0x5445, 0x546d, 0x5477, 0x5478,
    0x547a, 0x548f, 0x54aa, 0x54cb, 0x54cd, 0x54e5, 0x54e6, 0x54f0,
    0x557b, 0x557d, 0x55b1, 0x55b3, 0x5624, 0x5627, 0x5629, 0x562b,
    0x5636, 0x5639, 0x563d, 0x5643, 0x5647, 0x564f, 0x5651, 0x5668,
    0x5671, 0x5679, 0x5683, 0x5687, 0x5690, 0x5698, 0x5699, 0x569a,
    0x56a0, 0x56a3, 0x56aa, 0x56af, 0x56cc, 0x56d4, 0x56db, 0x56f4,
    0x5717, 0x5728, 0x5743, 0x574f, 0x5773, 0x577e, 0x57a7, 0x57b4,
    0x57cc, 0x57e2, 0x57e7, 0x57e8, 0x582d, 0x5834, 0x5837, 0x5839,
    0x583f, 0x584d, 0x5850, 0x5856, 0x5858, 0x585e, 0x585f, 0x5863,
    0x5865, 0x5868, 0x5870, 0x5872, 0x5873, 0x587a, 0x587d, 0x5881,
    0x5882, 0x5890, 0x5894, 0x5898, 0x589a, 0x589d, 0x589f, 0x58a0,
    0x58bf, 0x58c6, 0x58cb, 0x58df, 0x58f1, 0x5914, 0x591d, 0x5948,
    0x5950, 0x5992, 0x5a15, 0x5a99, 0x5aa0, 0x5aa1, 0x5aa3, 0x5aac,
    0x5aad, 0x5aaf, 0x5ab2, 0x5aca, 0x5acc, 0x5ad0, 0x5ad1, 0x5ad2,
    0x5ad5, 0x5ad8, 0x5ae1, 0x5ae2, 0x5ae3, 0x5ae5, 0x5ae6, 0x5ae7,
    0x5ae9, 0x5aea, 0x5aeb, 0x5aec, 0x5afc, 0x5afe, 0x5aff, 0x5b02,
    0x5b06, 0x5b07, 0x5b0b, 0x5b0d, 0x5b0f, 0x5b15, 0x5b1b, 0x5b27,
    0x5b41, 0x5b42, 0x5b45, 0x5b4a, 0x5b4f, 0x5b53, 0x5b58, 0x5b5a,
    0x5b5d, 0x5b5f, 0x5b61, 0x5b63, 0x5b66, 0x5b75, 0x5b7a, 0x5b83,
    0x5b86, 0x5b87, 0x5b89, 0x5b8b, 0x5b8e, 0x5b91, 0x5b92, 0x5b93,
    0x5b94, 0x5b98, 0x5b9e, 0x5ba7, 0x5bba, 0x5bc8, 0x5bdd, 0x5be0,
    0x5be4, 0x5c01, 0x5c39, 0x5c72, 0x5d2e, 0x5d30, 0x5d37, 0x5d3a,
    0x5d3b, 0x5d40, 0x5d4b, 0x5d4c, 0x5d4f, 0x5d51, 0x5d55, 0x5d61,
    0x5d63, 0x5d6f, 0x5d70, 0x5d76, 0x5d77, 0x5d81, 0x5d86, 0x5d8e,
    0x5d9e, 0x5dbb, 0x5dbc, 0x5dbd, 0x5dbf, 0x5dc1, 0x5dc4, 0x5dc8,
    0x5dcd, 0x5dcf, 0x5dd3, 0x5dd8, 0x5ddc, 0x5ddd, 0x5dde, 0x5de0,
    0x5de8, 0x5def, 0x5df0, 0x5df6, 0x5e1c, 0x5e3f, 0x5e43, 0x5e49,
    0x5e4b, 0x5e4c, 0x5e4d, 0x5e58, 0x5e69, 0x5e78, 0x5e7a, 0x5e82,
    0x5e83, 0x5e9b, 0x5e9c, 0x5eab, 0x5eb2, 0x5eba, 0x5ec2, 0x5ec4,
    0x5ec9, 0x5ecd, 0x5ece, 0x5ed1, 0x5ed4, 0x5ee0, 0x5ef3, 0x5ef7,
    0x5f00, 0x5f0c, 0x5f0e, 0x5f0f, 0x5f16, 0x5f20, 0x5f21, 0x5f22,
    0x5f30, 0x5f34, 0x5f3e, 0x5f4a, 0x5f57, 0x5f5e, 0x5f5f, 0x5f66,
    0x5f6e, 0x5f70, 0x5f73, 0x5f84, 0x5f99, 0x5f9e, 0x5fab, 0x5fb8,
    0x5fb9, 0x5fbf, 0x5fc5, 0x5fd2, 0x5fe8, 0x5ff1, 0x5ff5, 0x5ffb,
    0x600e, 0x6013, 0x6025, 0x6029, 0x602f, 0x6030, 0x6032, 0x6034,
    0x6038, 0x603c, 0x6058, 0x6068, 0x6070, 0x6088, 0x6095, 0x6097,
    0x609e, 0x60ab, 0x60b9, 0x6107, 0x610b, 0x611b, 0x6158, 0x6159,
    0x615a, 0x615f, 0x6161, 0x6173, 0x617d, 0x6180, 0x6188, 0x6189,
    0x6190, 0x6194, 0x6196, 0x6197, 0x619c, 0x61a1, 0x61a4, 0x61ac,
    0x61b0, 0x61b2, 0x61b4, 0x61b7, 0x61b8, 0x61b9, 0x61c2, 0x61c7,
    0x61c8, 0x61c9, 0x61d3, 0x61de, 0x61e0, 0x61e1, 0x61eb, 0x61ed,
    0x61ee, 0x61f4, 0x61f5, 0x61fa, 0x61fe, 0x6202, 0x6205, 0x6206,
    0x620e, 0x620f, 0x6212, 0x6216, 0x6219, 0x621b, 0x621d, 0x621f,
    0x6222, 0x6224, 0x622b, 0x622e, 0x622f, 0x6230, 0x6232, 0x6235,
    0x623c, 0x6245, 0x6246, 0x6247, 0x6248, 0x624a, 0x624b, 0x6250,
    0x6252, 0x625a, 0x625f, 0x626a, 0x626d, 0x626e, 0x6273, 0x6283,
    0x62a7, 0x62a8, 0x62aa, 0x62ab, 0x62b7, 0x62c0, 0x62d1, 0x62d2,
    0x62d5, 0x62db, 0x62ee, 0x62f0, 0x62f1, 0x62f9, 0x6301, 0x6318,
    0x6319, 0x631b, 0x632a, 0x6367, 0x6375, 0x6376, 0x638f, 0x6390,
    0x6393, 0x63c1, 0x63da, 0x63db, 0x63de, 0x63e7, 0x63ed, 0x63f6,
    0x640e, 0x642f, 0x6478, 0x647f, 0x6482, 0x6484, 0x6487, 0x648e,
    0x6491, 0x6495, 0x649a, 0x64a2, 0x64ab, 0x64ac, 0x64b5, 0x64b9,
    0x64bb, 0x64bd, 0x64d0, 0x64e0, 0x64e2, 0x64f6, 0x64f9, 0x6502,
    0x650a, 0x650e, 0x6514, 0x6520, 0x6529, 0x652e, 0x6530, 0x6532,
    0x653f, 0x6540, 0x6557, 0x6558, 0x655c, 0x6568, 0x6569, 0x656e,
    0x6571, 0x6578, 0x6587, 0x658c, 0x659b, 0x659e, 0x65a3, 0x65b1,
    0x65b7, 0x65b8, 0x65b9, 0x65bd, 0x65c3, 0x65c7, 0x65cb, 0x65cd,
    0x65df, 0x65e0, 0x65f7, 0x65fd, 0x663b, 0x663d, 0x6647, 0x6648,
    0x6649, 0x6651, 0x6652, 0x6654, 0x6656, 0x6664, 0x6666, 0x6668,
    0x6673, 0x6674, 0x6675, 0x667e, 0x6683, 0x668b, 0x668c, 0x668f,
    0x6699, 0x66a8, 0x66aa, 0x66ae, 0x66b8, 0x66c7, 0x66c8, 0x66d9,
    0x66de, 0x66e0, 0x66e5, 0x66e6, 0x66f3, 0x66f8, 0x66ff, 0x670d,
    0x671d, 0x672e, 0x6735, 0x673d, 0x6750, 0x6758, 0x675a, 0x6773,
    0x6780, 0x6781, 0x6782, 0x6785, 0x678c, 0x6791, 0x6795, 0x67ac,
    0x67ae, 0x67eb, 0x67ef, 0x6809, 0x6816, 0x6821, 0x6837, 0x683e,
    0x684e, 0x685b, 0x68a3, 0x68c5, 0x68cb, 0x68e5, 0x68f1, 0x6924,
    0x696a, 0x6973, 0x69a1, 0x69d9, 0x6a69, 0x6a6a, 0x6a6b, 0x6a6c,
    0x6a7b, 0x6a87, 0x6a90, 0x6a92, 0x6a95, 0x6aab, 0x6aac, 0x6aad,
    0x6aae, 0x6ac4, 0x6ad3, 0x6ad4, 0x6afe, 0x6b0a, 0x6b18, 0x6b1d,
    0x6b1e, 0x6b24, 0x6b34, 0x6b38, 0x6b5d, 0x6b64, 0x6b7d, 0x6b81,
    0x6b8b, 0x6b99, 0x6ba9, 0x6baa, 0x6bad, 0x6bb9, 0x6bd2, 0x6be2,
    0x6be8, 0x6bea, 0x6bfc, 0x6c02, 0x6c04, 0x6c08, 0x6c13, 0x6c1e,
    0x6c2a, 0x6c2b, 0x6c2e, 0x6c31, 0x6c33, 0x6c60, 0x6c84, 0x6c87,
    0x6c8a, 0x6c90, 0x6c94, 0x6cb3, 0x6cc0, 0x6cd1, 0x6d09, 0x6d10,
    0x6d14, 0x6d21, 0x6d2a, 0x6d3a, 0x6d40, 0x6d42, 0x6d4e, 0x6d53,
    0x6d72, 0x6d78, 0x6d7d, 0x6d81, 0x6d9f, 0x6dc7, 0x6dc8, 0x6dcc,
    0x6dd9, 0x6df3, 0x6e14, 0x6e1a, 0x6e23, 0x6e2a, 0x6e2d, 0x6e3d,
    0x6e4b, 0x6e58, 0x6e5d, 0x6e74, 0x6eaf, 0x6eb7, 0x6ecd, 0x6ed1,
    0x6eea, 0x6f09, 0x6f5a, 0x6fb4, 0x6fb6, 0x6fb8, 0x6fb9, 0x6fbe,
    0x6fbf, 0x6fc7, 0x6fd2, 0x6fd3, 0x6fdb, 0x6ff4, 0x7001, 0x7002,
    0x700b, 0x7011, 0x7013, 0x7024, 0x7028, 0x702d, 0x702f, 0x7030,
    0x7034, 0x7036, 0x706f, 0x707f, 0x7097, 0x70b0, 0x70b7, 0x70cd,
    0x70e8, 0x70f5, 0x710c, 0x7173, 0x7175, 0x717a, 0x7190, 0x7191,
    0x7195, 0x71a2, 0x71a4, 0x71ab, 0x71b2, 0x71bb, 0x71c2, 0x71c3,
    0x71f8, 0x71ff, 0x720b, 0x7220, 0x7235, 0x7265, 0x7274, 0x7277,
    0x72d0, 0x72d4, 0x72f2, 0x72f4, 0x72f8, 0x72f9, 0x7316, 0x7336,
    0x734c, 0x734f, 0x73b9, 0x7425, 0x742c, 0x7461, 0x7465, 0x7468,
    0x7471, 0x747a, 0x747c, 0x747e, 0x7484, 0x748e, 0x7495, 0x74a2,
    0x74ae, 0x74b3, 0x74d8, 0x74da, 0x74e3, 0x74f8, 0x74fb, 0x7505,
    0x750e, 0x751e, 0x7524, 0x75c6, 0x75cd, 0x75f7, 0x760f, 0x7618,
    0x7619, 0x761b, 0x761f, 0x7621, 0x7624, 0x7637, 0x763d, 0x7641,
    0x764a, 0x7652, 0x7654, 0x7668, 0x7669, 0x7685, 0x7689, 0x76a4,
    0x76aa, 0x76d7, 0x76f5, 0x772e, 0x7736, 0x773c, 0x774a, 0x775f,
    0x777d, 0x7789, 0x77b5, 0x77b7, 0x77d5, 0x77d6, 0x77d7, 0x77e0,
    0x77f9, 0x7831, 0x7883, 0x7885, 0x7887, 0x78a6, 0x78a7, 0x78b1,
    0x78ca, 0x78d8, 0x7904, 0x7909, 0x790a, 0x7914, 0x7916, 0x791a,
    0x791b, 0x792d, 0x7932, 0x7938, 0x7939, 0x7944, 0x7954, 0x7956,
    0x7957, 0x797c, 0x7988, 0x79c3, 0x79c8, 0x79ca, 0x79cd, 0x79e0,
    0x79e6, 0x7a14, 0x7a22, 0x7a27, 0x7a29, 0x7a2e, 0x7a38, 0x7a42,
    0x7a4f, 0x7a5a, 0x7a5d, 0x7a71, 0x7a75, 0x7a92, 0x7a9d, 0x7a9f,
    0x7aa6, 0x7ac0, 0x7ac7, 0x7ac9, 0x7ae0, 0x7aea, 0x7af6, 0x7afa,
    0x7b10, 0x7b37, 0x7b3a, 0x7bbc, 0x7bc4, 0x7bdb, 0x7c07, 0x7c1e,
    0x7c1f, 0x7c44, 0x7c6b, 0x7c70, 0x7c78, 0x7d8a, 0x7deb, 0x7def,
    0x7df0, 0x7df3, 0x7dfb, 0x7e00, 0x7e01, 0x7e02, 0x7e08, 0x7e0c,
    0x7e0d, 0x7e0f, 0x7e10, 0x7e11, 0x7e16, 0x7e18, 0x7e1a, 0x7e1c,
    0x7e1e, 0x7e22, 0x7e25, 0x7e26, 0x7e28, 0x7e30, 0x7e32, 0x7e33,
    0x7e36, 0x7e3c, 0x7e3d, 0x7e48, 0x7e5c, 0x7e5e, 0x7e5f, 0x7e61,
    0x7e66, 0x7e72, 0x7e83, 0x7e9a, 0x7ea0, 0x7ea3, 0x7eb3, 0x7eb7,
    0x7ed7, 0x7ee7, 0x7eea, 0x7eed, 0x7f0e, 0x7f44, 0x7f49, 0x7f4a,
    0x7f4c, 0x7f4e, 0x7f55, 0x7f59, 0x7f60, 0x7f7c, 0x7f86, 0x7f93,
    0x7f95, 0x7f9d, 0x7fcc, 0x7fd2, 0x7fe3, 0x7fe9, 0x7fea, 0x7fed,
    0x7ff2, 0x7ff8, 0x800c, 0x800f, 0x8015, 0x8025, 0x802a, 0x803f,
    0x8041, 0x8046, 0x804f, 0x8052, 0x8058, 0x805a, 0x8063, 0x807a,
    0x8081, 0x8087, 0x80b9, 0x80c2, 0x80c7, 0x80c8, 0x80c9, 0x80d8,
    0x810b, 0x8133, 0x813c, 0x813d, 0x8155, 0x815b, 0x815d, 0x8173,
    0x8175, 0x8182, 0x81b8, 0x81bb, 0x81bc, 0x81cb, 0x81db, 0x81e5,
    0x81fa, 0x8206, 0x821d, 0x8224, 0x822f, 0x824c, 0x824d, 0x827f,
    0x828f, 0x8292, 0x8299, 0x829b, 0x82b4, 0x82dc, 0x8300, 0x8310,
    0x8325, 0x8357, 0x836e, 0x8386, 0x83ba, 0x8426, 0x84cd, 0x84f8,
    0x8518, 0x855a, 0x859a, 0x85c6, 0x8614, 0x865b, 0x8660, 0x8665,
    0x8688, 0x86bd, 0x86bf, 0x86d6, 0x8789, 0x8795, 0x879d, 0x87a0,
    0x87ac, 0x87ae, 0x87b1, 0x87d4, 0x87f4, 0x87f6, 0x880a, 0x880b,
    0x880e, 0x882d, 0x88c8, 0x88ca, 0x88cf, 0x890a, 0x890b, 0x890d,
    0x890f, 0x8912, 0x891b, 0x892c, 0x892f, 0x8949, 0x8aaf, 0x8aea,
    0x8aeb, 0x8aed, 0x8af1, 0x8af2, 0x8af6, 0x8af7, 0x8af8, 0x8af9,
    0x8afb, 0x8b01, 0x8b03, 0x8b07, 0x8b08, 0x8b0a, 0x8b0d, 0x8b0f,
    0x8b12, 0x8b13, 0x8b16, 0x8b1a, 0x8b1e, 0x8b20, 0x8b23, 0x8b26,
    0x8b2e, 0x8b2f, 0x8b36, 0x8b38, 0x8b3d, 0x8b40, 0x8b43, 0x8b44,
    0x8b47, 0x8b48, 0x8b4a, 0x8b4c, 0x8b4e, 0x8b51, 0x8b5c, 0x8b6b,
    0x8b71, 0x8baa, 0x8bd5, 0x8c68, 0x8c6b, 0x8c6c, 0x8c6e, 0x8c6f,
    0x8c70, 0x8c71, 0x8c75, 0x8c76, 0x8c7d, 0x8c7e, 0x8c82, 0x8c8d,
    0x8c98, 0x8c9d, 0x8ca3, 0x8ca4, 0x8ca7, 0x8ca9, 0x8cab, 0x8cb4,
    0x8cb9, 0x8cbf, 0x8cc0, 0x8cce, 0x8cd3, 0x8cec, 0x8cfc, 0x8d0c,
    0x8d15, 0x8d1a, 0x8d26, 0x8d28, 0x8d33, 0x8d38, 0x8d3c, 0x8d58,
    0x8d72, 0x8df4, 0x8e03, 0x8eaf, 0x8eb5, 0x8eb7, 0x8eb8, 0x8eb9,
    0x8ec4, 0x8ec6, 0x8ecc, 0x8edc, 0x8ee4, 0x8ee5, 0x8eec, 0x8ef2,
    0x8ef9, 0x8f02, 0x8f07, 0x8f0a, 0x8f10, 0x8f11, 0x8f17, 0x8f19,
    0x8f1a, 0x8f1d, 0x8f21, 0x8f22, 0x8f24, 0x8f25, 0x8f27, 0x8f28,
    0x8f34, 0x8f40, 0x8f42, 0x8f46, 0x8f49, 0x8f4a, 0x8f4b, 0x8f4f,
    0x8f52, 0x8f58, 0x8f59, 0x8f5b, 0x8f5d, 0x8f63, 0x8f64, 0x8f67,
    0x8f68, 0x8f69, 0x8f6b, 0x8f85, 0x8f90, 0x8f96, 0x8f9c, 0x8fa0,
    0x8fae, 0x8fb7, 0x8fc8, 0x8fc9, 0x8fec, 0x8ff7, 0x9004, 0x901a,
    0x9031, 0x9046, 0x9096, 0x90c1, 0x90db, 0x9113, 0x9115, 0x9116,
    0x9117, 0x9118, 0x911a, 0x93e8, 0x93ee, 0x93f7, 0x93fa, 0x940c,
    0x943b, 0x943f, 0x9443, 0x9449, 0x944a, 0x944e, 0x9454, 0x9462,
    0x9477, 0x9490, 0x94a5, 0x94bf, 0x94c8, 0x9531, 0x9533, 0x9536,
    0x9537, 0x953b, 0x953d, 0x9540, 0x9542, 0x9544, 0x954e, 0x9568,
    0x957b, 0x957c, 0x957d, 0x957e, 0x957f, 0x958d, 0x958e, 0x958f,
    0x9596, 0x9599, 0x95ab, 0x95ad, 0x95b3, 0x95c0, 0x95d8, 0x95d9,
    0x95dd, 0x95e2, 0x95e5, 0x9607, 0x9609, 0x960e, 0x9631, 0x9633,
    0x963f, 0x9640, 0x9647, 0x9649, 0x9650, 0x9667, 0x967b, 0x969b,
    0x96a2, 0x96a7, 0x96a9, 0x96ab, 0x96d4, 0x973c, 0x97be, 0x97bf,
    0x97c2, 0x97c3, 0x97c4, 0x97c7, 0x97c8, 0x97ca, 0x97cd, 0x97cf,
    0x97da, 0x97e0, 0x97e1, 0x97e5, 0x97e6, 0x9817, 0x9827, 0x9828,
    0x9859, 0x98b1, 0x98b6, 0x98b7, 0x98ba, 0x98c5, 0x98c8, 0x98cd,
    0x98ce, 0x98d4, 0x98df, 0x98e2, 0x99b5, 0x99bc, 0x99bf, 0x99c7,
    0x99cb, 0x99cd, 0x99d5, 0x99e0, 0x9a21, 0x9a8b, 0x9a8e, 0x9bc5,
    0x9be5, 0x9d68, 0x9d6a, 0x9d6c, 0x9e04, 0x9e0d, 0x9e17, 0x9e1a,
    0x9e21, 0x9e99, 0x9ecd, 0xfe55, 0xfe63, 0xfe68
};

/*Collect the unicode lists and glyph_id offsets*/
static const lv_font_fmt_txt_cmap_t cmaps[] =
{
    {
        .range_start = 32, .range_length = 95, .glyph_id_start = 1,
        .unicode_list = NULL, .glyph_id_ofs_list = NULL, .list_length = 0, .type = LV_FONT_FMT_TXT_CMAP_FORMAT0_TINY
    },
    {
        .range_start = 183, .range_length = 65129, .glyph_id_start = 96,
        .unicode_list = unicode_list_1, .glyph_id_ofs_list = NULL, .list_length = 1566, .type = LV_FONT_FMT_TXT_CMAP_SPARSE_TINY
    }
};



/*--------------------
 *  ALL CUSTOM DATA
 *--------------------*/

#if LVGL_VERSION_MAJOR == 8
/*Store all the custom data of the font*/
static  lv_font_fmt_txt_glyph_cache_t cache;
#endif

#if LVGL_VERSION_MAJOR >= 8
static const lv_font_fmt_txt_dsc_t font_dsc = {
#else
static lv_font_fmt_txt_dsc_t font_dsc = {
#endif
    .glyph_bitmap = glyph_bitmap,
    .glyph_dsc = glyph_dsc,
    .cmaps = cmaps,
    .kern_dsc = NULL,
    .kern_scale = 0,
    .cmap_num = 2,
    .bpp = 4,
    .kern_classes = 0,
    .bitmap_format = 0,
#if LVGL_VERSION_MAJOR == 8
    .cache = &cache
#endif
};



/*-----------------
 *  PUBLIC FONT
 *----------------*/

/*Initialize a public general font descriptor*/
#if LVGL_VERSION_MAJOR >= 8
const lv_font_t fortune_font_12 = {
#else
lv_font_t fortune_font_12 = {
#endif
    .get_glyph_dsc = lv_font_get_glyph_dsc_fmt_txt,    /*Function pointer to get glyph's data*/
    .get_glyph_bitmap = lv_font_get_bitmap_fmt_txt,    /*Function pointer to get glyph's bitmap*/
    .line_height = 14,          /*The maximum line height required by the font*/
    .base_line = 3,             /*Baseline measured from the bottom of the line*/
#if !(LVGL_VERSION_MAJOR == 6 && LVGL_VERSION_MINOR == 0)
    .subpx = LV_FONT_SUBPX_NONE,
#endif
#if LV_VERSION_CHECK(7, 4, 0) || LVGL_VERSION_MAJOR >= 8
    .underline_position = -1,
    .underline_thickness = 1,
#endif
    .dsc = &font_dsc,          /*The custom font data. Will be accessed by `get_glyph_bitmap/dsc` */
#if LV_VERSION_CHECK(8, 2, 0) || LVGL_VERSION_MAJOR >= 9
    .fallback = NULL,
#endif
    .user_data = NULL,
};



#endif /*#if FORTUNE_FONT_12*/
